machine,gpu_name,python_ver,profiler_label,environment,image_label,mp,execution_time,n_sources_detected,timestamp,naxis1,naxis2,filter,object,gpu_mem_total,gpu_mem_used,gpu_temp
hp3,NVIDIA L40S,"3.12.3 (main, Mar  3 2026, 12:15:18) [GCC 13.3.0]",py312_cuml_always,profiler_cuml_always_v2,QHY411-1_Lum_full,151.2,85.09502,428,2026-04-04T08:29:13.744Z,14200,10650,Lum,2025PR1,46068.0,430.0,52.0
lenovo_tttserver,NVIDIA A100-SXM4-80GB,"3.12.3 (main, Mar  3 2026, 12:15:18) [GCC 13.3.0]",py312_cuml_always,profiler_cuml_always_v2,QHY411-3_Lum_full,151.2,135.51181,18888,2026-04-04T08:31:04.491Z,14200,10650,Lum,24P,81920.0,424.0,35.0
hp3,NVIDIA L40S,"3.12.3 (main, Mar  3 2026, 12:15:18) [GCC 13.3.0]",py312_cuml_always,profiler_cuml_always_v2,QHY411-1_Lum_full,151.2,84.97406,428,2026-04-04T08:30:47.453Z,14200,10650,Lum,2025PR1,46068.0,430.0,52.0
azken,NVIDIA H100 PCIe,"3.12.3 (main, Mar  3 2026, 12:15:18) [GCC 13.3.0]",py312_cuml_always,profiler_cuml_always_v2,QHY411-3_Lum_full,151.2,95.357086,18888,2026-04-04T08:37:12.865Z,14200,10650,Lum,24P,81559.0,458.0,44.0
azken,NVIDIA H100 PCIe,"3.12.3 (main, Mar  3 2026, 12:15:18) [GCC 13.3.0]",py312_cuml_always,profiler_cuml_always_v2,QHY411-3_Lum_full,151.2,86.895584,18888,2026-04-04T08:40:50.409Z,14200,10650,Lum,24P,81559.0,458.0,41.0
lenovo_tttserver,NVIDIA A100-SXM4-80GB,"3.12.3 (main, Mar  3 2026, 12:15:18) [GCC 13.3.0]",py312_cuml_always,profiler_cuml_always_v2,QHY411-3_Lum_full,151.2,111.799126,18888,2026-04-04T08:40:45.382Z,14200,10650,Lum,24P,81920.0,424.0,31.0
hp3,NVIDIA L40S,"3.12.3 (main, Mar  3 2026, 12:15:18) [GCC 13.3.0]",py312_cuml_always,profiler_cuml_always_v2,QHY411-3_Lum_full,151.2,87.98972,18888,2026-04-04T08:40:47.440Z,14200,10650,Lum,24P,46068.0,430.0,39.0
azken,NVIDIA H100 PCIe,"3.12.3 (main, Mar  3 2026, 12:15:18) [GCC 13.3.0]",py312_cuml_always,profiler_cuml_always_v2,QHY411-3_Lum_full,151.2,81.833015,18888,2026-04-04T08:32:00.244Z,14200,10650,Lum,24P,81559.0,458.0,47.0
azken,NVIDIA H100 PCIe,"3.12.3 (main, Mar  3 2026, 12:15:18) [GCC 13.3.0]",py312_cuml_always,profiler_cuml_always_v2,QHY411-1_Lum_full,151.2,29.274075,428,2026-04-04T08:27:01.145Z,14200,10650,Lum,2025PR1,81559.0,458.0,57.0
azken,NVIDIA H100 PCIe,"3.12.3 (main, Mar  3 2026, 12:15:18) [GCC 13.3.0]",py312_cuml_always,profiler_cuml_always_v2,QHY411-3_Lum_full,151.2,114.250175,18888,2026-04-04T08:39:15.769Z,14200,10650,Lum,24P,81559.0,458.0,43.0
hp3,NVIDIA L40S,"3.12.3 (main, Mar  3 2026, 12:15:18) [GCC 13.3.0]",py312_cuml_always,profiler_cuml_always_v2,QHY411-3_Lum_full,151.2,122.26543,18888,2026-04-04T08:39:10.427Z,14200,10650,Lum,24P,46068.0,430.0,47.0
hp3,NVIDIA L40S,"3.12.3 (main, Mar  3 2026, 12:15:18) [GCC 13.3.0]",py312_cuml_always,profiler_cuml_always_v2,QHY411-1_Lum_full,151.2,85.11704,428,2026-04-04T08:27:39.083Z,14200,10650,Lum,2025PR1,46068.0,430.0,51.0
azken,NVIDIA H100 PCIe,"3.12.3 (main, Mar  3 2026, 12:15:18) [GCC 13.3.0]",py312_cuml_always,profiler_cuml_always_v2,QHY411-1_Lum_full,151.2,29.23871,428,2026-04-04T08:28:19.726Z,14200,10650,Lum,2025PR1,81559.0,458.0,58.0
hp3,NVIDIA L40S,"3.12.3 (main, Mar  3 2026, 12:15:18) [GCC 13.3.0]",py312_cuml_always,profiler_cuml_always_v2,QHY411-1_Lum_full,151.2,85.048035,428,2026-04-04T08:33:54.678Z,14200,10650,Lum,2025PR1,46068.0,430.0,52.0
lenovo_tttserver,NVIDIA A100-SXM4-80GB,"3.12.3 (main, Mar  3 2026, 12:15:18) [GCC 13.3.0]",py312_cuml_always,profiler_cuml_always_v2,QHY411-3_Lum_full,151.2,107.41213,18888,2026-04-04T08:34:54.372Z,14200,10650,Lum,24P,81920.0,424.0,34.0
lenovo_tttserver,NVIDIA A100-SXM4-80GB,"3.12.3 (main, Mar  3 2026, 12:15:18) [GCC 13.3.0]",py312_cuml_always,profiler_cuml_always_v2,QHY411-3_Lum_full,151.2,110.82654,18888,2026-04-04T08:38:46.944Z,14200,10650,Lum,24P,81920.0,424.0,32.0
azken,NVIDIA H100 PCIe,"3.12.3 (main, Mar  3 2026, 12:15:18) [GCC 13.3.0]",py312_cuml_always,profiler_cuml_always_v2,QHY411-3_Lum_full,151.2,87.45442,18888,2026-04-04T08:33:37.760Z,14200,10650,Lum,24P,81559.0,458.0,47.0
azken,NVIDIA H100 PCIe,"3.12.3 (main, Mar  3 2026, 12:15:18) [GCC 13.3.0]",py312_cuml_always,profiler_cuml_always_v2,QHY411-1_Lum_full,151.2,31.395693,428,2026-04-04T08:27:40.696Z,14200,10650,Lum,2025PR1,81559.0,458.0,59.0
azken,NVIDIA H100 PCIe,"3.12.3 (main, Mar  3 2026, 12:15:18) [GCC 13.3.0]",py312_cuml_always,profiler_cuml_always_v2,QHY411-3_Lum_full,151.2,120.729866,18888,2026-04-04T08:30:29.298Z,14200,10650,Lum,24P,81559.0,458.0,60.0
lenovo_tttserver,NVIDIA A100-SXM4-80GB,"3.12.3 (main, Mar  3 2026, 12:15:18) [GCC 13.3.0]",py312_cuml_always,profiler_cuml_always_v2,QHY411-1_Lum_full,151.2,66.63392,428,2026-04-04T08:27:28.791Z,14200,10650,Lum,2025PR1,81920.0,424.0,33.0
lenovo_tttserver,NVIDIA A100-SXM4-80GB,"3.12.3 (main, Mar  3 2026, 12:15:18) [GCC 13.3.0]",py312_cuml_always,profiler_cuml_always_v2,QHY411-1_Lum_full,151.2,66.97419,428,2026-04-04T08:28:42.176Z,14200,10650,Lum,2025PR1,81920.0,424.0,34.0
hp3,NVIDIA L40S,"3.12.3 (main, Mar  3 2026, 12:15:18) [GCC 13.3.0]",py312_cuml_always,profiler_cuml_always_v2,QHY411-1_Lum_full,151.2,84.526665,428,2026-04-04T08:32:20.809Z,14200,10650,Lum,2025PR1,46068.0,430.0,51.0
lenovo_tttserver,NVIDIA A100-SXM4-80GB,"3.12.3 (main, Mar  3 2026, 12:15:18) [GCC 13.3.0]",py312_cuml_always,profiler_cuml_always_v2,QHY411-3_Lum_full,151.2,108.70223,18888,2026-04-04T08:33:00.354Z,14200,10650,Lum,24P,81920.0,424.0,34.0
azken,NVIDIA H100 PCIe,"3.12.3 (main, Mar  3 2026, 12:15:18) [GCC 13.3.0]",py312_cuml_always,profiler_cuml_always_v2,QHY411-1_Lum_full,151.2,31.222826,428,2026-04-04T08:26:22.915Z,14200,10650,Lum,2025PR1,81559.0,458.0,57.0
azken,NVIDIA H100 PCIe,"3.12.3 (main, Mar  3 2026, 12:15:18) [GCC 13.3.0]",py312_cuml_always,profiler_cuml_always_v2,QHY411-3_Lum_full,151.2,102.832504,18888,2026-04-04T08:35:28.842Z,14200,10650,Lum,24P,81559.0,458.0,46.0
hp3,NVIDIA L40S,"3.12.3 (main, Mar  3 2026, 12:15:18) [GCC 13.3.0]",py312_cuml_always,profiler_cuml_always_v2,QHY411-1_Lum_full,151.2,85.215324,428,2026-04-04T08:35:28.585Z,14200,10650,Lum,2025PR1,46068.0,430.0,49.0
hp3,NVIDIA L40S,"3.12.3 (main, Mar  3 2026, 12:15:18) [GCC 13.3.0]",py312_cuml_always,profiler_cuml_always_v2,QHY411-1_Lum_full,151.2,84.99864,428,2026-04-04T08:36:59.261Z,14200,10650,Lum,2025PR1,46068.0,430.0,48.0
lenovo_tttserver,NVIDIA A100-SXM4-80GB,"3.12.3 (main, Mar  3 2026, 12:15:18) [GCC 13.3.0]",py312_cuml_always,profiler_cuml_always_v2,QHY411-3_Lum_full,151.2,107.57895,18888,2026-04-04T08:36:48.949Z,14200,10650,Lum,24P,81920.0,424.0,32.0
lenovo_tttserver,NVIDIA A100-SXM4-80GB,"3.12.3 (main, Mar  3 2026, 12:15:18) [GCC 13.3.0]",py312_cuml_always,profiler_cuml_always_v2,QHY411-3_Lum_full,151.2,108.27174,18888,2026-04-04T08:52:16.952Z,14200,10650,Lum,24P,81920.0,424.0,30.0
azken,NVIDIA H100 PCIe,"3.12.3 (main, Mar  3 2026, 12:15:18) [GCC 13.3.0]",py312_cuml_always,profiler_cuml_always_v2,QHY411-3_SDSSr_full,151.2,88.02904,14241,2026-04-04T08:53:52.276Z,14200,10650,SDSSr,M81,81559.0,458.0,39.0
hp3,NVIDIA L40S,"3.12.3 (main, Mar  3 2026, 12:15:18) [GCC 13.3.0]",py312_cuml_always,profiler_cuml_always_v2,QHY411-3_Lum_full,151.2,87.95752,18888,2026-04-04T08:53:43.620Z,14200,10650,Lum,24P,46068.0,430.0,38.0
lenovo_tttserver,NVIDIA A100-SXM4-80GB,"3.12.3 (main, Mar  3 2026, 12:15:18) [GCC 13.3.0]",py312_cuml_always,profiler_cuml_always_v2,QHY411-3_SDSSr_full,151.2,103.40425,14241,2026-04-04T08:54:07.879Z,14200,10650,SDSSr,M81,81920.0,424.0,30.0
hp3,NVIDIA L40S,"3.12.3 (main, Mar  3 2026, 12:15:18) [GCC 13.3.0]",py312_cuml_always,profiler_cuml_always_v2,QHY411-3_Lum_full,151.2,86.389496,18888,2026-04-04T08:55:19.028Z,14200,10650,Lum,24P,46068.0,430.0,37.0
azken,NVIDIA H100 PCIe,"3.12.3 (main, Mar  3 2026, 12:15:18) [GCC 13.3.0]",py312_cuml_always,profiler_cuml_always_v2,QHY411-3_SDSSr_full,151.2,85.30615,14241,2026-04-04T08:55:26.678Z,14200,10650,SDSSr,M81,81559.0,458.0,39.0
lenovo_tttserver,NVIDIA A100-SXM4-80GB,"3.12.3 (main, Mar  3 2026, 12:15:18) [GCC 13.3.0]",py312_cuml_always,profiler_cuml_always_v2,QHY411-3_Lum_full,151.2,110.81585,18888,2026-04-04T08:42:43.188Z,14200,10650,Lum,24P,81920.0,424.0,31.0
hp3,NVIDIA L40S,"3.12.3 (main, Mar  3 2026, 12:15:18) [GCC 13.3.0]",py312_cuml_always,profiler_cuml_always_v2,QHY411-3_Lum_full,151.2,87.92766,18888,2026-04-04T08:44:03.151Z,14200,10650,Lum,24P,46068.0,430.0,39.0
hp3,NVIDIA L40S,"3.12.3 (main, Mar  3 2026, 12:15:18) [GCC 13.3.0]",py312_cuml_always,profiler_cuml_always_v2,QHY411-3_Lum_full,151.2,89.674644,18888,2026-04-04T08:45:41.729Z,14200,10650,Lum,24P,46068.0,430.0,38.0
azken,NVIDIA H100 PCIe,"3.12.3 (main, Mar  3 2026, 12:15:18) [GCC 13.3.0]",py312_cuml_always,profiler_cuml_always_v2,QHY411-3_Lum_full,151.2,92.744316,18888,2026-04-04T08:45:50.724Z,14200,10650,Lum,24P,81559.0,458.0,40.0
lenovo_tttserver,NVIDIA A100-SXM4-80GB,"3.12.3 (main, Mar  3 2026, 12:15:18) [GCC 13.3.0]",py312_cuml_always,profiler_cuml_always_v2,QHY411-3_Lum_full,151.2,108.51372,18888,2026-04-04T08:46:32.598Z,14200,10650,Lum,24P,81920.0,424.0,30.0
lenovo_tttserver,NVIDIA A100-SXM4-80GB,"3.12.3 (main, Mar  3 2026, 12:15:18) [GCC 13.3.0]",py312_cuml_always,profiler_cuml_always_v2,QHY411-3_Lum_full,151.2,106.76363,18888,2026-04-04T08:50:21.797Z,14200,10650,Lum,24P,81920.0,424.0,30.0
hp3,NVIDIA L40S,"3.12.3 (main, Mar  3 2026, 12:15:18) [GCC 13.3.0]",py312_cuml_always,profiler_cuml_always_v2,QHY411-3_Lum_full,151.2,86.77893,18888,2026-04-04T08:50:32.084Z,14200,10650,Lum,24P,46068.0,430.0,36.0
azken,NVIDIA H100 PCIe,"3.12.3 (main, Mar  3 2026, 12:15:18) [GCC 13.3.0]",py312_cuml_always,profiler_cuml_always_v2,QHY411-3_Lum_full,151.2,97.03376,18888,2026-04-04T08:47:37.398Z,14200,10650,Lum,24P,81559.0,458.0,40.0
lenovo_tttserver,NVIDIA A100-SXM4-80GB,"3.12.3 (main, Mar  3 2026, 12:15:18) [GCC 13.3.0]",py312_cuml_always,profiler_cuml_always_v2,QHY411-3_Lum_full,151.2,108.970345,18888,2026-04-04T08:48:28.356Z,14200,10650,Lum,24P,81920.0,424.0,30.0
lenovo_tttserver,NVIDIA A100-SXM4-80GB,"3.12.3 (main, Mar  3 2026, 12:15:18) [GCC 13.3.0]",py312_cuml_always,profiler_cuml_always_v2,QHY411-3_Lum_full,151.2,107.361595,18888,2026-04-04T08:44:37.283Z,14200,10650,Lum,24P,81920.0,424.0,31.0
hp3,NVIDIA L40S,"3.12.3 (main, Mar  3 2026, 12:15:18) [GCC 13.3.0]",py312_cuml_always,profiler_cuml_always_v2,QHY411-3_Lum_full,151.2,93.71015,18888,2026-04-04T08:42:29.953Z,14200,10650,Lum,24P,46068.0,430.0,38.0
lenovo_tttserver,NVIDIA A100-SXM4-80GB,"3.12.3 (main, Mar  3 2026, 12:15:18) [GCC 13.3.0]",py312_cuml_always,profiler_cuml_always_v2,QHY411-3_SDSSr_full,151.2,78.21484,14241,2026-04-04T08:55:33.102Z,14200,10650,SDSSr,M81,81920.0,424.0,29.0
azken,NVIDIA H100 PCIe,"3.12.3 (main, Mar  3 2026, 12:15:18) [GCC 13.3.0]",py312_cuml_always,profiler_cuml_always_v2,QHY411-3_SDSSr_full,151.2,82.83806,14241,2026-04-04T09:05:31.067Z,14200,10650,SDSSr,M81,81559.0,458.0,39.0
lenovo_tttserver,NVIDIA A100-SXM4-80GB,"3.12.3 (main, Mar  3 2026, 12:15:18) [GCC 13.3.0]",py312_cuml_always,profiler_cuml_always_v2,QHY411-3_SDSSr_full,151.2,78.77101,14241,2026-04-04T09:05:36.232Z,14200,10650,SDSSr,M81,81920.0,424.0,30.0
hp3,NVIDIA L40S,"3.12.3 (main, Mar  3 2026, 12:15:18) [GCC 13.3.0]",py312_cuml_always,profiler_cuml_always_v2,QHY411-3_SDSSr_full,151.2,64.8826,14241,2026-04-04T09:05:53.657Z,14200,10650,SDSSr,M81,46068.0,430.0,38.0
hp3,NVIDIA L40S,"3.12.3 (main, Mar  3 2026, 12:15:18) [GCC 13.3.0]",py312_cuml_always,profiler_cuml_always_v2,QHY411-3_SDSSr_full,151.2,63.974545,14241,2026-04-04T09:08:20.262Z,14200,10650,SDSSr,M81,46068.0,430.0,38.0
hp3,NVIDIA L40S,"3.12.3 (main, Mar  3 2026, 12:15:18) [GCC 13.3.0]",py312_cuml_always,profiler_cuml_always_v2,QHY411-3_SDSSr_full,151.2,65.0948,14241,2026-04-04T09:10:48.662Z,14200,10650,SDSSr,M81,46068.0,430.0,40.0
hp3,NVIDIA L40S,"3.12.3 (main, Mar  3 2026, 12:15:18) [GCC 13.3.0]",py312_cuml_always,profiler_cuml_always_v2,QHY411-3_Lum_full,151.2,88.61037,18888,2026-04-04T08:56:56.617Z,14200,10650,Lum,24P,46068.0,430.0,37.0
lenovo_tttserver,NVIDIA A100-SXM4-80GB,"3.12.3 (main, Mar  3 2026, 12:15:18) [GCC 13.3.0]",py312_cuml_always,profiler_cuml_always_v2,QHY411-3_SDSSr_full,151.2,78.185814,14241,2026-04-04T08:56:57.893Z,14200,10650,SDSSr,M81,81920.0,424.0,30.0
lenovo_tttserver,NVIDIA A100-SXM4-80GB,"3.12.3 (main, Mar  3 2026, 12:15:18) [GCC 13.3.0]",py312_cuml_always,profiler_cuml_always_v2,QHY411-3_SDSSr_full,151.2,80.28448,14241,2026-04-04T09:02:45.256Z,14200,10650,SDSSr,M81,81920.0,424.0,29.0
azken,NVIDIA H100 PCIe,"3.12.3 (main, Mar  3 2026, 12:15:18) [GCC 13.3.0]",py312_cuml_always,profiler_cuml_always_v2,QHY411-3_SDSSr_full,151.2,83.281586,14241,2026-04-04T09:03:58.353Z,14200,10650,SDSSr,M81,81559.0,458.0,39.0
azken,NVIDIA H100 PCIe,"3.12.3 (main, Mar  3 2026, 12:15:18) [GCC 13.3.0]",py312_cuml_always,profiler_cuml_always_v2,QHY411-3_SDSSr_full,151.2,83.963486,14241,2026-04-04T08:59:46.571Z,14200,10650,SDSSr,M81,81559.0,458.0,39.0
hp3,NVIDIA L40S,"3.12.3 (main, Mar  3 2026, 12:15:18) [GCC 13.3.0]",py312_cuml_always,profiler_cuml_always_v2,QHY411-3_SDSSr_full,151.2,63.651367,14241,2026-04-04T09:00:57.881Z,14200,10650,SDSSr,M81,46068.0,430.0,37.0
hp3,NVIDIA L40S,"3.12.3 (main, Mar  3 2026, 12:15:18) [GCC 13.3.0]",py312_cuml_always,profiler_cuml_always_v2,QHY411-3_SDSSr_full,151.2,64.59609,14241,2026-04-04T09:02:11.526Z,14200,10650,SDSSr,M81,46068.0,430.0,36.0
azken,NVIDIA H100 PCIe,"3.12.3 (main, Mar  3 2026, 12:15:18) [GCC 13.3.0]",py312_cuml_always,profiler_cuml_always_v2,QHY411-3_SDSSr_full,151.2,62.420364,14241,2026-04-04T09:02:26.049Z,14200,10650,SDSSr,M81,81559.0,458.0,39.0
lenovo_tttserver,NVIDIA A100-SXM4-80GB,"3.12.3 (main, Mar  3 2026, 12:15:18) [GCC 13.3.0]",py312_cuml_always,profiler_cuml_always_v2,QHY411-3_SDSSr_full,151.2,78.89006,14241,2026-04-04T09:04:10.826Z,14200,10650,SDSSr,M81,81920.0,424.0,30.0
hp3,NVIDIA L40S,"3.12.3 (main, Mar  3 2026, 12:15:18) [GCC 13.3.0]",py312_cuml_always,profiler_cuml_always_v2,QHY411-3_SDSSr_full,151.2,65.56828,14241,2026-04-04T09:04:39.930Z,14200,10650,SDSSr,M81,46068.0,430.0,38.0
hp3,NVIDIA L40S,"3.12.3 (main, Mar  3 2026, 12:15:18) [GCC 13.3.0]",py312_cuml_always,profiler_cuml_always_v2,QHY411-3_SDSSr_full,151.2,65.79005,14241,2026-04-04T08:59:49.032Z,14200,10650,SDSSr,M81,46068.0,430.0,36.0
hp3,NVIDIA L40S,"3.12.3 (main, Mar  3 2026, 12:15:18) [GCC 13.3.0]",py312_cuml_always,profiler_cuml_always_v2,QHY411-3_SDSSr_full,151.2,65.66054,14241,2026-04-04T09:03:26.091Z,14200,10650,SDSSr,M81,46068.0,430.0,38.0
lenovo_tttserver,NVIDIA A100-SXM4-80GB,"3.12.3 (main, Mar  3 2026, 12:15:18) [GCC 13.3.0]",py312_cuml_always,profiler_cuml_always_v2,QHY411-3_SDSSr_full,151.2,81.09158,14241,2026-04-04T08:59:51.706Z,14200,10650,SDSSr,M81,81920.0,424.0,29.0
azken,NVIDIA H100 PCIe,"3.12.3 (main, Mar  3 2026, 12:15:18) [GCC 13.3.0]",py312_cuml_always,profiler_cuml_always_v2,QHY411-3_SDSSr_full,151.2,79.3162,14241,2026-04-04T09:01:14.960Z,14200,10650,SDSSr,M81,81559.0,458.0,39.0
lenovo_tttserver,NVIDIA A100-SXM4-80GB,"3.12.3 (main, Mar  3 2026, 12:15:18) [GCC 13.3.0]",py312_cuml_always,profiler_cuml_always_v2,QHY411-3_SDSSr_full,151.2,79.57238,14241,2026-04-04T09:01:18.295Z,14200,10650,SDSSr,M81,81920.0,424.0,29.0
azken,NVIDIA H100 PCIe,"3.12.3 (main, Mar  3 2026, 12:15:18) [GCC 13.3.0]",py312_cuml_always,profiler_cuml_always_v2,QHY411-3_SDSSr_full,151.2,62.905754,14241,2026-04-04T08:56:39.314Z,14200,10650,SDSSr,M81,81559.0,458.0,39.0
lenovo_tttserver,NVIDIA A100-SXM4-80GB,"3.12.3 (main, Mar  3 2026, 12:15:18) [GCC 13.3.0]",py312_cuml_always,profiler_cuml_always_v2,QHY411-3_SDSSr_full,151.2,79.101845,14241,2026-04-04T08:58:23.736Z,14200,10650,SDSSr,M81,81920.0,424.0,29.0
hp3,NVIDIA L40S,"3.12.3 (main, Mar  3 2026, 12:15:18) [GCC 13.3.0]",py312_cuml_always,profiler_cuml_always_v2,QHY411-3_SDSSr_full,151.2,89.08181,14241,2026-04-04T08:58:34.392Z,14200,10650,SDSSr,M81,46068.0,430.0,39.0
azken,NVIDIA H100 PCIe,"3.12.3 (main, Mar  3 2026, 12:15:18) [GCC 13.3.0]",py312_cuml_always,profiler_cuml_always_v2,QHY411-3_SDSSr_full,151.2,83.36583,14241,2026-04-04T08:58:12.731Z,14200,10650,SDSSr,M81,81559.0,458.0,39.0
azken,NVIDIA H100 PCIe,"3.12.3 (main, Mar  3 2026, 12:15:18) [GCC 13.3.0]",py312_cuml_always,profiler_cuml_always_v2,QHY411-3_SDSSr_full,151.2,76.159,14241,2026-04-04T09:06:57.134Z,14200,10650,SDSSr,M81,81559.0,458.0,39.0
hp3,NVIDIA L40S,"3.12.3 (main, Mar  3 2026, 12:15:18) [GCC 13.3.0]",py312_cuml_always,profiler_cuml_always_v2,QHY411-3_SDSSr_full,151.2,64.432045,14241,2026-04-04T09:07:07.369Z,14200,10650,SDSSr,M81,46068.0,430.0,38.0
lenovo_tttserver,NVIDIA A100-SXM4-80GB,"3.12.3 (main, Mar  3 2026, 12:15:18) [GCC 13.3.0]",py312_cuml_always,profiler_cuml_always_v2,QHY411-3_SDSSr_full,151.2,79.78597,14241,2026-04-04T09:08:30.631Z,14200,10650,SDSSr,M81,81920.0,424.0,30.0
lenovo_tttserver,NVIDIA A100-SXM4-80GB,"3.12.3 (main, Mar  3 2026, 12:15:18) [GCC 13.3.0]",py312_cuml_always,profiler_cuml_always_v2,QHY411-3_SDSSr_full,151.2,80.78837,14241,2026-04-04T09:07:03.875Z,14200,10650,SDSSr,M81,81920.0,424.0,30.0
hp3,NVIDIA L40S,"3.12.3 (main, Mar  3 2026, 12:15:18) [GCC 13.3.0]",py312_cuml_always,profiler_cuml_always_v2,QHY411-3_SDSSr_full,151.2,65.432915,14241,2026-04-04T09:09:34.755Z,14200,10650,SDSSr,M81,46068.0,430.0,39.0
lenovo_tttserver,NVIDIA A100-SXM4-80GB,"3.12.3 (main, Mar  3 2026, 12:15:18) [GCC 13.3.0]",py312_cuml_always,profiler_cuml_always_v2,QHY411-3_SDSSr_full,151.2,79.74105,14241,2026-04-04T09:09:57.199Z,14200,10650,SDSSr,M81,81920.0,424.0,30.0
hp3,NVIDIA L40S,"3.12.3 (main, Mar  3 2026, 12:15:18) [GCC 13.3.0]",py312_cuml_always,profiler_cuml_always_v2,QHY411-3_SDSSr_full,151.2,63.853924,14241,2026-04-04T09:12:01.439Z,14200,10650,SDSSr,M81,46068.0,430.0,40.0
azken,NVIDIA H100 PCIe,"3.12.3 (main, Mar  3 2026, 12:15:18) [GCC 13.3.0]",py312_cuml_always,profiler_cuml_always_v2,QHY411-3_Lum_full,151.2,91.69395,18888,2026-04-04T08:44:08.661Z,14200,10650,Lum,24P,81559.0,458.0,40.0
hp3,NVIDIA L40S,"3.12.3 (main, Mar  3 2026, 12:15:18) [GCC 13.3.0]",py312_cuml_always,profiler_cuml_always_v2,QHY411-3_Lum_full,151.2,88.33806,18888,2026-04-04T08:48:56.593Z,14200,10650,Lum,24P,46068.0,430.0,37.0
azken,NVIDIA H100 PCIe,"3.12.3 (main, Mar  3 2026, 12:15:18) [GCC 13.3.0]",py312_cuml_always,profiler_cuml_always_v2,QHY411-3_Lum_full,151.2,78.425644,18888,2026-04-04T08:49:05.553Z,14200,10650,Lum,24P,81559.0,458.0,40.0
azken,NVIDIA H100 PCIe,"3.12.3 (main, Mar  3 2026, 12:15:18) [GCC 13.3.0]",py312_cuml_always,profiler_cuml_always_v2,QHY411-3_Lum_full,151.2,86.83606,18888,2026-04-04T08:42:26.898Z,14200,10650,Lum,24P,81559.0,458.0,40.0
hp3,NVIDIA L40S,"3.12.3 (main, Mar  3 2026, 12:15:18) [GCC 13.3.0]",py312_cuml_always,profiler_cuml_always_v2,QHY411-3_Lum_full,151.2,88.622856,18888,2026-04-04T08:47:19.325Z,14200,10650,Lum,24P,46068.0,430.0,37.0
azken,NVIDIA H100 PCIe,"3.12.3 (main, Mar  3 2026, 12:15:18) [GCC 13.3.0]",py312_cuml_always,profiler_cuml_always_v2,QHY411-3_SDSSr_full,151.2,88.73015,14241,2026-04-04T08:50:43.819Z,14200,10650,SDSSr,M81,81559.0,458.0,40.0
hp3,NVIDIA L40S,"3.12.3 (main, Mar  3 2026, 12:15:18) [GCC 13.3.0]",py312_cuml_always,profiler_cuml_always_v2,QHY411-3_Lum_full,151.2,88.79944,18888,2026-04-04T08:52:06.909Z,14200,10650,Lum,24P,46068.0,430.0,37.0
azken,NVIDIA H100 PCIe,"3.12.3 (main, Mar  3 2026, 12:15:18) [GCC 13.3.0]",py312_cuml_always,profiler_cuml_always_v2,QHY411-3_SDSSr_full,151.2,80.22002,14241,2026-04-04T08:52:14.215Z,14200,10650,SDSSr,M81,81559.0,458.0,39.0
hp3,NVIDIA L40S,"3.12.3 (main, Mar  3 2026, 12:15:18) [GCC 13.3.0]",py312_cuml_always,profiler_cuml_always_v2,QHY411-1_Lum_bin2,37.8,18.489988,154,2026-04-04T08:08:46.720Z,7100,5325,Lum,2012QD8,46068.0,430.0,35.0
azken,NVIDIA H100 PCIe,"3.12.3 (main, Mar  3 2026, 12:15:18) [GCC 13.3.0]",py312_cuml_always,profiler_cuml_always_v2,QHY600-4_Ha,15.3,10.618809,318,2026-04-04T08:08:41.713Z,4787,3193,Ha,NGC2903,81559.0,458.0,40.0
lenovo_tttserver,NVIDIA A100-SXM4-80GB,"3.12.3 (main, Mar  3 2026, 12:15:18) [GCC 13.3.0]",py312_cuml_always,profiler_cuml_always_v2,QHY411-1_Lum_bin2,37.8,10.771963,154,2026-04-04T08:08:39.461Z,7100,5325,Lum,2012QD8,81920.0,424.0,31.0
ttt_server,NVIDIA GeForce RTX 3090,"3.12.3 (main, Mar  3 2026, 12:15:18) [GCC 13.3.0]",py312_cuml_always,profiler_cuml_always_v2,QHY600-4_Ha,15.3,13.506983,318,2026-04-04T08:08:53.453Z,4787,3193,Ha,NGC2903,24576.0,277.0,56.0
lenovo_tttserver,NVIDIA A100-SXM4-80GB,"3.12.3 (main, Mar  3 2026, 12:15:18) [GCC 13.3.0]",py312_cuml_always,profiler_cuml_always_v2,QHY411-1_Lum_bin2,37.8,10.659277,154,2026-04-04T08:08:56.417Z,7100,5325,Lum,2012QD8,81920.0,424.0,31.0
ttt1,NVIDIA GeForce RTX 3060,"3.12.3 (main, Mar  3 2026, 12:15:18) [GCC 13.3.0]",py312_cuml_always,profiler_cuml_always_v2,QHY411-1_Lum_bin2,37.8,26.826008,154,2026-04-04T08:09:01.249Z,7100,5325,Lum,2012QD8,12288.0,142.0,51.0
azken,NVIDIA H100 PCIe,"3.12.3 (main, Mar  3 2026, 12:15:18) [GCC 13.3.0]",py312_cuml_always,profiler_cuml_always_v2,QHY600-4_Ha,15.3,11.011908,318,2026-04-04T08:09:02.270Z,4787,3193,Ha,NGC2903,81559.0,458.0,39.0
ttt_server,NVIDIA GeForce RTX 3090,"3.12.3 (main, Mar  3 2026, 12:15:18) [GCC 13.3.0]",py312_cuml_always,profiler_cuml_always_v2,QHY600-4_Ha,15.3,13.512472,318,2026-04-04T08:09:13.514Z,4787,3193,Ha,NGC2903,24576.0,277.0,55.0
hp3,NVIDIA L40S,"3.12.3 (main, Mar  3 2026, 12:15:18) [GCC 13.3.0]",py312_cuml_always,profiler_cuml_always_v2,QHY411-1_Lum_bin2,37.8,13.962821,154,2026-04-04T08:09:09.337Z,7100,5325,Lum,2012QD8,46068.0,430.0,35.0
lenovo_tttserver,NVIDIA A100-SXM4-80GB,"3.12.3 (main, Mar  3 2026, 12:15:18) [GCC 13.3.0]",py312_cuml_always,profiler_cuml_always_v2,QHY411-1_Lum_bin2,37.8,11.952248,154,2026-04-04T08:09:14.827Z,7100,5325,Lum,2012QD8,81920.0,424.0,31.0
azken,NVIDIA H100 PCIe,"3.12.3 (main, Mar  3 2026, 12:15:18) [GCC 13.3.0]",py312_cuml_always,profiler_cuml_always_v2,QHY600-4_Ha,15.3,8.462676,318,2026-04-04T08:09:19.673Z,4787,3193,Ha,NGC2903,81559.0,458.0,39.0
ttt_server,NVIDIA GeForce RTX 3090,"3.12.3 (main, Mar  3 2026, 12:15:18) [GCC 13.3.0]",py312_cuml_always,profiler_cuml_always_v2,QHY600-4_Ha,15.3,13.698633,318,2026-04-04T08:09:33.592Z,4787,3193,Ha,NGC2903,24576.0,277.0,54.0
azken,NVIDIA H100 PCIe,"3.12.3 (main, Mar  3 2026, 12:15:18) [GCC 13.3.0]",py312_cuml_always,profiler_cuml_always_v2,QHY600-4_Ha,15.3,11.108511,318,2026-04-04T08:09:40.064Z,4787,3193,Ha,NGC2903,81559.0,458.0,39.0
hp3,NVIDIA L40S,"3.12.3 (main, Mar  3 2026, 12:15:18) [GCC 13.3.0]",py312_cuml_always,profiler_cuml_always_v2,QHY411-1_Lum_bin2,37.8,14.223694,154,2026-04-04T08:09:32.478Z,7100,5325,Lum,2012QD8,46068.0,430.0,35.0
lenovo_tttserver,NVIDIA A100-SXM4-80GB,"3.12.3 (main, Mar  3 2026, 12:15:18) [GCC 13.3.0]",py312_cuml_always,profiler_cuml_always_v2,QHY411-1_Lum_bin2,37.8,10.560764,154,2026-04-04T08:09:32.166Z,7100,5325,Lum,2012QD8,81920.0,424.0,31.0
ttt1,NVIDIA GeForce RTX 3060,"3.12.3 (main, Mar  3 2026, 12:15:18) [GCC 13.3.0]",py312_cuml_always,profiler_cuml_always_v2,QHY411-1_Lum_bin2,37.8,22.480171,154,2026-04-04T08:09:28.743Z,7100,5325,Lum,2012QD8,12288.0,142.0,50.0
hp3,NVIDIA L40S,"3.12.3 (main, Mar  3 2026, 12:15:18) [GCC 13.3.0]",py312_cuml_always,profiler_cuml_always_v2,QHY411-1_Lum_bin2,37.8,14.109816,154,2026-04-04T08:10:17.612Z,7100,5325,Lum,2012QD8,46068.0,430.0,35.0
azken,NVIDIA H100 PCIe,"3.12.3 (main, Mar  3 2026, 12:15:18) [GCC 13.3.0]",py312_cuml_always,profiler_cuml_always_v2,QHY600-4_Ha,15.3,8.439375,318,2026-04-04T08:10:14.474Z,4787,3193,Ha,NGC2903,81559.0,458.0,39.0
lenovo_tttserver,NVIDIA A100-SXM4-80GB,"3.12.3 (main, Mar  3 2026, 12:15:18) [GCC 13.3.0]",py312_cuml_always,profiler_cuml_always_v2,QHY411-1_SDSSi_bin2,37.8,15.648834,247,2026-04-04T08:10:19.226Z,7100,5325,SDSSi,GaiaDR33534005919872722560,81920.0,424.0,31.0
lenovo_tttserver,NVIDIA A100-SXM4-80GB,"3.12.3 (main, Mar  3 2026, 12:15:18) [GCC 13.3.0]",py312_cuml_always,profiler_cuml_always_v2,QHY411-1_SDSSi_bin2,37.8,18.269814,247,2026-04-04T08:09:56.808Z,7100,5325,SDSSi,GaiaDR33534005919872722560,81920.0,424.0,31.0
ttt1,NVIDIA GeForce RTX 3060,"3.12.3 (main, Mar  3 2026, 12:15:18) [GCC 13.3.0]",py312_cuml_always,profiler_cuml_always_v2,QHY411-1_Lum_bin2,37.8,22.542496,154,2026-04-04T08:09:55.822Z,7100,5325,Lum,2012QD8,12288.0,142.0,51.0
azken,NVIDIA H100 PCIe,"3.12.3 (main, Mar  3 2026, 12:15:18) [GCC 13.3.0]",py312_cuml_always,profiler_cuml_always_v2,QHY600-4_Ha,15.3,9.105148,318,2026-04-04T08:09:57.240Z,4787,3193,Ha,NGC2903,81559.0,458.0,39.0
ttt_server,NVIDIA GeForce RTX 3090,"3.12.3 (main, Mar  3 2026, 12:15:18) [GCC 13.3.0]",py312_cuml_always,profiler_cuml_always_v2,QHY600-4_Ha,15.3,13.329697,318,2026-04-04T08:09:53.734Z,4787,3193,Ha,NGC2903,24576.0,277.0,53.0
hp3,NVIDIA L40S,"3.12.3 (main, Mar  3 2026, 12:15:18) [GCC 13.3.0]",py312_cuml_always,profiler_cuml_always_v2,QHY411-1_Lum_bin2,37.8,13.995791,154,2026-04-04T08:09:55.098Z,7100,5325,Lum,2012QD8,46068.0,430.0,35.0
ttt1,NVIDIA GeForce RTX 3060,"3.12.3 (main, Mar  3 2026, 12:15:18) [GCC 13.3.0]",py312_cuml_always,profiler_cuml_always_v2,QHY411-1_Lum_bin2,37.8,22.46935,154,2026-04-04T08:10:22.836Z,7100,5325,Lum,2012QD8,12288.0,142.0,50.0
ttt_server,NVIDIA GeForce RTX 3090,"3.12.3 (main, Mar  3 2026, 12:15:18) [GCC 13.3.0]",py312_cuml_always,profiler_cuml_always_v2,QHY411-1_Lum_bin2,37.8,24.083965,154,2026-04-04T08:10:24.366Z,7100,5325,Lum,2012QD8,24576.0,277.0,53.0
azken,NVIDIA H100 PCIe,"3.12.3 (main, Mar  3 2026, 12:15:18) [GCC 13.3.0]",py312_cuml_always,profiler_cuml_always_v2,QHY600-4_Ha,15.3,10.2754755,318,2026-04-04T08:10:33.935Z,4787,3193,Ha,NGC2903,81559.0,458.0,39.0
hp3,NVIDIA L40S,"3.12.3 (main, Mar  3 2026, 12:15:18) [GCC 13.3.0]",py312_cuml_always,profiler_cuml_always_v2,QHY411-1_Lum_bin2,37.8,13.938924,154,2026-04-04T08:10:40.025Z,7100,5325,Lum,2012QD8,46068.0,430.0,35.0
lenovo_tttserver,NVIDIA A100-SXM4-80GB,"3.12.3 (main, Mar  3 2026, 12:15:18) [GCC 13.3.0]",py312_cuml_always,profiler_cuml_always_v2,QHY411-1_SDSSi_bin2,37.8,14.462779,247,2026-04-04T08:10:40.438Z,7100,5325,SDSSi,GaiaDR33534005919872722560,81920.0,424.0,31.0
ttt_server,NVIDIA GeForce RTX 3090,"3.12.3 (main, Mar  3 2026, 12:15:18) [GCC 13.3.0]",py312_cuml_always,profiler_cuml_always_v2,QHY411-1_Lum_bin2,37.8,19.326254,154,2026-04-04T08:10:50.271Z,7100,5325,Lum,2012QD8,24576.0,277.0,53.0
ttt1,NVIDIA GeForce RTX 3060,"3.12.3 (main, Mar  3 2026, 12:15:18) [GCC 13.3.0]",py312_cuml_always,profiler_cuml_always_v2,QHY411-1_Lum_bin2,37.8,22.565392,154,2026-04-04T08:10:49.883Z,7100,5325,Lum,2012QD8,12288.0,142.0,51.0
azken,NVIDIA H100 PCIe,"3.12.3 (main, Mar  3 2026, 12:15:18) [GCC 13.3.0]",py312_cuml_always,profiler_cuml_always_v2,QHY600-4_Ha,15.3,8.814007,318,2026-04-04T08:10:52.696Z,4787,3193,Ha,NGC2903,81559.0,458.0,39.0
lenovo_tttserver,NVIDIA A100-SXM4-80GB,"3.12.3 (main, Mar  3 2026, 12:15:18) [GCC 13.3.0]",py312_cuml_always,profiler_cuml_always_v2,QHY411-1_SDSSi_bin2,37.8,14.378734,247,2026-04-04T08:11:01.107Z,7100,5325,SDSSi,GaiaDR33534005919872722560,81920.0,424.0,31.0
hp3,NVIDIA L40S,"3.12.3 (main, Mar  3 2026, 12:15:18) [GCC 13.3.0]",py312_cuml_always,profiler_cuml_always_v2,QHY411-1_Lum_bin2,37.8,14.004526,154,2026-04-04T08:11:02.574Z,7100,5325,Lum,2012QD8,46068.0,430.0,35.0
lenovo_tttserver,NVIDIA A100-SXM4-80GB,"3.12.3 (main, Mar  3 2026, 12:15:18) [GCC 13.3.0]",py312_cuml_always,profiler_cuml_always_v2,QHY600-4_Ha,15.3,7.533144,318,2026-04-04T08:05:16.984Z,4787,3193,Ha,NGC2903,81920.0,424.0,32.0
hp3,NVIDIA L40S,"3.12.3 (main, Mar  3 2026, 12:15:18) [GCC 13.3.0]",py312_cuml_always,profiler_cuml_always_v2,QHY600-4_Ha,15.3,13.025133,318,2026-04-04T08:05:06.163Z,4787,3193,Ha,NGC2903,46068.0,430.0,35.0
ttt1,NVIDIA GeForce RTX 3060,"3.12.3 (main, Mar  3 2026, 12:15:18) [GCC 13.3.0]",py312_cuml_always,profiler_cuml_always_v2,QHY600-4_Ha,15.3,18.544592,318,2026-04-04T08:04:37.508Z,4787,3193,Ha,NGC2903,12288.0,142.0,50.0
lenovo_tttserver,NVIDIA A100-SXM4-80GB,"3.12.3 (main, Mar  3 2026, 12:15:18) [GCC 13.3.0]",py312_cuml_always,profiler_cuml_always_v2,QHY600-4_Ha,15.3,7.635315,318,2026-04-04T08:05:03.303Z,4787,3193,Ha,NGC2903,81920.0,424.0,32.0
ttt_server,NVIDIA GeForce RTX 3090,"3.12.3 (main, Mar  3 2026, 12:15:18) [GCC 13.3.0]",py312_cuml_always,profiler_cuml_always_v2,QHY600-4_SDSSg,15.3,16.081982,218,2026-04-04T08:05:08.329Z,4787,3193,SDSSg,WASP-43-b,24576.0,277.0,54.0
azken,NVIDIA H100 PCIe,"3.12.3 (main, Mar  3 2026, 12:15:18) [GCC 13.3.0]",py312_cuml_always,profiler_cuml_always_v2,QHY600-4_SDSSg,15.3,13.997691,218,2026-04-04T08:05:17.239Z,4787,3193,SDSSg,WASP-43-b,81559.0,458.0,41.0
ttt1,NVIDIA GeForce RTX 3060,"3.12.3 (main, Mar  3 2026, 12:15:18) [GCC 13.3.0]",py312_cuml_always,profiler_cuml_always_v2,QHY600-4_Ha,15.3,16.430126,318,2026-04-04T08:05:19.592Z,4787,3193,Ha,NGC2903,12288.0,142.0,51.0
hp3,NVIDIA L40S,"3.12.3 (main, Mar  3 2026, 12:15:18) [GCC 13.3.0]",py312_cuml_always,profiler_cuml_always_v2,QHY600-4_Ha,15.3,9.619357,318,2026-04-04T08:05:24.102Z,4787,3193,Ha,NGC2903,46068.0,430.0,35.0
ttt1,NVIDIA GeForce RTX 3060,"3.12.3 (main, Mar  3 2026, 12:15:18) [GCC 13.3.0]",py312_cuml_always,profiler_cuml_always_v2,QHY600-4_Ha,15.3,16.435474,318,2026-04-04T08:07:05.986Z,4787,3193,Ha,NGC2903,12288.0,142.0,51.0
azken,NVIDIA H100 PCIe,"3.12.3 (main, Mar  3 2026, 12:15:18) [GCC 13.3.0]",py312_cuml_always,profiler_cuml_always_v2,QHY600-4_SDSSg,15.3,13.425164,218,2026-04-04T08:07:06.875Z,4787,3193,SDSSg,WASP-43-b,81559.0,458.0,40.0
lenovo_tttserver,NVIDIA A100-SXM4-80GB,"3.12.3 (main, Mar  3 2026, 12:15:18) [GCC 13.3.0]",py312_cuml_always,profiler_cuml_always_v2,QHY411-1_Lum_bin2,37.8,11.21115,154,2026-04-04T08:07:14.305Z,7100,5325,Lum,2012QD8,81920.0,424.0,31.0
hp3,NVIDIA L40S,"3.12.3 (main, Mar  3 2026, 12:15:18) [GCC 13.3.0]",py312_cuml_always,profiler_cuml_always_v2,QHY600-4_Ha,15.3,9.089712,318,2026-04-04T08:07:10.745Z,4787,3193,Ha,NGC2903,46068.0,430.0,34.0
ttt_server,NVIDIA GeForce RTX 3090,"3.12.3 (main, Mar  3 2026, 12:15:18) [GCC 13.3.0]",py312_cuml_always,profiler_cuml_always_v2,QHY600-4_Ha,15.3,13.440955,318,2026-04-04T08:07:16.383Z,4787,3193,Ha,NGC2903,24576.0,277.0,55.0
lenovo_tttserver,NVIDIA A100-SXM4-80GB,"3.12.3 (main, Mar  3 2026, 12:15:18) [GCC 13.3.0]",py312_cuml_always,profiler_cuml_always_v2,QHY411-1_Lum_bin2,37.8,10.400007,154,2026-04-04T08:07:30.930Z,7100,5325,Lum,2012QD8,81920.0,424.0,31.0
ttt_server,NVIDIA GeForce RTX 3090,"3.12.3 (main, Mar  3 2026, 12:15:18) [GCC 13.3.0]",py312_cuml_always,profiler_cuml_always_v2,QHY600-4_Ha,15.3,12.788351,318,2026-04-04T08:07:35.240Z,4787,3193,Ha,NGC2903,24576.0,277.0,54.0
hp3,NVIDIA L40S,"3.12.3 (main, Mar  3 2026, 12:15:18) [GCC 13.3.0]",py312_cuml_always,profiler_cuml_always_v2,QHY600-4_Ha,15.3,9.51142,318,2026-04-04T08:08:01.598Z,4787,3193,Ha,NGC2903,46068.0,430.0,35.0
lenovo_tttserver,NVIDIA A100-SXM4-80GB,"3.12.3 (main, Mar  3 2026, 12:15:18) [GCC 13.3.0]",py312_cuml_always,profiler_cuml_always_v2,QHY411-1_Lum_bin2,37.8,10.554763,154,2026-04-04T08:08:04.521Z,7100,5325,Lum,2012QD8,81920.0,424.0,32.0
azken,NVIDIA H100 PCIe,"3.12.3 (main, Mar  3 2026, 12:15:18) [GCC 13.3.0]",py312_cuml_always,profiler_cuml_always_v2,QHY600-4_Ha,15.3,11.067421,318,2026-04-04T08:08:02.449Z,4787,3193,Ha,NGC2903,81559.0,458.0,40.0
azken,NVIDIA H100 PCIe,"3.12.3 (main, Mar  3 2026, 12:15:18) [GCC 13.3.0]",py312_cuml_always,profiler_cuml_always_v2,QHY600-4_Ha,15.3,10.407105,318,2026-04-04T08:08:22.201Z,4787,3193,Ha,NGC2903,81559.0,458.0,40.0
ttt_server,NVIDIA GeForce RTX 3090,"3.12.3 (main, Mar  3 2026, 12:15:18) [GCC 13.3.0]",py312_cuml_always,profiler_cuml_always_v2,QHY600-4_Ha,15.3,13.014909,318,2026-04-04T08:08:14.299Z,4787,3193,Ha,NGC2903,24576.0,277.0,54.0
lenovo_tttserver,NVIDIA A100-SXM4-80GB,"3.12.3 (main, Mar  3 2026, 12:15:18) [GCC 13.3.0]",py312_cuml_always,profiler_cuml_always_v2,QHY411-1_Lum_bin2,37.8,10.612993,154,2026-04-04T08:08:22.452Z,7100,5325,Lum,2012QD8,81920.0,424.0,31.0
ttt1,NVIDIA GeForce RTX 3060,"3.12.3 (main, Mar  3 2026, 12:15:18) [GCC 13.3.0]",py312_cuml_always,profiler_cuml_always_v2,QHY600-4_Ha,15.3,16.474073,318,2026-04-04T08:08:29.880Z,4787,3193,Ha,NGC2903,12288.0,142.0,51.0
hp3,NVIDIA L40S,"3.12.3 (main, Mar  3 2026, 12:15:18) [GCC 13.3.0]",py312_cuml_always,profiler_cuml_always_v2,QHY600-4_Ha,15.3,9.256868,318,2026-04-04T08:08:19.931Z,4787,3193,Ha,NGC2903,46068.0,430.0,35.0
ttt1,NVIDIA GeForce RTX 3060,"3.12.3 (main, Mar  3 2026, 12:15:18) [GCC 13.3.0]",py312_cuml_always,profiler_cuml_always_v2,QHY600-4_Ha,15.3,16.318321,318,2026-04-04T08:08:08.878Z,4787,3193,Ha,NGC2903,12288.0,142.0,51.0
ttt1,NVIDIA GeForce RTX 3060,"3.12.3 (main, Mar  3 2026, 12:15:18) [GCC 13.3.0]",py312_cuml_always,profiler_cuml_always_v2,QHY600-4_Ha,15.3,16.466724,318,2026-04-04T08:05:40.597Z,4787,3193,Ha,NGC2903,12288.0,142.0,50.0
lenovo_tttserver,NVIDIA A100-SXM4-80GB,"3.12.3 (main, Mar  3 2026, 12:15:18) [GCC 13.3.0]",py312_cuml_always,profiler_cuml_always_v2,QHY600-4_Ha,15.3,7.4087605,318,2026-04-04T08:05:44.189Z,4787,3193,Ha,NGC2903,81920.0,424.0,32.0
hp3,NVIDIA L40S,"3.12.3 (main, Mar  3 2026, 12:15:18) [GCC 13.3.0]",py312_cuml_always,profiler_cuml_always_v2,QHY600-4_SDSSg,15.3,11.781797,218,2026-04-04T08:04:25.064Z,4787,3193,SDSSg,WASP-43-b,46068.0,430.0,36.0
ttt_server,NVIDIA GeForce RTX 3090,"3.12.3 (main, Mar  3 2026, 12:15:18) [GCC 13.3.0]",py312_cuml_always,profiler_cuml_always_v2,QHY600-4_SDSSg,15.3,16.45772,218,2026-04-04T08:04:23.295Z,4787,3193,SDSSg,WASP-43-b,24576.0,277.0,54.0
lenovo_tttserver,NVIDIA A100-SXM4-80GB,"3.12.3 (main, Mar  3 2026, 12:15:18) [GCC 13.3.0]",py312_cuml_always,profiler_cuml_always_v2,QHY600-4_Ha,15.3,9.728519,318,2026-04-04T08:04:06.071Z,4787,3193,Ha,NGC2903,81920.0,424.0,33.0
azken,NVIDIA H100 PCIe,"3.12.3 (main, Mar  3 2026, 12:15:18) [GCC 13.3.0]",py312_cuml_always,profiler_cuml_always_v2,QHY600-4_SDSSg,15.3,12.597761,218,2026-04-04T08:04:10.588Z,4787,3193,SDSSg,WASP-43-b,81559.0,458.0,42.0
lenovo_tttserver,NVIDIA A100-SXM4-80GB,"3.12.3 (main, Mar  3 2026, 12:15:18) [GCC 13.3.0]",py312_cuml_always,profiler_cuml_always_v2,QHY600-4_Ha,15.3,8.206018,318,2026-04-04T08:04:34.511Z,4787,3193,Ha,NGC2903,81920.0,424.0,33.0
lenovo_tttserver,NVIDIA A100-SXM4-80GB,"3.12.3 (main, Mar  3 2026, 12:15:18) [GCC 13.3.0]",py312_cuml_always,profiler_cuml_always_v2,QHY600-4_Ha,15.3,7.446068,318,2026-04-04T08:04:49.256Z,4787,3193,Ha,NGC2903,81920.0,424.0,32.0
ttt_server,NVIDIA GeForce RTX 3090,"3.12.3 (main, Mar  3 2026, 12:15:18) [GCC 13.3.0]",py312_cuml_always,profiler_cuml_always_v2,QHY600-4_SDSSg,15.3,16.246866,218,2026-04-04T08:04:45.933Z,4787,3193,SDSSg,WASP-43-b,24576.0,277.0,54.0
hp3,NVIDIA L40S,"3.12.3 (main, Mar  3 2026, 12:15:18) [GCC 13.3.0]",py312_cuml_always,profiler_cuml_always_v2,QHY600-4_SDSSg,15.3,11.514091,218,2026-04-04T08:04:44.772Z,4787,3193,SDSSg,WASP-43-b,46068.0,430.0,35.0
ttt_server,NVIDIA GeForce RTX 3090,"3.12.3 (main, Mar  3 2026, 12:15:18) [GCC 13.3.0]",py312_cuml_always,profiler_cuml_always_v2,QHY600-4_SDSSg,15.3,15.986274,218,2026-04-04T08:05:52.814Z,4787,3193,SDSSg,WASP-43-b,24576.0,277.0,54.0
hp3,NVIDIA L40S,"3.12.3 (main, Mar  3 2026, 12:15:18) [GCC 13.3.0]",py312_cuml_always,profiler_cuml_always_v2,QHY600-4_Ha,15.3,9.219349,318,2026-04-04T08:06:18.774Z,4787,3193,Ha,NGC2903,46068.0,430.0,34.0
ttt_server,NVIDIA GeForce RTX 3090,"3.12.3 (main, Mar  3 2026, 12:15:18) [GCC 13.3.0]",py312_cuml_always,profiler_cuml_always_v2,QHY600-4_Ha,15.3,17.910227,318,2026-04-04T08:06:17.218Z,4787,3193,Ha,NGC2903,24576.0,277.0,54.0
hp3,NVIDIA L40S,"3.12.3 (main, Mar  3 2026, 12:15:18) [GCC 13.3.0]",py312_cuml_always,profiler_cuml_always_v2,QHY600-4_Ha,15.3,9.316511,318,2026-04-04T08:05:41.916Z,4787,3193,Ha,NGC2903,46068.0,430.0,35.0
hp3,NVIDIA L40S,"3.12.3 (main, Mar  3 2026, 12:15:18) [GCC 13.3.0]",py312_cuml_always,profiler_cuml_always_v2,QHY600-4_Ha,15.3,9.565642,318,2026-04-04T08:06:00.969Z,4787,3193,Ha,NGC2903,46068.0,430.0,34.0
lenovo_tttserver,NVIDIA A100-SXM4-80GB,"3.12.3 (main, Mar  3 2026, 12:15:18) [GCC 13.3.0]",py312_cuml_always,profiler_cuml_always_v2,QHY600-4_Ha,15.3,8.475959,318,2026-04-04T08:06:00.127Z,4787,3193,Ha,NGC2903,81920.0,424.0,32.0
azken,NVIDIA H100 PCIe,"3.12.3 (main, Mar  3 2026, 12:15:18) [GCC 13.3.0]",py312_cuml_always,profiler_cuml_always_v2,QHY600-4_SDSSg,15.3,13.796799,218,2026-04-04T08:05:59.244Z,4787,3193,SDSSg,WASP-43-b,81559.0,458.0,41.0
ttt1,NVIDIA GeForce RTX 3060,"3.12.3 (main, Mar  3 2026, 12:15:18) [GCC 13.3.0]",py312_cuml_always,profiler_cuml_always_v2,QHY600-4_Ha,15.3,16.454126,318,2026-04-04T08:06:02.241Z,4787,3193,Ha,NGC2903,12288.0,142.0,51.0
azken,NVIDIA H100 PCIe,"3.12.3 (main, Mar  3 2026, 12:15:18) [GCC 13.3.0]",py312_cuml_always,profiler_cuml_always_v2,QHY600-4_SDSSg,15.3,13.578569,218,2026-04-04T08:06:20.612Z,4787,3193,SDSSg,WASP-43-b,81559.0,458.0,41.0
ttt1,NVIDIA GeForce RTX 3060,"3.12.3 (main, Mar  3 2026, 12:15:18) [GCC 13.3.0]",py312_cuml_always,profiler_cuml_always_v2,QHY600-4_Ha,15.3,16.40818,318,2026-04-04T08:06:23.137Z,4787,3193,Ha,NGC2903,12288.0,142.0,50.0
lenovo_tttserver,NVIDIA A100-SXM4-80GB,"3.12.3 (main, Mar  3 2026, 12:15:18) [GCC 13.3.0]",py312_cuml_always,profiler_cuml_always_v2,QHY411-1_Lum_bin2,37.8,15.362785,154,2026-04-04T08:06:22.596Z,7100,5325,Lum,2012QD8,81920.0,424.0,32.0
hp3,NVIDIA L40S,"3.12.3 (main, Mar  3 2026, 12:15:18) [GCC 13.3.0]",py312_cuml_always,profiler_cuml_always_v2,QHY600-4_Ha,15.3,9.620359,318,2026-04-04T08:06:33.902Z,4787,3193,Ha,NGC2903,46068.0,430.0,35.0
ttt_server,NVIDIA GeForce RTX 3090,"3.12.3 (main, Mar  3 2026, 12:15:18) [GCC 13.3.0]",py312_cuml_always,profiler_cuml_always_v2,QHY600-4_Ha,15.3,13.034054,318,2026-04-04T08:08:33.558Z,4787,3193,Ha,NGC2903,24576.0,277.0,55.0
hp3,NVIDIA L40S,"3.12.3 (main, Mar  3 2026, 12:15:18) [GCC 13.3.0]",py312_cuml_always,profiler_cuml_always_v2,QHY600-4_SDSSg,15.3,11.40065,218,2026-04-04T08:04:04.539Z,4787,3193,SDSSg,WASP-43-b,46068.0,430.0,36.0
ttt1,NVIDIA GeForce RTX 3060,"3.12.3 (main, Mar  3 2026, 12:15:18) [GCC 13.3.0]",py312_cuml_always,profiler_cuml_always_v2,QHY600-4_SDSSg,15.3,19.84465,218,2026-04-04T08:04:14.388Z,4787,3193,SDSSg,WASP-43-b,12288.0,142.0,50.0
lenovo_tttserver,NVIDIA A100-SXM4-80GB,"3.12.3 (main, Mar  3 2026, 12:15:18) [GCC 13.3.0]",py312_cuml_always,profiler_cuml_always_v2,QHY600-4_Ha,15.3,7.3789806,318,2026-04-04T08:04:19.925Z,4787,3193,Ha,NGC2903,81920.0,424.0,32.0
ttt_server,NVIDIA GeForce RTX 3090,"3.12.3 (main, Mar  3 2026, 12:15:18) [GCC 13.3.0]",py312_cuml_always,profiler_cuml_always_v2,QHY600-4_SDSSg,15.3,16.160276,218,2026-04-04T08:04:00.380Z,4787,3193,SDSSg,WASP-43-b,24576.0,277.0,54.0
azken,NVIDIA H100 PCIe,"3.12.3 (main, Mar  3 2026, 12:15:18) [GCC 13.3.0]",py312_cuml_always,profiler_cuml_always_v2,QHY600-4_SDSSg,15.3,13.391085,218,2026-04-04T08:04:32.676Z,4787,3193,SDSSg,WASP-43-b,81559.0,458.0,42.0
ttt1,NVIDIA GeForce RTX 3060,"3.12.3 (main, Mar  3 2026, 12:15:18) [GCC 13.3.0]",py312_cuml_always,profiler_cuml_always_v2,QHY600-4_Ha,15.3,16.41804,318,2026-04-04T08:04:58.599Z,4787,3193,Ha,NGC2903,12288.0,142.0,51.0
azken,NVIDIA H100 PCIe,"3.12.3 (main, Mar  3 2026, 12:15:18) [GCC 13.3.0]",py312_cuml_always,profiler_cuml_always_v2,QHY600-4_SDSSg,15.3,11.990066,218,2026-04-04T08:04:54.805Z,4787,3193,SDSSg,WASP-43-b,81559.0,458.0,41.0
ttt_server,NVIDIA GeForce RTX 3090,"3.12.3 (main, Mar  3 2026, 12:15:18) [GCC 13.3.0]",py312_cuml_always,profiler_cuml_always_v2,QHY600-4_SDSSg,15.3,15.844528,218,2026-04-04T08:05:30.562Z,4787,3193,SDSSg,WASP-43-b,24576.0,277.0,54.0
lenovo_tttserver,NVIDIA A100-SXM4-80GB,"3.12.3 (main, Mar  3 2026, 12:15:18) [GCC 13.3.0]",py312_cuml_always,profiler_cuml_always_v2,QHY600-4_Ha,15.3,7.4179425,318,2026-04-04T08:05:30.615Z,4787,3193,Ha,NGC2903,81920.0,424.0,32.0
azken,NVIDIA H100 PCIe,"3.12.3 (main, Mar  3 2026, 12:15:18) [GCC 13.3.0]",py312_cuml_always,profiler_cuml_always_v2,QHY600-4_SDSSg,15.3,9.950404,218,2026-04-04T08:05:36.173Z,4787,3193,SDSSg,WASP-43-b,81559.0,458.0,41.0
ttt_server,NVIDIA GeForce RTX 3090,"3.12.3 (main, Mar  3 2026, 12:15:18) [GCC 13.3.0]",py312_cuml_always,profiler_cuml_always_v2,QHY600-4_Ha,15.3,13.459312,318,2026-04-04T08:06:37.248Z,4787,3193,Ha,NGC2903,24576.0,277.0,54.0
lenovo_tttserver,NVIDIA A100-SXM4-80GB,"3.12.3 (main, Mar  3 2026, 12:15:18) [GCC 13.3.0]",py312_cuml_always,profiler_cuml_always_v2,QHY411-1_Lum_bin2,37.8,10.5622635,154,2026-04-04T08:06:39.323Z,7100,5325,Lum,2012QD8,81920.0,424.0,31.0
lenovo_tttserver,NVIDIA A100-SXM4-80GB,"3.12.3 (main, Mar  3 2026, 12:15:18) [GCC 13.3.0]",py312_cuml_always,profiler_cuml_always_v2,QHY411-1_Lum_bin2,37.8,10.575292,154,2026-04-04T08:06:56.201Z,7100,5325,Lum,2012QD8,81920.0,424.0,32.0
hp3,NVIDIA L40S,"3.12.3 (main, Mar  3 2026, 12:15:18) [GCC 13.3.0]",py312_cuml_always,profiler_cuml_always_v2,QHY600-4_Ha,15.3,9.473646,318,2026-04-04T08:06:51.793Z,4787,3193,Ha,NGC2903,46068.0,430.0,35.0
azken,NVIDIA H100 PCIe,"3.12.3 (main, Mar  3 2026, 12:15:18) [GCC 13.3.0]",py312_cuml_always,profiler_cuml_always_v2,QHY600-4_SDSSg,15.3,12.833113,218,2026-04-04T08:06:42.749Z,4787,3193,SDSSg,WASP-43-b,81559.0,458.0,40.0
ttt1,NVIDIA GeForce RTX 3060,"3.12.3 (main, Mar  3 2026, 12:15:18) [GCC 13.3.0]",py312_cuml_always,profiler_cuml_always_v2,QHY600-4_Ha,15.3,17.0031,318,2026-04-04T08:06:44.665Z,4787,3193,Ha,NGC2903,12288.0,142.0,51.0
ttt_server,NVIDIA GeForce RTX 3090,"3.12.3 (main, Mar  3 2026, 12:15:18) [GCC 13.3.0]",py312_cuml_always,profiler_cuml_always_v2,QHY600-4_Ha,15.3,13.293215,318,2026-04-04T08:06:56.792Z,4787,3193,Ha,NGC2903,24576.0,277.0,54.0
hp3,NVIDIA L40S,"3.12.3 (main, Mar  3 2026, 12:15:18) [GCC 13.3.0]",py312_cuml_always,profiler_cuml_always_v2,QHY600-4_Ha,15.3,9.508259,318,2026-04-04T08:07:28.779Z,4787,3193,Ha,NGC2903,46068.0,430.0,34.0
ttt1,NVIDIA GeForce RTX 3060,"3.12.3 (main, Mar  3 2026, 12:15:18) [GCC 13.3.0]",py312_cuml_always,profiler_cuml_always_v2,QHY600-4_Ha,15.3,16.456202,318,2026-04-04T08:07:26.961Z,4787,3193,Ha,NGC2903,12288.0,142.0,50.0
azken,NVIDIA H100 PCIe,"3.12.3 (main, Mar  3 2026, 12:15:18) [GCC 13.3.0]",py312_cuml_always,profiler_cuml_always_v2,QHY600-4_Ha,15.3,11.325788,318,2026-04-04T08:07:25.329Z,4787,3193,Ha,NGC2903,81559.0,458.0,40.0
azken,NVIDIA H100 PCIe,"3.12.3 (main, Mar  3 2026, 12:15:18) [GCC 13.3.0]",py312_cuml_always,profiler_cuml_always_v2,QHY600-4_Ha,15.3,8.77816,318,2026-04-04T08:07:41.943Z,4787,3193,Ha,NGC2903,81559.0,458.0,40.0
hp3,NVIDIA L40S,"3.12.3 (main, Mar  3 2026, 12:15:18) [GCC 13.3.0]",py312_cuml_always,profiler_cuml_always_v2,QHY600-4_Ha,15.3,8.966792,318,2026-04-04T08:07:43.433Z,4787,3193,Ha,NGC2903,46068.0,430.0,35.0
ttt_server,NVIDIA GeForce RTX 3090,"3.12.3 (main, Mar  3 2026, 12:15:18) [GCC 13.3.0]",py312_cuml_always,profiler_cuml_always_v2,QHY600-4_Ha,15.3,13.070826,318,2026-04-04T08:07:54.400Z,4787,3193,Ha,NGC2903,24576.0,277.0,54.0
ttt1,NVIDIA GeForce RTX 3060,"3.12.3 (main, Mar  3 2026, 12:15:18) [GCC 13.3.0]",py312_cuml_always,profiler_cuml_always_v2,QHY600-4_Ha,15.3,16.477522,318,2026-04-04T08:07:48.031Z,4787,3193,Ha,NGC2903,12288.0,142.0,51.0
lenovo_tttserver,NVIDIA A100-SXM4-80GB,"3.12.3 (main, Mar  3 2026, 12:15:18) [GCC 13.3.0]",py312_cuml_always,profiler_cuml_always_v2,QHY411-1_Lum_bin2,37.8,10.598245,154,2026-04-04T08:07:47.749Z,7100,5325,Lum,2012QD8,81920.0,424.0,31.0
hp3,NVIDIA L40S,"3.12.3 (main, Mar  3 2026, 12:15:18) [GCC 13.3.0]",py312_cuml_always,profiler_cuml_always_v2,QHY411-1_Lum_bin2,37.8,14.219588,154,2026-04-04T08:11:25.222Z,7100,5325,Lum,2012QD8,46068.0,430.0,35.0
lenovo_tttserver,NVIDIA A100-SXM4-80GB,"3.12.3 (main, Mar  3 2026, 12:15:18) [GCC 13.3.0]",py312_cuml_always,profiler_cuml_always_v2,QHY411-1_SDSSi_bin2,37.8,15.570079,247,2026-04-04T08:11:23.056Z,7100,5325,SDSSi,GaiaDR33534005919872722560,81920.0,424.0,31.0
azken,NVIDIA H100 PCIe,"3.12.3 (main, Mar  3 2026, 12:15:18) [GCC 13.3.0]",py312_cuml_always,profiler_cuml_always_v2,QHY411-1_Lum_bin2,37.8,16.024036,154,2026-04-04T08:11:17.428Z,7100,5325,Lum,2012QD8,81559.0,458.0,39.0
ttt_server,NVIDIA GeForce RTX 3090,"3.12.3 (main, Mar  3 2026, 12:15:18) [GCC 13.3.0]",py312_cuml_always,profiler_cuml_always_v2,QHY411-1_Lum_bin2,37.8,19.53911,154,2026-04-04T08:11:16.475Z,7100,5325,Lum,2012QD8,24576.0,277.0,54.0
ttt1,NVIDIA GeForce RTX 3060,"3.12.3 (main, Mar  3 2026, 12:15:18) [GCC 13.3.0]",py312_cuml_always,profiler_cuml_always_v2,QHY411-1_Lum_bin2,37.8,22.52936,154,2026-04-04T08:11:16.975Z,7100,5325,Lum,2012QD8,12288.0,142.0,50.0
lenovo_tttserver,NVIDIA A100-SXM4-80GB,"3.12.3 (main, Mar  3 2026, 12:15:18) [GCC 13.3.0]",py312_cuml_always,profiler_cuml_always_v2,QHY411-1_SDSSi_bin2,37.8,14.061293,247,2026-04-04T08:11:43.919Z,7100,5325,SDSSi,GaiaDR33534005919872722560,81920.0,424.0,30.0
ttt1,NVIDIA GeForce RTX 3060,"3.12.3 (main, Mar  3 2026, 12:15:18) [GCC 13.3.0]",py312_cuml_always,profiler_cuml_always_v2,QHY411-1_Lum_bin2,37.8,22.489782,154,2026-04-04T08:11:44.026Z,7100,5325,Lum,2012QD8,12288.0,142.0,50.0
azken,NVIDIA H100 PCIe,"3.12.3 (main, Mar  3 2026, 12:15:18) [GCC 13.3.0]",py312_cuml_always,profiler_cuml_always_v2,QHY411-1_Lum_bin2,37.8,12.881369,154,2026-04-04T08:11:40.013Z,7100,5325,Lum,2012QD8,81559.0,458.0,39.0
ttt_server,NVIDIA GeForce RTX 3090,"3.12.3 (main, Mar  3 2026, 12:15:18) [GCC 13.3.0]",py312_cuml_always,profiler_cuml_always_v2,QHY411-1_Lum_bin2,37.8,19.383282,154,2026-04-04T08:11:42.339Z,7100,5325,Lum,2012QD8,24576.0,277.0,54.0
ttt_server,NVIDIA GeForce RTX 3090,"3.12.3 (main, Mar  3 2026, 12:15:18) [GCC 13.3.0]",py312_cuml_always,profiler_cuml_always_v2,QHY600-4_SDSSg,15.3,28.383041,218,2026-04-04T08:01:42.922Z,4787,3193,SDSSg,WASP-43-b,24576.0,277.0,55.0
hp3,NVIDIA L40S,"3.12.3 (main, Mar  3 2026, 12:15:18) [GCC 13.3.0]",py312_cuml_always,profiler_cuml_always_v2,QHY600-4_SDSSg,15.3,11.280651,218,2026-04-04T08:01:45.659Z,4787,3193,SDSSg,WASP-43-b,46068.0,430.0,38.0
lenovo_tttserver,NVIDIA A100-SXM4-80GB,"3.12.3 (main, Mar  3 2026, 12:15:18) [GCC 13.3.0]",py312_cuml_always,profiler_cuml_always_v2,QHY600-4_SDSSg,15.3,10.9625435,218,2026-04-04T08:01:40.350Z,4787,3193,SDSSg,WASP-43-b,81920.0,424.0,35.0
local,NVIDIA GeForce RTX 3050 Ti Laptop GPU,"3.12.3 (main, Mar  3 2026, 12:15:18) [GCC 13.3.0]",py312_cuml_always,profiler_cuml_always_v2,iKon936_Lum,4.2,21.071611,296,2026-04-04T08:01:41.171Z,2048,2048,Lum,C2025A6,4096.0,95.0,74.0
azken,NVIDIA H100 PCIe,"3.12.3 (main, Mar  3 2026, 12:15:18) [GCC 13.3.0]",py312_cuml_always,profiler_cuml_always_v2,QHY600-3_Lum,6.8,8.291947,112,2026-04-04T08:01:33.551Z,3191,2129,Lum,C2025R2,81559.0,458.0,43.0
azken,NVIDIA H100 PCIe,"3.12.3 (main, Mar  3 2026, 12:15:18) [GCC 13.3.0]",py312_cuml_always,profiler_cuml_always_v2,QHY600-3_Lum,6.8,8.471862,112,2026-04-04T08:01:51.056Z,3191,2129,Lum,C2025R2,81559.0,458.0,43.0
ttt1,NVIDIA GeForce RTX 3060,"3.12.3 (main, Mar  3 2026, 12:15:18) [GCC 13.3.0]",py312_cuml_always,profiler_cuml_always_v2,QHY600-4_SDSSg,15.3,19.926174,218,2026-04-04T08:01:47.570Z,4787,3193,SDSSg,WASP-43-b,12288.0,142.0,51.0
local,NVIDIA GeForce RTX 3050 Ti Laptop GPU,"3.12.3 (main, Mar  3 2026, 12:15:18) [GCC 13.3.0]",py312_cuml_always,profiler_cuml_always_v2,iKon936_Lum,4.2,23.510462,296,2026-04-04T08:02:09.776Z,2048,2048,Lum,C2025A6,4096.0,95.0,75.0
lenovo_tttserver,NVIDIA A100-SXM4-80GB,"3.12.3 (main, Mar  3 2026, 12:15:18) [GCC 13.3.0]",py312_cuml_always,profiler_cuml_always_v2,QHY600-4_SDSSg,15.3,10.188647,218,2026-04-04T08:02:14.589Z,4787,3193,SDSSg,WASP-43-b,81920.0,424.0,35.0
hp3,NVIDIA L40S,"3.12.3 (main, Mar  3 2026, 12:15:18) [GCC 13.3.0]",py312_cuml_always,profiler_cuml_always_v2,QHY600-4_SDSSg,15.3,11.462643,218,2026-04-04T08:01:27.161Z,4787,3193,SDSSg,WASP-43-b,46068.0,430.0,38.0
lenovo_tttserver,NVIDIA A100-SXM4-80GB,"3.12.3 (main, Mar  3 2026, 12:15:18) [GCC 13.3.0]",py312_cuml_always,profiler_cuml_always_v2,QHY600-4_SDSSg,15.3,10.54987,218,2026-04-04T08:01:57.196Z,4787,3193,SDSSg,WASP-43-b,81920.0,424.0,35.0
ttt_server,NVIDIA GeForce RTX 3090,"3.12.3 (main, Mar  3 2026, 12:15:18) [GCC 13.3.0]",py312_cuml_always,profiler_cuml_always_v2,QHY600-4_SDSSg,15.3,16.515491,218,2026-04-04T08:02:06.401Z,4787,3193,SDSSg,WASP-43-b,24576.0,277.0,55.0
ttt1,NVIDIA GeForce RTX 3060,"3.12.3 (main, Mar  3 2026, 12:15:18) [GCC 13.3.0]",py312_cuml_always,profiler_cuml_always_v2,QHY600-4_SDSSg,15.3,19.831402,218,2026-04-04T08:02:12.078Z,4787,3193,SDSSg,WASP-43-b,12288.0,142.0,51.0
azken,NVIDIA H100 PCIe,"3.12.3 (main, Mar  3 2026, 12:15:18) [GCC 13.3.0]",py312_cuml_always,profiler_cuml_always_v2,QHY600-3_Lum,6.8,6.948944,112,2026-04-04T08:02:06.758Z,3191,2129,Lum,C2025R2,81559.0,458.0,43.0
hp3,NVIDIA L40S,"3.12.3 (main, Mar  3 2026, 12:15:18) [GCC 13.3.0]",py312_cuml_always,profiler_cuml_always_v2,QHY600-4_SDSSg,15.3,11.488768,218,2026-04-04T08:02:05.887Z,4787,3193,SDSSg,WASP-43-b,46068.0,430.0,38.0
azken,NVIDIA H100 PCIe,"3.12.3 (main, Mar  3 2026, 12:15:18) [GCC 13.3.0]",py312_cuml_always,profiler_cuml_always_v2,QHY600-3_Lum,6.8,8.293757,112,2026-04-04T08:02:24.217Z,3191,2129,Lum,C2025R2,81559.0,458.0,43.0
hp3,NVIDIA L40S,"3.12.3 (main, Mar  3 2026, 12:15:18) [GCC 13.3.0]",py312_cuml_always,profiler_cuml_always_v2,QHY600-4_SDSSg,15.3,11.545327,218,2026-04-04T08:02:25.943Z,4787,3193,SDSSg,WASP-43-b,46068.0,430.0,37.0
azken,NVIDIA H100 PCIe,"3.12.3 (main, Mar  3 2026, 12:15:18) [GCC 13.3.0]",py312_cuml_always,profiler_cuml_always_v2,QHY600-3_Lum,6.8,8.24625,112,2026-04-04T08:02:42.503Z,3191,2129,Lum,C2025R2,81559.0,458.0,42.0
hp3,NVIDIA L40S,"3.12.3 (main, Mar  3 2026, 12:15:18) [GCC 13.3.0]",py312_cuml_always,profiler_cuml_always_v2,QHY600-4_SDSSg,15.3,11.213547,218,2026-04-04T08:02:45.555Z,4787,3193,SDSSg,WASP-43-b,46068.0,430.0,37.0
lenovo_tttserver,NVIDIA A100-SXM4-80GB,"3.12.3 (main, Mar  3 2026, 12:15:18) [GCC 13.3.0]",py312_cuml_always,profiler_cuml_always_v2,QHY600-4_SDSSg,15.3,10.261032,218,2026-04-04T08:02:47.707Z,4787,3193,SDSSg,WASP-43-b,81920.0,424.0,34.0
ttt1,NVIDIA GeForce RTX 3060,"3.12.3 (main, Mar  3 2026, 12:15:18) [GCC 13.3.0]",py312_cuml_always,profiler_cuml_always_v2,QHY600-4_SDSSg,15.3,19.738758,218,2026-04-04T08:02:36.378Z,4787,3193,SDSSg,WASP-43-b,12288.0,142.0,51.0
ttt_server,NVIDIA GeForce RTX 3090,"3.12.3 (main, Mar  3 2026, 12:15:18) [GCC 13.3.0]",py312_cuml_always,profiler_cuml_always_v2,QHY600-4_SDSSg,15.3,16.380949,218,2026-04-04T08:02:29.127Z,4787,3193,SDSSg,WASP-43-b,24576.0,277.0,55.0
lenovo_tttserver,NVIDIA A100-SXM4-80GB,"3.12.3 (main, Mar  3 2026, 12:15:18) [GCC 13.3.0]",py312_cuml_always,profiler_cuml_always_v2,QHY600-4_SDSSg,15.3,10.104786,218,2026-04-04T08:02:31.352Z,4787,3193,SDSSg,WASP-43-b,81920.0,424.0,34.0
local,NVIDIA GeForce RTX 3050 Ti Laptop GPU,"3.12.3 (main, Mar  3 2026, 12:15:18) [GCC 13.3.0]",py312_cuml_always,profiler_cuml_always_v2,iKon936_Lum,4.2,20.738873,296,2026-04-04T08:02:35.427Z,2048,2048,Lum,C2025A6,4096.0,95.0,75.0
ttt_server,NVIDIA GeForce RTX 3090,"3.12.3 (main, Mar  3 2026, 12:15:18) [GCC 13.3.0]",py312_cuml_always,profiler_cuml_always_v2,QHY600-4_SDSSg,15.3,16.426994,218,2026-04-04T08:02:51.939Z,4787,3193,SDSSg,WASP-43-b,24576.0,277.0,54.0
local,NVIDIA GeForce RTX 3050 Ti Laptop GPU,"3.12.3 (main, Mar  3 2026, 12:15:18) [GCC 13.3.0]",py312_cuml_always,profiler_cuml_always_v2,iKon936_Lum,4.2,21.8378,296,2026-04-04T08:03:02.766Z,2048,2048,Lum,C2025A6,4096.0,95.0,75.0
hp3,NVIDIA L40S,"3.12.3 (main, Mar  3 2026, 12:15:18) [GCC 13.3.0]",py312_cuml_always,profiler_cuml_always_v2,QHY600-4_SDSSg,15.3,11.257646,218,2026-04-04T08:03:05.092Z,4787,3193,SDSSg,WASP-43-b,46068.0,430.0,36.0
lenovo_tttserver,NVIDIA A100-SXM4-80GB,"3.12.3 (main, Mar  3 2026, 12:15:18) [GCC 13.3.0]",py312_cuml_always,profiler_cuml_always_v2,QHY600-4_SDSSg,15.3,11.851452,218,2026-04-04T08:03:05.509Z,4787,3193,SDSSg,WASP-43-b,81920.0,424.0,34.0
ttt1,NVIDIA GeForce RTX 3060,"3.12.3 (main, Mar  3 2026, 12:15:18) [GCC 13.3.0]",py312_cuml_always,profiler_cuml_always_v2,QHY600-4_SDSSg,15.3,19.921143,218,2026-04-04T08:03:00.939Z,4787,3193,SDSSg,WASP-43-b,12288.0,142.0,51.0
azken,NVIDIA H100 PCIe,"3.12.3 (main, Mar  3 2026, 12:15:18) [GCC 13.3.0]",py312_cuml_always,profiler_cuml_always_v2,QHY600-4_SDSSg,15.3,21.356358,218,2026-04-04T08:03:12.476Z,4787,3193,SDSSg,WASP-43-b,81559.0,458.0,42.0
ttt_server,NVIDIA GeForce RTX 3090,"3.12.3 (main, Mar  3 2026, 12:15:18) [GCC 13.3.0]",py312_cuml_always,profiler_cuml_always_v2,QHY600-4_SDSSg,15.3,16.457825,218,2026-04-04T08:03:15.185Z,4787,3193,SDSSg,WASP-43-b,24576.0,277.0,55.0
lenovo_tttserver,NVIDIA A100-SXM4-80GB,"3.12.3 (main, Mar  3 2026, 12:15:18) [GCC 13.3.0]",py312_cuml_always,profiler_cuml_always_v2,QHY600-4_Ha,15.3,9.438789,318,2026-04-04T08:03:21.126Z,4787,3193,Ha,NGC2903,81920.0,424.0,34.0
hp3,NVIDIA L40S,"3.12.3 (main, Mar  3 2026, 12:15:18) [GCC 13.3.0]",py312_cuml_always,profiler_cuml_always_v2,QHY600-4_SDSSg,15.3,11.615336,218,2026-04-04T08:03:25.246Z,4787,3193,SDSSg,WASP-43-b,46068.0,430.0,36.0
ttt1,NVIDIA GeForce RTX 3060,"3.12.3 (main, Mar  3 2026, 12:15:18) [GCC 13.3.0]",py312_cuml_always,profiler_cuml_always_v2,QHY600-4_SDSSg,15.3,19.934278,218,2026-04-04T08:03:25.434Z,4787,3193,SDSSg,WASP-43-b,12288.0,142.0,51.0
azken,NVIDIA H100 PCIe,"3.12.3 (main, Mar  3 2026, 12:15:18) [GCC 13.3.0]",py312_cuml_always,profiler_cuml_always_v2,QHY600-4_SDSSg,15.3,9.807398,218,2026-04-04T08:03:31.243Z,4787,3193,SDSSg,WASP-43-b,81559.0,458.0,42.0
ttt_server,NVIDIA GeForce RTX 3090,"3.12.3 (main, Mar  3 2026, 12:15:18) [GCC 13.3.0]",py312_cuml_always,profiler_cuml_always_v2,iKon936_SDSSg,4.2,7.1031723,412,2026-04-04T07:54:36.674Z,2048,2048,SDSSg,QSO0957+561,24576.0,277.0,51.0
lenovo_tttserver,NVIDIA A100-SXM4-80GB,"3.12.3 (main, Mar  3 2026, 12:15:18) [GCC 13.3.0]",py312_cuml_always,profiler_cuml_always_v2,iKon936_SDSSg,4.2,4.179276,412,2026-04-04T07:54:39.998Z,2048,2048,SDSSg,QSO0957+561,81920.0,424.0,32.0
ttt1,NVIDIA GeForce RTX 3060,"3.12.3 (main, Mar  3 2026, 12:15:18) [GCC 13.3.0]",py312_cuml_always,profiler_cuml_always_v2,iKon936_Lum,4.2,7.40644,296,2026-04-04T07:54:39.852Z,2048,2048,Lum,C2025A6,12288.0,142.0,45.0
ttt1,NVIDIA GeForce RTX 3060,"3.12.3 (main, Mar  3 2026, 12:15:18) [GCC 13.3.0]",py312_cuml_always,profiler_cuml_always_v2,iKon936_Lum,4.2,7.307061,296,2026-04-04T07:56:15.582Z,2048,2048,Lum,C2025A6,12288.0,142.0,47.0
hp3,NVIDIA L40S,"3.12.3 (main, Mar  3 2026, 12:15:18) [GCC 13.3.0]",py312_cuml_always,profiler_cuml_always_v2,iKon936_Lum,4.2,6.1100845,296,2026-04-04T07:56:24.228Z,2048,2048,Lum,C2025A6,46068.0,430.0,34.0
lenovo_tttserver,NVIDIA A100-SXM4-80GB,"3.12.3 (main, Mar  3 2026, 12:15:18) [GCC 13.3.0]",py312_cuml_always,profiler_cuml_always_v2,iKon936_Lum,4.2,5.327579,296,2026-04-04T07:56:17.719Z,2048,2048,Lum,C2025A6,81920.0,424.0,33.0
azken,NVIDIA H100 PCIe,"3.12.3 (main, Mar  3 2026, 12:15:18) [GCC 13.3.0]",py312_cuml_always,profiler_cuml_always_v2,iKon936_Lum,4.2,7.968498,296,2026-04-04T07:56:21.726Z,2048,2048,Lum,C2025A6,81559.0,458.0,42.0
ttt_server,NVIDIA GeForce RTX 3090,"3.12.3 (main, Mar  3 2026, 12:15:18) [GCC 13.3.0]",py312_cuml_always,profiler_cuml_always_v2,iKon936_Lum,4.2,8.186818,296,2026-04-04T07:56:20.545Z,2048,2048,Lum,C2025A6,24576.0,277.0,53.0
ttt1,NVIDIA GeForce RTX 3060,"3.12.3 (main, Mar  3 2026, 12:15:18) [GCC 13.3.0]",py312_cuml_always,profiler_cuml_always_v2,iKon936_Lum,4.2,7.327754,296,2026-04-04T07:56:27.466Z,2048,2048,Lum,C2025A6,12288.0,142.0,48.0
local,NVIDIA GeForce RTX 3050 Ti Laptop GPU,"3.12.3 (main, Mar  3 2026, 12:15:18) [GCC 13.3.0]",py312_cuml_always,profiler_cuml_always_v2,iKon936_SDSSg,4.2,15.693295,412,2026-04-04T07:56:28.701Z,2048,2048,SDSSg,QSO0957+561,4096.0,95.0,70.0
lenovo_tttserver,NVIDIA A100-SXM4-80GB,"3.12.3 (main, Mar  3 2026, 12:15:18) [GCC 13.3.0]",py312_cuml_always,profiler_cuml_always_v2,iKon936_Lum,4.2,5.131514,296,2026-04-04T07:56:29.072Z,2048,2048,Lum,C2025A6,81920.0,424.0,33.0
ttt1,NVIDIA GeForce RTX 3060,"3.12.3 (main, Mar  3 2026, 12:15:18) [GCC 13.3.0]",py312_cuml_always,profiler_cuml_always_v2,iKon936_Lum,4.2,7.274952,296,2026-04-04T07:56:39.373Z,2048,2048,Lum,C2025A6,12288.0,142.0,48.0
ttt_server,NVIDIA GeForce RTX 3090,"3.12.3 (main, Mar  3 2026, 12:15:18) [GCC 13.3.0]",py312_cuml_always,profiler_cuml_always_v2,iKon936_Lum,4.2,8.0707035,296,2026-04-04T07:56:34.476Z,2048,2048,Lum,C2025A6,24576.0,277.0,53.0
hp3,NVIDIA L40S,"3.12.3 (main, Mar  3 2026, 12:15:18) [GCC 13.3.0]",py312_cuml_always,profiler_cuml_always_v2,iKon936_Lum,4.2,6.3930016,296,2026-04-04T07:56:39.291Z,2048,2048,Lum,C2025A6,46068.0,430.0,34.0
lenovo_tttserver,NVIDIA A100-SXM4-80GB,"3.12.3 (main, Mar  3 2026, 12:15:18) [GCC 13.3.0]",py312_cuml_always,profiler_cuml_always_v2,iKon936_Lum,4.2,4.9734883,296,2026-04-04T07:56:40.280Z,2048,2048,Lum,C2025A6,81920.0,424.0,33.0
azken,NVIDIA H100 PCIe,"3.12.3 (main, Mar  3 2026, 12:15:18) [GCC 13.3.0]",py312_cuml_always,profiler_cuml_always_v2,iKon936_Lum,4.2,9.3622675,296,2026-04-04T07:56:40.245Z,2048,2048,Lum,C2025A6,81559.0,458.0,42.0
ttt1,NVIDIA GeForce RTX 3060,"3.12.3 (main, Mar  3 2026, 12:15:18) [GCC 13.3.0]",py312_cuml_always,profiler_cuml_always_v2,iKon936_Lum,4.2,7.385242,296,2026-04-04T07:56:03.820Z,2048,2048,Lum,C2025A6,12288.0,142.0,47.0
lenovo_tttserver,NVIDIA A100-SXM4-80GB,"3.12.3 (main, Mar  3 2026, 12:15:18) [GCC 13.3.0]",py312_cuml_always,profiler_cuml_always_v2,iKon936_Lum,4.2,5.031101,296,2026-04-04T07:56:05.788Z,2048,2048,Lum,C2025A6,81920.0,424.0,33.0
ttt_server,NVIDIA GeForce RTX 3090,"3.12.3 (main, Mar  3 2026, 12:15:18) [GCC 13.3.0]",py312_cuml_always,profiler_cuml_always_v2,iKon936_Lum,4.2,8.102135,296,2026-04-04T07:56:06.581Z,2048,2048,Lum,C2025A6,24576.0,277.0,52.0
local,NVIDIA GeForce RTX 3050 Ti Laptop GPU,"3.12.3 (main, Mar  3 2026, 12:15:18) [GCC 13.3.0]",py312_cuml_always,profiler_cuml_always_v2,iKon936_SDSSg,4.2,16.001755,412,2026-04-04T07:56:08.403Z,2048,2048,SDSSg,QSO0957+561,4096.0,95.0,69.0
hp3,NVIDIA L40S,"3.12.3 (main, Mar  3 2026, 12:15:18) [GCC 13.3.0]",py312_cuml_always,profiler_cuml_always_v2,iKon936_Lum,4.2,6.2638087,296,2026-04-04T07:56:09.310Z,2048,2048,Lum,C2025A6,46068.0,430.0,34.0
azken,NVIDIA H100 PCIe,"3.12.3 (main, Mar  3 2026, 12:15:18) [GCC 13.3.0]",py312_cuml_always,profiler_cuml_always_v2,iKon936_Lum,4.2,15.832822,296,2026-04-04T07:56:04.587Z,2048,2048,Lum,C2025A6,81559.0,458.0,41.0
ttt_server,NVIDIA GeForce RTX 3090,"3.12.3 (main, Mar  3 2026, 12:15:18) [GCC 13.3.0]",py312_cuml_always,profiler_cuml_always_v2,iKon936_Lum,4.2,8.152504,296,2026-04-04T07:56:48.625Z,2048,2048,Lum,C2025A6,24576.0,277.0,53.0
local,NVIDIA GeForce RTX 3050 Ti Laptop GPU,"3.12.3 (main, Mar  3 2026, 12:15:18) [GCC 13.3.0]",py312_cuml_always,profiler_cuml_always_v2,iKon936_SDSSg,4.2,15.666588,412,2026-04-04T07:56:48.829Z,2048,2048,SDSSg,QSO0957+561,4096.0,95.0,71.0
ttt1,NVIDIA GeForce RTX 3060,"3.12.3 (main, Mar  3 2026, 12:15:18) [GCC 13.3.0]",py312_cuml_always,profiler_cuml_always_v2,QHY600-3_Lum,6.8,7.1594315,112,2026-04-04T07:58:46.823Z,3191,2129,Lum,C2025R2,12288.0,142.0,48.0
hp3,NVIDIA L40S,"3.12.3 (main, Mar  3 2026, 12:15:18) [GCC 13.3.0]",py312_cuml_always,profiler_cuml_always_v2,QHY600-3_Lum,6.8,5.8316517,112,2026-04-04T07:58:53.794Z,3191,2129,Lum,C2025R2,46068.0,430.0,36.0
lenovo_tttserver,NVIDIA A100-SXM4-80GB,"3.12.3 (main, Mar  3 2026, 12:15:18) [GCC 13.3.0]",py312_cuml_always,profiler_cuml_always_v2,QHY600-3_Lum,6.8,5.7371573,112,2026-04-04T07:58:53.391Z,3191,2129,Lum,C2025R2,81920.0,424.0,34.0
lenovo_tttserver,NVIDIA A100-SXM4-80GB,"3.12.3 (main, Mar  3 2026, 12:15:18) [GCC 13.3.0]",py312_cuml_always,profiler_cuml_always_v2,QHY600-3_Lum,6.8,4.66981,112,2026-04-04T07:59:04.524Z,3191,2129,Lum,C2025R2,81920.0,424.0,34.0
local,NVIDIA GeForce RTX 3050 Ti Laptop GPU,"3.12.3 (main, Mar  3 2026, 12:15:18) [GCC 13.3.0]",py312_cuml_always,profiler_cuml_always_v2,iKon936_Lum,4.2,21.579382,296,2026-04-04T07:58:52.998Z,2048,2048,Lum,C2025A6,4096.0,95.0,74.0
ttt_server,NVIDIA GeForce RTX 3090,"3.12.3 (main, Mar  3 2026, 12:15:18) [GCC 13.3.0]",py312_cuml_always,profiler_cuml_always_v2,QHY600-3_Lum,6.8,8.323474,112,2026-04-04T07:58:57.562Z,3191,2129,Lum,C2025R2,24576.0,277.0,54.0
azken,NVIDIA H100 PCIe,"3.12.3 (main, Mar  3 2026, 12:15:18) [GCC 13.3.0]",py312_cuml_always,profiler_cuml_always_v2,iKon936_Lum,4.2,7.892601,296,2026-04-04T07:58:55.078Z,2048,2048,Lum,C2025A6,81559.0,458.0,43.0
ttt1,NVIDIA GeForce RTX 3060,"3.12.3 (main, Mar  3 2026, 12:15:18) [GCC 13.3.0]",py312_cuml_always,profiler_cuml_always_v2,QHY600-3_Lum,6.8,7.203016,112,2026-04-04T07:58:58.592Z,3191,2129,Lum,C2025R2,12288.0,142.0,48.0
azken,NVIDIA H100 PCIe,"3.12.3 (main, Mar  3 2026, 12:15:18) [GCC 13.3.0]",py312_cuml_always,profiler_cuml_always_v2,iKon936_SDSSg,4.2,8.909279,412,2026-04-04T07:54:46.766Z,2048,2048,SDSSg,QSO0957+561,81559.0,458.0,41.0
hp3,NVIDIA L40S,"3.12.3 (main, Mar  3 2026, 12:15:18) [GCC 13.3.0]",py312_cuml_always,profiler_cuml_always_v2,iKon936_SDSSg,4.2,5.1082807,412,2026-04-04T07:54:46.642Z,2048,2048,SDSSg,QSO0957+561,46068.0,430.0,33.0
ttt_server,NVIDIA GeForce RTX 3090,"3.12.3 (main, Mar  3 2026, 12:15:18) [GCC 13.3.0]",py312_cuml_always,profiler_cuml_always_v2,iKon936_SDSSg,4.2,7.0641894,412,2026-04-04T07:54:49.767Z,2048,2048,SDSSg,QSO0957+561,24576.0,277.0,51.0
ttt1,NVIDIA GeForce RTX 3060,"3.12.3 (main, Mar  3 2026, 12:15:18) [GCC 13.3.0]",py312_cuml_always,profiler_cuml_always_v2,iKon936_Lum,4.2,7.431011,296,2026-04-04T07:54:52.483Z,2048,2048,Lum,C2025A6,12288.0,142.0,47.0
lenovo_tttserver,NVIDIA A100-SXM4-80GB,"3.12.3 (main, Mar  3 2026, 12:15:18) [GCC 13.3.0]",py312_cuml_always,profiler_cuml_always_v2,iKon936_Lum,4.2,5.3352156,296,2026-04-04T07:55:08.346Z,2048,2048,Lum,C2025A6,81920.0,424.0,32.0
azken,NVIDIA H100 PCIe,"3.12.3 (main, Mar  3 2026, 12:15:18) [GCC 13.3.0]",py312_cuml_always,profiler_cuml_always_v2,iKon936_SDSSg,4.2,8.772124,412,2026-04-04T07:55:05.763Z,2048,2048,SDSSg,QSO0957+561,81559.0,458.0,41.0
ttt_server,NVIDIA GeForce RTX 3090,"3.12.3 (main, Mar  3 2026, 12:15:18) [GCC 13.3.0]",py312_cuml_always,profiler_cuml_always_v2,iKon936_SDSSg,4.2,7.6456747,412,2026-04-04T07:55:03.544Z,2048,2048,SDSSg,QSO0957+561,24576.0,277.0,51.0
ttt1,NVIDIA GeForce RTX 3060,"3.12.3 (main, Mar  3 2026, 12:15:18) [GCC 13.3.0]",py312_cuml_always,profiler_cuml_always_v2,iKon936_Lum,4.2,7.3586187,296,2026-04-04T07:55:04.443Z,2048,2048,Lum,C2025A6,12288.0,142.0,49.0
hp3,NVIDIA L40S,"3.12.3 (main, Mar  3 2026, 12:15:18) [GCC 13.3.0]",py312_cuml_always,profiler_cuml_always_v2,iKon936_Lum,4.2,13.399769,296,2026-04-04T07:55:09.354Z,2048,2048,Lum,C2025A6,46068.0,430.0,33.0
ttt1,NVIDIA GeForce RTX 3060,"3.12.3 (main, Mar  3 2026, 12:15:18) [GCC 13.3.0]",py312_cuml_always,profiler_cuml_always_v2,iKon936_Lum,4.2,7.301023,296,2026-04-04T07:55:16.257Z,2048,2048,Lum,C2025A6,12288.0,142.0,48.0
lenovo_tttserver,NVIDIA A100-SXM4-80GB,"3.12.3 (main, Mar  3 2026, 12:15:18) [GCC 13.3.0]",py312_cuml_always,profiler_cuml_always_v2,iKon936_Lum,4.2,9.214066,296,2026-04-04T07:54:56.161Z,2048,2048,Lum,C2025A6,81920.0,424.0,32.0
local,NVIDIA GeForce RTX 3050 Ti Laptop GPU,"3.12.3 (main, Mar  3 2026, 12:15:18) [GCC 13.3.0]",py312_cuml_always,profiler_cuml_always_v2,iKon936_SDSSg,4.2,18.84348,412,2026-04-04T07:55:01.837Z,2048,2048,SDSSg,QSO0957+561,4096.0,95.0,64.0
lenovo_tttserver,NVIDIA A100-SXM4-80GB,"3.12.3 (main, Mar  3 2026, 12:15:18) [GCC 13.3.0]",py312_cuml_always,profiler_cuml_always_v2,iKon936_Lum,4.2,4.7550607,296,2026-04-04T07:55:19.388Z,2048,2048,Lum,C2025A6,81920.0,424.0,32.0
lenovo_tttserver,NVIDIA A100-SXM4-80GB,"3.12.3 (main, Mar  3 2026, 12:15:18) [GCC 13.3.0]",py312_cuml_always,profiler_cuml_always_v2,QHY600-3_Lum,6.8,4.042864,112,2026-04-04T07:58:08.494Z,3191,2129,Lum,C2025R2,81920.0,424.0,34.0
ttt1,NVIDIA GeForce RTX 3060,"3.12.3 (main, Mar  3 2026, 12:15:18) [GCC 13.3.0]",py312_cuml_always,profiler_cuml_always_v2,QHY600-3_Lum,6.8,7.2730756,112,2026-04-04T07:58:11.724Z,3191,2129,Lum,C2025R2,12288.0,142.0,48.0
hp3,NVIDIA L40S,"3.12.3 (main, Mar  3 2026, 12:15:18) [GCC 13.3.0]",py312_cuml_always,profiler_cuml_always_v2,QHY600-3_Lum,6.8,14.171146,112,2026-04-04T07:58:14.853Z,3191,2129,Lum,C2025R2,46068.0,430.0,35.0
lenovo_tttserver,NVIDIA A100-SXM4-80GB,"3.12.3 (main, Mar  3 2026, 12:15:18) [GCC 13.3.0]",py312_cuml_always,profiler_cuml_always_v2,QHY600-3_Lum,6.8,4.017355,112,2026-04-04T07:58:18.677Z,3191,2129,Lum,C2025R2,81920.0,424.0,34.0
azken,NVIDIA H100 PCIe,"3.12.3 (main, Mar  3 2026, 12:15:18) [GCC 13.3.0]",py312_cuml_always,profiler_cuml_always_v2,iKon936_Lum,4.2,9.427404,296,2026-04-04T07:57:46.291Z,2048,2048,Lum,C2025A6,81559.0,458.0,42.0
ttt1,NVIDIA GeForce RTX 3060,"3.12.3 (main, Mar  3 2026, 12:15:18) [GCC 13.3.0]",py312_cuml_always,profiler_cuml_always_v2,QHY600-3_Lum,6.8,7.258377,112,2026-04-04T07:57:48.109Z,3191,2129,Lum,C2025R2,12288.0,142.0,47.0
local,NVIDIA GeForce RTX 3050 Ti Laptop GPU,"3.12.3 (main, Mar  3 2026, 12:15:18) [GCC 13.3.0]",py312_cuml_always,profiler_cuml_always_v2,iKon936_Lum,4.2,25.350763,296,2026-04-04T07:58:00.994Z,2048,2048,Lum,C2025A6,4096.0,95.0,73.0
lenovo_tttserver,NVIDIA A100-SXM4-80GB,"3.12.3 (main, Mar  3 2026, 12:15:18) [GCC 13.3.0]",py312_cuml_always,profiler_cuml_always_v2,QHY600-3_Lum,6.8,4.2124157,112,2026-04-04T07:57:47.532Z,3191,2129,Lum,C2025R2,81920.0,424.0,34.0
azken,NVIDIA H100 PCIe,"3.12.3 (main, Mar  3 2026, 12:15:18) [GCC 13.3.0]",py312_cuml_always,profiler_cuml_always_v2,iKon936_Lum,4.2,8.940715,296,2026-04-04T07:58:04.213Z,2048,2048,Lum,C2025A6,81559.0,458.0,42.0
hp3,NVIDIA L40S,"3.12.3 (main, Mar  3 2026, 12:15:18) [GCC 13.3.0]",py312_cuml_always,profiler_cuml_always_v2,iKon936_Lum,4.2,5.8890986,296,2026-04-04T07:57:52.252Z,2048,2048,Lum,C2025A6,46068.0,430.0,35.0
ttt_server,NVIDIA GeForce RTX 3090,"3.12.3 (main, Mar  3 2026, 12:15:18) [GCC 13.3.0]",py312_cuml_always,profiler_cuml_always_v2,iKon936_Lum,4.2,8.576216,296,2026-04-04T07:57:47.508Z,2048,2048,Lum,C2025A6,24576.0,277.0,54.0
ttt1,NVIDIA GeForce RTX 3060,"3.12.3 (main, Mar  3 2026, 12:15:18) [GCC 13.3.0]",py312_cuml_always,profiler_cuml_always_v2,QHY600-3_Lum,6.8,7.2188716,112,2026-04-04T07:57:59.909Z,3191,2129,Lum,C2025R2,12288.0,142.0,47.0
lenovo_tttserver,NVIDIA A100-SXM4-80GB,"3.12.3 (main, Mar  3 2026, 12:15:18) [GCC 13.3.0]",py312_cuml_always,profiler_cuml_always_v2,QHY600-3_Lum,6.8,3.9962485,112,2026-04-04T07:57:57.812Z,3191,2129,Lum,C2025R2,81920.0,424.0,34.0
ttt_server,NVIDIA GeForce RTX 3090,"3.12.3 (main, Mar  3 2026, 12:15:18) [GCC 13.3.0]",py312_cuml_always,profiler_cuml_always_v2,iKon936_Lum,4.2,8.59895,296,2026-04-04T07:58:02.766Z,2048,2048,Lum,C2025A6,24576.0,277.0,54.0
ttt_server,NVIDIA GeForce RTX 3090,"3.12.3 (main, Mar  3 2026, 12:15:18) [GCC 13.3.0]",py312_cuml_always,profiler_cuml_always_v2,iKon936_SDSSg,4.2,58.87618,412,2026-04-04T07:52:31.522Z,2048,2048,SDSSg,QSO0957+561,24576.0,277.0,34.0
lenovo_tttserver,NVIDIA A100-SXM4-80GB,"3.12.3 (main, Mar  3 2026, 12:15:18) [GCC 13.3.0]",py312_cuml_always,profiler_cuml_always_v2,iKon936_SDSSg,4.2,40.72245,412,2026-04-04T07:52:39.967Z,2048,2048,SDSSg,QSO0957+561,81920.0,424.0,31.0
ttt1,NVIDIA GeForce RTX 3060,"3.12.3 (main, Mar  3 2026, 12:15:18) [GCC 13.3.0]",py312_cuml_always,profiler_cuml_always_v2,iKon936_SDSSg,4.2,5.964064,412,2026-04-04T07:52:35.283Z,2048,2048,SDSSg,QSO0957+561,12288.0,142.0,46.0
hp3,NVIDIA L40S,"3.12.3 (main, Mar  3 2026, 12:15:18) [GCC 13.3.0]",py312_cuml_always,profiler_cuml_always_v2,iKon936_SDSSg,4.2,5.42789,412,2026-04-04T07:52:39.126Z,2048,2048,SDSSg,QSO0957+561,46068.0,430.0,29.0
ttt_server,NVIDIA GeForce RTX 3090,"3.12.3 (main, Mar  3 2026, 12:15:18) [GCC 13.3.0]",py312_cuml_always,profiler_cuml_always_v2,iKon936_SDSSg,4.2,8.154399,412,2026-04-04T07:52:47.749Z,2048,2048,SDSSg,QSO0957+561,24576.0,277.0,45.0
azken,NVIDIA H100 PCIe,"3.12.3 (main, Mar  3 2026, 12:15:18) [GCC 13.3.0]",py312_cuml_always,profiler_cuml_always_v2,iKon936_SDSSg,4.2,8.882264,412,2026-04-04T07:52:47.453Z,2048,2048,SDSSg,QSO0957+561,81559.0,458.0,41.0
hp3,NVIDIA L40S,"3.12.3 (main, Mar  3 2026, 12:15:18) [GCC 13.3.0]",py312_cuml_always,profiler_cuml_always_v2,iKon936_SDSSg,4.2,5.426956,412,2026-04-04T07:52:53.350Z,2048,2048,SDSSg,QSO0957+561,46068.0,430.0,29.0
lenovo_tttserver,NVIDIA A100-SXM4-80GB,"3.12.3 (main, Mar  3 2026, 12:15:18) [GCC 13.3.0]",py312_cuml_always,profiler_cuml_always_v2,iKon936_SDSSg,4.2,4.3968954,412,2026-04-04T07:52:51.081Z,2048,2048,SDSSg,QSO0957+561,81920.0,424.0,31.0
ttt1,NVIDIA GeForce RTX 3060,"3.12.3 (main, Mar  3 2026, 12:15:18) [GCC 13.3.0]",py312_cuml_always,profiler_cuml_always_v2,iKon936_SDSSg,4.2,5.989216,412,2026-04-04T07:52:46.692Z,2048,2048,SDSSg,QSO0957+561,12288.0,142.0,47.0
local,NVIDIA GeForce RTX 3050 Ti Laptop GPU,"3.12.3 (main, Mar  3 2026, 12:15:18) [GCC 13.3.0]",py312_cuml_always,profiler_cuml_always_v2,iKon936_SDSSg,4.2,16.15115,412,2026-04-04T07:57:30.248Z,2048,2048,SDSSg,QSO0957+561,4096.0,95.0,72.0
ttt1,NVIDIA GeForce RTX 3060,"3.12.3 (main, Mar  3 2026, 12:15:18) [GCC 13.3.0]",py312_cuml_always,profiler_cuml_always_v2,QHY600-3_Lum,6.8,7.1772995,112,2026-04-04T07:57:36.301Z,3191,2129,Lum,C2025R2,12288.0,142.0,48.0
lenovo_tttserver,NVIDIA A100-SXM4-80GB,"3.12.3 (main, Mar  3 2026, 12:15:18) [GCC 13.3.0]",py312_cuml_always,profiler_cuml_always_v2,QHY600-3_Lum,6.8,4.9164705,112,2026-04-04T07:57:36.884Z,3191,2129,Lum,C2025R2,81920.0,424.0,34.0
hp3,NVIDIA L40S,"3.12.3 (main, Mar  3 2026, 12:15:18) [GCC 13.3.0]",py312_cuml_always,profiler_cuml_always_v2,iKon936_Lum,4.2,5.722516,296,2026-04-04T07:57:37.823Z,2048,2048,Lum,C2025A6,46068.0,430.0,35.0
ttt_server,NVIDIA GeForce RTX 3090,"3.12.3 (main, Mar  3 2026, 12:15:18) [GCC 13.3.0]",py312_cuml_always,profiler_cuml_always_v2,iKon936_Lum,4.2,8.832275,296,2026-04-04T07:57:32.550Z,2048,2048,Lum,C2025A6,24576.0,277.0,54.0
ttt1,NVIDIA GeForce RTX 3060,"3.12.3 (main, Mar  3 2026, 12:15:18) [GCC 13.3.0]",py312_cuml_always,profiler_cuml_always_v2,QHY600-3_Lum,6.8,7.1684356,112,2026-04-04T07:57:24.306Z,3191,2129,Lum,C2025R2,12288.0,142.0,48.0
lenovo_tttserver,NVIDIA A100-SXM4-80GB,"3.12.3 (main, Mar  3 2026, 12:15:18) [GCC 13.3.0]",py312_cuml_always,profiler_cuml_always_v2,QHY600-3_Lum,6.8,14.68436,112,2026-04-04T07:57:24.777Z,3191,2129,Lum,C2025R2,81920.0,424.0,33.0
azken,NVIDIA H100 PCIe,"3.12.3 (main, Mar  3 2026, 12:15:18) [GCC 13.3.0]",py312_cuml_always,profiler_cuml_always_v2,iKon936_Lum,4.2,6.9122925,296,2026-04-04T07:57:11.059Z,2048,2048,Lum,C2025A6,81559.0,458.0,42.0
hp3,NVIDIA L40S,"3.12.3 (main, Mar  3 2026, 12:15:18) [GCC 13.3.0]",py312_cuml_always,profiler_cuml_always_v2,iKon936_Lum,4.2,6.4284463,296,2026-04-04T07:57:09.208Z,2048,2048,Lum,C2025A6,46068.0,430.0,35.0
hp3,NVIDIA L40S,"3.12.3 (main, Mar  3 2026, 12:15:18) [GCC 13.3.0]",py312_cuml_always,profiler_cuml_always_v2,iKon936_Lum,4.2,5.903125,296,2026-04-04T07:57:23.688Z,2048,2048,Lum,C2025A6,46068.0,430.0,35.0
azken,NVIDIA H100 PCIe,"3.12.3 (main, Mar  3 2026, 12:15:18) [GCC 13.3.0]",py312_cuml_always,profiler_cuml_always_v2,iKon936_Lum,4.2,7.836872,296,2026-04-04T07:57:27.491Z,2048,2048,Lum,C2025A6,81559.0,458.0,42.0
ttt_server,NVIDIA GeForce RTX 3090,"3.12.3 (main, Mar  3 2026, 12:15:18) [GCC 13.3.0]",py312_cuml_always,profiler_cuml_always_v2,QHY600-4_SDSSg,15.3,15.947245,218,2026-04-04T08:03:37.858Z,4787,3193,SDSSg,WASP-43-b,24576.0,277.0,55.0
lenovo_tttserver,NVIDIA A100-SXM4-80GB,"3.12.3 (main, Mar  3 2026, 12:15:18) [GCC 13.3.0]",py312_cuml_always,profiler_cuml_always_v2,QHY600-4_Ha,15.3,8.00482,318,2026-04-04T08:03:35.885Z,4787,3193,Ha,NGC2903,81920.0,424.0,33.0
ttt1,NVIDIA GeForce RTX 3060,"3.12.3 (main, Mar  3 2026, 12:15:18) [GCC 13.3.0]",py312_cuml_always,profiler_cuml_always_v2,QHY600-4_SDSSg,15.3,19.869219,218,2026-04-04T08:03:49.950Z,4787,3193,SDSSg,WASP-43-b,12288.0,142.0,50.0
azken,NVIDIA H100 PCIe,"3.12.3 (main, Mar  3 2026, 12:15:18) [GCC 13.3.0]",py312_cuml_always,profiler_cuml_always_v2,QHY600-4_SDSSg,15.3,10.038225,218,2026-04-04T08:03:49.346Z,4787,3193,SDSSg,WASP-43-b,81559.0,458.0,42.0
lenovo_tttserver,NVIDIA A100-SXM4-80GB,"3.12.3 (main, Mar  3 2026, 12:15:18) [GCC 13.3.0]",py312_cuml_always,profiler_cuml_always_v2,QHY600-4_Ha,15.3,7.720354,318,2026-04-04T08:03:49.879Z,4787,3193,Ha,NGC2903,81920.0,424.0,33.0
hp3,NVIDIA L40S,"3.12.3 (main, Mar  3 2026, 12:15:18) [GCC 13.3.0]",py312_cuml_always,profiler_cuml_always_v2,QHY600-4_SDSSg,15.3,11.142082,218,2026-04-04T08:03:44.724Z,4787,3193,SDSSg,WASP-43-b,46068.0,430.0,36.0
hp3,NVIDIA L40S,"3.12.3 (main, Mar  3 2026, 12:15:18) [GCC 13.3.0]",py312_cuml_always,profiler_cuml_always_v2,QHY411-1_Lum_bin2,37.8,13.526169,154,2026-04-04T08:12:54.452Z,7100,5325,Lum,2012QD8,46068.0,430.0,35.0
ttt_server,NVIDIA GeForce RTX 3090,"3.12.3 (main, Mar  3 2026, 12:15:18) [GCC 13.3.0]",py312_cuml_always,profiler_cuml_always_v2,QHY411-1_Lum_bin2,37.8,19.10486,154,2026-04-04T08:12:59.397Z,7100,5325,Lum,2012QD8,24576.0,277.0,54.0
hp3,NVIDIA L40S,"3.12.3 (main, Mar  3 2026, 12:15:18) [GCC 13.3.0]",py312_cuml_always,profiler_cuml_always_v2,QHY411-1_SDSSi_bin2,37.8,21.072346,247,2026-04-04T08:13:23.959Z,7100,5325,SDSSi,GaiaDR33534005919872722560,46068.0,430.0,35.0
ttt_server,NVIDIA GeForce RTX 3090,"3.12.3 (main, Mar  3 2026, 12:15:18) [GCC 13.3.0]",py312_cuml_always,profiler_cuml_always_v2,QHY411-1_Lum_bin2,37.8,18.821411,154,2026-04-04T08:13:24.545Z,7100,5325,Lum,2012QD8,24576.0,277.0,54.0
azken,NVIDIA H100 PCIe,"3.12.3 (main, Mar  3 2026, 12:15:18) [GCC 13.3.0]",py312_cuml_always,profiler_cuml_always_v2,QHY411-1_Lum_bin2,37.8,12.86672,154,2026-04-04T08:13:30.462Z,7100,5325,Lum,2012QD8,81559.0,458.0,39.0
lenovo_tttserver,NVIDIA A100-SXM4-80GB,"3.12.3 (main, Mar  3 2026, 12:15:18) [GCC 13.3.0]",py312_cuml_always,profiler_cuml_always_v2,QHY411-1_SDSSi_bin2,37.8,14.676066,247,2026-04-04T08:13:28.741Z,7100,5325,SDSSi,GaiaDR33534005919872722560,81920.0,424.0,30.0
ttt1,NVIDIA GeForce RTX 3060,"3.12.3 (main, Mar  3 2026, 12:15:18) [GCC 13.3.0]",py312_cuml_always,profiler_cuml_always_v2,QHY411-1_Lum_bin2,37.8,22.514772,154,2026-04-04T08:13:32.262Z,7100,5325,Lum,2012QD8,12288.0,142.0,51.0
hp3,NVIDIA L40S,"3.12.3 (main, Mar  3 2026, 12:15:18) [GCC 13.3.0]",py312_cuml_always,profiler_cuml_always_v2,QHY411-1_SDSSi_bin2,37.8,17.268732,247,2026-04-04T08:13:50.056Z,7100,5325,SDSSi,GaiaDR33534005919872722560,46068.0,430.0,36.0
lenovo_tttserver,NVIDIA A100-SXM4-80GB,"3.12.3 (main, Mar  3 2026, 12:15:18) [GCC 13.3.0]",py312_cuml_always,profiler_cuml_always_v2,QHY411-1_SDSSi_bin2,37.8,14.92201,247,2026-04-04T08:13:50.906Z,7100,5325,SDSSi,GaiaDR33534005919872722560,81920.0,424.0,30.0
ttt_server,NVIDIA GeForce RTX 3090,"3.12.3 (main, Mar  3 2026, 12:15:18) [GCC 13.3.0]",py312_cuml_always,profiler_cuml_always_v2,QHY411-1_Lum_bin2,37.8,18.713562,154,2026-04-04T08:13:49.662Z,7100,5325,Lum,2012QD8,24576.0,277.0,54.0
hp3,NVIDIA L40S,"3.12.3 (main, Mar  3 2026, 12:15:18) [GCC 13.3.0]",py312_cuml_always,profiler_cuml_always_v2,QHY411-1_SDSSi_bin2,37.8,16.98309,247,2026-04-04T08:15:55.531Z,7100,5325,SDSSi,GaiaDR33534005919872722560,46068.0,430.0,37.0
ttt_server,NVIDIA GeForce RTX 3090,"3.12.3 (main, Mar  3 2026, 12:15:18) [GCC 13.3.0]",py312_cuml_always,profiler_cuml_always_v2,QHY411-1_SDSSi_bin2,37.8,22.162035,247,2026-04-04T08:16:08.883Z,7100,5325,SDSSi,GaiaDR33534005919872722560,24576.0,277.0,53.0
hp3,NVIDIA L40S,"3.12.3 (main, Mar  3 2026, 12:15:18) [GCC 13.3.0]",py312_cuml_always,profiler_cuml_always_v2,QHY411-1_SDSSi_bin2,37.8,17.170616,247,2026-04-04T08:16:21.089Z,7100,5325,SDSSi,GaiaDR33534005919872722560,46068.0,430.0,36.0
ttt1,NVIDIA GeForce RTX 3060,"3.12.3 (main, Mar  3 2026, 12:15:18) [GCC 13.3.0]",py312_cuml_always,profiler_cuml_always_v2,QHY411-1_SDSSi_bin2,37.8,27.12695,247,2026-04-04T08:16:10.391Z,7100,5325,SDSSi,GaiaDR33534005919872722560,12288.0,142.0,51.0
azken,NVIDIA H100 PCIe,"3.12.3 (main, Mar  3 2026, 12:15:18) [GCC 13.3.0]",py312_cuml_always,profiler_cuml_always_v2,QHY411-1_SDSSi_bin2,37.8,14.428521,247,2026-04-04T08:16:04.206Z,7100,5325,SDSSi,GaiaDR33534005919872722560,81559.0,458.0,39.0
azken,NVIDIA H100 PCIe,"3.12.3 (main, Mar  3 2026, 12:15:18) [GCC 13.3.0]",py312_cuml_always,profiler_cuml_always_v2,QHY411-1_SDSSi_bin2,37.8,14.74352,247,2026-04-04T08:16:28.877Z,7100,5325,SDSSi,GaiaDR33534005919872722560,81559.0,458.0,39.0
ttt_server,NVIDIA GeForce RTX 3090,"3.12.3 (main, Mar  3 2026, 12:15:18) [GCC 13.3.0]",py312_cuml_always,profiler_cuml_always_v2,QHY411-1_Lum_bin2,37.8,18.9365,154,2026-04-04T08:15:07.073Z,7100,5325,Lum,2012QD8,24576.0,277.0,54.0
ttt1,NVIDIA GeForce RTX 3060,"3.12.3 (main, Mar  3 2026, 12:15:18) [GCC 13.3.0]",py312_cuml_always,profiler_cuml_always_v2,QHY411-1_SDSSi_bin2,37.8,27.08517,247,2026-04-04T08:15:07.170Z,7100,5325,SDSSi,GaiaDR33534005919872722560,12288.0,142.0,51.0
hp3,NVIDIA L40S,"3.12.3 (main, Mar  3 2026, 12:15:18) [GCC 13.3.0]",py312_cuml_always,profiler_cuml_always_v2,QHY411-1_SDSSi_bin2,37.8,16.905064,247,2026-04-04T08:15:05.963Z,7100,5325,SDSSi,GaiaDR33534005919872722560,46068.0,430.0,37.0
azken,NVIDIA H100 PCIe,"3.12.3 (main, Mar  3 2026, 12:15:18) [GCC 13.3.0]",py312_cuml_always,profiler_cuml_always_v2,QHY411-1_Lum_bin2,37.8,9.612881,154,2026-04-04T08:14:55.795Z,7100,5325,Lum,2012QD8,81559.0,458.0,39.0
azken,NVIDIA H100 PCIe,"3.12.3 (main, Mar  3 2026, 12:15:18) [GCC 13.3.0]",py312_cuml_always,profiler_cuml_always_v2,QHY411-1_Lum_bin2,37.8,10.068466,154,2026-04-04T08:15:14.144Z,7100,5325,Lum,2012QD8,81559.0,458.0,39.0
lenovo_tttserver,NVIDIA A100-SXM4-80GB,"3.12.3 (main, Mar  3 2026, 12:15:18) [GCC 13.3.0]",py312_cuml_always,profiler_cuml_always_v2,QHY411-1_Lum_full,151.2,77.18824,428,2026-04-04T08:15:14.595Z,14200,10650,Lum,2025PR1,81920.0,424.0,30.0
hp3,NVIDIA L40S,"3.12.3 (main, Mar  3 2026, 12:15:18) [GCC 13.3.0]",py312_cuml_always,profiler_cuml_always_v2,QHY411-1_SDSSi_bin2,37.8,16.592644,247,2026-04-04T08:15:30.890Z,7100,5325,SDSSi,GaiaDR33534005919872722560,46068.0,430.0,37.0
ttt1,NVIDIA GeForce RTX 3060,"3.12.3 (main, Mar  3 2026, 12:15:18) [GCC 13.3.0]",py312_cuml_always,profiler_cuml_always_v2,QHY411-1_SDSSi_bin2,37.8,27.044907,247,2026-04-04T08:15:38.743Z,7100,5325,SDSSi,GaiaDR33534005919872722560,12288.0,142.0,51.0
hp3,NVIDIA L40S,"3.12.3 (main, Mar  3 2026, 12:15:18) [GCC 13.3.0]",py312_cuml_always,profiler_cuml_always_v2,QHY411-1_Lum_bin2,37.8,13.759991,154,2026-04-04T08:11:47.066Z,7100,5325,Lum,2012QD8,46068.0,430.0,35.0
lenovo_tttserver,NVIDIA A100-SXM4-80GB,"3.12.3 (main, Mar  3 2026, 12:15:18) [GCC 13.3.0]",py312_cuml_always,profiler_cuml_always_v2,QHY411-1_SDSSi_bin2,37.8,14.056447,247,2026-04-04T08:12:25.153Z,7100,5325,SDSSi,GaiaDR33534005919872722560,81920.0,424.0,31.0
ttt_server,NVIDIA GeForce RTX 3090,"3.12.3 (main, Mar  3 2026, 12:15:18) [GCC 13.3.0]",py312_cuml_always,profiler_cuml_always_v2,QHY411-1_Lum_bin2,37.8,19.12014,154,2026-04-04T08:12:33.748Z,7100,5325,Lum,2012QD8,24576.0,277.0,53.0
azken,NVIDIA H100 PCIe,"3.12.3 (main, Mar  3 2026, 12:15:18) [GCC 13.3.0]",py312_cuml_always,profiler_cuml_always_v2,QHY411-1_Lum_bin2,37.8,12.94704,154,2026-04-04T08:12:25.372Z,7100,5325,Lum,2012QD8,81559.0,458.0,39.0
azken,NVIDIA H100 PCIe,"3.12.3 (main, Mar  3 2026, 12:15:18) [GCC 13.3.0]",py312_cuml_always,profiler_cuml_always_v2,QHY411-1_Lum_bin2,37.8,10.323718,154,2026-04-04T08:12:44.726Z,7100,5325,Lum,2012QD8,81559.0,458.0,39.0
lenovo_tttserver,NVIDIA A100-SXM4-80GB,"3.12.3 (main, Mar  3 2026, 12:15:18) [GCC 13.3.0]",py312_cuml_always,profiler_cuml_always_v2,QHY411-1_SDSSi_bin2,37.8,14.133244,247,2026-04-04T08:12:46.361Z,7100,5325,SDSSi,GaiaDR33534005919872722560,81920.0,424.0,30.0
ttt_server,NVIDIA GeForce RTX 3090,"3.12.3 (main, Mar  3 2026, 12:15:18) [GCC 13.3.0]",py312_cuml_always,profiler_cuml_always_v2,QHY411-1_SDSSi_bin2,37.8,26.93642,247,2026-04-04T08:15:40.422Z,7100,5325,SDSSi,GaiaDR33534005919872722560,24576.0,277.0,54.0
azken,NVIDIA H100 PCIe,"3.12.3 (main, Mar  3 2026, 12:15:18) [GCC 13.3.0]",py312_cuml_always,profiler_cuml_always_v2,QHY411-1_SDSSi_bin2,37.8,17.417917,247,2026-04-04T08:15:40.592Z,7100,5325,SDSSi,GaiaDR33534005919872722560,81559.0,458.0,39.0
ttt1,NVIDIA GeForce RTX 3060,"3.12.3 (main, Mar  3 2026, 12:15:18) [GCC 13.3.0]",py312_cuml_always,profiler_cuml_always_v2,QHY411-1_SDSSi_bin2,37.8,27.078243,247,2026-04-04T08:16:42.648Z,7100,5325,SDSSi,GaiaDR33534005919872722560,12288.0,142.0,51.0
hp3,NVIDIA L40S,"3.12.3 (main, Mar  3 2026, 12:15:18) [GCC 13.3.0]",py312_cuml_always,profiler_cuml_always_v2,QHY411-1_SDSSi_bin2,37.8,17.0992,247,2026-04-04T08:16:47.318Z,7100,5325,SDSSi,GaiaDR33534005919872722560,46068.0,430.0,36.0
azken,NVIDIA H100 PCIe,"3.12.3 (main, Mar  3 2026, 12:15:18) [GCC 13.3.0]",py312_cuml_always,profiler_cuml_always_v2,QHY411-1_SDSSi_bin2,37.8,14.518161,247,2026-04-04T08:16:52.570Z,7100,5325,SDSSi,GaiaDR33534005919872722560,81559.0,458.0,39.0
hp3,NVIDIA L40S,"3.12.3 (main, Mar  3 2026, 12:15:18) [GCC 13.3.0]",py312_cuml_always,profiler_cuml_always_v2,QHY411-1_Lum_bin2,37.8,14.032705,154,2026-04-04T08:12:32.202Z,7100,5325,Lum,2012QD8,46068.0,430.0,35.0
ttt1,NVIDIA GeForce RTX 3060,"3.12.3 (main, Mar  3 2026, 12:15:18) [GCC 13.3.0]",py312_cuml_always,profiler_cuml_always_v2,QHY411-1_Lum_bin2,37.8,22.466078,154,2026-04-04T08:12:38.247Z,7100,5325,Lum,2012QD8,12288.0,142.0,51.0
ttt1,NVIDIA GeForce RTX 3060,"3.12.3 (main, Mar  3 2026, 12:15:18) [GCC 13.3.0]",py312_cuml_always,profiler_cuml_always_v2,QHY411-1_Lum_bin2,37.8,22.491497,154,2026-04-04T08:13:05.241Z,7100,5325,Lum,2012QD8,12288.0,142.0,51.0
azken,NVIDIA H100 PCIe,"3.12.3 (main, Mar  3 2026, 12:15:18) [GCC 13.3.0]",py312_cuml_always,profiler_cuml_always_v2,QHY411-1_Lum_bin2,37.8,13.032886,154,2026-04-04T08:13:07.827Z,7100,5325,Lum,2012QD8,81559.0,458.0,39.0
lenovo_tttserver,NVIDIA A100-SXM4-80GB,"3.12.3 (main, Mar  3 2026, 12:15:18) [GCC 13.3.0]",py312_cuml_always,profiler_cuml_always_v2,QHY411-1_SDSSi_bin2,37.8,14.611997,247,2026-04-04T08:13:07.283Z,7100,5325,SDSSi,GaiaDR33534005919872722560,81920.0,424.0,30.0
lenovo_tttserver,NVIDIA A100-SXM4-80GB,"3.12.3 (main, Mar  3 2026, 12:15:18) [GCC 13.3.0]",py312_cuml_always,profiler_cuml_always_v2,QHY411-1_SDSSi_bin2,37.8,14.398156,247,2026-04-04T08:12:04.565Z,7100,5325,SDSSi,GaiaDR33534005919872722560,81920.0,424.0,31.0
azken,NVIDIA H100 PCIe,"3.12.3 (main, Mar  3 2026, 12:15:18) [GCC 13.3.0]",py312_cuml_always,profiler_cuml_always_v2,QHY411-1_Lum_bin2,37.8,12.484054,154,2026-04-04T08:12:02.818Z,7100,5325,Lum,2012QD8,81559.0,458.0,39.0
hp3,NVIDIA L40S,"3.12.3 (main, Mar  3 2026, 12:15:18) [GCC 13.3.0]",py312_cuml_always,profiler_cuml_always_v2,QHY411-1_Lum_bin2,37.8,14.063103,154,2026-04-04T08:12:09.677Z,7100,5325,Lum,2012QD8,46068.0,430.0,35.0
ttt_server,NVIDIA GeForce RTX 3090,"3.12.3 (main, Mar  3 2026, 12:15:18) [GCC 13.3.0]",py312_cuml_always,profiler_cuml_always_v2,QHY411-1_Lum_bin2,37.8,19.342443,154,2026-04-04T08:12:08.157Z,7100,5325,Lum,2012QD8,24576.0,277.0,54.0
ttt1,NVIDIA GeForce RTX 3060,"3.12.3 (main, Mar  3 2026, 12:15:18) [GCC 13.3.0]",py312_cuml_always,profiler_cuml_always_v2,QHY411-1_Lum_bin2,37.8,22.627304,154,2026-04-04T08:12:11.219Z,7100,5325,Lum,2012QD8,12288.0,142.0,51.0
azken,NVIDIA H100 PCIe,"3.12.3 (main, Mar  3 2026, 12:15:18) [GCC 13.3.0]",py312_cuml_always,profiler_cuml_always_v2,QHY411-1_Lum_bin2,37.8,12.487494,154,2026-04-04T08:13:52.478Z,7100,5325,Lum,2012QD8,81559.0,458.0,39.0
ttt1,NVIDIA GeForce RTX 3060,"3.12.3 (main, Mar  3 2026, 12:15:18) [GCC 13.3.0]",py312_cuml_always,profiler_cuml_always_v2,QHY411-1_Lum_bin2,37.8,22.530846,154,2026-04-04T08:13:59.308Z,7100,5325,Lum,2012QD8,12288.0,142.0,50.0
ttt_server,NVIDIA GeForce RTX 3090,"3.12.3 (main, Mar  3 2026, 12:15:18) [GCC 13.3.0]",py312_cuml_always,profiler_cuml_always_v2,QHY411-1_Lum_bin2,37.8,19.125025,154,2026-04-04T08:14:15.463Z,7100,5325,Lum,2012QD8,24576.0,277.0,54.0
hp3,NVIDIA L40S,"3.12.3 (main, Mar  3 2026, 12:15:18) [GCC 13.3.0]",py312_cuml_always,profiler_cuml_always_v2,QHY411-1_SDSSi_bin2,37.8,17.124182,247,2026-04-04T08:14:16.199Z,7100,5325,SDSSi,GaiaDR33534005919872722560,46068.0,430.0,36.0
azken,NVIDIA H100 PCIe,"3.12.3 (main, Mar  3 2026, 12:15:18) [GCC 13.3.0]",py312_cuml_always,profiler_cuml_always_v2,QHY411-1_Lum_bin2,37.8,13.046011,154,2026-04-04T08:14:15.387Z,7100,5325,Lum,2012QD8,81559.0,458.0,38.0
ttt1,NVIDIA GeForce RTX 3060,"3.12.3 (main, Mar  3 2026, 12:15:18) [GCC 13.3.0]",py312_cuml_always,profiler_cuml_always_v2,QHY411-1_SDSSi_bin2,37.8,31.297802,247,2026-04-04T08:14:35.439Z,7100,5325,SDSSi,GaiaDR33534005919872722560,12288.0,142.0,51.0
ttt_server,NVIDIA GeForce RTX 3090,"3.12.3 (main, Mar  3 2026, 12:15:18) [GCC 13.3.0]",py312_cuml_always,profiler_cuml_always_v2,QHY411-1_Lum_bin2,37.8,19.29727,154,2026-04-04T08:14:41.466Z,7100,5325,Lum,2012QD8,24576.0,277.0,53.0
azken,NVIDIA H100 PCIe,"3.12.3 (main, Mar  3 2026, 12:15:18) [GCC 13.3.0]",py312_cuml_always,profiler_cuml_always_v2,QHY411-1_Lum_bin2,37.8,13.03638,154,2026-04-04T08:14:38.055Z,7100,5325,Lum,2012QD8,81559.0,458.0,38.0
hp3,NVIDIA L40S,"3.12.3 (main, Mar  3 2026, 12:15:18) [GCC 13.3.0]",py312_cuml_always,profiler_cuml_always_v2,QHY411-1_SDSSi_bin2,37.8,16.514477,247,2026-04-04T08:14:40.745Z,7100,5325,SDSSi,GaiaDR33534005919872722560,46068.0,430.0,37.0
lenovo_tttserver,NVIDIA A100-SXM4-80GB,"3.12.3 (main, Mar  3 2026, 12:15:18) [GCC 13.3.0]",py312_cuml_always,profiler_cuml_always_v2,QHY411-1_Lum_full,151.2,66.010056,428,2026-04-04T08:16:28.181Z,14200,10650,Lum,2025PR1,81920.0,424.0,30.0
ttt_server,NVIDIA GeForce RTX 3090,"3.12.3 (main, Mar  3 2026, 12:15:18) [GCC 13.3.0]",py312_cuml_always,profiler_cuml_always_v2,QHY411-1_SDSSi_bin2,37.8,22.45359,247,2026-04-04T08:16:38.305Z,7100,5325,SDSSi,GaiaDR33534005919872722560,24576.0,277.0,53.0
ttt_server,NVIDIA GeForce RTX 3090,"3.12.3 (main, Mar  3 2026, 12:15:18) [GCC 13.3.0]",py312_cuml_always,profiler_cuml_always_v2,QHY411-1_SDSSi_bin2,37.8,22.20097,247,2026-04-04T08:17:36.012Z,7100,5325,SDSSi,GaiaDR33534005919872722560,24576.0,277.0,54.0
azken,NVIDIA H100 PCIe,"3.12.3 (main, Mar  3 2026, 12:15:18) [GCC 13.3.0]",py312_cuml_always,profiler_cuml_always_v2,QHY411-1_SDSSi_bin2,37.8,14.250371,247,2026-04-04T08:17:40.255Z,7100,5325,SDSSi,GaiaDR33534005919872722560,81559.0,458.0,39.0
hp3,NVIDIA L40S,"3.12.3 (main, Mar  3 2026, 12:15:18) [GCC 13.3.0]",py312_cuml_always,profiler_cuml_always_v2,QHY411-1_SDSSi_bin2,37.8,16.642033,247,2026-04-04T08:17:12.342Z,7100,5325,SDSSi,GaiaDR33534005919872722560,46068.0,430.0,36.0
azken,NVIDIA H100 PCIe,"3.12.3 (main, Mar  3 2026, 12:15:18) [GCC 13.3.0]",py312_cuml_always,profiler_cuml_always_v2,QHY411-1_SDSSi_bin2,37.8,14.430623,247,2026-04-04T08:17:16.111Z,7100,5325,SDSSi,GaiaDR33534005919872722560,81559.0,458.0,39.0
ttt_server,NVIDIA GeForce RTX 3090,"3.12.3 (main, Mar  3 2026, 12:15:18) [GCC 13.3.0]",py312_cuml_always,profiler_cuml_always_v2,QHY411-1_SDSSi_bin2,37.8,22.779423,247,2026-04-04T08:17:07.383Z,7100,5325,SDSSi,GaiaDR33534005919872722560,24576.0,277.0,53.0
ttt1,NVIDIA GeForce RTX 3060,"3.12.3 (main, Mar  3 2026, 12:15:18) [GCC 13.3.0]",py312_cuml_always,profiler_cuml_always_v2,QHY411-1_SDSSi_bin2,37.8,27.094711,247,2026-04-04T08:17:14.380Z,7100,5325,SDSSi,GaiaDR33534005919872722560,12288.0,142.0,51.0
lenovo_tttserver,NVIDIA A100-SXM4-80GB,"3.12.3 (main, Mar  3 2026, 12:15:18) [GCC 13.3.0]",py312_cuml_always,profiler_cuml_always_v2,QHY411-1_Lum_full,151.2,66.24178,428,2026-04-04T08:17:41.080Z,14200,10650,Lum,2025PR1,81920.0,424.0,31.0
hp3,NVIDIA L40S,"3.12.3 (main, Mar  3 2026, 12:15:18) [GCC 13.3.0]",py312_cuml_always,profiler_cuml_always_v2,QHY411-1_SDSSi_bin2,37.8,16.881723,247,2026-04-04T08:17:38.868Z,7100,5325,SDSSi,GaiaDR33534005919872722560,46068.0,430.0,36.0
ttt1,NVIDIA GeForce RTX 3060,"3.12.3 (main, Mar  3 2026, 12:15:18) [GCC 13.3.0]",py312_cuml_always,profiler_cuml_always_v2,QHY411-1_SDSSi_bin2,37.8,27.143368,247,2026-04-04T08:17:46.355Z,7100,5325,SDSSi,GaiaDR33534005919872722560,12288.0,142.0,50.0
azken,NVIDIA H100 PCIe,"3.12.3 (main, Mar  3 2026, 12:15:18) [GCC 13.3.0]",py312_cuml_always,profiler_cuml_always_v2,QHY411-1_SDSSi_bin2,37.8,13.848568,247,2026-04-04T08:18:03.579Z,7100,5325,SDSSi,GaiaDR33534005919872722560,81559.0,458.0,39.0
hp3,NVIDIA L40S,"3.12.3 (main, Mar  3 2026, 12:15:18) [GCC 13.3.0]",py312_cuml_always,profiler_cuml_always_v2,QHY411-1_SDSSi_bin2,37.8,16.69695,247,2026-04-04T08:18:04.631Z,7100,5325,SDSSi,GaiaDR33534005919872722560,46068.0,430.0,37.0
ttt_server,NVIDIA GeForce RTX 3090,"3.12.3 (main, Mar  3 2026, 12:15:18) [GCC 13.3.0]",py312_cuml_always,profiler_cuml_always_v2,QHY411-1_SDSSi_bin2,37.8,21.781807,247,2026-04-04T08:18:32.482Z,7100,5325,SDSSi,GaiaDR33534005919872722560,24576.0,277.0,53.0
lenovo_tttserver,NVIDIA A100-SXM4-80GB,"3.12.3 (main, Mar  3 2026, 12:15:18) [GCC 13.3.0]",py312_cuml_always,profiler_cuml_always_v2,QHY411-1_Lum_full,151.2,66.07472,428,2026-04-04T08:18:53.829Z,14200,10650,Lum,2025PR1,81920.0,424.0,31.0
azken,NVIDIA H100 PCIe,"3.12.3 (main, Mar  3 2026, 12:15:18) [GCC 13.3.0]",py312_cuml_always,profiler_cuml_always_v2,QHY411-1_SDSSi_bin2,37.8,14.584072,247,2026-04-04T08:18:51.711Z,7100,5325,SDSSi,GaiaDR33534005919872722560,81559.0,458.0,39.0
ttt1,NVIDIA GeForce RTX 3060,"3.12.3 (main, Mar  3 2026, 12:15:18) [GCC 13.3.0]",py312_cuml_always,profiler_cuml_always_v2,QHY411-1_SDSSi_bin2,37.8,27.141409,247,2026-04-04T08:18:49.811Z,7100,5325,SDSSi,GaiaDR33534005919872722560,12288.0,142.0,51.0
ttt_server,NVIDIA GeForce RTX 3090,"3.12.3 (main, Mar  3 2026, 12:15:18) [GCC 13.3.0]",py312_cuml_always,profiler_cuml_always_v2,QHY411-1_SDSSi_bin2,37.8,21.871246,247,2026-04-04T08:19:00.439Z,7100,5325,SDSSi,GaiaDR33534005919872722560,24576.0,277.0,56.0
azken,NVIDIA H100 PCIe,"3.12.3 (main, Mar  3 2026, 12:15:18) [GCC 13.3.0]",py312_cuml_always,profiler_cuml_always_v2,QHY411-1_SDSSi_bin2,37.8,13.9696455,247,2026-04-04T08:18:27.118Z,7100,5325,SDSSi,GaiaDR33534005919872722560,81559.0,458.0,39.0
azken,NVIDIA H100 PCIe,"3.12.3 (main, Mar  3 2026, 12:15:18) [GCC 13.3.0]",py312_cuml_always,profiler_cuml_always_v2,QHY411-1_SDSSi_bin2,37.8,11.761375,247,2026-04-04T08:19:13.389Z,7100,5325,SDSSi,GaiaDR33534005919872722560,81559.0,458.0,39.0
ttt_server,NVIDIA GeForce RTX 3090,"3.12.3 (main, Mar  3 2026, 12:15:18) [GCC 13.3.0]",py312_cuml_always,profiler_cuml_always_v2,QHY411-1_SDSSi_bin2,37.8,21.929152,247,2026-04-04T08:18:04.317Z,7100,5325,SDSSi,GaiaDR33534005919872722560,24576.0,277.0,54.0
ttt1,NVIDIA GeForce RTX 3060,"3.12.3 (main, Mar  3 2026, 12:15:18) [GCC 13.3.0]",py312_cuml_always,profiler_cuml_always_v2,QHY411-1_SDSSi_bin2,37.8,27.055895,247,2026-04-04T08:18:18.103Z,7100,5325,SDSSi,GaiaDR33534005919872722560,12288.0,142.0,51.0
ttt1,NVIDIA GeForce RTX 3060,"3.12.3 (main, Mar  3 2026, 12:15:18) [GCC 13.3.0]",py312_cuml_always,profiler_cuml_always_v2,QHY411-1_SDSSi_bin2,37.8,27.11785,247,2026-04-04T08:19:21.542Z,7100,5325,SDSSi,GaiaDR33534005919872722560,12288.0,142.0,51.0
ttt_server,NVIDIA GeForce RTX 3090,"3.12.3 (main, Mar  3 2026, 12:15:18) [GCC 13.3.0]",py312_cuml_always,profiler_cuml_always_v2,QHY411-1_SDSSi_bin2,37.8,22.10586,247,2026-04-04T08:19:28.901Z,7100,5325,SDSSi,GaiaDR33534005919872722560,24576.0,277.0,54.0
azken,NVIDIA H100 PCIe,"3.12.3 (main, Mar  3 2026, 12:15:18) [GCC 13.3.0]",py312_cuml_always,profiler_cuml_always_v2,QHY411-1_SDSSi_bin2,37.8,11.749586,247,2026-04-04T08:19:33.019Z,7100,5325,SDSSi,GaiaDR33534005919872722560,81559.0,458.0,39.0
hp3,NVIDIA L40S,"3.12.3 (main, Mar  3 2026, 12:15:18) [GCC 13.3.0]",py312_cuml_always,profiler_cuml_always_v2,QHY411-1_Lum_full,151.2,95.43768,428,2026-04-04T08:19:48.502Z,14200,10650,Lum,2025PR1,46068.0,430.0,37.0
ttt1,NVIDIA GeForce RTX 3060,"3.12.3 (main, Mar  3 2026, 12:15:18) [GCC 13.3.0]",py312_cuml_always,profiler_cuml_always_v2,QHY411-1_SDSSi_bin2,37.8,27.087732,247,2026-04-04T08:19:53.191Z,7100,5325,SDSSi,GaiaDR33534005919872722560,12288.0,142.0,51.0
ttt_server,NVIDIA GeForce RTX 3090,"3.12.3 (main, Mar  3 2026, 12:15:18) [GCC 13.3.0]",py312_cuml_always,profiler_cuml_always_v2,QHY411-1_SDSSi_bin2,37.8,21.731524,247,2026-04-04T08:19:56.976Z,7100,5325,SDSSi,GaiaDR33534005919872722560,24576.0,277.0,54.0
azken,NVIDIA H100 PCIe,"3.12.3 (main, Mar  3 2026, 12:15:18) [GCC 13.3.0]",py312_cuml_always,profiler_cuml_always_v2,QHY411-1_SDSSi_bin2,37.8,11.8266535,247,2026-04-04T08:19:54.849Z,7100,5325,SDSSi,GaiaDR33534005919872722560,81559.0,458.0,39.0
ttt1,NVIDIA GeForce RTX 3060,"3.12.3 (main, Mar  3 2026, 12:15:18) [GCC 13.3.0]",py312_cuml_always,profiler_cuml_always_v2,QHY411-1_SDSSi_bin2,37.8,27.191368,247,2026-04-04T08:20:24.928Z,7100,5325,SDSSi,GaiaDR33534005919872722560,12288.0,142.0,51.0
lenovo_tttserver,NVIDIA A100-SXM4-80GB,"3.12.3 (main, Mar  3 2026, 12:15:18) [GCC 13.3.0]",py312_cuml_always,profiler_cuml_always_v2,QHY411-1_Lum_full,151.2,66.77961,428,2026-04-04T08:20:07.740Z,14200,10650,Lum,2025PR1,81920.0,424.0,31.0
ttt_server,NVIDIA GeForce RTX 3090,"3.12.3 (main, Mar  3 2026, 12:15:18) [GCC 13.3.0]",py312_cuml_always,profiler_cuml_always_v2,QHY411-1_SDSSi_bin2,37.8,21.580711,247,2026-04-04T08:20:25.167Z,7100,5325,SDSSi,GaiaDR33534005919872722560,24576.0,277.0,55.0
ttt_server,NVIDIA GeForce RTX 3090,"3.12.3 (main, Mar  3 2026, 12:15:18) [GCC 13.3.0]",py312_cuml_always,profiler_cuml_always_v2,QHY411-1_SDSSi_bin2,37.8,21.664518,247,2026-04-04T08:20:53.132Z,7100,5325,SDSSi,GaiaDR33534005919872722560,24576.0,277.0,54.0
azken,NVIDIA H100 PCIe,"3.12.3 (main, Mar  3 2026, 12:15:18) [GCC 13.3.0]",py312_cuml_always,profiler_cuml_always_v2,QHY411-1_Lum_full,151.2,48.293285,428,2026-04-04T08:20:52.273Z,14200,10650,Lum,2025PR1,81559.0,458.0,39.0
hp3,NVIDIA L40S,"3.12.3 (main, Mar  3 2026, 12:15:18) [GCC 13.3.0]",py312_cuml_always,profiler_cuml_always_v2,iKon936_SDSSg,4.2,5.4112415,412,2026-04-04T07:53:07.549Z,2048,2048,SDSSg,QSO0957+561,46068.0,430.0,30.0
azken,NVIDIA H100 PCIe,"3.12.3 (main, Mar  3 2026, 12:15:18) [GCC 13.3.0]",py312_cuml_always,profiler_cuml_always_v2,iKon936_SDSSg,4.2,5.644368,412,2026-04-04T07:53:01.110Z,2048,2048,SDSSg,QSO0957+561,81559.0,458.0,41.0
lenovo_tttserver,NVIDIA A100-SXM4-80GB,"3.12.3 (main, Mar  3 2026, 12:15:18) [GCC 13.3.0]",py312_cuml_always,profiler_cuml_always_v2,iKon936_SDSSg,4.2,4.1074133,412,2026-04-04T07:53:01.344Z,2048,2048,SDSSg,QSO0957+561,81920.0,424.0,32.0
ttt1,NVIDIA GeForce RTX 3060,"3.12.3 (main, Mar  3 2026, 12:15:18) [GCC 13.3.0]",py312_cuml_always,profiler_cuml_always_v2,iKon936_SDSSg,4.2,6.059828,412,2026-04-04T07:53:07.896Z,2048,2048,SDSSg,QSO0957+561,12288.0,142.0,49.0
ttt_server,NVIDIA GeForce RTX 3090,"3.12.3 (main, Mar  3 2026, 12:15:18) [GCC 13.3.0]",py312_cuml_always,profiler_cuml_always_v2,iKon936_SDSSg,4.2,7.462573,412,2026-04-04T07:53:01.517Z,2048,2048,SDSSg,QSO0957+561,24576.0,277.0,47.0
lenovo_tttserver,NVIDIA A100-SXM4-80GB,"3.12.3 (main, Mar  3 2026, 12:15:18) [GCC 13.3.0]",py312_cuml_always,profiler_cuml_always_v2,iKon936_SDSSg,4.2,4.21803,412,2026-04-04T07:53:11.707Z,2048,2048,SDSSg,QSO0957+561,81920.0,424.0,32.0
local,NVIDIA GeForce RTX 3050 Ti Laptop GPU,"3.12.3 (main, Mar  3 2026, 12:15:18) [GCC 13.3.0]",py312_cuml_always,profiler_cuml_always_v2,iKon936_SDSSg,4.2,100.496445,412,2026-04-04T07:53:12.437Z,2048,2048,SDSSg,QSO0957+561,4096.0,95.0,59.0
ttt_server,NVIDIA GeForce RTX 3090,"3.12.3 (main, Mar  3 2026, 12:15:18) [GCC 13.3.0]",py312_cuml_always,profiler_cuml_always_v2,iKon936_SDSSg,4.2,7.3568926,412,2026-04-04T07:53:14.963Z,2048,2048,SDSSg,QSO0957+561,24576.0,277.0,48.0
ttt1,NVIDIA GeForce RTX 3060,"3.12.3 (main, Mar  3 2026, 12:15:18) [GCC 13.3.0]",py312_cuml_always,profiler_cuml_always_v2,iKon936_SDSSg,4.2,6.0522194,412,2026-04-04T07:53:29.051Z,2048,2048,SDSSg,QSO0957+561,12288.0,142.0,48.0
ttt_server,NVIDIA GeForce RTX 3090,"3.12.3 (main, Mar  3 2026, 12:15:18) [GCC 13.3.0]",py312_cuml_always,profiler_cuml_always_v2,iKon936_SDSSg,4.2,7.3895044,412,2026-04-04T07:53:28.874Z,2048,2048,SDSSg,QSO0957+561,24576.0,277.0,49.0
ttt1,NVIDIA GeForce RTX 3060,"3.12.3 (main, Mar  3 2026, 12:15:18) [GCC 13.3.0]",py312_cuml_always,profiler_cuml_always_v2,iKon936_SDSSg,4.2,5.9545345,412,2026-04-04T07:53:18.462Z,2048,2048,SDSSg,QSO0957+561,12288.0,142.0,49.0
hp3,NVIDIA L40S,"3.12.3 (main, Mar  3 2026, 12:15:18) [GCC 13.3.0]",py312_cuml_always,profiler_cuml_always_v2,iKon936_SDSSg,4.2,5.1922174,412,2026-04-04T07:53:21.431Z,2048,2048,SDSSg,QSO0957+561,46068.0,430.0,30.0
ttt1,NVIDIA GeForce RTX 3060,"3.12.3 (main, Mar  3 2026, 12:15:18) [GCC 13.3.0]",py312_cuml_always,profiler_cuml_always_v2,iKon936_SDSSg,4.2,6.0547132,412,2026-04-04T07:52:57.310Z,2048,2048,SDSSg,QSO0957+561,12288.0,142.0,48.0
lenovo_tttserver,NVIDIA A100-SXM4-80GB,"3.12.3 (main, Mar  3 2026, 12:15:18) [GCC 13.3.0]",py312_cuml_always,profiler_cuml_always_v2,iKon936_SDSSg,4.2,4.8274326,412,2026-04-04T07:53:22.736Z,2048,2048,SDSSg,QSO0957+561,81920.0,424.0,32.0
azken,NVIDIA H100 PCIe,"3.12.3 (main, Mar  3 2026, 12:15:18) [GCC 13.3.0]",py312_cuml_always,profiler_cuml_always_v2,iKon936_SDSSg,4.2,8.691548,412,2026-04-04T07:53:19.838Z,2048,2048,SDSSg,QSO0957+561,81559.0,458.0,41.0
azken,NVIDIA H100 PCIe,"3.12.3 (main, Mar  3 2026, 12:15:18) [GCC 13.3.0]",py312_cuml_always,profiler_cuml_always_v2,iKon936_SDSSg,4.2,7.165667,412,2026-04-04T07:53:36.119Z,2048,2048,SDSSg,QSO0957+561,81559.0,458.0,41.0
hp3,NVIDIA L40S,"3.12.3 (main, Mar  3 2026, 12:15:18) [GCC 13.3.0]",py312_cuml_always,profiler_cuml_always_v2,iKon936_SDSSg,4.2,5.647539,412,2026-04-04T07:53:36.230Z,2048,2048,SDSSg,QSO0957+561,46068.0,430.0,31.0
lenovo_tttserver,NVIDIA A100-SXM4-80GB,"3.12.3 (main, Mar  3 2026, 12:15:18) [GCC 13.3.0]",py312_cuml_always,profiler_cuml_always_v2,iKon936_SDSSg,4.2,4.5732374,412,2026-04-04T07:53:33.601Z,2048,2048,SDSSg,QSO0957+561,81920.0,424.0,32.0
ttt_server,NVIDIA GeForce RTX 3090,"3.12.3 (main, Mar  3 2026, 12:15:18) [GCC 13.3.0]",py312_cuml_always,profiler_cuml_always_v2,iKon936_SDSSg,4.2,7.2551055,412,2026-04-04T07:53:42.194Z,2048,2048,SDSSg,QSO0957+561,24576.0,277.0,49.0
ttt1,NVIDIA GeForce RTX 3060,"3.12.3 (main, Mar  3 2026, 12:15:18) [GCC 13.3.0]",py312_cuml_always,profiler_cuml_always_v2,iKon936_SDSSg,4.2,5.955831,412,2026-04-04T07:53:39.492Z,2048,2048,SDSSg,QSO0957+561,12288.0,142.0,47.0
local,NVIDIA GeForce RTX 3050 Ti Laptop GPU,"3.12.3 (main, Mar  3 2026, 12:15:18) [GCC 13.3.0]",py312_cuml_always,profiler_cuml_always_v2,iKon936_SDSSg,4.2,18.777895,412,2026-04-04T07:53:40.511Z,2048,2048,SDSSg,QSO0957+561,4096.0,95.0,62.0
hp3,NVIDIA L40S,"3.12.3 (main, Mar  3 2026, 12:15:18) [GCC 13.3.0]",py312_cuml_always,profiler_cuml_always_v2,iKon936_SDSSg,4.2,5.4819746,412,2026-04-04T07:54:18.293Z,2048,2048,SDSSg,QSO0957+561,46068.0,430.0,32.0
lenovo_tttserver,NVIDIA A100-SXM4-80GB,"3.12.3 (main, Mar  3 2026, 12:15:18) [GCC 13.3.0]",py312_cuml_always,profiler_cuml_always_v2,iKon936_SDSSg,4.2,4.245279,412,2026-04-04T07:54:19.009Z,2048,2048,SDSSg,QSO0957+561,81920.0,424.0,32.0
lenovo_tttserver,NVIDIA A100-SXM4-80GB,"3.12.3 (main, Mar  3 2026, 12:15:18) [GCC 13.3.0]",py312_cuml_always,profiler_cuml_always_v2,iKon936_SDSSg,4.2,4.214262,412,2026-04-04T07:53:57.142Z,2048,2048,SDSSg,QSO0957+561,81920.0,424.0,32.0
lenovo_tttserver,NVIDIA A100-SXM4-80GB,"3.12.3 (main, Mar  3 2026, 12:15:18) [GCC 13.3.0]",py312_cuml_always,profiler_cuml_always_v2,iKon936_SDSSg,4.2,5.8758144,412,2026-04-04T07:53:46.352Z,2048,2048,SDSSg,QSO0957+561,81920.0,424.0,32.0
ttt1,NVIDIA GeForce RTX 3060,"3.12.3 (main, Mar  3 2026, 12:15:18) [GCC 13.3.0]",py312_cuml_always,profiler_cuml_always_v2,iKon936_SDSSg,4.2,6.012597,412,2026-04-04T07:53:50.609Z,2048,2048,SDSSg,QSO0957+561,12288.0,142.0,47.0
azken,NVIDIA H100 PCIe,"3.12.3 (main, Mar  3 2026, 12:15:18) [GCC 13.3.0]",py312_cuml_always,profiler_cuml_always_v2,iKon936_SDSSg,4.2,6.6670275,412,2026-04-04T07:53:52.735Z,2048,2048,SDSSg,QSO0957+561,81559.0,458.0,41.0
hp3,NVIDIA L40S,"3.12.3 (main, Mar  3 2026, 12:15:18) [GCC 13.3.0]",py312_cuml_always,profiler_cuml_always_v2,iKon936_SDSSg,4.2,5.2282343,412,2026-04-04T07:53:50.146Z,2048,2048,SDSSg,QSO0957+561,46068.0,430.0,31.0
ttt_server,NVIDIA GeForce RTX 3090,"3.12.3 (main, Mar  3 2026, 12:15:18) [GCC 13.3.0]",py312_cuml_always,profiler_cuml_always_v2,iKon936_SDSSg,4.2,7.1629553,412,2026-04-04T07:53:55.436Z,2048,2048,SDSSg,QSO0957+561,24576.0,277.0,51.0
ttt_server,NVIDIA GeForce RTX 3090,"3.12.3 (main, Mar  3 2026, 12:15:18) [GCC 13.3.0]",py312_cuml_always,profiler_cuml_always_v2,iKon936_SDSSg,4.2,7.3827233,412,2026-04-04T07:54:09.105Z,2048,2048,SDSSg,QSO0957+561,24576.0,277.0,50.0
ttt1,NVIDIA GeForce RTX 3060,"3.12.3 (main, Mar  3 2026, 12:15:18) [GCC 13.3.0]",py312_cuml_always,profiler_cuml_always_v2,iKon936_SDSSg,4.2,5.98781,412,2026-04-04T07:54:11.583Z,2048,2048,SDSSg,QSO0957+561,12288.0,142.0,46.0
lenovo_tttserver,NVIDIA A100-SXM4-80GB,"3.12.3 (main, Mar  3 2026, 12:15:18) [GCC 13.3.0]",py312_cuml_always,profiler_cuml_always_v2,iKon936_SDSSg,4.2,4.6133432,412,2026-04-04T07:54:07.990Z,2048,2048,SDSSg,QSO0957+561,81920.0,424.0,32.0
local,NVIDIA GeForce RTX 3050 Ti Laptop GPU,"3.12.3 (main, Mar  3 2026, 12:15:18) [GCC 13.3.0]",py312_cuml_always,profiler_cuml_always_v2,iKon936_SDSSg,4.2,18.584688,412,2026-04-04T07:54:06.823Z,2048,2048,SDSSg,QSO0957+561,4096.0,95.0,63.0
azken,NVIDIA H100 PCIe,"3.12.3 (main, Mar  3 2026, 12:15:18) [GCC 13.3.0]",py312_cuml_always,profiler_cuml_always_v2,iKon936_SDSSg,4.2,8.436033,412,2026-04-04T07:54:10.352Z,2048,2048,SDSSg,QSO0957+561,81559.0,458.0,41.0
hp3,NVIDIA L40S,"3.12.3 (main, Mar  3 2026, 12:15:18) [GCC 13.3.0]",py312_cuml_always,profiler_cuml_always_v2,iKon936_SDSSg,4.2,5.351502,412,2026-04-04T07:54:04.157Z,2048,2048,SDSSg,QSO0957+561,46068.0,430.0,32.0
ttt1,NVIDIA GeForce RTX 3060,"3.12.3 (main, Mar  3 2026, 12:15:18) [GCC 13.3.0]",py312_cuml_always,profiler_cuml_always_v2,iKon936_SDSSg,4.2,5.990785,412,2026-04-04T07:54:01.116Z,2048,2048,SDSSg,QSO0957+561,12288.0,142.0,46.0
ttt1,NVIDIA GeForce RTX 3060,"3.12.3 (main, Mar  3 2026, 12:15:18) [GCC 13.3.0]",py312_cuml_always,profiler_cuml_always_v2,iKon936_Lum,4.2,11.479792,296,2026-04-04T07:54:27.814Z,2048,2048,Lum,C2025A6,12288.0,142.0,45.0
ttt_server,NVIDIA GeForce RTX 3090,"3.12.3 (main, Mar  3 2026, 12:15:18) [GCC 13.3.0]",py312_cuml_always,profiler_cuml_always_v2,iKon936_SDSSg,4.2,7.240585,412,2026-04-04T07:54:23.425Z,2048,2048,SDSSg,QSO0957+561,24576.0,277.0,50.0
lenovo_tttserver,NVIDIA A100-SXM4-80GB,"3.12.3 (main, Mar  3 2026, 12:15:18) [GCC 13.3.0]",py312_cuml_always,profiler_cuml_always_v2,iKon936_SDSSg,4.2,4.5745625,412,2026-04-04T07:54:29.785Z,2048,2048,SDSSg,QSO0957+561,81920.0,424.0,32.0
hp3,NVIDIA L40S,"3.12.3 (main, Mar  3 2026, 12:15:18) [GCC 13.3.0]",py312_cuml_always,profiler_cuml_always_v2,iKon936_SDSSg,4.2,5.3339863,412,2026-04-04T07:54:32.404Z,2048,2048,SDSSg,QSO0957+561,46068.0,430.0,33.0
local,NVIDIA GeForce RTX 3050 Ti Laptop GPU,"3.12.3 (main, Mar  3 2026, 12:15:18) [GCC 13.3.0]",py312_cuml_always,profiler_cuml_always_v2,iKon936_SDSSg,4.2,19.224201,412,2026-04-04T07:54:34.823Z,2048,2048,SDSSg,QSO0957+561,4096.0,95.0,63.0
azken,NVIDIA H100 PCIe,"3.12.3 (main, Mar  3 2026, 12:15:18) [GCC 13.3.0]",py312_cuml_always,profiler_cuml_always_v2,iKon936_SDSSg,4.2,8.913162,412,2026-04-04T07:54:28.383Z,2048,2048,SDSSg,QSO0957+561,81559.0,458.0,41.0
ttt_server,NVIDIA GeForce RTX 3090,"3.12.3 (main, Mar  3 2026, 12:15:18) [GCC 13.3.0]",py312_cuml_always,profiler_cuml_always_v2,QHY600-3_Lum,6.8,7.871464,112,2026-04-04T07:59:56.219Z,3191,2129,Lum,C2025R2,24576.0,277.0,55.0
azken,NVIDIA H100 PCIe,"3.12.3 (main, Mar  3 2026, 12:15:18) [GCC 13.3.0]",py312_cuml_always,profiler_cuml_always_v2,QHY600-3_Lum,6.8,8.151121,112,2026-04-04T07:59:56.288Z,3191,2129,Lum,C2025R2,81559.0,458.0,43.0
hp3,NVIDIA L40S,"3.12.3 (main, Mar  3 2026, 12:15:18) [GCC 13.3.0]",py312_cuml_always,profiler_cuml_always_v2,QHY600-3_Lum,6.8,5.462953,112,2026-04-04T07:59:46.909Z,3191,2129,Lum,C2025R2,46068.0,430.0,36.0
local,NVIDIA GeForce RTX 3050 Ti Laptop GPU,"3.12.3 (main, Mar  3 2026, 12:15:18) [GCC 13.3.0]",py312_cuml_always,profiler_cuml_always_v2,iKon936_Lum,4.2,21.847057,296,2026-04-04T07:59:51.984Z,2048,2048,Lum,C2025A6,4096.0,95.0,74.0
lenovo_tttserver,NVIDIA A100-SXM4-80GB,"3.12.3 (main, Mar  3 2026, 12:15:18) [GCC 13.3.0]",py312_cuml_always,profiler_cuml_always_v2,QHY600-4_SDSSg,15.3,21.931152,218,2026-04-04T07:59:55.804Z,4787,3193,SDSSg,WASP-43-b,81920.0,424.0,34.0
ttt_server,NVIDIA GeForce RTX 3090,"3.12.3 (main, Mar  3 2026, 12:15:18) [GCC 13.3.0]",py312_cuml_always,profiler_cuml_always_v2,QHY600-3_Lum,6.8,8.422025,112,2026-04-04T07:59:41.763Z,3191,2129,Lum,C2025R2,24576.0,277.0,54.0
ttt1,NVIDIA GeForce RTX 3060,"3.12.3 (main, Mar  3 2026, 12:15:18) [GCC 13.3.0]",py312_cuml_always,profiler_cuml_always_v2,QHY600-4_SDSSg,15.3,29.73357,218,2026-04-04T07:59:44.682Z,4787,3193,SDSSg,WASP-43-b,12288.0,142.0,48.0
azken,NVIDIA H100 PCIe,"3.12.3 (main, Mar  3 2026, 12:15:18) [GCC 13.3.0]",py312_cuml_always,profiler_cuml_always_v2,QHY600-3_Lum,6.8,15.698198,112,2026-04-04T07:59:37.669Z,3191,2129,Lum,C2025R2,81559.0,458.0,43.0
hp3,NVIDIA L40S,"3.12.3 (main, Mar  3 2026, 12:15:18) [GCC 13.3.0]",py312_cuml_always,profiler_cuml_always_v2,QHY600-3_Lum,6.8,5.5755706,112,2026-04-04T08:00:00.746Z,3191,2129,Lum,C2025R2,46068.0,430.0,37.0
hp3,NVIDIA L40S,"3.12.3 (main, Mar  3 2026, 12:15:18) [GCC 13.3.0]",py312_cuml_always,profiler_cuml_always_v2,QHY600-3_Lum,6.8,5.695964,112,2026-04-04T07:59:32.919Z,3191,2129,Lum,C2025R2,46068.0,430.0,36.0
ttt1,NVIDIA GeForce RTX 3060,"3.12.3 (main, Mar  3 2026, 12:15:18) [GCC 13.3.0]",py312_cuml_always,profiler_cuml_always_v2,QHY600-4_SDSSg,15.3,19.92655,218,2026-04-04T08:00:09.131Z,4787,3193,SDSSg,WASP-43-b,12288.0,142.0,49.0
ttt_server,NVIDIA GeForce RTX 3090,"3.12.3 (main, Mar  3 2026, 12:15:18) [GCC 13.3.0]",py312_cuml_always,profiler_cuml_always_v2,QHY600-3_Lum,6.8,7.8934927,112,2026-04-04T08:00:10.461Z,3191,2129,Lum,C2025R2,24576.0,277.0,55.0
lenovo_tttserver,NVIDIA A100-SXM4-80GB,"3.12.3 (main, Mar  3 2026, 12:15:18) [GCC 13.3.0]",py312_cuml_always,profiler_cuml_always_v2,QHY600-4_SDSSg,15.3,10.393332,218,2026-04-04T08:00:13.399Z,4787,3193,SDSSg,WASP-43-b,81920.0,424.0,34.0
azken,NVIDIA H100 PCIe,"3.12.3 (main, Mar  3 2026, 12:15:18) [GCC 13.3.0]",py312_cuml_always,profiler_cuml_always_v2,QHY600-3_Lum,6.8,8.37196,112,2026-04-04T08:00:13.916Z,3191,2129,Lum,C2025R2,81559.0,458.0,43.0
hp3,NVIDIA L40S,"3.12.3 (main, Mar  3 2026, 12:15:18) [GCC 13.3.0]",py312_cuml_always,profiler_cuml_always_v2,QHY600-3_Lum,6.8,5.9463687,112,2026-04-04T08:00:15.297Z,3191,2129,Lum,C2025R2,46068.0,430.0,37.0
local,NVIDIA GeForce RTX 3050 Ti Laptop GPU,"3.12.3 (main, Mar  3 2026, 12:15:18) [GCC 13.3.0]",py312_cuml_always,profiler_cuml_always_v2,iKon936_Lum,4.2,21.441113,296,2026-04-04T08:00:19.616Z,2048,2048,Lum,C2025A6,4096.0,95.0,74.0
ttt_server,NVIDIA GeForce RTX 3090,"3.12.3 (main, Mar  3 2026, 12:15:18) [GCC 13.3.0]",py312_cuml_always,profiler_cuml_always_v2,QHY600-3_Lum,6.8,8.0730095,112,2026-04-04T08:00:25.062Z,3191,2129,Lum,C2025R2,24576.0,277.0,55.0
azken,NVIDIA H100 PCIe,"3.12.3 (main, Mar  3 2026, 12:15:18) [GCC 13.3.0]",py312_cuml_always,profiler_cuml_always_v2,QHY600-3_Lum,6.8,8.28899,112,2026-04-04T08:00:31.631Z,3191,2129,Lum,C2025R2,81559.0,458.0,43.0
hp3,NVIDIA L40S,"3.12.3 (main, Mar  3 2026, 12:15:18) [GCC 13.3.0]",py312_cuml_always,profiler_cuml_always_v2,QHY600-3_Lum,6.8,5.7002826,112,2026-04-04T08:00:29.434Z,3191,2129,Lum,C2025R2,46068.0,430.0,37.0
lenovo_tttserver,NVIDIA A100-SXM4-80GB,"3.12.3 (main, Mar  3 2026, 12:15:18) [GCC 13.3.0]",py312_cuml_always,profiler_cuml_always_v2,QHY600-4_SDSSg,15.3,10.205444,218,2026-04-04T08:00:30.005Z,4787,3193,SDSSg,WASP-43-b,81920.0,424.0,35.0
ttt1,NVIDIA GeForce RTX 3060,"3.12.3 (main, Mar  3 2026, 12:15:18) [GCC 13.3.0]",py312_cuml_always,profiler_cuml_always_v2,QHY600-4_SDSSg,15.3,19.995312,218,2026-04-04T08:00:34.199Z,4787,3193,SDSSg,WASP-43-b,12288.0,142.0,49.0
ttt_server,NVIDIA GeForce RTX 3090,"3.12.3 (main, Mar  3 2026, 12:15:18) [GCC 13.3.0]",py312_cuml_always,profiler_cuml_always_v2,QHY600-3_Lum,6.8,7.7688084,112,2026-04-04T08:00:39.446Z,3191,2129,Lum,C2025R2,24576.0,277.0,55.0
hp3,NVIDIA L40S,"3.12.3 (main, Mar  3 2026, 12:15:18) [GCC 13.3.0]",py312_cuml_always,profiler_cuml_always_v2,QHY600-3_Lum,6.8,5.8213453,112,2026-04-04T08:00:40.241Z,3191,2129,Lum,C2025R2,46068.0,430.0,38.0
azken,NVIDIA H100 PCIe,"3.12.3 (main, Mar  3 2026, 12:15:18) [GCC 13.3.0]",py312_cuml_always,profiler_cuml_always_v2,QHY600-3_Lum,6.8,6.444939,112,2026-04-04T08:00:47.088Z,3191,2129,Lum,C2025R2,81559.0,458.0,43.0
lenovo_tttserver,NVIDIA A100-SXM4-80GB,"3.12.3 (main, Mar  3 2026, 12:15:18) [GCC 13.3.0]",py312_cuml_always,profiler_cuml_always_v2,QHY600-4_SDSSg,15.3,11.149141,218,2026-04-04T08:00:47.544Z,4787,3193,SDSSg,WASP-43-b,81920.0,424.0,35.0
local,NVIDIA GeForce RTX 3050 Ti Laptop GPU,"3.12.3 (main, Mar  3 2026, 12:15:18) [GCC 13.3.0]",py312_cuml_always,profiler_cuml_always_v2,iKon936_Lum,4.2,21.384806,296,2026-04-04T08:00:45.837Z,2048,2048,Lum,C2025A6,4096.0,95.0,75.0
ttt_server,NVIDIA GeForce RTX 3090,"3.12.3 (main, Mar  3 2026, 12:15:18) [GCC 13.3.0]",py312_cuml_always,profiler_cuml_always_v2,QHY600-3_Lum,6.8,7.9116135,112,2026-04-04T08:00:53.652Z,3191,2129,Lum,C2025R2,24576.0,277.0,55.0
azken,NVIDIA H100 PCIe,"3.12.3 (main, Mar  3 2026, 12:15:18) [GCC 13.3.0]",py312_cuml_always,profiler_cuml_always_v2,QHY600-3_Lum,6.8,6.802681,112,2026-04-04T08:01:02.248Z,3191,2129,Lum,C2025R2,81559.0,458.0,43.0
ttt1,NVIDIA GeForce RTX 3060,"3.12.3 (main, Mar  3 2026, 12:15:18) [GCC 13.3.0]",py312_cuml_always,profiler_cuml_always_v2,QHY600-4_SDSSg,15.3,19.939798,218,2026-04-04T08:00:58.711Z,4787,3193,SDSSg,WASP-43-b,12288.0,142.0,50.0
lenovo_tttserver,NVIDIA A100-SXM4-80GB,"3.12.3 (main, Mar  3 2026, 12:15:18) [GCC 13.3.0]",py312_cuml_always,profiler_cuml_always_v2,QHY600-4_SDSSg,15.3,10.825268,218,2026-04-04T08:01:05.971Z,4787,3193,SDSSg,WASP-43-b,81920.0,424.0,35.0
hp3,NVIDIA L40S,"3.12.3 (main, Mar  3 2026, 12:15:18) [GCC 13.3.0]",py312_cuml_always,profiler_cuml_always_v2,QHY600-4_SDSSg,15.3,20.523394,218,2026-04-04T08:01:09.118Z,4787,3193,SDSSg,WASP-43-b,46068.0,430.0,37.0
ttt_server,NVIDIA GeForce RTX 3090,"3.12.3 (main, Mar  3 2026, 12:15:18) [GCC 13.3.0]",py312_cuml_always,profiler_cuml_always_v2,QHY600-3_Lum,6.8,7.928899,112,2026-04-04T08:01:08.011Z,3191,2129,Lum,C2025R2,24576.0,277.0,55.0
azken,NVIDIA H100 PCIe,"3.12.3 (main, Mar  3 2026, 12:15:18) [GCC 13.3.0]",py312_cuml_always,profiler_cuml_always_v2,QHY600-3_Lum,6.8,6.115303,112,2026-04-04T08:01:16.457Z,3191,2129,Lum,C2025R2,81559.0,458.0,43.0
local,NVIDIA GeForce RTX 3050 Ti Laptop GPU,"3.12.3 (main, Mar  3 2026, 12:15:18) [GCC 13.3.0]",py312_cuml_always,profiler_cuml_always_v2,iKon936_Lum,4.2,21.459806,296,2026-04-04T08:01:13.885Z,2048,2048,Lum,C2025A6,4096.0,95.0,74.0
lenovo_tttserver,NVIDIA A100-SXM4-80GB,"3.12.3 (main, Mar  3 2026, 12:15:18) [GCC 13.3.0]",py312_cuml_always,profiler_cuml_always_v2,QHY600-4_SDSSg,15.3,10.219197,218,2026-04-04T08:01:22.951Z,4787,3193,SDSSg,WASP-43-b,81920.0,424.0,35.0
ttt1,NVIDIA GeForce RTX 3060,"3.12.3 (main, Mar  3 2026, 12:15:18) [GCC 13.3.0]",py312_cuml_always,profiler_cuml_always_v2,QHY600-4_SDSSg,15.3,19.750097,218,2026-04-04T08:01:23.030Z,4787,3193,SDSSg,WASP-43-b,12288.0,142.0,50.0
ttt_server,NVIDIA GeForce RTX 3090,"3.12.3 (main, Mar  3 2026, 12:15:18) [GCC 13.3.0]",py312_cuml_always,profiler_cuml_always_v2,iKon936_Lum,4.2,8.0688305,296,2026-04-04T07:55:38.501Z,2048,2048,Lum,C2025A6,24576.0,277.0,51.0
hp3,NVIDIA L40S,"3.12.3 (main, Mar  3 2026, 12:15:18) [GCC 13.3.0]",py312_cuml_always,profiler_cuml_always_v2,iKon936_Lum,4.2,6.077448,296,2026-04-04T07:55:39.240Z,2048,2048,Lum,C2025A6,46068.0,430.0,33.0
azken,NVIDIA H100 PCIe,"3.12.3 (main, Mar  3 2026, 12:15:18) [GCC 13.3.0]",py312_cuml_always,profiler_cuml_always_v2,iKon936_SDSSg,4.2,8.677596,412,2026-04-04T07:55:39.261Z,2048,2048,SDSSg,QSO0957+561,81559.0,458.0,41.0
ttt1,NVIDIA GeForce RTX 3060,"3.12.3 (main, Mar  3 2026, 12:15:18) [GCC 13.3.0]",py312_cuml_always,profiler_cuml_always_v2,iKon936_Lum,4.2,7.3510046,296,2026-04-04T07:55:39.992Z,2048,2048,Lum,C2025A6,12288.0,142.0,48.0
lenovo_tttserver,NVIDIA A100-SXM4-80GB,"3.12.3 (main, Mar  3 2026, 12:15:18) [GCC 13.3.0]",py312_cuml_always,profiler_cuml_always_v2,iKon936_Lum,4.2,5.1470594,296,2026-04-04T07:55:30.753Z,2048,2048,Lum,C2025A6,81920.0,424.0,33.0
local,NVIDIA GeForce RTX 3050 Ti Laptop GPU,"3.12.3 (main, Mar  3 2026, 12:15:18) [GCC 13.3.0]",py312_cuml_always,profiler_cuml_always_v2,iKon936_SDSSg,4.2,16.03252,412,2026-04-04T07:55:26.269Z,2048,2048,SDSSg,QSO0957+561,4096.0,95.0,64.0
hp3,NVIDIA L40S,"3.12.3 (main, Mar  3 2026, 12:15:18) [GCC 13.3.0]",py312_cuml_always,profiler_cuml_always_v2,iKon936_Lum,4.2,6.163392,296,2026-04-04T07:55:24.581Z,2048,2048,Lum,C2025A6,46068.0,430.0,33.0
ttt1,NVIDIA GeForce RTX 3060,"3.12.3 (main, Mar  3 2026, 12:15:18) [GCC 13.3.0]",py312_cuml_always,profiler_cuml_always_v2,iKon936_Lum,4.2,7.335699,296,2026-04-04T07:55:28.121Z,2048,2048,Lum,C2025A6,12288.0,142.0,48.0
ttt_server,NVIDIA GeForce RTX 3090,"3.12.3 (main, Mar  3 2026, 12:15:18) [GCC 13.3.0]",py312_cuml_always,profiler_cuml_always_v2,iKon936_Lum,4.2,14.405892,296,2026-04-04T07:55:24.347Z,2048,2048,Lum,C2025A6,24576.0,277.0,51.0
azken,NVIDIA H100 PCIe,"3.12.3 (main, Mar  3 2026, 12:15:18) [GCC 13.3.0]",py312_cuml_always,profiler_cuml_always_v2,iKon936_SDSSg,4.2,7.041258,412,2026-04-04T07:55:21.311Z,2048,2048,SDSSg,QSO0957+561,81559.0,458.0,41.0
lenovo_tttserver,NVIDIA A100-SXM4-80GB,"3.12.3 (main, Mar  3 2026, 12:15:18) [GCC 13.3.0]",py312_cuml_always,profiler_cuml_always_v2,iKon936_Lum,4.2,5.239483,296,2026-04-04T07:55:42.289Z,2048,2048,Lum,C2025A6,81920.0,424.0,33.0
local,NVIDIA GeForce RTX 3050 Ti Laptop GPU,"3.12.3 (main, Mar  3 2026, 12:15:18) [GCC 13.3.0]",py312_cuml_always,profiler_cuml_always_v2,iKon936_SDSSg,4.2,15.942213,412,2026-04-04T07:55:46.708Z,2048,2048,SDSSg,QSO0957+561,4096.0,95.0,69.0
ttt1,NVIDIA GeForce RTX 3060,"3.12.3 (main, Mar  3 2026, 12:15:18) [GCC 13.3.0]",py312_cuml_always,profiler_cuml_always_v2,iKon936_Lum,4.2,7.3767447,296,2026-04-04T07:55:51.927Z,2048,2048,Lum,C2025A6,12288.0,142.0,47.0
lenovo_tttserver,NVIDIA A100-SXM4-80GB,"3.12.3 (main, Mar  3 2026, 12:15:18) [GCC 13.3.0]",py312_cuml_always,profiler_cuml_always_v2,iKon936_Lum,4.2,5.434227,296,2026-04-04T07:55:54.235Z,2048,2048,Lum,C2025A6,81920.0,424.0,32.0
hp3,NVIDIA L40S,"3.12.3 (main, Mar  3 2026, 12:15:18) [GCC 13.3.0]",py312_cuml_always,profiler_cuml_always_v2,iKon936_Lum,4.2,6.1764746,296,2026-04-04T07:55:54.426Z,2048,2048,Lum,C2025A6,46068.0,430.0,33.0
ttt_server,NVIDIA GeForce RTX 3090,"3.12.3 (main, Mar  3 2026, 12:15:18) [GCC 13.3.0]",py312_cuml_always,profiler_cuml_always_v2,iKon936_Lum,4.2,7.946864,296,2026-04-04T07:55:52.373Z,2048,2048,Lum,C2025A6,24576.0,277.0,51.0
ttt1,NVIDIA GeForce RTX 3060,"3.12.3 (main, Mar  3 2026, 12:15:18) [GCC 13.3.0]",py312_cuml_always,profiler_cuml_always_v2,QHY600-3_Lum,6.8,7.1695547,112,2026-04-04T07:58:23.424Z,3191,2129,Lum,C2025R2,12288.0,142.0,48.0
ttt_server,NVIDIA GeForce RTX 3090,"3.12.3 (main, Mar  3 2026, 12:15:18) [GCC 13.3.0]",py312_cuml_always,profiler_cuml_always_v2,QHY600-3_Lum,6.8,18.862751,112,2026-04-04T07:58:28.050Z,3191,2129,Lum,C2025R2,24576.0,277.0,54.0
local,NVIDIA GeForce RTX 3050 Ti Laptop GPU,"3.12.3 (main, Mar  3 2026, 12:15:18) [GCC 13.3.0]",py312_cuml_always,profiler_cuml_always_v2,iKon936_Lum,4.2,20.507278,296,2026-04-04T07:58:26.535Z,2048,2048,Lum,C2025A6,4096.0,95.0,73.0
azken,NVIDIA H100 PCIe,"3.12.3 (main, Mar  3 2026, 12:15:18) [GCC 13.3.0]",py312_cuml_always,profiler_cuml_always_v2,iKon936_Lum,4.2,9.430345,296,2026-04-04T07:58:23.065Z,2048,2048,Lum,C2025A6,81559.0,458.0,42.0
lenovo_tttserver,NVIDIA A100-SXM4-80GB,"3.12.3 (main, Mar  3 2026, 12:15:18) [GCC 13.3.0]",py312_cuml_always,profiler_cuml_always_v2,QHY600-3_Lum,6.8,4.9176626,112,2026-04-04T07:58:29.835Z,3191,2129,Lum,C2025R2,81920.0,424.0,34.0
ttt1,NVIDIA GeForce RTX 3060,"3.12.3 (main, Mar  3 2026, 12:15:18) [GCC 13.3.0]",py312_cuml_always,profiler_cuml_always_v2,QHY600-3_Lum,6.8,7.220442,112,2026-04-04T07:58:35.188Z,3191,2129,Lum,C2025R2,12288.0,142.0,47.0
hp3,NVIDIA L40S,"3.12.3 (main, Mar  3 2026, 12:15:18) [GCC 13.3.0]",py312_cuml_always,profiler_cuml_always_v2,iKon936_SDSSg,4.2,46.385998,412,2026-04-04T07:52:10.441Z,2048,2048,SDSSg,QSO0957+561,46068.0,430.0,22.0
ttt1,NVIDIA GeForce RTX 3060,"3.12.3 (main, Mar  3 2026, 12:15:18) [GCC 13.3.0]",py312_cuml_always,profiler_cuml_always_v2,iKon936_SDSSg,4.2,44.115875,412,2026-04-04T07:52:13.636Z,2048,2048,SDSSg,QSO0957+561,12288.0,142.0,40.0
ttt1,NVIDIA GeForce RTX 3060,"3.12.3 (main, Mar  3 2026, 12:15:18) [GCC 13.3.0]",py312_cuml_always,profiler_cuml_always_v2,iKon936_SDSSg,4.2,5.98604,412,2026-04-04T07:52:24.713Z,2048,2048,SDSSg,QSO0957+561,12288.0,142.0,45.0
hp3,NVIDIA L40S,"3.12.3 (main, Mar  3 2026, 12:15:18) [GCC 13.3.0]",py312_cuml_always,profiler_cuml_always_v2,iKon936_SDSSg,4.2,5.434082,412,2026-04-04T07:52:25.152Z,2048,2048,SDSSg,QSO0957+561,46068.0,430.0,28.0
azken,NVIDIA H100 PCIe,"3.12.3 (main, Mar  3 2026, 12:15:18) [GCC 13.3.0]",py312_cuml_always,profiler_cuml_always_v2,iKon936_SDSSg,4.2,49.385567,412,2026-04-04T07:52:27.601Z,2048,2048,SDSSg,QSO0957+561,81559.0,458.0,40.0
hp3,NVIDIA L40S,"3.12.3 (main, Mar  3 2026, 12:15:18) [GCC 13.3.0]",py312_cuml_always,profiler_cuml_always_v2,iKon936_Lum,4.2,5.8984995,296,2026-04-04T07:56:53.829Z,2048,2048,Lum,C2025A6,46068.0,430.0,34.0
lenovo_tttserver,NVIDIA A100-SXM4-80GB,"3.12.3 (main, Mar  3 2026, 12:15:18) [GCC 13.3.0]",py312_cuml_always,profiler_cuml_always_v2,iKon936_Lum,4.2,5.979361,296,2026-04-04T07:56:52.438Z,2048,2048,Lum,C2025A6,81920.0,424.0,33.0
ttt1,NVIDIA GeForce RTX 3060,"3.12.3 (main, Mar  3 2026, 12:15:18) [GCC 13.3.0]",py312_cuml_always,profiler_cuml_always_v2,QHY600-3_Lum,6.8,16.83031,112,2026-04-04T07:57:00.788Z,3191,2129,Lum,C2025R2,12288.0,142.0,48.0
lenovo_tttserver,NVIDIA A100-SXM4-80GB,"3.12.3 (main, Mar  3 2026, 12:15:18) [GCC 13.3.0]",py312_cuml_always,profiler_cuml_always_v2,iKon936_Lum,4.2,5.007329,296,2026-04-04T07:57:03.545Z,2048,2048,Lum,C2025A6,81920.0,424.0,33.0
ttt_server,NVIDIA GeForce RTX 3090,"3.12.3 (main, Mar  3 2026, 12:15:18) [GCC 13.3.0]",py312_cuml_always,profiler_cuml_always_v2,iKon936_Lum,4.2,8.045708,296,2026-04-04T07:57:02.643Z,2048,2048,Lum,C2025A6,24576.0,277.0,53.0
ttt1,NVIDIA GeForce RTX 3060,"3.12.3 (main, Mar  3 2026, 12:15:18) [GCC 13.3.0]",py312_cuml_always,profiler_cuml_always_v2,QHY600-3_Lum,6.8,7.267079,112,2026-04-04T07:57:12.579Z,3191,2129,Lum,C2025R2,12288.0,142.0,48.0
azken,NVIDIA H100 PCIe,"3.12.3 (main, Mar  3 2026, 12:15:18) [GCC 13.3.0]",py312_cuml_always,profiler_cuml_always_v2,iKon936_Lum,4.2,8.712122,296,2026-04-04T07:56:56.600Z,2048,2048,Lum,C2025A6,81559.0,458.0,42.0
ttt_server,NVIDIA GeForce RTX 3090,"3.12.3 (main, Mar  3 2026, 12:15:18) [GCC 13.3.0]",py312_cuml_always,profiler_cuml_always_v2,iKon936_Lum,4.2,8.68351,296,2026-04-04T07:57:17.394Z,2048,2048,Lum,C2025A6,24576.0,277.0,53.0
local,NVIDIA GeForce RTX 3050 Ti Laptop GPU,"3.12.3 (main, Mar  3 2026, 12:15:18) [GCC 13.3.0]",py312_cuml_always,profiler_cuml_always_v2,iKon936_SDSSg,4.2,15.9517565,412,2026-04-04T07:57:09.685Z,2048,2048,SDSSg,QSO0957+561,4096.0,95.0,72.0
hp3,NVIDIA L40S,"3.12.3 (main, Mar  3 2026, 12:15:18) [GCC 13.3.0]",py312_cuml_always,profiler_cuml_always_v2,QHY600-3_Lum,6.8,5.3765,112,2026-04-04T07:58:28.934Z,3191,2129,Lum,C2025R2,46068.0,430.0,35.0
azken,NVIDIA H100 PCIe,"3.12.3 (main, Mar  3 2026, 12:15:18) [GCC 13.3.0]",py312_cuml_always,profiler_cuml_always_v2,iKon936_Lum,4.2,7.6648865,296,2026-04-04T07:58:39.126Z,2048,2048,Lum,C2025A6,81559.0,458.0,43.0
hp3,NVIDIA L40S,"3.12.3 (main, Mar  3 2026, 12:15:18) [GCC 13.3.0]",py312_cuml_always,profiler_cuml_always_v2,QHY600-3_Lum,6.8,5.6195416,112,2026-04-04T07:58:40.038Z,3191,2129,Lum,C2025R2,46068.0,430.0,36.0
ttt_server,NVIDIA GeForce RTX 3090,"3.12.3 (main, Mar  3 2026, 12:15:18) [GCC 13.3.0]",py312_cuml_always,profiler_cuml_always_v2,QHY600-3_Lum,6.8,8.135123,112,2026-04-04T07:58:42.451Z,3191,2129,Lum,C2025R2,24576.0,277.0,54.0
lenovo_tttserver,NVIDIA A100-SXM4-80GB,"3.12.3 (main, Mar  3 2026, 12:15:18) [GCC 13.3.0]",py312_cuml_always,profiler_cuml_always_v2,QHY600-3_Lum,6.8,4.091874,112,2026-04-04T07:58:41.132Z,3191,2129,Lum,C2025R2,81920.0,424.0,34.0
ttt1,NVIDIA GeForce RTX 3060,"3.12.3 (main, Mar  3 2026, 12:15:18) [GCC 13.3.0]",py312_cuml_always,profiler_cuml_always_v2,QHY600-3_Lum,6.8,7.242589,112,2026-04-04T07:59:10.330Z,3191,2129,Lum,C2025R2,12288.0,142.0,48.0
hp3,NVIDIA L40S,"3.12.3 (main, Mar  3 2026, 12:15:18) [GCC 13.3.0]",py312_cuml_always,profiler_cuml_always_v2,QHY600-3_Lum,6.8,5.4364777,112,2026-04-04T07:59:07.819Z,3191,2129,Lum,C2025R2,46068.0,430.0,36.0
azken,NVIDIA H100 PCIe,"3.12.3 (main, Mar  3 2026, 12:15:18) [GCC 13.3.0]",py312_cuml_always,profiler_cuml_always_v2,iKon936_Lum,4.2,8.547214,296,2026-04-04T07:59:13.148Z,2048,2048,Lum,C2025A6,81559.0,458.0,42.0
ttt_server,NVIDIA GeForce RTX 3090,"3.12.3 (main, Mar  3 2026, 12:15:18) [GCC 13.3.0]",py312_cuml_always,profiler_cuml_always_v2,QHY600-3_Lum,6.8,8.341444,112,2026-04-04T07:59:12.343Z,3191,2129,Lum,C2025R2,24576.0,277.0,54.0
lenovo_tttserver,NVIDIA A100-SXM4-80GB,"3.12.3 (main, Mar  3 2026, 12:15:18) [GCC 13.3.0]",py312_cuml_always,profiler_cuml_always_v2,QHY600-3_Lum,6.8,4.8963165,112,2026-04-04T07:59:27.374Z,3191,2129,Lum,C2025R2,81920.0,424.0,34.0
hp3,NVIDIA L40S,"3.12.3 (main, Mar  3 2026, 12:15:18) [GCC 13.3.0]",py312_cuml_always,profiler_cuml_always_v2,QHY600-3_Lum,6.8,5.780496,112,2026-04-04T07:59:18.482Z,3191,2129,Lum,C2025R2,46068.0,430.0,37.0
local,NVIDIA GeForce RTX 3050 Ti Laptop GPU,"3.12.3 (main, Mar  3 2026, 12:15:18) [GCC 13.3.0]",py312_cuml_always,profiler_cuml_always_v2,iKon936_Lum,4.2,22.740158,296,2026-04-04T07:59:22.740Z,2048,2048,Lum,C2025A6,4096.0,95.0,74.0
lenovo_tttserver,NVIDIA A100-SXM4-80GB,"3.12.3 (main, Mar  3 2026, 12:15:18) [GCC 13.3.0]",py312_cuml_always,profiler_cuml_always_v2,QHY600-3_Lum,6.8,4.595269,112,2026-04-04T07:59:16.029Z,3191,2129,Lum,C2025R2,81920.0,424.0,34.0
ttt_server,NVIDIA GeForce RTX 3090,"3.12.3 (main, Mar  3 2026, 12:15:18) [GCC 13.3.0]",py312_cuml_always,profiler_cuml_always_v2,QHY600-3_Lum,6.8,7.985052,112,2026-04-04T07:59:26.724Z,3191,2129,Lum,C2025R2,24576.0,277.0,54.0
lenovo_tttserver,NVIDIA A100-SXM4-80GB,"3.12.3 (main, Mar  3 2026, 12:15:18) [GCC 13.3.0]",py312_cuml_always,profiler_cuml_always_v2,QHY411-1_Lum_full,151.2,66.50493,428,2026-04-04T08:21:20.973Z,14200,10650,Lum,2025PR1,81920.0,424.0,31.0
hp3,NVIDIA L40S,"3.12.3 (main, Mar  3 2026, 12:15:18) [GCC 13.3.0]",py312_cuml_always,profiler_cuml_always_v2,QHY411-1_Lum_full,151.2,85.581985,428,2026-04-04T08:21:23.136Z,14200,10650,Lum,2025PR1,46068.0,430.0,43.0
azken,NVIDIA H100 PCIe,"3.12.3 (main, Mar  3 2026, 12:15:18) [GCC 13.3.0]",py312_cuml_always,profiler_cuml_always_v2,QHY411-1_Lum_full,151.2,35.139324,428,2026-04-04T08:21:37.495Z,14200,10650,Lum,2025PR1,81559.0,458.0,44.0
azken,NVIDIA H100 PCIe,"3.12.3 (main, Mar  3 2026, 12:15:18) [GCC 13.3.0]",py312_cuml_always,profiler_cuml_always_v2,QHY411-1_Lum_full,151.2,33.92383,428,2026-04-04T08:22:21.516Z,14200,10650,Lum,2025PR1,81559.0,458.0,47.0
lenovo_tttserver,NVIDIA A100-SXM4-80GB,"3.12.3 (main, Mar  3 2026, 12:15:18) [GCC 13.3.0]",py312_cuml_always,profiler_cuml_always_v2,QHY411-1_Lum_full,151.2,67.01685,428,2026-04-04T08:22:35.364Z,14200,10650,Lum,2025PR1,81920.0,424.0,31.0
hp3,NVIDIA L40S,"3.12.3 (main, Mar  3 2026, 12:15:18) [GCC 13.3.0]",py312_cuml_always,profiler_cuml_always_v2,QHY411-1_Lum_full,151.2,84.99159,428,2026-04-04T08:22:57.192Z,14200,10650,Lum,2025PR1,46068.0,430.0,48.0
azken,NVIDIA H100 PCIe,"3.12.3 (main, Mar  3 2026, 12:15:18) [GCC 13.3.0]",py312_cuml_always,profiler_cuml_always_v2,QHY411-1_Lum_full,151.2,31.512814,428,2026-04-04T08:23:01.540Z,14200,10650,Lum,2025PR1,81559.0,458.0,50.0
lenovo_tttserver,NVIDIA A100-SXM4-80GB,"3.12.3 (main, Mar  3 2026, 12:15:18) [GCC 13.3.0]",py312_cuml_always,profiler_cuml_always_v2,QHY411-1_Lum_full,151.2,66.83906,428,2026-04-04T08:23:49.287Z,14200,10650,Lum,2025PR1,81920.0,424.0,32.0
azken,NVIDIA H100 PCIe,"3.12.3 (main, Mar  3 2026, 12:15:18) [GCC 13.3.0]",py312_cuml_always,profiler_cuml_always_v2,QHY411-1_Lum_full,151.2,31.16913,428,2026-04-04T08:23:41.624Z,14200,10650,Lum,2025PR1,81559.0,458.0,51.0
azken,NVIDIA H100 PCIe,"3.12.3 (main, Mar  3 2026, 12:15:18) [GCC 13.3.0]",py312_cuml_always,profiler_cuml_always_v2,QHY411-1_Lum_full,151.2,33.23528,428,2026-04-04T08:24:24.584Z,14200,10650,Lum,2025PR1,81559.0,458.0,53.0
hp3,NVIDIA L40S,"3.12.3 (main, Mar  3 2026, 12:15:18) [GCC 13.3.0]",py312_cuml_always,profiler_cuml_always_v2,QHY411-1_Lum_full,151.2,84.951416,428,2026-04-04T08:24:30.910Z,14200,10650,Lum,2025PR1,46068.0,430.0,48.0
azken,NVIDIA H100 PCIe,"3.12.3 (main, Mar  3 2026, 12:15:18) [GCC 13.3.0]",py312_cuml_always,profiler_cuml_always_v2,QHY411-1_Lum_full,151.2,30.003033,428,2026-04-04T08:25:03.275Z,14200,10650,Lum,2025PR1,81559.0,458.0,54.0
lenovo_tttserver,NVIDIA A100-SXM4-80GB,"3.12.3 (main, Mar  3 2026, 12:15:18) [GCC 13.3.0]",py312_cuml_always,profiler_cuml_always_v2,QHY411-1_Lum_full,151.2,66.46416,428,2026-04-04T08:25:02.520Z,14200,10650,Lum,2025PR1,81920.0,424.0,32.0
azken,NVIDIA H100 PCIe,"3.12.3 (main, Mar  3 2026, 12:15:18) [GCC 13.3.0]",py312_cuml_always,profiler_cuml_always_v2,QHY411-1_Lum_full,151.2,31.462091,428,2026-04-04T08:25:44.298Z,14200,10650,Lum,2025PR1,81559.0,458.0,56.0
hp3,NVIDIA L40S,"3.12.3 (main, Mar  3 2026, 12:15:18) [GCC 13.3.0]",py312_cuml_always,profiler_cuml_always_v2,QHY411-1_Lum_full,151.2,85.31136,428,2026-04-04T08:26:05.144Z,14200,10650,Lum,2025PR1,46068.0,430.0,51.0
lenovo_tttserver,NVIDIA A100-SXM4-80GB,"3.12.3 (main, Mar  3 2026, 12:15:18) [GCC 13.3.0]",py312_cuml_always,profiler_cuml_always_v2,QHY411-1_Lum_full,151.2,66.07986,428,2026-04-04T08:26:15.410Z,14200,10650,Lum,2025PR1,81920.0,424.0,33.0
hp3,NVIDIA L40S,"3.12.3 (main, Mar  3 2026, 12:15:18) [GCC 13.3.0]",py312_cuml_adaptive,profiler_cuml_adaptive_v2,QHY411-3_Lum_full,151.2,114.462875,18888,2026-04-04T09:59:21.971Z,14200,10650,Lum,24P,46068.0,430.0,52.0
lenovo_tttserver,NVIDIA A100-SXM4-80GB,"3.12.3 (main, Mar  3 2026, 12:15:18) [GCC 13.3.0]",py312_cuml_adaptive,profiler_cuml_adaptive_v2,QHY411-3_Lum_full,151.2,107.065895,18888,2026-04-04T10:06:30.857Z,14200,10650,Lum,24P,81920.0,424.0,33.0
azken,NVIDIA H100 PCIe,"3.12.3 (main, Mar  3 2026, 12:15:18) [GCC 13.3.0]",py312_cuml_adaptive,profiler_cuml_adaptive_v2,QHY411-3_SDSSr_full,151.2,78.64137,14241,2026-04-04T10:07:02.275Z,14200,10650,SDSSr,M81,81559.0,458.0,44.0
hp3,NVIDIA L40S,"3.12.3 (main, Mar  3 2026, 12:15:18) [GCC 13.3.0]",py312_cuml_adaptive,profiler_cuml_adaptive_v2,QHY411-3_Lum_full,151.2,86.392426,18888,2026-04-04T10:07:26.151Z,14200,10650,Lum,24P,46068.0,430.0,42.0
azken,NVIDIA H100 PCIe,"3.12.3 (main, Mar  3 2026, 12:15:18) [GCC 13.3.0]",py312_cuml_adaptive,profiler_cuml_adaptive_v2,QHY411-3_Lum_full,151.2,78.80925,18888,2026-04-04T09:58:50.423Z,14200,10650,Lum,24P,81559.0,458.0,39.0
lenovo_tttserver,NVIDIA A100-SXM4-80GB,"3.12.3 (main, Mar  3 2026, 12:15:18) [GCC 13.3.0]",py312_cuml_adaptive,profiler_cuml_adaptive_v2,QHY411-3_Lum_full,151.2,106.52056,18888,2026-04-04T10:00:49.601Z,14200,10650,Lum,24P,81920.0,424.0,30.0
azken,NVIDIA H100 PCIe,"3.12.3 (main, Mar  3 2026, 12:15:18) [GCC 13.3.0]",py312_cuml_adaptive,profiler_cuml_adaptive_v2,QHY411-3_Lum_full,151.2,78.29387,18888,2026-04-04T10:05:34.253Z,14200,10650,Lum,24P,81559.0,458.0,43.0
lenovo_tttserver,NVIDIA A100-SXM4-80GB,"3.12.3 (main, Mar  3 2026, 12:15:18) [GCC 13.3.0]",py312_cuml_adaptive,profiler_cuml_adaptive_v2,QHY411-3_Lum_full,151.2,106.443184,18888,2026-04-04T10:04:36.828Z,14200,10650,Lum,24P,81920.0,424.0,32.0
hp3,NVIDIA L40S,"3.12.3 (main, Mar  3 2026, 12:15:18) [GCC 13.3.0]",py312_cuml_adaptive,profiler_cuml_adaptive_v2,QHY411-3_Lum_full,151.2,88.29799,18888,2026-04-04T10:05:50.844Z,14200,10650,Lum,24P,46068.0,430.0,41.0
lenovo_tttserver,NVIDIA A100-SXM4-80GB,"3.12.3 (main, Mar  3 2026, 12:15:18) [GCC 13.3.0]",py312_cuml_adaptive,profiler_cuml_adaptive_v2,QHY411-3_Lum_full,151.2,109.222786,18888,2026-04-04T10:08:26.832Z,14200,10650,Lum,24P,81920.0,424.0,34.0
hp3,NVIDIA L40S,"3.12.3 (main, Mar  3 2026, 12:15:18) [GCC 13.3.0]",py312_cuml_adaptive,profiler_cuml_adaptive_v2,QHY411-3_Lum_full,151.2,88.97482,18888,2026-04-04T10:00:59.285Z,14200,10650,Lum,24P,46068.0,430.0,43.0
azken,NVIDIA H100 PCIe,"3.12.3 (main, Mar  3 2026, 12:15:18) [GCC 13.3.0]",py312_cuml_adaptive,profiler_cuml_adaptive_v2,QHY411-3_Lum_full,151.2,88.63879,18888,2026-04-04T10:04:06.685Z,14200,10650,Lum,24P,81559.0,458.0,41.0
hp3,NVIDIA L40S,"3.12.3 (main, Mar  3 2026, 12:15:18) [GCC 13.3.0]",py312_cuml_adaptive,profiler_cuml_adaptive_v2,QHY411-3_Lum_full,151.2,88.27401,18888,2026-04-04T10:09:02.858Z,14200,10650,Lum,24P,46068.0,430.0,41.0
hp3,NVIDIA L40S,"3.12.3 (main, Mar  3 2026, 12:15:18) [GCC 13.3.0]",py312_cuml_adaptive,profiler_cuml_adaptive_v2,QHY411-1_Lum_full,151.2,86.65459,428,2026-04-04T09:54:16.387Z,14200,10650,Lum,2025PR1,46068.0,430.0,51.0
azken,NVIDIA H100 PCIe,"3.12.3 (main, Mar  3 2026, 12:15:18) [GCC 13.3.0]",py312_cuml_adaptive,profiler_cuml_adaptive_v2,QHY411-3_Lum_full,151.2,93.3219,18888,2026-04-04T09:54:11.813Z,14200,10650,Lum,24P,81559.0,458.0,40.0
lenovo_tttserver,NVIDIA A100-SXM4-80GB,"3.12.3 (main, Mar  3 2026, 12:15:18) [GCC 13.3.0]",py312_cuml_adaptive,profiler_cuml_adaptive_v2,QHY411-3_Lum_full,151.2,112.06724,18888,2026-04-04T09:55:05.948Z,14200,10650,Lum,24P,81920.0,424.0,31.0
azken,NVIDIA H100 PCIe,"3.12.3 (main, Mar  3 2026, 12:15:18) [GCC 13.3.0]",py312_cuml_adaptive,profiler_cuml_adaptive_v2,QHY411-3_Lum_full,151.2,87.1991,18888,2026-04-04T10:00:27.218Z,14200,10650,Lum,24P,81559.0,458.0,40.0
lenovo_tttserver,NVIDIA A100-SXM4-80GB,"3.12.3 (main, Mar  3 2026, 12:15:18) [GCC 13.3.0]",py312_cuml_adaptive,profiler_cuml_adaptive_v2,QHY411-3_Lum_full,151.2,107.02348,18888,2026-04-04T10:02:43.333Z,14200,10650,Lum,24P,81920.0,424.0,30.0
hp3,NVIDIA L40S,"3.12.3 (main, Mar  3 2026, 12:15:18) [GCC 13.3.0]",py312_cuml_adaptive,profiler_cuml_adaptive_v2,QHY411-3_Lum_full,151.2,87.35041,18888,2026-04-04T10:02:35.635Z,14200,10650,Lum,24P,46068.0,430.0,41.0
azken,NVIDIA H100 PCIe,"3.12.3 (main, Mar  3 2026, 12:15:18) [GCC 13.3.0]",py312_cuml_adaptive,profiler_cuml_adaptive_v2,QHY411-3_SDSSr_full,151.2,86.65027,14241,2026-04-04T10:10:17.458Z,14200,10650,SDSSr,M81,81559.0,458.0,44.0
lenovo_tttserver,NVIDIA A100-SXM4-80GB,"3.12.3 (main, Mar  3 2026, 12:15:18) [GCC 13.3.0]",py312_cuml_adaptive,profiler_cuml_adaptive_v2,QHY411-3_Lum_full,151.2,109.643745,18888,2026-04-04T10:10:23.310Z,14200,10650,Lum,24P,81920.0,424.0,34.0
lenovo_tttserver,NVIDIA A100-SXM4-80GB,"3.12.3 (main, Mar  3 2026, 12:15:18) [GCC 13.3.0]",py312_cuml_adaptive,profiler_cuml_adaptive_v2,QHY411-3_Lum_full,151.2,107.78294,18888,2026-04-04T09:58:56.375Z,14200,10650,Lum,24P,81920.0,424.0,30.0
azken,NVIDIA H100 PCIe,"3.12.3 (main, Mar  3 2026, 12:15:18) [GCC 13.3.0]",py312_cuml_adaptive,profiler_cuml_adaptive_v2,QHY411-3_Lum_full,151.2,112.8702,18888,2026-04-04T10:02:28.302Z,14200,10650,Lum,24P,81559.0,458.0,40.0
hp3,NVIDIA L40S,"3.12.3 (main, Mar  3 2026, 12:15:18) [GCC 13.3.0]",py312_cuml_adaptive,profiler_cuml_adaptive_v2,QHY411-3_Lum_full,151.2,89.03188,18888,2026-04-04T10:04:13.567Z,14200,10650,Lum,24P,46068.0,430.0,42.0
azken,NVIDIA H100 PCIe,"3.12.3 (main, Mar  3 2026, 12:15:18) [GCC 13.3.0]",py312_cuml_adaptive,profiler_cuml_adaptive_v2,QHY411-3_SDSSr_full,151.2,89.4144,14241,2026-04-04T10:08:41.250Z,14200,10650,SDSSr,M81,81559.0,458.0,44.0
lenovo_tttserver,NVIDIA A100-SXM4-80GB,"3.12.3 (main, Mar  3 2026, 12:15:18) [GCC 13.3.0]",py312_cuml_adaptive,profiler_cuml_adaptive_v2,QHY411-3_SDSSr_full,151.2,78.3154,14241,2026-04-04T10:27:50.295Z,14200,10650,SDSSr,M81,81920.0,424.0,30.0
hp3,NVIDIA L40S,"3.12.3 (main, Mar  3 2026, 12:15:18) [GCC 13.3.0]",py312_cuml_adaptive,profiler_cuml_adaptive_v2,QHY411-3_SDSSr_full,151.2,65.90164,14241,2026-04-04T10:24:50.400Z,14200,10650,SDSSr,M81,46068.0,430.0,37.0
hp3,NVIDIA L40S,"3.12.3 (main, Mar  3 2026, 12:15:18) [GCC 13.3.0]",py312_cuml_adaptive,profiler_cuml_adaptive_v2,QHY411-3_SDSSr_full,151.2,64.909966,14241,2026-04-04T10:23:35.436Z,14200,10650,SDSSr,M81,46068.0,430.0,37.0
hp3,NVIDIA L40S,"3.12.3 (main, Mar  3 2026, 12:15:18) [GCC 13.3.0]",py312_cuml_adaptive,profiler_cuml_adaptive_v2,QHY411-3_SDSSr_full,151.2,66.970085,14241,2026-04-04T10:26:06.362Z,14200,10650,SDSSr,M81,46068.0,430.0,36.0
hp3,NVIDIA L40S,"3.12.3 (main, Mar  3 2026, 12:15:18) [GCC 13.3.0]",py312_cuml_adaptive,profiler_cuml_adaptive_v2,QHY411-3_SDSSr_full,151.2,64.47155,14241,2026-04-04T10:28:32.798Z,14200,10650,SDSSr,M81,46068.0,430.0,38.0
hp3,NVIDIA L40S,"3.12.3 (main, Mar  3 2026, 12:15:18) [GCC 13.3.0]",py312_cuml_adaptive,profiler_cuml_adaptive_v2,QHY411-3_SDSSr_full,151.2,64.52561,14241,2026-04-04T10:31:01.252Z,14200,10650,SDSSr,M81,46068.0,430.0,39.0
lenovo_tttserver,NVIDIA A100-SXM4-80GB,"3.12.3 (main, Mar  3 2026, 12:15:18) [GCC 13.3.0]",py312_cuml_adaptive,profiler_cuml_adaptive_v2,QHY411-3_SDSSr_full,151.2,79.90301,14241,2026-04-04T10:26:25.114Z,14200,10650,SDSSr,M81,81920.0,424.0,30.0
hp3,NVIDIA L40S,"3.12.3 (main, Mar  3 2026, 12:15:18) [GCC 13.3.0]",py312_cuml_adaptive,profiler_cuml_adaptive_v2,QHY411-3_SDSSr_full,151.2,66.266205,14241,2026-04-04T10:29:47.904Z,14200,10650,SDSSr,M81,46068.0,430.0,39.0
lenovo_tttserver,NVIDIA A100-SXM4-80GB,"3.12.3 (main, Mar  3 2026, 12:15:18) [GCC 13.3.0]",py312_cuml_adaptive,profiler_cuml_adaptive_v2,QHY411-3_SDSSr_full,151.2,78.356705,14241,2026-04-04T10:24:58.435Z,14200,10650,SDSSr,M81,81920.0,424.0,31.0
hp3,NVIDIA L40S,"3.12.3 (main, Mar  3 2026, 12:15:18) [GCC 13.3.0]",py312_cuml_adaptive,profiler_cuml_adaptive_v2,QHY411-3_SDSSr_full,151.2,65.669464,14241,2026-04-04T10:27:19.404Z,14200,10650,SDSSr,M81,46068.0,430.0,36.0
hp3,NVIDIA L40S,"3.12.3 (main, Mar  3 2026, 12:15:18) [GCC 13.3.0]",py312_cuml_adaptive,profiler_cuml_adaptive_v2,QHY411-3_SDSSr_full,151.2,63.402195,14241,2026-04-04T10:32:13.409Z,14200,10650,SDSSr,M81,46068.0,430.0,40.0
lenovo_tttserver,NVIDIA A100-SXM4-80GB,"3.12.3 (main, Mar  3 2026, 12:15:18) [GCC 13.3.0]",py312_cuml_adaptive,profiler_cuml_adaptive_v2,QHY411-3_SDSSr_full,151.2,80.18954,14241,2026-04-04T10:19:16.097Z,14200,10650,SDSSr,M81,81920.0,424.0,32.0
lenovo_tttserver,NVIDIA A100-SXM4-80GB,"3.12.3 (main, Mar  3 2026, 12:15:18) [GCC 13.3.0]",py312_cuml_adaptive,profiler_cuml_adaptive_v2,QHY411-3_SDSSr_full,151.2,78.79956,14241,2026-04-04T10:20:41.790Z,14200,10650,SDSSr,M81,81920.0,424.0,32.0
hp3,NVIDIA L40S,"3.12.3 (main, Mar  3 2026, 12:15:18) [GCC 13.3.0]",py312_cuml_adaptive,profiler_cuml_adaptive_v2,QHY411-1_Lum_full,151.2,85.19879,428,2026-04-04T09:49:31.233Z,14200,10650,Lum,2025PR1,46068.0,430.0,51.0
azken,NVIDIA H100 PCIe,"3.12.3 (main, Mar  3 2026, 12:15:18) [GCC 13.3.0]",py312_cuml_adaptive,profiler_cuml_adaptive_v2,QHY411-3_Lum_full,151.2,107.01274,18888,2026-04-04T09:48:48.435Z,14200,10650,Lum,24P,81559.0,458.0,40.0
lenovo_tttserver,NVIDIA A100-SXM4-80GB,"3.12.3 (main, Mar  3 2026, 12:15:18) [GCC 13.3.0]",py312_cuml_adaptive,profiler_cuml_adaptive_v2,QHY411-3_Lum_full,151.2,106.71591,18888,2026-04-04T09:51:09.833Z,14200,10650,Lum,24P,81920.0,424.0,31.0
hp3,NVIDIA L40S,"3.12.3 (main, Mar  3 2026, 12:15:18) [GCC 13.3.0]",py312_cuml_adaptive,profiler_cuml_adaptive_v2,QHY411-1_Lum_full,151.2,85.0307,428,2026-04-04T09:51:04.889Z,14200,10650,Lum,2025PR1,46068.0,430.0,51.0
azken,NVIDIA H100 PCIe,"3.12.3 (main, Mar  3 2026, 12:15:18) [GCC 13.3.0]",py312_cuml_adaptive,profiler_cuml_adaptive_v2,QHY411-3_Lum_full,151.2,117.02385,18888,2026-04-04T09:50:53.283Z,14200,10650,Lum,24P,81559.0,458.0,41.0
hp3,NVIDIA L40S,"3.12.3 (main, Mar  3 2026, 12:15:18) [GCC 13.3.0]",py312_cuml_adaptive,profiler_cuml_adaptive_v2,QHY411-1_Lum_full,151.2,85.212265,428,2026-04-04T09:55:47.923Z,14200,10650,Lum,2025PR1,46068.0,430.0,48.0
hp3,NVIDIA L40S,"3.12.3 (main, Mar  3 2026, 12:15:18) [GCC 13.3.0]",py312_cuml_adaptive,profiler_cuml_adaptive_v2,QHY411-1_Lum_full,151.2,84.82866,428,2026-04-04T09:47:57.386Z,14200,10650,Lum,2025PR1,46068.0,430.0,50.0
hp3,NVIDIA L40S,"3.12.3 (main, Mar  3 2026, 12:15:18) [GCC 13.3.0]",py312_cuml_adaptive,profiler_cuml_adaptive_v2,QHY411-1_Lum_full,151.2,85.1788,428,2026-04-04T09:44:49.721Z,14200,10650,Lum,2025PR1,46068.0,430.0,46.0
lenovo_tttserver,NVIDIA A100-SXM4-80GB,"3.12.3 (main, Mar  3 2026, 12:15:18) [GCC 13.3.0]",py312_cuml_adaptive,profiler_cuml_adaptive_v2,QHY411-1_Lum_full,151.2,66.74409,428,2026-04-04T09:46:42.810Z,14200,10650,Lum,2025PR1,81920.0,424.0,33.0
hp3,NVIDIA L40S,"3.12.3 (main, Mar  3 2026, 12:15:18) [GCC 13.3.0]",py312_cuml_adaptive,profiler_cuml_adaptive_v2,QHY411-1_Lum_full,151.2,86.789314,428,2026-04-04T09:52:40.624Z,14200,10650,Lum,2025PR1,46068.0,430.0,51.0
lenovo_tttserver,NVIDIA A100-SXM4-80GB,"3.12.3 (main, Mar  3 2026, 12:15:18) [GCC 13.3.0]",py312_cuml_adaptive,profiler_cuml_adaptive_v2,QHY411-3_Lum_full,151.2,109.26161,18888,2026-04-04T09:57:01.976Z,14200,10650,Lum,24P,81920.0,424.0,30.0
lenovo_tttserver,NVIDIA A100-SXM4-80GB,"3.12.3 (main, Mar  3 2026, 12:15:18) [GCC 13.3.0]",py312_cuml_adaptive,profiler_cuml_adaptive_v2,QHY411-1_Lum_full,151.2,66.56013,428,2026-04-04T09:45:29.361Z,14200,10650,Lum,2025PR1,81920.0,424.0,32.0
lenovo_tttserver,NVIDIA A100-SXM4-80GB,"3.12.3 (main, Mar  3 2026, 12:15:18) [GCC 13.3.0]",py312_cuml_adaptive,profiler_cuml_adaptive_v2,QHY411-3_Lum_full,151.2,146.91356,18888,2026-04-04T09:49:16.419Z,14200,10650,Lum,24P,81920.0,424.0,32.0
azken,NVIDIA H100 PCIe,"3.12.3 (main, Mar  3 2026, 12:15:18) [GCC 13.3.0]",py312_cuml_adaptive,profiler_cuml_adaptive_v2,QHY411-1_Lum_full,151.2,34.453438,428,2026-04-04T09:44:16.372Z,14200,10650,Lum,2025PR1,81559.0,458.0,52.0
hp3,NVIDIA L40S,"3.12.3 (main, Mar  3 2026, 12:15:18) [GCC 13.3.0]",py312_cuml_adaptive,profiler_cuml_adaptive_v2,QHY411-1_Lum_full,151.2,85.06933,428,2026-04-04T09:46:23.744Z,14200,10650,Lum,2025PR1,46068.0,430.0,49.0
azken,NVIDIA H100 PCIe,"3.12.3 (main, Mar  3 2026, 12:15:18) [GCC 13.3.0]",py312_cuml_adaptive,profiler_cuml_adaptive_v2,QHY411-3_Lum_full,151.2,145.77995,18888,2026-04-04T09:46:51.416Z,14200,10650,Lum,24P,81559.0,458.0,53.0
lenovo_tttserver,NVIDIA A100-SXM4-80GB,"3.12.3 (main, Mar  3 2026, 12:15:18) [GCC 13.3.0]",py312_cuml_adaptive,profiler_cuml_adaptive_v2,QHY411-3_Lum_full,151.2,110.53142,18888,2026-04-04T09:53:07.110Z,14200,10650,Lum,24P,81920.0,424.0,31.0
azken,NVIDIA H100 PCIe,"3.12.3 (main, Mar  3 2026, 12:15:18) [GCC 13.3.0]",py312_cuml_adaptive,profiler_cuml_adaptive_v2,QHY411-3_Lum_full,151.2,82.96715,18888,2026-04-04T09:55:44.876Z,14200,10650,Lum,24P,81559.0,458.0,39.0
lenovo_tttserver,NVIDIA A100-SXM4-80GB,"3.12.3 (main, Mar  3 2026, 12:15:18) [GCC 13.3.0]",py312_cuml_adaptive,profiler_cuml_adaptive_v2,QHY411-1_Lum_full,151.2,66.465164,428,2026-04-04T09:44:15.862Z,14200,10650,Lum,2025PR1,81920.0,424.0,32.0
azken,NVIDIA H100 PCIe,"3.12.3 (main, Mar  3 2026, 12:15:18) [GCC 13.3.0]",py312_cuml_adaptive,profiler_cuml_adaptive_v2,QHY411-3_Lum_full,151.2,87.04391,18888,2026-04-04T09:52:29.640Z,14200,10650,Lum,24P,81559.0,458.0,40.0
hp3,NVIDIA L40S,"3.12.3 (main, Mar  3 2026, 12:15:18) [GCC 13.3.0]",py312_cuml_adaptive,profiler_cuml_adaptive_v2,QHY411-1_Lum_full,151.2,85.1517,428,2026-04-04T09:57:21.294Z,14200,10650,Lum,2025PR1,46068.0,430.0,50.0
azken,NVIDIA H100 PCIe,"3.12.3 (main, Mar  3 2026, 12:15:18) [GCC 13.3.0]",py312_cuml_adaptive,profiler_cuml_adaptive_v2,QHY411-3_Lum_full,151.2,87.62417,18888,2026-04-04T09:57:22.070Z,14200,10650,Lum,24P,81559.0,458.0,40.0
azken,NVIDIA H100 PCIe,"3.12.3 (main, Mar  3 2026, 12:15:18) [GCC 13.3.0]",py312_cuml_adaptive,profiler_cuml_adaptive_v2,QHY411-3_SDSSr_full,151.2,60.166786,14241,2026-04-04T10:12:34.129Z,14200,10650,SDSSr,M81,81559.0,458.0,46.0
azken,NVIDIA H100 PCIe,"3.12.3 (main, Mar  3 2026, 12:15:18) [GCC 13.3.0]",py312_cuml_adaptive,profiler_cuml_adaptive_v2,QHY411-3_SDSSr_full,151.2,62.35852,14241,2026-04-04T10:13:45.216Z,14200,10650,SDSSr,M81,81559.0,458.0,46.0
lenovo_tttserver,NVIDIA A100-SXM4-80GB,"3.12.3 (main, Mar  3 2026, 12:15:18) [GCC 13.3.0]",py312_cuml_adaptive,profiler_cuml_adaptive_v2,QHY411-3_SDSSr_full,151.2,78.38487,14241,2026-04-04T10:13:29.837Z,14200,10650,SDSSr,M81,81920.0,424.0,36.0
azken,NVIDIA H100 PCIe,"3.12.3 (main, Mar  3 2026, 12:15:18) [GCC 13.3.0]",py312_cuml_adaptive,profiler_cuml_adaptive_v2,QHY411-3_SDSSr_full,151.2,58.48632,14241,2026-04-04T10:11:25.139Z,14200,10650,SDSSr,M81,81559.0,458.0,45.0
lenovo_tttserver,NVIDIA A100-SXM4-80GB,"3.12.3 (main, Mar  3 2026, 12:15:18) [GCC 13.3.0]",py312_cuml_adaptive,profiler_cuml_adaptive_v2,QHY411-3_SDSSr_full,151.2,94.48071,14241,2026-04-04T10:12:04.659Z,14200,10650,SDSSr,M81,81920.0,424.0,35.0
hp3,NVIDIA L40S,"3.12.3 (main, Mar  3 2026, 12:15:18) [GCC 13.3.0]",py312_cuml_adaptive,profiler_cuml_adaptive_v2,QHY411-3_Lum_full,151.2,88.56382,18888,2026-04-04T10:10:40.554Z,14200,10650,Lum,24P,46068.0,430.0,41.0
hp3,NVIDIA L40S,"3.12.3 (main, Mar  3 2026, 12:15:18) [GCC 13.3.0]",py312_cuml_adaptive,profiler_cuml_adaptive_v2,QHY411-3_Lum_full,151.2,87.72492,18888,2026-04-04T10:13:53.639Z,14200,10650,Lum,24P,46068.0,430.0,39.0
lenovo_tttserver,NVIDIA A100-SXM4-80GB,"3.12.3 (main, Mar  3 2026, 12:15:18) [GCC 13.3.0]",py312_cuml_adaptive,profiler_cuml_adaptive_v2,QHY411-3_SDSSr_full,151.2,79.98423,14241,2026-04-04T10:16:24.086Z,14200,10650,SDSSr,M81,81920.0,424.0,33.0
hp3,NVIDIA L40S,"3.12.3 (main, Mar  3 2026, 12:15:18) [GCC 13.3.0]",py312_cuml_adaptive,profiler_cuml_adaptive_v2,QHY411-3_Lum_full,151.2,89.90288,18888,2026-04-04T10:12:17.699Z,14200,10650,Lum,24P,46068.0,430.0,41.0
lenovo_tttserver,NVIDIA A100-SXM4-80GB,"3.12.3 (main, Mar  3 2026, 12:15:18) [GCC 13.3.0]",py312_cuml_adaptive,profiler_cuml_adaptive_v2,QHY411-3_SDSSr_full,151.2,80.629555,14241,2026-04-04T10:14:57.229Z,14200,10650,SDSSr,M81,81920.0,424.0,34.0
azken,NVIDIA H100 PCIe,"3.12.3 (main, Mar  3 2026, 12:15:18) [GCC 13.3.0]",py312_cuml_adaptive,profiler_cuml_adaptive_v2,QHY411-3_SDSSr_full,151.2,58.01735,14241,2026-04-04T10:14:52.291Z,14200,10650,SDSSr,M81,81559.0,458.0,45.0
hp3,NVIDIA L40S,"3.12.3 (main, Mar  3 2026, 12:15:18) [GCC 13.3.0]",py312_cuml_adaptive,profiler_cuml_adaptive_v2,QHY411-3_Lum_full,151.2,91.680855,18888,2026-04-04T10:15:34.179Z,14200,10650,Lum,24P,46068.0,430.0,36.0
hp3,NVIDIA L40S,"3.12.3 (main, Mar  3 2026, 12:15:18) [GCC 13.3.0]",py312_cuml_adaptive,profiler_cuml_adaptive_v2,QHY411-3_Lum_full,151.2,90.0781,18888,2026-04-04T10:17:13.037Z,14200,10650,Lum,24P,46068.0,430.0,36.0
hp3,NVIDIA L40S,"3.12.3 (main, Mar  3 2026, 12:15:18) [GCC 13.3.0]",py312_cuml_adaptive,profiler_cuml_adaptive_v2,QHY411-3_SDSSr_full,151.2,64.36365,14241,2026-04-04T10:19:55.114Z,14200,10650,SDSSr,M81,46068.0,430.0,36.0
azken,NVIDIA H100 PCIe,"3.12.3 (main, Mar  3 2026, 12:15:18) [GCC 13.3.0]",py312_cuml_adaptive,profiler_cuml_adaptive_v2,QHY411-3_SDSSr_full,151.2,65.6194,14241,2026-04-04T10:16:07.246Z,14200,10650,SDSSr,M81,81559.0,458.0,44.0
azken,NVIDIA H100 PCIe,"3.12.3 (main, Mar  3 2026, 12:15:18) [GCC 13.3.0]",py312_cuml_adaptive,profiler_cuml_adaptive_v2,QHY411-3_SDSSr_full,151.2,59.077614,14241,2026-04-04T10:19:34.151Z,14200,10650,SDSSr,M81,81559.0,458.0,42.0
lenovo_tttserver,NVIDIA A100-SXM4-80GB,"3.12.3 (main, Mar  3 2026, 12:15:18) [GCC 13.3.0]",py312_cuml_adaptive,profiler_cuml_adaptive_v2,QHY411-3_SDSSr_full,151.2,79.35007,14241,2026-04-04T10:22:07.923Z,14200,10650,SDSSr,M81,81920.0,424.0,32.0
hp3,NVIDIA L40S,"3.12.3 (main, Mar  3 2026, 12:15:18) [GCC 13.3.0]",py312_cuml_adaptive,profiler_cuml_adaptive_v2,QHY411-3_SDSSr_full,151.2,64.31247,14241,2026-04-04T10:22:21.487Z,14200,10650,SDSSr,M81,46068.0,430.0,36.0
azken,NVIDIA H100 PCIe,"3.12.3 (main, Mar  3 2026, 12:15:18) [GCC 13.3.0]",py312_cuml_adaptive,profiler_cuml_adaptive_v2,QHY411-3_SDSSr_full,151.2,62.787624,14241,2026-04-04T10:17:18.983Z,14200,10650,SDSSr,M81,81559.0,458.0,43.0
azken,NVIDIA H100 PCIe,"3.12.3 (main, Mar  3 2026, 12:15:18) [GCC 13.3.0]",py312_cuml_adaptive,profiler_cuml_adaptive_v2,QHY411-3_SDSSr_full,151.2,85.42577,14241,2026-04-04T10:21:09.344Z,14200,10650,SDSSr,M81,81559.0,458.0,41.0
hp3,NVIDIA L40S,"3.12.3 (main, Mar  3 2026, 12:15:18) [GCC 13.3.0]",py312_cuml_adaptive,profiler_cuml_adaptive_v2,QHY411-3_SDSSr_full,151.2,64.36346,14241,2026-04-04T10:21:08.132Z,14200,10650,SDSSr,M81,46068.0,430.0,36.0
azken,NVIDIA H100 PCIe,"3.12.3 (main, Mar  3 2026, 12:15:18) [GCC 13.3.0]",py312_cuml_adaptive,profiler_cuml_adaptive_v2,QHY411-3_SDSSr_full,151.2,58.754425,14241,2026-04-04T10:18:26.729Z,14200,10650,SDSSr,M81,81559.0,458.0,42.0
lenovo_tttserver,NVIDIA A100-SXM4-80GB,"3.12.3 (main, Mar  3 2026, 12:15:18) [GCC 13.3.0]",py312_cuml_adaptive,profiler_cuml_adaptive_v2,QHY411-3_SDSSr_full,151.2,78.45555,14241,2026-04-04T10:17:49.293Z,14200,10650,SDSSr,M81,81920.0,424.0,33.0
hp3,NVIDIA L40S,"3.12.3 (main, Mar  3 2026, 12:15:18) [GCC 13.3.0]",py312_cuml_adaptive,profiler_cuml_adaptive_v2,QHY411-3_SDSSr_full,151.2,79.75325,14241,2026-04-04T10:18:41.887Z,14200,10650,SDSSr,M81,46068.0,430.0,36.0
lenovo_tttserver,NVIDIA A100-SXM4-80GB,"3.12.3 (main, Mar  3 2026, 12:15:18) [GCC 13.3.0]",py312_cuml_adaptive,profiler_cuml_adaptive_v2,QHY411-3_SDSSr_full,151.2,78.13721,14241,2026-04-04T10:23:33.223Z,14200,10650,SDSSr,M81,81920.0,424.0,32.0
ttt_server,NVIDIA GeForce RTX 3090,"3.12.3 (main, Mar  3 2026, 12:15:18) [GCC 13.3.0]",py312_cuml_adaptive,profiler_cuml_adaptive_v2,iKon936_Lum,4.2,8.608276,296,2026-04-04T08:29:16.203Z,2048,2048,Lum,C2025A6,24576.0,277.0,54.0
ttt1,NVIDIA GeForce RTX 3060,"3.12.3 (main, Mar  3 2026, 12:15:18) [GCC 13.3.0]",py312_cuml_adaptive,profiler_cuml_adaptive_v2,QHY600-3_Lum,6.8,7.066638,112,2026-04-04T08:29:18.034Z,3191,2129,Lum,C2025R2,12288.0,142.0,49.0
ttt_server,NVIDIA GeForce RTX 3090,"3.12.3 (main, Mar  3 2026, 12:15:18) [GCC 13.3.0]",py312_cuml_adaptive,profiler_cuml_adaptive_v2,QHY600-3_Lum,6.8,8.071682,112,2026-04-04T08:30:43.623Z,3191,2129,Lum,C2025R2,24576.0,277.0,53.0
ttt1,NVIDIA GeForce RTX 3060,"3.12.3 (main, Mar  3 2026, 12:15:18) [GCC 13.3.0]",py312_cuml_adaptive,profiler_cuml_adaptive_v2,QHY600-4_SDSSg,15.3,19.754393,218,2026-04-04T08:31:03.917Z,4787,3193,SDSSg,WASP-43-b,12288.0,142.0,50.0
ttt_server,NVIDIA GeForce RTX 3090,"3.12.3 (main, Mar  3 2026, 12:15:18) [GCC 13.3.0]",py312_cuml_adaptive,profiler_cuml_adaptive_v2,QHY600-3_Lum,6.8,8.234665,112,2026-04-04T08:30:58.919Z,3191,2129,Lum,C2025R2,24576.0,277.0,54.0
ttt_server,NVIDIA GeForce RTX 3090,"3.12.3 (main, Mar  3 2026, 12:15:18) [GCC 13.3.0]",py312_cuml_adaptive,profiler_cuml_adaptive_v2,QHY600-3_Lum,6.8,8.223555,112,2026-04-04T08:31:13.811Z,3191,2129,Lum,C2025R2,24576.0,277.0,53.0
ttt1,NVIDIA GeForce RTX 3060,"3.12.3 (main, Mar  3 2026, 12:15:18) [GCC 13.3.0]",py312_cuml_adaptive,profiler_cuml_adaptive_v2,QHY600-4_Ha,15.3,16.371231,318,2026-04-04T08:37:12.056Z,4787,3193,Ha,NGC2903,12288.0,142.0,52.0
ttt_server,NVIDIA GeForce RTX 3090,"3.12.3 (main, Mar  3 2026, 12:15:18) [GCC 13.3.0]",py312_cuml_adaptive,profiler_cuml_adaptive_v2,QHY600-4_SDSSg,15.3,15.922852,218,2026-04-04T08:37:12.331Z,4787,3193,SDSSg,WASP-43-b,24576.0,277.0,54.0
ttt1,NVIDIA GeForce RTX 3060,"3.12.3 (main, Mar  3 2026, 12:15:18) [GCC 13.3.0]",py312_cuml_adaptive,profiler_cuml_adaptive_v2,QHY600-4_Ha,15.3,16.421022,318,2026-04-04T08:37:32.973Z,4787,3193,Ha,NGC2903,12288.0,142.0,52.0
ttt1,NVIDIA GeForce RTX 3060,"3.12.3 (main, Mar  3 2026, 12:15:18) [GCC 13.3.0]",py312_cuml_adaptive,profiler_cuml_adaptive_v2,QHY411-1_Lum_bin2,37.8,22.521461,154,2026-04-04T08:40:49.849Z,7100,5325,Lum,2012QD8,12288.0,142.0,51.0
ttt_server,NVIDIA GeForce RTX 3090,"3.12.3 (main, Mar  3 2026, 12:15:18) [GCC 13.3.0]",py312_cuml_adaptive,profiler_cuml_adaptive_v2,QHY600-4_Ha,15.3,13.202002,318,2026-04-04T08:40:49.005Z,4787,3193,Ha,NGC2903,24576.0,277.0,55.0
ttt1,NVIDIA GeForce RTX 3060,"3.12.3 (main, Mar  3 2026, 12:15:18) [GCC 13.3.0]",py312_cuml_adaptive,profiler_cuml_adaptive_v2,QHY600-4_SDSSg,15.3,19.838907,218,2026-04-04T08:31:52.813Z,4787,3193,SDSSg,WASP-43-b,12288.0,142.0,52.0
ttt_server,NVIDIA GeForce RTX 3090,"3.12.3 (main, Mar  3 2026, 12:15:18) [GCC 13.3.0]",py312_cuml_adaptive,profiler_cuml_adaptive_v2,QHY600-3_Lum,6.8,8.618387,112,2026-04-04T08:31:58.749Z,3191,2129,Lum,C2025R2,24576.0,277.0,53.0
ttt1,NVIDIA GeForce RTX 3060,"3.12.3 (main, Mar  3 2026, 12:15:18) [GCC 13.3.0]",py312_cuml_adaptive,profiler_cuml_adaptive_v2,iKon936_Lum,4.2,7.308178,296,2026-04-04T08:26:59.233Z,2048,2048,Lum,C2025A6,12288.0,142.0,48.0
ttt1,NVIDIA GeForce RTX 3060,"3.12.3 (main, Mar  3 2026, 12:15:18) [GCC 13.3.0]",py312_cuml_adaptive,profiler_cuml_adaptive_v2,iKon936_Lum,4.2,7.3349686,296,2026-04-04T08:27:11.103Z,2048,2048,Lum,C2025A6,12288.0,142.0,49.0
ttt_server,NVIDIA GeForce RTX 3090,"3.12.3 (main, Mar  3 2026, 12:15:18) [GCC 13.3.0]",py312_cuml_adaptive,profiler_cuml_adaptive_v2,iKon936_Lum,4.2,9.2632675,296,2026-04-04T08:27:12.010Z,2048,2048,Lum,C2025A6,24576.0,277.0,52.0
ttt1,NVIDIA GeForce RTX 3060,"3.12.3 (main, Mar  3 2026, 12:15:18) [GCC 13.3.0]",py312_cuml_adaptive,profiler_cuml_adaptive_v2,QHY600-3_Lum,6.8,7.1159678,112,2026-04-04T08:28:54.739Z,3191,2129,Lum,C2025R2,12288.0,142.0,49.0
ttt_server,NVIDIA GeForce RTX 3090,"3.12.3 (main, Mar  3 2026, 12:15:18) [GCC 13.3.0]",py312_cuml_adaptive,profiler_cuml_adaptive_v2,iKon936_Lum,4.2,8.634796,296,2026-04-04T08:28:46.025Z,2048,2048,Lum,C2025A6,24576.0,277.0,52.0
ttt_server,NVIDIA GeForce RTX 3090,"3.12.3 (main, Mar  3 2026, 12:15:18) [GCC 13.3.0]",py312_cuml_adaptive,profiler_cuml_adaptive_v2,QHY600-3_Lum,6.8,8.269812,112,2026-04-04T08:30:13.168Z,3191,2129,Lum,C2025R2,24576.0,277.0,53.0
ttt1,NVIDIA GeForce RTX 3060,"3.12.3 (main, Mar  3 2026, 12:15:18) [GCC 13.3.0]",py312_cuml_adaptive,profiler_cuml_adaptive_v2,QHY600-4_SDSSg,15.3,29.50045,218,2026-04-04T08:30:15.254Z,4787,3193,SDSSg,WASP-43-b,12288.0,142.0,49.0
ttt_server,NVIDIA GeForce RTX 3090,"3.12.3 (main, Mar  3 2026, 12:15:18) [GCC 13.3.0]",py312_cuml_adaptive,profiler_cuml_adaptive_v2,QHY600-3_Lum,6.8,7.8729167,112,2026-04-04T08:31:43.581Z,3191,2129,Lum,C2025R2,24576.0,277.0,53.0
ttt1,NVIDIA GeForce RTX 3060,"3.12.3 (main, Mar  3 2026, 12:15:18) [GCC 13.3.0]",py312_cuml_adaptive,profiler_cuml_adaptive_v2,QHY411-1_Lum_bin2,37.8,27.30774,154,2026-04-04T08:39:28.575Z,7100,5325,Lum,2012QD8,12288.0,142.0,52.0
ttt_server,NVIDIA GeForce RTX 3090,"3.12.3 (main, Mar  3 2026, 12:15:18) [GCC 13.3.0]",py312_cuml_adaptive,profiler_cuml_adaptive_v2,QHY600-4_Ha,15.3,12.7654505,318,2026-04-04T08:38:51.466Z,4787,3193,Ha,NGC2903,24576.0,277.0,56.0
ttt_server,NVIDIA GeForce RTX 3090,"3.12.3 (main, Mar  3 2026, 12:15:18) [GCC 13.3.0]",py312_cuml_adaptive,profiler_cuml_adaptive_v2,QHY600-4_Ha,15.3,13.583683,318,2026-04-04T08:39:31.224Z,4787,3193,Ha,NGC2903,24576.0,277.0,54.0
ttt_server,NVIDIA GeForce RTX 3090,"3.12.3 (main, Mar  3 2026, 12:15:18) [GCC 13.3.0]",py312_cuml_adaptive,profiler_cuml_adaptive_v2,QHY600-4_Ha,15.3,13.53377,318,2026-04-04T08:39:11.246Z,4787,3193,Ha,NGC2903,24576.0,277.0,54.0
ttt1,NVIDIA GeForce RTX 3060,"3.12.3 (main, Mar  3 2026, 12:15:18) [GCC 13.3.0]",py312_cuml_adaptive,profiler_cuml_adaptive_v2,QHY600-4_Ha,15.3,16.364887,318,2026-04-04T08:38:56.661Z,4787,3193,Ha,NGC2903,12288.0,142.0,51.0
ttt_server,NVIDIA GeForce RTX 3090,"3.12.3 (main, Mar  3 2026, 12:15:18) [GCC 13.3.0]",py312_cuml_adaptive,profiler_cuml_adaptive_v2,QHY600-3_Lum,6.8,19.893423,112,2026-04-04T08:29:42.662Z,3191,2129,Lum,C2025R2,24576.0,277.0,52.0
ttt1,NVIDIA GeForce RTX 3060,"3.12.3 (main, Mar  3 2026, 12:15:18) [GCC 13.3.0]",py312_cuml_adaptive,profiler_cuml_adaptive_v2,QHY600-3_Lum,6.8,7.1014433,112,2026-04-04T08:29:41.275Z,3191,2129,Lum,C2025R2,12288.0,142.0,49.0
ttt_server,NVIDIA GeForce RTX 3090,"3.12.3 (main, Mar  3 2026, 12:15:18) [GCC 13.3.0]",py312_cuml_adaptive,profiler_cuml_adaptive_v2,QHY600-3_Lum,6.8,8.230292,112,2026-04-04T08:31:28.919Z,3191,2129,Lum,C2025R2,24576.0,277.0,53.0
ttt1,NVIDIA GeForce RTX 3060,"3.12.3 (main, Mar  3 2026, 12:15:18) [GCC 13.3.0]",py312_cuml_adaptive,profiler_cuml_adaptive_v2,QHY600-4_SDSSg,15.3,19.950018,218,2026-04-04T08:31:28.474Z,4787,3193,SDSSg,WASP-43-b,12288.0,142.0,51.0
ttt_server,NVIDIA GeForce RTX 3090,"3.12.3 (main, Mar  3 2026, 12:15:18) [GCC 13.3.0]",py312_cuml_adaptive,profiler_cuml_adaptive_v2,iKon936_Lum,4.2,8.87708,296,2026-04-04T08:28:15.370Z,2048,2048,Lum,C2025A6,24576.0,277.0,52.0
ttt1,NVIDIA GeForce RTX 3060,"3.12.3 (main, Mar  3 2026, 12:15:18) [GCC 13.3.0]",py312_cuml_adaptive,profiler_cuml_adaptive_v2,QHY600-3_Lum,6.8,7.1805706,112,2026-04-04T08:28:19.856Z,3191,2129,Lum,C2025R2,12288.0,142.0,49.0
ttt1,NVIDIA GeForce RTX 3060,"3.12.3 (main, Mar  3 2026, 12:15:18) [GCC 13.3.0]",py312_cuml_adaptive,profiler_cuml_adaptive_v2,QHY600-3_Lum,6.8,7.156505,112,2026-04-04T08:29:29.667Z,3191,2129,Lum,C2025R2,12288.0,142.0,50.0
ttt1,NVIDIA GeForce RTX 3060,"3.12.3 (main, Mar  3 2026, 12:15:18) [GCC 13.3.0]",py312_cuml_adaptive,profiler_cuml_adaptive_v2,QHY600-4_SDSSg,15.3,19.830566,218,2026-04-04T08:32:41.706Z,4787,3193,SDSSg,WASP-43-b,12288.0,142.0,52.0
ttt_server,NVIDIA GeForce RTX 3090,"3.12.3 (main, Mar  3 2026, 12:15:18) [GCC 13.3.0]",py312_cuml_adaptive,profiler_cuml_adaptive_v2,QHY600-4_Ha,15.3,12.639784,318,2026-04-04T08:38:13.554Z,4787,3193,Ha,NGC2903,24576.0,277.0,54.0
ttt1,NVIDIA GeForce RTX 3060,"3.12.3 (main, Mar  3 2026, 12:15:18) [GCC 13.3.0]",py312_cuml_adaptive,profiler_cuml_adaptive_v2,QHY600-4_Ha,15.3,16.425417,318,2026-04-04T08:38:14.895Z,4787,3193,Ha,NGC2903,12288.0,142.0,52.0
ttt_server,NVIDIA GeForce RTX 3090,"3.12.3 (main, Mar  3 2026, 12:15:18) [GCC 13.3.0]",py312_cuml_adaptive,profiler_cuml_adaptive_v2,QHY600-4_Ha,15.3,13.147301,318,2026-04-04T08:40:29.583Z,4787,3193,Ha,NGC2903,24576.0,277.0,54.0
ttt_server,NVIDIA GeForce RTX 3090,"3.12.3 (main, Mar  3 2026, 12:15:18) [GCC 13.3.0]",py312_cuml_adaptive,profiler_cuml_adaptive_v2,QHY600-4_Ha,15.3,13.369087,318,2026-04-04T08:40:10.177Z,4787,3193,Ha,NGC2903,24576.0,277.0,53.0
ttt1,NVIDIA GeForce RTX 3060,"3.12.3 (main, Mar  3 2026, 12:15:18) [GCC 13.3.0]",py312_cuml_adaptive,profiler_cuml_adaptive_v2,QHY411-1_Lum_bin2,37.8,22.452877,154,2026-04-04T08:40:22.535Z,7100,5325,Lum,2012QD8,12288.0,142.0,51.0
ttt1,NVIDIA GeForce RTX 3060,"3.12.3 (main, Mar  3 2026, 12:15:18) [GCC 13.3.0]",py312_cuml_adaptive,profiler_cuml_adaptive_v2,iKon936_Lum,4.2,7.2970815,296,2026-04-04T08:26:47.410Z,2048,2048,Lum,C2025A6,12288.0,142.0,49.0
ttt_server,NVIDIA GeForce RTX 3090,"3.12.3 (main, Mar  3 2026, 12:15:18) [GCC 13.3.0]",py312_cuml_adaptive,profiler_cuml_adaptive_v2,iKon936_Lum,4.2,8.693235,296,2026-04-04T08:26:39.806Z,2048,2048,Lum,C2025A6,24576.0,277.0,51.0
ttt_server,NVIDIA GeForce RTX 3090,"3.12.3 (main, Mar  3 2026, 12:15:18) [GCC 13.3.0]",py312_cuml_adaptive,profiler_cuml_adaptive_v2,iKon936_Lum,4.2,8.864386,296,2026-04-04T08:26:55.289Z,2048,2048,Lum,C2025A6,24576.0,277.0,52.0
ttt_server,NVIDIA GeForce RTX 3090,"3.12.3 (main, Mar  3 2026, 12:15:18) [GCC 13.3.0]",py312_cuml_adaptive,profiler_cuml_adaptive_v2,iKon936_Lum,4.2,8.57812,296,2026-04-04T08:29:01.088Z,2048,2048,Lum,C2025A6,24576.0,277.0,52.0
ttt1,NVIDIA GeForce RTX 3060,"3.12.3 (main, Mar  3 2026, 12:15:18) [GCC 13.3.0]",py312_cuml_adaptive,profiler_cuml_adaptive_v2,QHY600-4_SDSSg,15.3,19.889938,218,2026-04-04T08:32:17.229Z,4787,3193,SDSSg,WASP-43-b,12288.0,142.0,52.0
ttt_server,NVIDIA GeForce RTX 3090,"3.12.3 (main, Mar  3 2026, 12:15:18) [GCC 13.3.0]",py312_cuml_adaptive,profiler_cuml_adaptive_v2,QHY600-3_Lum,6.8,7.996316,112,2026-04-04T08:32:14.129Z,3191,2129,Lum,C2025R2,24576.0,277.0,53.0
ttt1,NVIDIA GeForce RTX 3060,"3.12.3 (main, Mar  3 2026, 12:15:18) [GCC 13.3.0]",py312_cuml_adaptive,profiler_cuml_adaptive_v2,iKon936_Lum,4.2,7.358629,296,2026-04-04T08:26:35.041Z,2048,2048,Lum,C2025A6,12288.0,142.0,49.0
ttt_server,NVIDIA GeForce RTX 3090,"3.12.3 (main, Mar  3 2026, 12:15:18) [GCC 13.3.0]",py312_cuml_adaptive,profiler_cuml_adaptive_v2,iKon936_Lum,4.2,8.536005,296,2026-04-04T08:28:30.725Z,2048,2048,Lum,C2025A6,24576.0,277.0,52.0
ttt1,NVIDIA GeForce RTX 3060,"3.12.3 (main, Mar  3 2026, 12:15:18) [GCC 13.3.0]",py312_cuml_adaptive,profiler_cuml_adaptive_v2,QHY600-3_Lum,6.8,7.115513,112,2026-04-04T08:28:31.509Z,3191,2129,Lum,C2025R2,12288.0,142.0,49.0
ttt1,NVIDIA GeForce RTX 3060,"3.12.3 (main, Mar  3 2026, 12:15:18) [GCC 13.3.0]",py312_cuml_adaptive,profiler_cuml_adaptive_v2,QHY600-3_Lum,6.8,7.212264,112,2026-04-04T08:29:06.429Z,3191,2129,Lum,C2025R2,12288.0,142.0,50.0
ttt_server,NVIDIA GeForce RTX 3090,"3.12.3 (main, Mar  3 2026, 12:15:18) [GCC 13.3.0]",py312_cuml_adaptive,profiler_cuml_adaptive_v2,QHY600-4_SDSSg,15.3,16.095936,218,2026-04-04T08:35:20.798Z,4787,3193,SDSSg,WASP-43-b,24576.0,277.0,55.0
ttt_server,NVIDIA GeForce RTX 3090,"3.12.3 (main, Mar  3 2026, 12:15:18) [GCC 13.3.0]",py312_cuml_adaptive,profiler_cuml_adaptive_v2,QHY600-4_Ha,15.3,13.024649,318,2026-04-04T08:39:50.655Z,4787,3193,Ha,NGC2903,24576.0,277.0,54.0
ttt1,NVIDIA GeForce RTX 3060,"3.12.3 (main, Mar  3 2026, 12:15:18) [GCC 13.3.0]",py312_cuml_adaptive,profiler_cuml_adaptive_v2,QHY411-1_Lum_bin2,37.8,22.385416,154,2026-04-04T08:39:55.512Z,7100,5325,Lum,2012QD8,12288.0,142.0,51.0
ttt_server,NVIDIA GeForce RTX 3090,"3.12.3 (main, Mar  3 2026, 12:15:18) [GCC 13.3.0]",py312_cuml_adaptive,profiler_cuml_adaptive_v2,QHY600-4_SDSSg,15.3,16.219244,218,2026-04-04T08:33:49.989Z,4787,3193,SDSSg,WASP-43-b,24576.0,277.0,55.0
ttt1,NVIDIA GeForce RTX 3060,"3.12.3 (main, Mar  3 2026, 12:15:18) [GCC 13.3.0]",py312_cuml_adaptive,profiler_cuml_adaptive_v2,QHY600-4_SDSSg,15.3,19.730272,218,2026-04-04T08:33:54.886Z,4787,3193,SDSSg,WASP-43-b,12288.0,142.0,53.0
ttt_server,NVIDIA GeForce RTX 3090,"3.12.3 (main, Mar  3 2026, 12:15:18) [GCC 13.3.0]",py312_cuml_adaptive,profiler_cuml_adaptive_v2,QHY600-4_SDSSg,15.3,16.704744,218,2026-04-04T08:34:13.412Z,4787,3193,SDSSg,WASP-43-b,24576.0,277.0,56.0
ttt_server,NVIDIA GeForce RTX 3090,"3.12.3 (main, Mar  3 2026, 12:15:18) [GCC 13.3.0]",py312_cuml_adaptive,profiler_cuml_adaptive_v2,QHY600-4_SDSSg,15.3,16.00911,218,2026-04-04T08:34:58.199Z,4787,3193,SDSSg,WASP-43-b,24576.0,277.0,56.0
ttt_server,NVIDIA GeForce RTX 3090,"3.12.3 (main, Mar  3 2026, 12:15:18) [GCC 13.3.0]",py312_cuml_adaptive,profiler_cuml_adaptive_v2,QHY600-4_SDSSg,15.3,15.676647,218,2026-04-04T08:35:43.066Z,4787,3193,SDSSg,WASP-43-b,24576.0,277.0,54.0
ttt1,NVIDIA GeForce RTX 3060,"3.12.3 (main, Mar  3 2026, 12:15:18) [GCC 13.3.0]",py312_cuml_adaptive,profiler_cuml_adaptive_v2,QHY600-4_Ha,15.3,16.330904,318,2026-04-04T08:35:48.206Z,4787,3193,Ha,NGC2903,12288.0,142.0,51.0
ttt_server,NVIDIA GeForce RTX 3090,"3.12.3 (main, Mar  3 2026, 12:15:18) [GCC 13.3.0]",py312_cuml_adaptive,profiler_cuml_adaptive_v2,QHY600-4_Ha,15.3,12.828114,318,2026-04-04T08:38:32.606Z,4787,3193,Ha,NGC2903,24576.0,277.0,54.0
ttt1,NVIDIA GeForce RTX 3060,"3.12.3 (main, Mar  3 2026, 12:15:18) [GCC 13.3.0]",py312_cuml_adaptive,profiler_cuml_adaptive_v2,QHY600-4_Ha,15.3,16.423563,318,2026-04-04T08:38:35.774Z,4787,3193,Ha,NGC2903,12288.0,142.0,52.0
ttt1,NVIDIA GeForce RTX 3060,"3.12.3 (main, Mar  3 2026, 12:15:18) [GCC 13.3.0]",py312_cuml_adaptive,profiler_cuml_adaptive_v2,QHY600-4_SDSSg,15.3,19.725546,218,2026-04-04T08:34:19.146Z,4787,3193,SDSSg,WASP-43-b,12288.0,142.0,53.0
ttt1,NVIDIA GeForce RTX 3060,"3.12.3 (main, Mar  3 2026, 12:15:18) [GCC 13.3.0]",py312_cuml_adaptive,profiler_cuml_adaptive_v2,QHY600-4_SDSSg,15.3,19.847847,218,2026-04-04T08:34:43.546Z,4787,3193,SDSSg,WASP-43-b,12288.0,142.0,51.0
ttt_server,NVIDIA GeForce RTX 3090,"3.12.3 (main, Mar  3 2026, 12:15:18) [GCC 13.3.0]",py312_cuml_adaptive,profiler_cuml_adaptive_v2,QHY600-4_SDSSg,15.3,16.013918,218,2026-04-04T08:34:35.787Z,4787,3193,SDSSg,WASP-43-b,24576.0,277.0,53.0
ttt_server,NVIDIA GeForce RTX 3090,"3.12.3 (main, Mar  3 2026, 12:15:18) [GCC 13.3.0]",py312_cuml_adaptive,profiler_cuml_adaptive_v2,QHY600-4_Ha,15.3,16.7306,318,2026-04-04T08:37:35.246Z,4787,3193,Ha,NGC2903,24576.0,277.0,54.0
ttt1,NVIDIA GeForce RTX 3060,"3.12.3 (main, Mar  3 2026, 12:15:18) [GCC 13.3.0]",py312_cuml_adaptive,profiler_cuml_adaptive_v2,QHY600-4_Ha,15.3,16.500637,318,2026-04-04T08:37:53.955Z,4787,3193,Ha,NGC2903,12288.0,142.0,52.0
ttt_server,NVIDIA GeForce RTX 3090,"3.12.3 (main, Mar  3 2026, 12:15:18) [GCC 13.3.0]",py312_cuml_adaptive,profiler_cuml_adaptive_v2,QHY600-4_Ha,15.3,12.833919,318,2026-04-04T08:37:54.779Z,4787,3193,Ha,NGC2903,24576.0,277.0,53.0
ttt_server,NVIDIA GeForce RTX 3090,"3.12.3 (main, Mar  3 2026, 12:15:18) [GCC 13.3.0]",py312_cuml_adaptive,profiler_cuml_adaptive_v2,iKon936_Lum,4.2,8.950753,296,2026-04-04T08:27:44.155Z,2048,2048,Lum,C2025A6,24576.0,277.0,52.0
ttt1,NVIDIA GeForce RTX 3060,"3.12.3 (main, Mar  3 2026, 12:15:18) [GCC 13.3.0]",py312_cuml_adaptive,profiler_cuml_adaptive_v2,QHY600-3_Lum,6.8,7.238925,112,2026-04-04T08:27:44.716Z,3191,2129,Lum,C2025R2,12288.0,142.0,48.0
ttt1,NVIDIA GeForce RTX 3060,"3.12.3 (main, Mar  3 2026, 12:15:18) [GCC 13.3.0]",py312_cuml_adaptive,profiler_cuml_adaptive_v2,QHY600-4_SDSSg,15.3,19.707073,218,2026-04-04T08:30:39.566Z,4787,3193,SDSSg,WASP-43-b,12288.0,142.0,50.0
ttt_server,NVIDIA GeForce RTX 3090,"3.12.3 (main, Mar  3 2026, 12:15:18) [GCC 13.3.0]",py312_cuml_adaptive,profiler_cuml_adaptive_v2,QHY600-3_Lum,6.8,8.376626,112,2026-04-04T08:30:28.455Z,3191,2129,Lum,C2025R2,24576.0,277.0,53.0
ttt_server,NVIDIA GeForce RTX 3090,"3.12.3 (main, Mar  3 2026, 12:15:18) [GCC 13.3.0]",py312_cuml_adaptive,profiler_cuml_adaptive_v2,QHY600-4_SDSSg,15.3,16.305126,218,2026-04-04T08:33:27.224Z,4787,3193,SDSSg,WASP-43-b,24576.0,277.0,54.0
ttt1,NVIDIA GeForce RTX 3060,"3.12.3 (main, Mar  3 2026, 12:15:18) [GCC 13.3.0]",py312_cuml_adaptive,profiler_cuml_adaptive_v2,QHY600-4_SDSSg,15.3,19.985846,218,2026-04-04T08:33:30.653Z,4787,3193,SDSSg,WASP-43-b,12288.0,142.0,53.0
ttt_server,NVIDIA GeForce RTX 3090,"3.12.3 (main, Mar  3 2026, 12:15:18) [GCC 13.3.0]",py312_cuml_adaptive,profiler_cuml_adaptive_v2,QHY600-4_SDSSg,15.3,15.735157,218,2026-04-04T08:36:05.105Z,4787,3193,SDSSg,WASP-43-b,24576.0,277.0,54.0
ttt1,NVIDIA GeForce RTX 3060,"3.12.3 (main, Mar  3 2026, 12:15:18) [GCC 13.3.0]",py312_cuml_adaptive,profiler_cuml_adaptive_v2,QHY600-4_Ha,15.3,16.42381,318,2026-04-04T08:36:09.193Z,4787,3193,Ha,NGC2903,12288.0,142.0,51.0
ttt_server,NVIDIA GeForce RTX 3090,"3.12.3 (main, Mar  3 2026, 12:15:18) [GCC 13.3.0]",py312_cuml_adaptive,profiler_cuml_adaptive_v2,QHY600-4_SDSSg,15.3,16.038593,218,2026-04-04T08:36:27.424Z,4787,3193,SDSSg,WASP-43-b,24576.0,277.0,54.0
ttt1,NVIDIA GeForce RTX 3060,"3.12.3 (main, Mar  3 2026, 12:15:18) [GCC 13.3.0]",py312_cuml_adaptive,profiler_cuml_adaptive_v2,QHY600-4_Ha,15.3,16.386246,318,2026-04-04T08:36:30.090Z,4787,3193,Ha,NGC2903,12288.0,142.0,52.0
ttt_server,NVIDIA GeForce RTX 3090,"3.12.3 (main, Mar  3 2026, 12:15:18) [GCC 13.3.0]",py312_cuml_adaptive,profiler_cuml_adaptive_v2,iKon936_Lum,4.2,8.571506,296,2026-04-04T08:27:59.758Z,2048,2048,Lum,C2025A6,24576.0,277.0,52.0
ttt1,NVIDIA GeForce RTX 3060,"3.12.3 (main, Mar  3 2026, 12:15:18) [GCC 13.3.0]",py312_cuml_adaptive,profiler_cuml_adaptive_v2,QHY600-3_Lum,6.8,7.165653,112,2026-04-04T08:27:56.485Z,3191,2129,Lum,C2025R2,12288.0,142.0,48.0
ttt1,NVIDIA GeForce RTX 3060,"3.12.3 (main, Mar  3 2026, 12:15:18) [GCC 13.3.0]",py312_cuml_adaptive,profiler_cuml_adaptive_v2,QHY600-3_Lum,6.8,7.1271954,112,2026-04-04T08:28:08.145Z,3191,2129,Lum,C2025R2,12288.0,142.0,48.0
ttt_server,NVIDIA GeForce RTX 3090,"3.12.3 (main, Mar  3 2026, 12:15:18) [GCC 13.3.0]",py312_cuml_adaptive,profiler_cuml_adaptive_v2,iKon936_Lum,4.2,9.143186,296,2026-04-04T08:27:28.005Z,2048,2048,Lum,C2025A6,24576.0,277.0,52.0
ttt1,NVIDIA GeForce RTX 3060,"3.12.3 (main, Mar  3 2026, 12:15:18) [GCC 13.3.0]",py312_cuml_adaptive,profiler_cuml_adaptive_v2,QHY600-3_Lum,6.8,17.128048,112,2026-04-04T08:27:32.829Z,3191,2129,Lum,C2025R2,12288.0,142.0,49.0
ttt1,NVIDIA GeForce RTX 3060,"3.12.3 (main, Mar  3 2026, 12:15:18) [GCC 13.3.0]",py312_cuml_adaptive,profiler_cuml_adaptive_v2,QHY600-3_Lum,6.8,7.1429625,112,2026-04-04T08:28:43.140Z,3191,2129,Lum,C2025R2,12288.0,142.0,49.0
ttt_server,NVIDIA GeForce RTX 3090,"3.12.3 (main, Mar  3 2026, 12:15:18) [GCC 13.3.0]",py312_cuml_adaptive,profiler_cuml_adaptive_v2,QHY600-3_Lum,6.8,8.166712,112,2026-04-04T08:32:28.919Z,3191,2129,Lum,C2025R2,24576.0,277.0,52.0
ttt_server,NVIDIA GeForce RTX 3090,"3.12.3 (main, Mar  3 2026, 12:15:18) [GCC 13.3.0]",py312_cuml_adaptive,profiler_cuml_adaptive_v2,QHY600-4_SDSSg,15.3,28.012102,218,2026-04-04T08:33:04.053Z,4787,3193,SDSSg,WASP-43-b,24576.0,277.0,53.0
ttt1,NVIDIA GeForce RTX 3060,"3.12.3 (main, Mar  3 2026, 12:15:18) [GCC 13.3.0]",py312_cuml_adaptive,profiler_cuml_adaptive_v2,QHY600-4_SDSSg,15.3,19.77625,218,2026-04-04T08:33:06.076Z,4787,3193,SDSSg,WASP-43-b,12288.0,142.0,52.0
ttt1,NVIDIA GeForce RTX 3060,"3.12.3 (main, Mar  3 2026, 12:15:18) [GCC 13.3.0]",py312_cuml_adaptive,profiler_cuml_adaptive_v2,QHY600-4_Ha,15.3,18.357166,318,2026-04-04T08:35:06.392Z,4787,3193,Ha,NGC2903,12288.0,142.0,52.0
ttt_server,NVIDIA GeForce RTX 3090,"3.12.3 (main, Mar  3 2026, 12:15:18) [GCC 13.3.0]",py312_cuml_adaptive,profiler_cuml_adaptive_v2,iKon936_Lum,4.2,16.715189,296,2026-04-04T08:26:24.514Z,2048,2048,Lum,C2025A6,24576.0,277.0,51.0
ttt1,NVIDIA GeForce RTX 3060,"3.12.3 (main, Mar  3 2026, 12:15:18) [GCC 13.3.0]",py312_cuml_adaptive,profiler_cuml_adaptive_v2,iKon936_Lum,4.2,7.326626,296,2026-04-04T08:26:23.149Z,2048,2048,Lum,C2025A6,12288.0,142.0,49.0
ttt_server,NVIDIA GeForce RTX 3090,"3.12.3 (main, Mar  3 2026, 12:15:18) [GCC 13.3.0]",py312_cuml_adaptive,profiler_cuml_adaptive_v2,QHY600-3_Lum,6.8,8.358023,112,2026-04-04T08:29:57.801Z,3191,2129,Lum,C2025R2,24576.0,277.0,52.0
ttt1,NVIDIA GeForce RTX 3060,"3.12.3 (main, Mar  3 2026, 12:15:18) [GCC 13.3.0]",py312_cuml_adaptive,profiler_cuml_adaptive_v2,QHY600-4_Ha,15.3,16.374529,318,2026-04-04T08:35:27.348Z,4787,3193,Ha,NGC2903,12288.0,142.0,51.0
ttt1,NVIDIA GeForce RTX 3060,"3.12.3 (main, Mar  3 2026, 12:15:18) [GCC 13.3.0]",py312_cuml_adaptive,profiler_cuml_adaptive_v2,QHY600-4_Ha,15.3,16.505434,318,2026-04-04T08:36:51.220Z,4787,3193,Ha,NGC2903,12288.0,142.0,52.0
ttt_server,NVIDIA GeForce RTX 3090,"3.12.3 (main, Mar  3 2026, 12:15:18) [GCC 13.3.0]",py312_cuml_adaptive,profiler_cuml_adaptive_v2,QHY600-4_SDSSg,15.3,16.38072,218,2026-04-04T08:36:50.092Z,4787,3193,SDSSg,WASP-43-b,24576.0,277.0,54.0
ttt1,NVIDIA GeForce RTX 3060,"3.12.3 (main, Mar  3 2026, 12:15:18) [GCC 13.3.0]",py312_cuml_adaptive,profiler_cuml_adaptive_v2,QHY411-1_Lum_bin2,37.8,22.394632,154,2026-04-04T08:41:16.794Z,7100,5325,Lum,2012QD8,12288.0,142.0,52.0
ttt_server,NVIDIA GeForce RTX 3090,"3.12.3 (main, Mar  3 2026, 12:15:18) [GCC 13.3.0]",py312_cuml_adaptive,profiler_cuml_adaptive_v2,QHY411-1_Lum_bin2,37.8,18.791502,154,2026-04-04T08:42:56.761Z,7100,5325,Lum,2012QD8,24576.0,277.0,54.0
ttt1,NVIDIA GeForce RTX 3060,"3.12.3 (main, Mar  3 2026, 12:15:18) [GCC 13.3.0]",py312_cuml_adaptive,profiler_cuml_adaptive_v2,QHY411-1_Lum_bin2,37.8,22.466454,154,2026-04-04T08:43:59.360Z,7100,5325,Lum,2012QD8,12288.0,142.0,51.0
ttt_server,NVIDIA GeForce RTX 3090,"3.12.3 (main, Mar  3 2026, 12:15:18) [GCC 13.3.0]",py312_cuml_adaptive,profiler_cuml_adaptive_v2,QHY411-1_Lum_bin2,37.8,19.17521,154,2026-04-04T08:43:47.592Z,7100,5325,Lum,2012QD8,24576.0,277.0,54.0
ttt_server,NVIDIA GeForce RTX 3090,"3.12.3 (main, Mar  3 2026, 12:15:18) [GCC 13.3.0]",py312_cuml_adaptive,profiler_cuml_adaptive_v2,QHY411-1_Lum_bin2,37.8,18.940945,154,2026-04-04T08:43:21.942Z,7100,5325,Lum,2012QD8,24576.0,277.0,54.0
ttt1,NVIDIA GeForce RTX 3060,"3.12.3 (main, Mar  3 2026, 12:15:18) [GCC 13.3.0]",py312_cuml_adaptive,profiler_cuml_adaptive_v2,QHY411-1_SDSSi_bin2,37.8,26.996914,247,2026-04-04T08:45:34.402Z,7100,5325,SDSSi,GaiaDR33534005919872722560,12288.0,142.0,51.0
ttt_server,NVIDIA GeForce RTX 3090,"3.12.3 (main, Mar  3 2026, 12:15:18) [GCC 13.3.0]",py312_cuml_adaptive,profiler_cuml_adaptive_v2,QHY411-1_Lum_bin2,37.8,18.826374,154,2026-04-04T08:45:54.772Z,7100,5325,Lum,2012QD8,24576.0,277.0,54.0
ttt1,NVIDIA GeForce RTX 3060,"3.12.3 (main, Mar  3 2026, 12:15:18) [GCC 13.3.0]",py312_cuml_adaptive,profiler_cuml_adaptive_v2,QHY411-1_SDSSi_bin2,37.8,26.99047,247,2026-04-04T08:46:37.552Z,7100,5325,SDSSi,GaiaDR33534005919872722560,12288.0,142.0,51.0
ttt_server,NVIDIA GeForce RTX 3090,"3.12.3 (main, Mar  3 2026, 12:15:18) [GCC 13.3.0]",py312_cuml_adaptive,profiler_cuml_adaptive_v2,QHY411-1_SDSSi_bin2,37.8,28.093117,247,2026-04-04T08:46:54.229Z,7100,5325,SDSSi,GaiaDR33534005919872722560,24576.0,277.0,54.0
ttt_server,NVIDIA GeForce RTX 3090,"3.12.3 (main, Mar  3 2026, 12:15:18) [GCC 13.3.0]",py312_cuml_adaptive,profiler_cuml_adaptive_v2,QHY411-1_Lum_bin2,37.8,18.71039,154,2026-04-04T08:46:19.756Z,7100,5325,Lum,2012QD8,24576.0,277.0,54.0
ttt1,NVIDIA GeForce RTX 3060,"3.12.3 (main, Mar  3 2026, 12:15:18) [GCC 13.3.0]",py312_cuml_adaptive,profiler_cuml_adaptive_v2,QHY411-1_SDSSi_bin2,37.8,27.046207,247,2026-04-04T08:46:05.952Z,7100,5325,SDSSi,GaiaDR33534005919872722560,12288.0,142.0,51.0
ttt_server,NVIDIA GeForce RTX 3090,"3.12.3 (main, Mar  3 2026, 12:15:18) [GCC 13.3.0]",py312_cuml_adaptive,profiler_cuml_adaptive_v2,QHY411-1_SDSSi_bin2,37.8,21.9351,247,2026-04-04T08:50:11.584Z,7100,5325,SDSSi,GaiaDR33534005919872722560,24576.0,277.0,54.0
ttt1,NVIDIA GeForce RTX 3060,"3.12.3 (main, Mar  3 2026, 12:15:18) [GCC 13.3.0]",py312_cuml_adaptive,profiler_cuml_adaptive_v2,QHY411-1_SDSSi_bin2,37.8,26.989193,247,2026-04-04T08:50:19.100Z,7100,5325,SDSSi,GaiaDR33534005919872722560,12288.0,142.0,51.0
ttt_server,NVIDIA GeForce RTX 3090,"3.12.3 (main, Mar  3 2026, 12:15:18) [GCC 13.3.0]",py312_cuml_adaptive,profiler_cuml_adaptive_v2,QHY411-1_SDSSi_bin2,37.8,21.837555,247,2026-04-04T08:50:39.717Z,7100,5325,SDSSi,GaiaDR33534005919872722560,24576.0,277.0,55.0
ttt1,NVIDIA GeForce RTX 3060,"3.12.3 (main, Mar  3 2026, 12:15:18) [GCC 13.3.0]",py312_cuml_adaptive,profiler_cuml_adaptive_v2,QHY411-1_Lum_bin2,37.8,22.55595,154,2026-04-04T08:43:32.394Z,7100,5325,Lum,2012QD8,12288.0,142.0,51.0
ttt1,NVIDIA GeForce RTX 3060,"3.12.3 (main, Mar  3 2026, 12:15:18) [GCC 13.3.0]",py312_cuml_adaptive,profiler_cuml_adaptive_v2,QHY411-1_SDSSi_bin2,37.8,27.211632,247,2026-04-04T08:47:41.609Z,7100,5325,SDSSi,GaiaDR33534005919872722560,12288.0,142.0,51.0
ttt_server,NVIDIA GeForce RTX 3090,"3.12.3 (main, Mar  3 2026, 12:15:18) [GCC 13.3.0]",py312_cuml_adaptive,profiler_cuml_adaptive_v2,QHY411-1_SDSSi_bin2,37.8,21.573524,247,2026-04-04T08:47:50.308Z,7100,5325,SDSSi,GaiaDR33534005919872722560,24576.0,277.0,54.0
ttt_server,NVIDIA GeForce RTX 3090,"3.12.3 (main, Mar  3 2026, 12:15:18) [GCC 13.3.0]",py312_cuml_adaptive,profiler_cuml_adaptive_v2,QHY411-1_Lum_bin2,37.8,25.686523,154,2026-04-04T08:41:40.365Z,7100,5325,Lum,2012QD8,24576.0,277.0,54.0
ttt1,NVIDIA GeForce RTX 3060,"3.12.3 (main, Mar  3 2026, 12:15:18) [GCC 13.3.0]",py312_cuml_adaptive,profiler_cuml_adaptive_v2,QHY411-1_Lum_bin2,37.8,22.47374,154,2026-04-04T08:43:04.814Z,7100,5325,Lum,2012QD8,12288.0,142.0,51.0
ttt_server,NVIDIA GeForce RTX 3090,"3.12.3 (main, Mar  3 2026, 12:15:18) [GCC 13.3.0]",py312_cuml_adaptive,profiler_cuml_adaptive_v2,QHY411-1_SDSSi_bin2,37.8,21.633871,247,2026-04-04T08:48:17.991Z,7100,5325,SDSSi,GaiaDR33534005919872722560,24576.0,277.0,54.0
ttt_server,NVIDIA GeForce RTX 3090,"3.12.3 (main, Mar  3 2026, 12:15:18) [GCC 13.3.0]",py312_cuml_adaptive,profiler_cuml_adaptive_v2,QHY411-1_SDSSi_bin2,37.8,21.682251,247,2026-04-04T08:48:45.850Z,7100,5325,SDSSi,GaiaDR33534005919872722560,24576.0,277.0,54.0
ttt1,NVIDIA GeForce RTX 3060,"3.12.3 (main, Mar  3 2026, 12:15:18) [GCC 13.3.0]",py312_cuml_adaptive,profiler_cuml_adaptive_v2,QHY411-1_SDSSi_bin2,37.8,27.083632,247,2026-04-04T08:48:44.584Z,7100,5325,SDSSi,GaiaDR33534005919872722560,12288.0,142.0,51.0
ttt1,NVIDIA GeForce RTX 3060,"3.12.3 (main, Mar  3 2026, 12:15:18) [GCC 13.3.0]",py312_cuml_adaptive,profiler_cuml_adaptive_v2,QHY411-1_SDSSi_bin2,37.8,26.972769,247,2026-04-04T08:48:13.015Z,7100,5325,SDSSi,GaiaDR33534005919872722560,12288.0,142.0,51.0
ttt_server,NVIDIA GeForce RTX 3090,"3.12.3 (main, Mar  3 2026, 12:15:18) [GCC 13.3.0]",py312_cuml_adaptive,profiler_cuml_adaptive_v2,QHY411-1_Lum_bin2,37.8,18.808775,154,2026-04-04T08:42:05.509Z,7100,5325,Lum,2012QD8,24576.0,277.0,54.0
ttt1,NVIDIA GeForce RTX 3060,"3.12.3 (main, Mar  3 2026, 12:15:18) [GCC 13.3.0]",py312_cuml_adaptive,profiler_cuml_adaptive_v2,QHY411-1_Lum_bin2,37.8,22.402332,154,2026-04-04T08:44:26.289Z,7100,5325,Lum,2012QD8,12288.0,142.0,51.0
ttt_server,NVIDIA GeForce RTX 3090,"3.12.3 (main, Mar  3 2026, 12:15:18) [GCC 13.3.0]",py312_cuml_adaptive,profiler_cuml_adaptive_v2,QHY411-1_Lum_bin2,37.8,18.893217,154,2026-04-04T08:44:38.726Z,7100,5325,Lum,2012QD8,24576.0,277.0,53.0
ttt_server,NVIDIA GeForce RTX 3090,"3.12.3 (main, Mar  3 2026, 12:15:18) [GCC 13.3.0]",py312_cuml_adaptive,profiler_cuml_adaptive_v2,QHY411-1_Lum_bin2,37.8,19.031006,154,2026-04-04T08:45:29.716Z,7100,5325,Lum,2012QD8,24576.0,277.0,54.0
ttt1,NVIDIA GeForce RTX 3060,"3.12.3 (main, Mar  3 2026, 12:15:18) [GCC 13.3.0]",py312_cuml_adaptive,profiler_cuml_adaptive_v2,QHY411-1_SDSSi_bin2,37.8,26.947294,247,2026-04-04T08:49:47.583Z,7100,5325,SDSSi,GaiaDR33534005919872722560,12288.0,142.0,52.0
ttt1,NVIDIA GeForce RTX 3060,"3.12.3 (main, Mar  3 2026, 12:15:18) [GCC 13.3.0]",py312_cuml_adaptive,profiler_cuml_adaptive_v2,QHY411-1_Lum_bin2,37.8,22.45137,154,2026-04-04T08:42:10.689Z,7100,5325,Lum,2012QD8,12288.0,142.0,51.0
ttt_server,NVIDIA GeForce RTX 3090,"3.12.3 (main, Mar  3 2026, 12:15:18) [GCC 13.3.0]",py312_cuml_adaptive,profiler_cuml_adaptive_v2,QHY411-1_Lum_bin2,37.8,18.802778,154,2026-04-04T08:42:31.314Z,7100,5325,Lum,2012QD8,24576.0,277.0,54.0
ttt_server,NVIDIA GeForce RTX 3090,"3.12.3 (main, Mar  3 2026, 12:15:18) [GCC 13.3.0]",py312_cuml_adaptive,profiler_cuml_adaptive_v2,QHY600-4_Ha,15.3,13.057816,318,2026-04-04T08:41:08.387Z,4787,3193,Ha,NGC2903,24576.0,277.0,54.0
ttt1,NVIDIA GeForce RTX 3060,"3.12.3 (main, Mar  3 2026, 12:15:18) [GCC 13.3.0]",py312_cuml_adaptive,profiler_cuml_adaptive_v2,QHY411-1_Lum_bin2,37.8,22.41589,154,2026-04-04T08:41:43.738Z,7100,5325,Lum,2012QD8,12288.0,142.0,51.0
ttt_server,NVIDIA GeForce RTX 3090,"3.12.3 (main, Mar  3 2026, 12:15:18) [GCC 13.3.0]",py312_cuml_adaptive,profiler_cuml_adaptive_v2,QHY411-1_SDSSi_bin2,37.8,22.156736,247,2026-04-04T08:49:43.213Z,7100,5325,SDSSi,GaiaDR33534005919872722560,24576.0,277.0,54.0
hp3,NVIDIA L40S,"3.12.3 (main, Mar  3 2026, 12:15:18) [GCC 13.3.0]",py312_cuml_adaptive,profiler_cuml_adaptive_v2,QHY600-3_Lum,6.8,5.9211297,112,2026-04-04T09:19:14.232Z,3191,2129,Lum,C2025R2,46068.0,430.0,35.0
lenovo_tttserver,NVIDIA A100-SXM4-80GB,"3.12.3 (main, Mar  3 2026, 12:15:18) [GCC 13.3.0]",py312_cuml_adaptive,profiler_cuml_adaptive_v2,QHY600-4_SDSSg,15.3,10.596979,218,2026-04-04T09:19:16.287Z,4787,3193,SDSSg,WASP-43-b,81920.0,424.0,33.0
hp3,NVIDIA L40S,"3.12.3 (main, Mar  3 2026, 12:15:18) [GCC 13.3.0]",py312_cuml_adaptive,profiler_cuml_adaptive_v2,QHY600-3_Lum,6.8,5.7814116,112,2026-04-04T09:19:28.370Z,3191,2129,Lum,C2025R2,46068.0,430.0,35.0
azken,NVIDIA H100 PCIe,"3.12.3 (main, Mar  3 2026, 12:15:18) [GCC 13.3.0]",py312_cuml_adaptive,profiler_cuml_adaptive_v2,QHY600-4_SDSSg,15.3,10.200332,218,2026-04-04T09:20:33.968Z,4787,3193,SDSSg,WASP-43-b,81559.0,458.0,43.0
lenovo_tttserver,NVIDIA A100-SXM4-80GB,"3.12.3 (main, Mar  3 2026, 12:15:18) [GCC 13.3.0]",py312_cuml_adaptive,profiler_cuml_adaptive_v2,QHY600-4_SDSSg,15.3,10.25742,218,2026-04-04T09:20:41.123Z,4787,3193,SDSSg,WASP-43-b,81920.0,424.0,33.0
hp3,NVIDIA L40S,"3.12.3 (main, Mar  3 2026, 12:15:18) [GCC 13.3.0]",py312_cuml_adaptive,profiler_cuml_adaptive_v2,QHY600-3_Lum,6.8,5.5471373,112,2026-04-04T09:20:33.305Z,3191,2129,Lum,C2025R2,46068.0,430.0,36.0
hp3,NVIDIA L40S,"3.12.3 (main, Mar  3 2026, 12:15:18) [GCC 13.3.0]",py312_cuml_adaptive,profiler_cuml_adaptive_v2,QHY600-3_Lum,6.8,5.7197924,112,2026-04-04T09:21:16.183Z,3191,2129,Lum,C2025R2,46068.0,430.0,36.0
lenovo_tttserver,NVIDIA A100-SXM4-80GB,"3.12.3 (main, Mar  3 2026, 12:15:18) [GCC 13.3.0]",py312_cuml_adaptive,profiler_cuml_adaptive_v2,QHY600-4_Ha,15.3,9.286851,318,2026-04-04T09:21:30.121Z,4787,3193,Ha,NGC2903,81920.0,424.0,34.0
azken,NVIDIA H100 PCIe,"3.12.3 (main, Mar  3 2026, 12:15:18) [GCC 13.3.0]",py312_cuml_adaptive,profiler_cuml_adaptive_v2,QHY600-4_SDSSg,15.3,9.637249,218,2026-04-04T09:21:28.933Z,4787,3193,SDSSg,WASP-43-b,81559.0,458.0,44.0
hp3,NVIDIA L40S,"3.12.3 (main, Mar  3 2026, 12:15:18) [GCC 13.3.0]",py312_cuml_adaptive,profiler_cuml_adaptive_v2,QHY600-4_SDSSg,15.3,11.038027,218,2026-04-04T09:22:23.916Z,4787,3193,SDSSg,WASP-43-b,46068.0,430.0,36.0
lenovo_tttserver,NVIDIA A100-SXM4-80GB,"3.12.3 (main, Mar  3 2026, 12:15:18) [GCC 13.3.0]",py312_cuml_adaptive,profiler_cuml_adaptive_v2,QHY600-4_Ha,15.3,7.486696,318,2026-04-04T09:22:27.152Z,4787,3193,Ha,NGC2903,81920.0,424.0,34.0
azken,NVIDIA H100 PCIe,"3.12.3 (main, Mar  3 2026, 12:15:18) [GCC 13.3.0]",py312_cuml_adaptive,profiler_cuml_adaptive_v2,QHY600-4_SDSSg,15.3,11.859026,218,2026-04-04T09:22:34.682Z,4787,3193,SDSSg,WASP-43-b,81559.0,458.0,44.0
hp3,NVIDIA L40S,"3.12.3 (main, Mar  3 2026, 12:15:18) [GCC 13.3.0]",py312_cuml_adaptive,profiler_cuml_adaptive_v2,QHY600-4_SDSSg,15.3,11.1373825,218,2026-04-04T09:22:42.000Z,4787,3193,SDSSg,WASP-43-b,46068.0,430.0,37.0
lenovo_tttserver,NVIDIA A100-SXM4-80GB,"3.12.3 (main, Mar  3 2026, 12:15:18) [GCC 13.3.0]",py312_cuml_adaptive,profiler_cuml_adaptive_v2,QHY600-4_Ha,15.3,7.242502,318,2026-04-04T09:22:40.587Z,4787,3193,Ha,NGC2903,81920.0,424.0,34.0
lenovo_tttserver,NVIDIA A100-SXM4-80GB,"3.12.3 (main, Mar  3 2026, 12:15:18) [GCC 13.3.0]",py312_cuml_adaptive,profiler_cuml_adaptive_v2,QHY600-4_Ha,15.3,7.5109367,318,2026-04-04T09:22:54.888Z,4787,3193,Ha,NGC2903,81920.0,424.0,34.0
lenovo_tttserver,NVIDIA A100-SXM4-80GB,"3.12.3 (main, Mar  3 2026, 12:15:18) [GCC 13.3.0]",py312_cuml_adaptive,profiler_cuml_adaptive_v2,QHY600-4_Ha,15.3,7.279191,318,2026-04-04T09:23:08.329Z,4787,3193,Ha,NGC2903,81920.0,424.0,34.0
hp3,NVIDIA L40S,"3.12.3 (main, Mar  3 2026, 12:15:18) [GCC 13.3.0]",py312_cuml_adaptive,profiler_cuml_adaptive_v2,QHY600-4_SDSSg,15.3,11.264449,218,2026-04-04T09:23:01.679Z,4787,3193,SDSSg,WASP-43-b,46068.0,430.0,37.0
azken,NVIDIA H100 PCIe,"3.12.3 (main, Mar  3 2026, 12:15:18) [GCC 13.3.0]",py312_cuml_adaptive,profiler_cuml_adaptive_v2,QHY600-4_Ha,15.3,42.416473,318,2026-04-04T09:23:25.511Z,4787,3193,Ha,NGC2903,81559.0,458.0,44.0
hp3,NVIDIA L40S,"3.12.3 (main, Mar  3 2026, 12:15:18) [GCC 13.3.0]",py312_cuml_adaptive,profiler_cuml_adaptive_v2,QHY600-4_SDSSg,15.3,11.422274,218,2026-04-04T09:23:21.531Z,4787,3193,SDSSg,WASP-43-b,46068.0,430.0,37.0
hp3,NVIDIA L40S,"3.12.3 (main, Mar  3 2026, 12:15:18) [GCC 13.3.0]",py312_cuml_adaptive,profiler_cuml_adaptive_v2,QHY600-4_Ha,15.3,9.053665,318,2026-04-04T09:25:59.864Z,4787,3193,Ha,NGC2903,46068.0,430.0,38.0
lenovo_tttserver,NVIDIA A100-SXM4-80GB,"3.12.3 (main, Mar  3 2026, 12:15:18) [GCC 13.3.0]",py312_cuml_adaptive,profiler_cuml_adaptive_v2,QHY411-1_Lum_bin2,37.8,10.4066105,154,2026-04-04T09:25:52.787Z,7100,5325,Lum,2012QD8,81920.0,424.0,35.0
hp3,NVIDIA L40S,"3.12.3 (main, Mar  3 2026, 12:15:18) [GCC 13.3.0]",py312_cuml_adaptive,profiler_cuml_adaptive_v2,QHY600-4_Ha,15.3,9.156557,318,2026-04-04T09:26:17.411Z,4787,3193,Ha,NGC2903,46068.0,430.0,38.0
azken,NVIDIA H100 PCIe,"3.12.3 (main, Mar  3 2026, 12:15:18) [GCC 13.3.0]",py312_cuml_adaptive,profiler_cuml_adaptive_v2,QHY600-4_Ha,15.3,10.3066,318,2026-04-04T09:25:53.507Z,4787,3193,Ha,NGC2903,81559.0,458.0,45.0
lenovo_tttserver,NVIDIA A100-SXM4-80GB,"3.12.3 (main, Mar  3 2026, 12:15:18) [GCC 13.3.0]",py312_cuml_adaptive,profiler_cuml_adaptive_v2,QHY411-1_Lum_bin2,37.8,11.2048,154,2026-04-04T09:26:10.351Z,7100,5325,Lum,2012QD8,81920.0,424.0,35.0
lenovo_tttserver,NVIDIA A100-SXM4-80GB,"3.12.3 (main, Mar  3 2026, 12:15:18) [GCC 13.3.0]",py312_cuml_adaptive,profiler_cuml_adaptive_v2,QHY411-1_Lum_bin2,37.8,10.452104,154,2026-04-04T09:26:27.620Z,7100,5325,Lum,2012QD8,81920.0,424.0,34.0
hp3,NVIDIA L40S,"3.12.3 (main, Mar  3 2026, 12:15:18) [GCC 13.3.0]",py312_cuml_adaptive,profiler_cuml_adaptive_v2,QHY600-4_Ha,15.3,9.338775,318,2026-04-04T09:26:52.653Z,4787,3193,Ha,NGC2903,46068.0,430.0,37.0
azken,NVIDIA H100 PCIe,"3.12.3 (main, Mar  3 2026, 12:15:18) [GCC 13.3.0]",py312_cuml_adaptive,profiler_cuml_adaptive_v2,QHY600-4_Ha,15.3,40.371445,318,2026-04-04T09:26:43.659Z,4787,3193,Ha,NGC2903,81559.0,458.0,45.0
lenovo_tttserver,NVIDIA A100-SXM4-80GB,"3.12.3 (main, Mar  3 2026, 12:15:18) [GCC 13.3.0]",py312_cuml_adaptive,profiler_cuml_adaptive_v2,QHY411-1_Lum_bin2,37.8,10.509124,154,2026-04-04T09:26:44.225Z,7100,5325,Lum,2012QD8,81920.0,424.0,34.0
hp3,NVIDIA L40S,"3.12.3 (main, Mar  3 2026, 12:15:18) [GCC 13.3.0]",py312_cuml_adaptive,profiler_cuml_adaptive_v2,QHY600-4_Ha,15.3,9.102459,318,2026-04-04T09:26:34.837Z,4787,3193,Ha,NGC2903,46068.0,430.0,37.0
hp3,NVIDIA L40S,"3.12.3 (main, Mar  3 2026, 12:15:18) [GCC 13.3.0]",py312_cuml_adaptive,profiler_cuml_adaptive_v2,QHY600-4_Ha,15.3,9.121124,318,2026-04-04T09:27:10.692Z,4787,3193,Ha,NGC2903,46068.0,430.0,37.0
azken,NVIDIA H100 PCIe,"3.12.3 (main, Mar  3 2026, 12:15:18) [GCC 13.3.0]",py312_cuml_adaptive,profiler_cuml_adaptive_v2,QHY600-4_Ha,15.3,9.284153,318,2026-04-04T09:27:02.350Z,4787,3193,Ha,NGC2903,81559.0,458.0,43.0
lenovo_tttserver,NVIDIA A100-SXM4-80GB,"3.12.3 (main, Mar  3 2026, 12:15:18) [GCC 13.3.0]",py312_cuml_adaptive,profiler_cuml_adaptive_v2,QHY411-1_Lum_bin2,37.8,10.808421,154,2026-04-04T09:27:01.397Z,7100,5325,Lum,2012QD8,81920.0,424.0,34.0
lenovo_tttserver,NVIDIA A100-SXM4-80GB,"3.12.3 (main, Mar  3 2026, 12:15:18) [GCC 13.3.0]",py312_cuml_adaptive,profiler_cuml_adaptive_v2,QHY411-1_Lum_bin2,37.8,10.604291,154,2026-04-04T09:27:18.198Z,7100,5325,Lum,2012QD8,81920.0,424.0,34.0
hp3,NVIDIA L40S,"3.12.3 (main, Mar  3 2026, 12:15:18) [GCC 13.3.0]",py312_cuml_adaptive,profiler_cuml_adaptive_v2,QHY600-4_Ha,15.3,9.405113,318,2026-04-04T09:27:28.500Z,4787,3193,Ha,NGC2903,46068.0,430.0,36.0
azken,NVIDIA H100 PCIe,"3.12.3 (main, Mar  3 2026, 12:15:18) [GCC 13.3.0]",py312_cuml_adaptive,profiler_cuml_adaptive_v2,QHY600-4_Ha,15.3,9.154947,318,2026-04-04T09:27:20.615Z,4787,3193,Ha,NGC2903,81559.0,458.0,43.0
azken,NVIDIA H100 PCIe,"3.12.3 (main, Mar  3 2026, 12:15:18) [GCC 13.3.0]",py312_cuml_adaptive,profiler_cuml_adaptive_v2,QHY411-1_Lum_bin2,37.8,12.423975,154,2026-04-04T09:28:04.019Z,7100,5325,Lum,2012QD8,81559.0,458.0,43.0
hp3,NVIDIA L40S,"3.12.3 (main, Mar  3 2026, 12:15:18) [GCC 13.3.0]",py312_cuml_adaptive,profiler_cuml_adaptive_v2,QHY600-4_Ha,15.3,9.283286,318,2026-04-04T09:28:02.223Z,4787,3193,Ha,NGC2903,46068.0,430.0,36.0
azken,NVIDIA H100 PCIe,"3.12.3 (main, Mar  3 2026, 12:15:18) [GCC 13.3.0]",py312_cuml_adaptive,profiler_cuml_adaptive_v2,QHY411-1_Lum_bin2,37.8,14.27867,154,2026-04-04T09:27:42.313Z,7100,5325,Lum,2012QD8,81559.0,458.0,44.0
hp3,NVIDIA L40S,"3.12.3 (main, Mar  3 2026, 12:15:18) [GCC 13.3.0]",py312_cuml_adaptive,profiler_cuml_adaptive_v2,QHY600-4_Ha,15.3,9.933608,318,2026-04-04T09:27:44.497Z,4787,3193,Ha,NGC2903,46068.0,430.0,37.0
lenovo_tttserver,NVIDIA A100-SXM4-80GB,"3.12.3 (main, Mar  3 2026, 12:15:18) [GCC 13.3.0]",py312_cuml_adaptive,profiler_cuml_adaptive_v2,QHY411-1_Lum_bin2,37.8,12.015245,154,2026-04-04T09:27:36.844Z,7100,5325,Lum,2012QD8,81920.0,424.0,33.0
lenovo_tttserver,NVIDIA A100-SXM4-80GB,"3.12.3 (main, Mar  3 2026, 12:15:18) [GCC 13.3.0]",py312_cuml_adaptive,profiler_cuml_adaptive_v2,QHY411-1_SDSSi_bin2,37.8,18.553133,247,2026-04-04T09:28:01.821Z,7100,5325,SDSSi,GaiaDR33534005919872722560,81920.0,424.0,33.0
hp3,NVIDIA L40S,"3.12.3 (main, Mar  3 2026, 12:15:18) [GCC 13.3.0]",py312_cuml_adaptive,profiler_cuml_adaptive_v2,QHY600-4_Ha,15.3,8.93474,318,2026-04-04T09:28:20.191Z,4787,3193,Ha,NGC2903,46068.0,430.0,35.0
azken,NVIDIA H100 PCIe,"3.12.3 (main, Mar  3 2026, 12:15:18) [GCC 13.3.0]",py312_cuml_adaptive,profiler_cuml_adaptive_v2,QHY411-1_Lum_bin2,37.8,12.13633,154,2026-04-04T09:28:26.161Z,7100,5325,Lum,2012QD8,81559.0,458.0,43.0
lenovo_tttserver,NVIDIA A100-SXM4-80GB,"3.12.3 (main, Mar  3 2026, 12:15:18) [GCC 13.3.0]",py312_cuml_adaptive,profiler_cuml_adaptive_v2,QHY411-1_SDSSi_bin2,37.8,14.05006,247,2026-04-04T09:28:22.106Z,7100,5325,SDSSi,GaiaDR33534005919872722560,81920.0,424.0,33.0
hp3,NVIDIA L40S,"3.12.3 (main, Mar  3 2026, 12:15:18) [GCC 13.3.0]",py312_cuml_adaptive,profiler_cuml_adaptive_v2,QHY600-4_Ha,15.3,8.942208,318,2026-04-04T09:28:37.392Z,4787,3193,Ha,NGC2903,46068.0,430.0,36.0
azken,NVIDIA H100 PCIe,"3.12.3 (main, Mar  3 2026, 12:15:18) [GCC 13.3.0]",py312_cuml_adaptive,profiler_cuml_adaptive_v2,iKon936_SDSSg,4.2,45.06812,412,2026-04-04T09:08:09.087Z,2048,2048,SDSSg,QSO0957+561,81559.0,458.0,36.0
azken,NVIDIA H100 PCIe,"3.12.3 (main, Mar  3 2026, 12:15:18) [GCC 13.3.0]",py312_cuml_adaptive,profiler_cuml_adaptive_v2,iKon936_SDSSg,4.2,6.713415,412,2026-04-04T09:10:22.415Z,2048,2048,SDSSg,QSO0957+561,81559.0,458.0,36.0
azken,NVIDIA H100 PCIe,"3.12.3 (main, Mar  3 2026, 12:15:18) [GCC 13.3.0]",py312_cuml_adaptive,profiler_cuml_adaptive_v2,iKon936_SDSSg,4.2,7.5948925,412,2026-04-04T09:10:39.264Z,2048,2048,SDSSg,QSO0957+561,81559.0,458.0,36.0
azken,NVIDIA H100 PCIe,"3.12.3 (main, Mar  3 2026, 12:15:18) [GCC 13.3.0]",py312_cuml_adaptive,profiler_cuml_adaptive_v2,iKon936_SDSSg,4.2,8.293499,412,2026-04-04T09:10:56.877Z,2048,2048,SDSSg,QSO0957+561,81559.0,458.0,36.0
lenovo_tttserver,NVIDIA A100-SXM4-80GB,"3.12.3 (main, Mar  3 2026, 12:15:18) [GCC 13.3.0]",py312_cuml_adaptive,profiler_cuml_adaptive_v2,iKon936_Lum,4.2,6.353933,296,2026-04-04T09:14:04.596Z,2048,2048,Lum,C2025A6,81920.0,424.0,30.0
lenovo_tttserver,NVIDIA A100-SXM4-80GB,"3.12.3 (main, Mar  3 2026, 12:15:18) [GCC 13.3.0]",py312_cuml_adaptive,profiler_cuml_adaptive_v2,iKon936_Lum,4.2,4.6707487,296,2026-04-04T09:13:51.896Z,2048,2048,Lum,C2025A6,81920.0,424.0,30.0
azken,NVIDIA H100 PCIe,"3.12.3 (main, Mar  3 2026, 12:15:18) [GCC 13.3.0]",py312_cuml_adaptive,profiler_cuml_adaptive_v2,iKon936_Lum,4.2,8.89873,296,2026-04-04T09:13:57.181Z,2048,2048,Lum,C2025A6,81559.0,458.0,37.0
hp3,NVIDIA L40S,"3.12.3 (main, Mar  3 2026, 12:15:18) [GCC 13.3.0]",py312_cuml_adaptive,profiler_cuml_adaptive_v2,iKon936_SDSSg,4.2,5.202731,412,2026-04-04T09:13:59.682Z,2048,2048,SDSSg,QSO0957+561,46068.0,430.0,34.0
hp3,NVIDIA L40S,"3.12.3 (main, Mar  3 2026, 12:15:18) [GCC 13.3.0]",py312_cuml_adaptive,profiler_cuml_adaptive_v2,iKon936_SDSSg,4.2,4.9865904,412,2026-04-04T09:14:13.489Z,2048,2048,SDSSg,QSO0957+561,46068.0,430.0,35.0
azken,NVIDIA H100 PCIe,"3.12.3 (main, Mar  3 2026, 12:15:18) [GCC 13.3.0]",py312_cuml_adaptive,profiler_cuml_adaptive_v2,iKon936_Lum,4.2,9.137316,296,2026-04-04T09:14:14.255Z,2048,2048,Lum,C2025A6,81559.0,458.0,38.0
lenovo_tttserver,NVIDIA A100-SXM4-80GB,"3.12.3 (main, Mar  3 2026, 12:15:18) [GCC 13.3.0]",py312_cuml_adaptive,profiler_cuml_adaptive_v2,iKon936_Lum,4.2,4.863044,296,2026-04-04T09:14:15.615Z,2048,2048,Lum,C2025A6,81920.0,424.0,30.0
hp3,NVIDIA L40S,"3.12.3 (main, Mar  3 2026, 12:15:18) [GCC 13.3.0]",py312_cuml_adaptive,profiler_cuml_adaptive_v2,iKon936_SDSSg,4.2,5.2173176,412,2026-04-04T09:14:23.835Z,2048,2048,SDSSg,QSO0957+561,46068.0,430.0,35.0
azken,NVIDIA H100 PCIe,"3.12.3 (main, Mar  3 2026, 12:15:18) [GCC 13.3.0]",py312_cuml_adaptive,profiler_cuml_adaptive_v2,iKon936_Lum,4.2,9.195712,296,2026-04-04T09:14:32.763Z,2048,2048,Lum,C2025A6,81559.0,458.0,38.0
hp3,NVIDIA L40S,"3.12.3 (main, Mar  3 2026, 12:15:18) [GCC 13.3.0]",py312_cuml_adaptive,profiler_cuml_adaptive_v2,iKon936_SDSSg,4.2,5.0300226,412,2026-04-04T09:14:37.124Z,2048,2048,SDSSg,QSO0957+561,46068.0,430.0,35.0
lenovo_tttserver,NVIDIA A100-SXM4-80GB,"3.12.3 (main, Mar  3 2026, 12:15:18) [GCC 13.3.0]",py312_cuml_adaptive,profiler_cuml_adaptive_v2,iKon936_Lum,4.2,4.8812065,296,2026-04-04T09:14:38.216Z,2048,2048,Lum,C2025A6,81920.0,424.0,31.0
lenovo_tttserver,NVIDIA A100-SXM4-80GB,"3.12.3 (main, Mar  3 2026, 12:15:18) [GCC 13.3.0]",py312_cuml_adaptive,profiler_cuml_adaptive_v2,iKon936_Lum,4.2,4.7853546,296,2026-04-04T09:14:26.581Z,2048,2048,Lum,C2025A6,81920.0,424.0,30.0
azken,NVIDIA H100 PCIe,"3.12.3 (main, Mar  3 2026, 12:15:18) [GCC 13.3.0]",py312_cuml_adaptive,profiler_cuml_adaptive_v2,QHY600-4_SDSSg,15.3,23.69964,218,2026-04-04T09:18:49.814Z,4787,3193,SDSSg,WASP-43-b,81559.0,458.0,41.0
hp3,NVIDIA L40S,"3.12.3 (main, Mar  3 2026, 12:15:18) [GCC 13.3.0]",py312_cuml_adaptive,profiler_cuml_adaptive_v2,QHY600-3_Lum,6.8,13.676193,112,2026-04-04T09:18:45.654Z,3191,2129,Lum,C2025R2,46068.0,430.0,34.0
lenovo_tttserver,NVIDIA A100-SXM4-80GB,"3.12.3 (main, Mar  3 2026, 12:15:18) [GCC 13.3.0]",py312_cuml_adaptive,profiler_cuml_adaptive_v2,QHY600-4_SDSSg,15.3,10.393737,218,2026-04-04T09:18:42.815Z,4787,3193,SDSSg,WASP-43-b,81920.0,424.0,33.0
lenovo_tttserver,NVIDIA A100-SXM4-80GB,"3.12.3 (main, Mar  3 2026, 12:15:18) [GCC 13.3.0]",py312_cuml_adaptive,profiler_cuml_adaptive_v2,QHY600-4_SDSSg,15.3,10.188921,218,2026-04-04T09:20:24.255Z,4787,3193,SDSSg,WASP-43-b,81920.0,424.0,34.0
azken,NVIDIA H100 PCIe,"3.12.3 (main, Mar  3 2026, 12:15:18) [GCC 13.3.0]",py312_cuml_adaptive,profiler_cuml_adaptive_v2,QHY600-4_SDSSg,15.3,10.120723,218,2026-04-04T09:20:52.225Z,4787,3193,SDSSg,WASP-43-b,81559.0,458.0,44.0
hp3,NVIDIA L40S,"3.12.3 (main, Mar  3 2026, 12:15:18) [GCC 13.3.0]",py312_cuml_adaptive,profiler_cuml_adaptive_v2,QHY600-3_Lum,6.8,5.764706,112,2026-04-04T09:20:47.587Z,3191,2129,Lum,C2025R2,46068.0,430.0,36.0
hp3,NVIDIA L40S,"3.12.3 (main, Mar  3 2026, 12:15:18) [GCC 13.3.0]",py312_cuml_adaptive,profiler_cuml_adaptive_v2,QHY600-3_Lum,6.8,5.355831,112,2026-04-04T09:21:01.070Z,3191,2129,Lum,C2025R2,46068.0,430.0,36.0
lenovo_tttserver,NVIDIA A100-SXM4-80GB,"3.12.3 (main, Mar  3 2026, 12:15:18) [GCC 13.3.0]",py312_cuml_adaptive,profiler_cuml_adaptive_v2,QHY600-4_SDSSg,15.3,10.241662,218,2026-04-04T09:20:57.791Z,4787,3193,SDSSg,WASP-43-b,81920.0,424.0,33.0
lenovo_tttserver,NVIDIA A100-SXM4-80GB,"3.12.3 (main, Mar  3 2026, 12:15:18) [GCC 13.3.0]",py312_cuml_adaptive,profiler_cuml_adaptive_v2,QHY600-4_SDSSg,15.3,10.395633,218,2026-04-04T09:21:14.472Z,4787,3193,SDSSg,WASP-43-b,81920.0,424.0,34.0
azken,NVIDIA H100 PCIe,"3.12.3 (main, Mar  3 2026, 12:15:18) [GCC 13.3.0]",py312_cuml_adaptive,profiler_cuml_adaptive_v2,QHY600-4_SDSSg,15.3,10.0477915,218,2026-04-04T09:21:11.328Z,4787,3193,SDSSg,WASP-43-b,81559.0,458.0,44.0
hp3,NVIDIA L40S,"3.12.3 (main, Mar  3 2026, 12:15:18) [GCC 13.3.0]",py312_cuml_adaptive,profiler_cuml_adaptive_v2,QHY600-4_SDSSg,15.3,19.775103,218,2026-04-04T09:21:44.378Z,4787,3193,SDSSg,WASP-43-b,46068.0,430.0,35.0
lenovo_tttserver,NVIDIA A100-SXM4-80GB,"3.12.3 (main, Mar  3 2026, 12:15:18) [GCC 13.3.0]",py312_cuml_adaptive,profiler_cuml_adaptive_v2,QHY600-4_Ha,15.3,7.4010735,318,2026-04-04T09:21:44.400Z,4787,3193,Ha,NGC2903,81920.0,424.0,34.0
lenovo_tttserver,NVIDIA A100-SXM4-80GB,"3.12.3 (main, Mar  3 2026, 12:15:18) [GCC 13.3.0]",py312_cuml_adaptive,profiler_cuml_adaptive_v2,QHY600-4_Ha,15.3,8.304006,318,2026-04-04T09:23:23.001Z,4787,3193,Ha,NGC2903,81920.0,424.0,34.0
hp3,NVIDIA L40S,"3.12.3 (main, Mar  3 2026, 12:15:18) [GCC 13.3.0]",py312_cuml_adaptive,profiler_cuml_adaptive_v2,QHY600-4_SDSSg,15.3,11.414618,218,2026-04-04T09:23:41.894Z,4787,3193,SDSSg,WASP-43-b,46068.0,430.0,38.0
lenovo_tttserver,NVIDIA A100-SXM4-80GB,"3.12.3 (main, Mar  3 2026, 12:15:18) [GCC 13.3.0]",py312_cuml_adaptive,profiler_cuml_adaptive_v2,QHY600-4_Ha,15.3,7.619771,318,2026-04-04T09:23:36.801Z,4787,3193,Ha,NGC2903,81920.0,424.0,34.0
hp3,NVIDIA L40S,"3.12.3 (main, Mar  3 2026, 12:15:18) [GCC 13.3.0]",py312_cuml_adaptive,profiler_cuml_adaptive_v2,QHY600-4_SDSSg,15.3,11.821977,218,2026-04-04T09:24:41.433Z,4787,3193,SDSSg,WASP-43-b,46068.0,430.0,39.0
lenovo_tttserver,NVIDIA A100-SXM4-80GB,"3.12.3 (main, Mar  3 2026, 12:15:18) [GCC 13.3.0]",py312_cuml_adaptive,profiler_cuml_adaptive_v2,QHY411-1_Lum_bin2,37.8,10.522408,154,2026-04-04T09:24:43.756Z,7100,5325,Lum,2012QD8,81920.0,424.0,34.0
azken,NVIDIA H100 PCIe,"3.12.3 (main, Mar  3 2026, 12:15:18) [GCC 13.3.0]",py312_cuml_adaptive,profiler_cuml_adaptive_v2,QHY600-4_Ha,15.3,10.62607,318,2026-04-04T09:24:41.125Z,4787,3193,Ha,NGC2903,81559.0,458.0,45.0
azken,NVIDIA H100 PCIe,"3.12.3 (main, Mar  3 2026, 12:15:18) [GCC 13.3.0]",py312_cuml_adaptive,profiler_cuml_adaptive_v2,QHY600-4_Ha,15.3,10.389807,318,2026-04-04T09:25:00.154Z,4787,3193,Ha,NGC2903,81559.0,458.0,45.0
lenovo_tttserver,NVIDIA A100-SXM4-80GB,"3.12.3 (main, Mar  3 2026, 12:15:18) [GCC 13.3.0]",py312_cuml_adaptive,profiler_cuml_adaptive_v2,QHY411-1_Lum_bin2,37.8,10.930759,154,2026-04-04T09:25:01.000Z,7100,5325,Lum,2012QD8,81920.0,424.0,35.0
hp3,NVIDIA L40S,"3.12.3 (main, Mar  3 2026, 12:15:18) [GCC 13.3.0]",py312_cuml_adaptive,profiler_cuml_adaptive_v2,QHY600-4_SDSSg,15.3,11.517954,218,2026-04-04T09:25:01.715Z,4787,3193,SDSSg,WASP-43-b,46068.0,430.0,38.0
hp3,NVIDIA L40S,"3.12.3 (main, Mar  3 2026, 12:15:18) [GCC 13.3.0]",py312_cuml_adaptive,profiler_cuml_adaptive_v2,QHY600-3_Lum,6.8,5.608412,112,2026-04-04T09:19:40.147Z,3191,2129,Lum,C2025R2,46068.0,430.0,35.0
lenovo_tttserver,NVIDIA A100-SXM4-80GB,"3.12.3 (main, Mar  3 2026, 12:15:18) [GCC 13.3.0]",py312_cuml_adaptive,profiler_cuml_adaptive_v2,QHY600-4_SDSSg,15.3,10.072796,218,2026-04-04T09:19:33.301Z,4787,3193,SDSSg,WASP-43-b,81920.0,424.0,33.0
azken,NVIDIA H100 PCIe,"3.12.3 (main, Mar  3 2026, 12:15:18) [GCC 13.3.0]",py312_cuml_adaptive,profiler_cuml_adaptive_v2,QHY600-4_SDSSg,15.3,12.695824,218,2026-04-04T09:19:33.006Z,4787,3193,SDSSg,WASP-43-b,81559.0,458.0,43.0
lenovo_tttserver,NVIDIA A100-SXM4-80GB,"3.12.3 (main, Mar  3 2026, 12:15:18) [GCC 13.3.0]",py312_cuml_adaptive,profiler_cuml_adaptive_v2,QHY600-4_SDSSg,15.3,10.212654,218,2026-04-04T09:18:59.318Z,4787,3193,SDSSg,WASP-43-b,81920.0,424.0,33.0
hp3,NVIDIA L40S,"3.12.3 (main, Mar  3 2026, 12:15:18) [GCC 13.3.0]",py312_cuml_adaptive,profiler_cuml_adaptive_v2,QHY600-3_Lum,6.8,5.6704006,112,2026-04-04T09:18:59.913Z,3191,2129,Lum,C2025R2,46068.0,430.0,34.0
azken,NVIDIA H100 PCIe,"3.12.3 (main, Mar  3 2026, 12:15:18) [GCC 13.3.0]",py312_cuml_adaptive,profiler_cuml_adaptive_v2,QHY600-4_SDSSg,15.3,13.372177,218,2026-04-04T09:19:11.861Z,4787,3193,SDSSg,WASP-43-b,81559.0,458.0,42.0
azken,NVIDIA H100 PCIe,"3.12.3 (main, Mar  3 2026, 12:15:18) [GCC 13.3.0]",py312_cuml_adaptive,profiler_cuml_adaptive_v2,QHY600-4_SDSSg,15.3,10.506245,218,2026-04-04T09:19:51.898Z,4787,3193,SDSSg,WASP-43-b,81559.0,458.0,43.0
hp3,NVIDIA L40S,"3.12.3 (main, Mar  3 2026, 12:15:18) [GCC 13.3.0]",py312_cuml_adaptive,profiler_cuml_adaptive_v2,QHY600-3_Lum,6.8,5.5445156,112,2026-04-04T09:19:54.042Z,3191,2129,Lum,C2025R2,46068.0,430.0,35.0
lenovo_tttserver,NVIDIA A100-SXM4-80GB,"3.12.3 (main, Mar  3 2026, 12:15:18) [GCC 13.3.0]",py312_cuml_adaptive,profiler_cuml_adaptive_v2,QHY600-4_SDSSg,15.3,10.209462,218,2026-04-04T09:19:49.777Z,4787,3193,SDSSg,WASP-43-b,81920.0,424.0,33.0
azken,NVIDIA H100 PCIe,"3.12.3 (main, Mar  3 2026, 12:15:18) [GCC 13.3.0]",py312_cuml_adaptive,profiler_cuml_adaptive_v2,QHY600-4_SDSSg,15.3,13.166192,218,2026-04-04T09:20:14.526Z,4787,3193,SDSSg,WASP-43-b,81559.0,458.0,43.0
hp3,NVIDIA L40S,"3.12.3 (main, Mar  3 2026, 12:15:18) [GCC 13.3.0]",py312_cuml_adaptive,profiler_cuml_adaptive_v2,QHY600-3_Lum,6.8,5.7633367,112,2026-04-04T09:20:08.654Z,3191,2129,Lum,C2025R2,46068.0,430.0,35.0
lenovo_tttserver,NVIDIA A100-SXM4-80GB,"3.12.3 (main, Mar  3 2026, 12:15:18) [GCC 13.3.0]",py312_cuml_adaptive,profiler_cuml_adaptive_v2,QHY600-4_SDSSg,15.3,10.329441,218,2026-04-04T09:20:06.392Z,4787,3193,SDSSg,WASP-43-b,81920.0,424.0,33.0
hp3,NVIDIA L40S,"3.12.3 (main, Mar  3 2026, 12:15:18) [GCC 13.3.0]",py312_cuml_adaptive,profiler_cuml_adaptive_v2,QHY600-3_Lum,6.8,5.7106657,112,2026-04-04T09:20:22.837Z,3191,2129,Lum,C2025R2,46068.0,430.0,35.0
hp3,NVIDIA L40S,"3.12.3 (main, Mar  3 2026, 12:15:18) [GCC 13.3.0]",py312_cuml_adaptive,profiler_cuml_adaptive_v2,QHY600-4_SDSSg,15.3,11.453086,218,2026-04-04T09:22:04.231Z,4787,3193,SDSSg,WASP-43-b,46068.0,430.0,36.0
lenovo_tttserver,NVIDIA A100-SXM4-80GB,"3.12.3 (main, Mar  3 2026, 12:15:18) [GCC 13.3.0]",py312_cuml_adaptive,profiler_cuml_adaptive_v2,QHY600-4_Ha,15.3,7.545882,318,2026-04-04T09:21:58.140Z,4787,3193,Ha,NGC2903,81920.0,424.0,34.0
azken,NVIDIA H100 PCIe,"3.12.3 (main, Mar  3 2026, 12:15:18) [GCC 13.3.0]",py312_cuml_adaptive,profiler_cuml_adaptive_v2,QHY600-4_SDSSg,15.3,13.028351,218,2026-04-04T09:21:50.882Z,4787,3193,SDSSg,WASP-43-b,81559.0,458.0,44.0
azken,NVIDIA H100 PCIe,"3.12.3 (main, Mar  3 2026, 12:15:18) [GCC 13.3.0]",py312_cuml_adaptive,profiler_cuml_adaptive_v2,QHY600-4_SDSSg,15.3,13.130442,218,2026-04-04T09:22:12.885Z,4787,3193,SDSSg,WASP-43-b,81559.0,458.0,44.0
lenovo_tttserver,NVIDIA A100-SXM4-80GB,"3.12.3 (main, Mar  3 2026, 12:15:18) [GCC 13.3.0]",py312_cuml_adaptive,profiler_cuml_adaptive_v2,QHY600-4_Ha,15.3,7.4633045,318,2026-04-04T09:22:11.665Z,4787,3193,Ha,NGC2903,81920.0,424.0,34.0
azken,NVIDIA H100 PCIe,"3.12.3 (main, Mar  3 2026, 12:15:18) [GCC 13.3.0]",py312_cuml_adaptive,profiler_cuml_adaptive_v2,QHY600-4_Ha,15.3,8.772884,318,2026-04-04T09:23:42.506Z,4787,3193,Ha,NGC2903,81559.0,458.0,44.0
lenovo_tttserver,NVIDIA A100-SXM4-80GB,"3.12.3 (main, Mar  3 2026, 12:15:18) [GCC 13.3.0]",py312_cuml_adaptive,profiler_cuml_adaptive_v2,QHY600-4_Ha,15.3,7.526476,318,2026-04-04T09:24:05.214Z,4787,3193,Ha,NGC2903,81920.0,424.0,34.0
lenovo_tttserver,NVIDIA A100-SXM4-80GB,"3.12.3 (main, Mar  3 2026, 12:15:18) [GCC 13.3.0]",py312_cuml_adaptive,profiler_cuml_adaptive_v2,QHY600-4_Ha,15.3,7.843458,318,2026-04-04T09:23:51.057Z,4787,3193,Ha,NGC2903,81920.0,424.0,34.0
hp3,NVIDIA L40S,"3.12.3 (main, Mar  3 2026, 12:15:18) [GCC 13.3.0]",py312_cuml_adaptive,profiler_cuml_adaptive_v2,QHY600-4_SDSSg,15.3,11.16201,218,2026-04-04T09:24:01.453Z,4787,3193,SDSSg,WASP-43-b,46068.0,430.0,38.0
azken,NVIDIA H100 PCIe,"3.12.3 (main, Mar  3 2026, 12:15:18) [GCC 13.3.0]",py312_cuml_adaptive,profiler_cuml_adaptive_v2,QHY600-4_Ha,15.3,10.749587,318,2026-04-04T09:24:01.975Z,4787,3193,Ha,NGC2903,81559.0,458.0,45.0
hp3,NVIDIA L40S,"3.12.3 (main, Mar  3 2026, 12:15:18) [GCC 13.3.0]",py312_cuml_adaptive,profiler_cuml_adaptive_v2,QHY600-4_SDSSg,15.3,11.480044,218,2026-04-04T09:24:21.270Z,4787,3193,SDSSg,WASP-43-b,46068.0,430.0,38.0
azken,NVIDIA H100 PCIe,"3.12.3 (main, Mar  3 2026, 12:15:18) [GCC 13.3.0]",py312_cuml_adaptive,profiler_cuml_adaptive_v2,QHY600-4_Ha,15.3,10.265445,318,2026-04-04T09:24:21.224Z,4787,3193,Ha,NGC2903,81559.0,458.0,44.0
lenovo_tttserver,NVIDIA A100-SXM4-80GB,"3.12.3 (main, Mar  3 2026, 12:15:18) [GCC 13.3.0]",py312_cuml_adaptive,profiler_cuml_adaptive_v2,QHY411-1_Lum_bin2,37.8,15.556221,154,2026-04-04T09:24:27.014Z,7100,5325,Lum,2012QD8,81920.0,424.0,35.0
lenovo_tttserver,NVIDIA A100-SXM4-80GB,"3.12.3 (main, Mar  3 2026, 12:15:18) [GCC 13.3.0]",py312_cuml_adaptive,profiler_cuml_adaptive_v2,QHY411-1_Lum_bin2,37.8,10.7860365,154,2026-04-04T09:25:18.796Z,7100,5325,Lum,2012QD8,81920.0,424.0,35.0
hp3,NVIDIA L40S,"3.12.3 (main, Mar  3 2026, 12:15:18) [GCC 13.3.0]",py312_cuml_adaptive,profiler_cuml_adaptive_v2,QHY600-4_SDSSg,15.3,11.801727,218,2026-04-04T09:25:21.945Z,4787,3193,SDSSg,WASP-43-b,46068.0,430.0,38.0
azken,NVIDIA H100 PCIe,"3.12.3 (main, Mar  3 2026, 12:15:18) [GCC 13.3.0]",py312_cuml_adaptive,profiler_cuml_adaptive_v2,QHY600-4_Ha,15.3,8.648872,318,2026-04-04T09:25:18.221Z,4787,3193,Ha,NGC2903,81559.0,458.0,45.0
lenovo_tttserver,NVIDIA A100-SXM4-80GB,"3.12.3 (main, Mar  3 2026, 12:15:18) [GCC 13.3.0]",py312_cuml_adaptive,profiler_cuml_adaptive_v2,QHY411-1_Lum_bin2,37.8,10.722556,154,2026-04-04T09:25:36.096Z,7100,5325,Lum,2012QD8,81920.0,424.0,35.0
azken,NVIDIA H100 PCIe,"3.12.3 (main, Mar  3 2026, 12:15:18) [GCC 13.3.0]",py312_cuml_adaptive,profiler_cuml_adaptive_v2,QHY600-4_Ha,15.3,8.021983,318,2026-04-04T09:25:34.522Z,4787,3193,Ha,NGC2903,81559.0,458.0,45.0
hp3,NVIDIA L40S,"3.12.3 (main, Mar  3 2026, 12:15:18) [GCC 13.3.0]",py312_cuml_adaptive,profiler_cuml_adaptive_v2,QHY600-4_Ha,15.3,11.386075,318,2026-04-04T09:25:41.860Z,4787,3193,Ha,NGC2903,46068.0,430.0,38.0
lenovo_tttserver,NVIDIA A100-SXM4-80GB,"3.12.3 (main, Mar  3 2026, 12:15:18) [GCC 13.3.0]",py312_cuml_adaptive,profiler_cuml_adaptive_v2,QHY411-1_SDSSi_bin2,37.8,13.839766,247,2026-04-04T09:28:43.638Z,7100,5325,SDSSi,GaiaDR33534005919872722560,81920.0,424.0,32.0
hp3,NVIDIA L40S,"3.12.3 (main, Mar  3 2026, 12:15:18) [GCC 13.3.0]",py312_cuml_adaptive,profiler_cuml_adaptive_v2,QHY600-4_Ha,15.3,8.971883,318,2026-04-04T09:28:54.574Z,4787,3193,Ha,NGC2903,46068.0,430.0,35.0
azken,NVIDIA H100 PCIe,"3.12.3 (main, Mar  3 2026, 12:15:18) [GCC 13.3.0]",py312_cuml_adaptive,profiler_cuml_adaptive_v2,QHY411-1_Lum_bin2,37.8,11.592679,154,2026-04-04T09:28:46.036Z,7100,5325,Lum,2012QD8,81559.0,458.0,43.0
hp3,NVIDIA L40S,"3.12.3 (main, Mar  3 2026, 12:15:18) [GCC 13.3.0]",py312_cuml_adaptive,profiler_cuml_adaptive_v2,QHY411-1_Lum_bin2,37.8,18.570189,154,2026-04-04T09:29:21.528Z,7100,5325,Lum,2012QD8,46068.0,430.0,35.0
azken,NVIDIA H100 PCIe,"3.12.3 (main, Mar  3 2026, 12:15:18) [GCC 13.3.0]",py312_cuml_adaptive,profiler_cuml_adaptive_v2,QHY411-1_Lum_bin2,37.8,10.778582,154,2026-04-04T09:29:24.140Z,7100,5325,Lum,2012QD8,81559.0,458.0,42.0
lenovo_tttserver,NVIDIA A100-SXM4-80GB,"3.12.3 (main, Mar  3 2026, 12:15:18) [GCC 13.3.0]",py312_cuml_adaptive,profiler_cuml_adaptive_v2,QHY411-1_SDSSi_bin2,37.8,14.309542,247,2026-04-04T09:29:24.203Z,7100,5325,SDSSi,GaiaDR33534005919872722560,81920.0,424.0,32.0
azken,NVIDIA H100 PCIe,"3.12.3 (main, Mar  3 2026, 12:15:18) [GCC 13.3.0]",py312_cuml_adaptive,profiler_cuml_adaptive_v2,QHY411-1_Lum_bin2,37.8,10.662469,154,2026-04-04T09:29:03.966Z,7100,5325,Lum,2012QD8,81559.0,458.0,43.0
lenovo_tttserver,NVIDIA A100-SXM4-80GB,"3.12.3 (main, Mar  3 2026, 12:15:18) [GCC 13.3.0]",py312_cuml_adaptive,profiler_cuml_adaptive_v2,QHY411-1_SDSSi_bin2,37.8,13.777203,247,2026-04-04T09:29:03.725Z,7100,5325,SDSSi,GaiaDR33534005919872722560,81920.0,424.0,32.0
hp3,NVIDIA L40S,"3.12.3 (main, Mar  3 2026, 12:15:18) [GCC 13.3.0]",py312_cuml_adaptive,profiler_cuml_adaptive_v2,QHY411-1_Lum_bin2,37.8,14.157122,154,2026-04-04T09:29:44.619Z,7100,5325,Lum,2012QD8,46068.0,430.0,35.0
azken,NVIDIA H100 PCIe,"3.12.3 (main, Mar  3 2026, 12:15:18) [GCC 13.3.0]",py312_cuml_adaptive,profiler_cuml_adaptive_v2,QHY411-1_Lum_bin2,37.8,12.915404,154,2026-04-04T09:29:46.196Z,7100,5325,Lum,2012QD8,81559.0,458.0,42.0
lenovo_tttserver,NVIDIA A100-SXM4-80GB,"3.12.3 (main, Mar  3 2026, 12:15:18) [GCC 13.3.0]",py312_cuml_adaptive,profiler_cuml_adaptive_v2,QHY411-1_SDSSi_bin2,37.8,13.993617,247,2026-04-04T09:29:45.899Z,7100,5325,SDSSi,GaiaDR33534005919872722560,81920.0,424.0,32.0
azken,NVIDIA H100 PCIe,"3.12.3 (main, Mar  3 2026, 12:15:18) [GCC 13.3.0]",py312_cuml_adaptive,profiler_cuml_adaptive_v2,QHY411-1_Lum_bin2,37.8,10.219952,154,2026-04-04T09:30:03.810Z,7100,5325,Lum,2012QD8,81559.0,458.0,42.0
hp3,NVIDIA L40S,"3.12.3 (main, Mar  3 2026, 12:15:18) [GCC 13.3.0]",py312_cuml_adaptive,profiler_cuml_adaptive_v2,QHY411-1_Lum_bin2,37.8,14.015201,154,2026-04-04T09:30:06.994Z,7100,5325,Lum,2012QD8,46068.0,430.0,35.0
lenovo_tttserver,NVIDIA A100-SXM4-80GB,"3.12.3 (main, Mar  3 2026, 12:15:18) [GCC 13.3.0]",py312_cuml_adaptive,profiler_cuml_adaptive_v2,QHY411-1_SDSSi_bin2,37.8,14.210791,247,2026-04-04T09:30:06.768Z,7100,5325,SDSSi,GaiaDR33534005919872722560,81920.0,424.0,32.0
lenovo_tttserver,NVIDIA A100-SXM4-80GB,"3.12.3 (main, Mar  3 2026, 12:15:18) [GCC 13.3.0]",py312_cuml_adaptive,profiler_cuml_adaptive_v2,QHY411-1_SDSSi_bin2,37.8,14.130013,247,2026-04-04T09:30:27.163Z,7100,5325,SDSSi,GaiaDR33534005919872722560,81920.0,424.0,32.0
hp3,NVIDIA L40S,"3.12.3 (main, Mar  3 2026, 12:15:18) [GCC 13.3.0]",py312_cuml_adaptive,profiler_cuml_adaptive_v2,QHY411-1_Lum_bin2,37.8,13.873381,154,2026-04-04T09:30:29.344Z,7100,5325,Lum,2012QD8,46068.0,430.0,35.0
azken,NVIDIA H100 PCIe,"3.12.3 (main, Mar  3 2026, 12:15:18) [GCC 13.3.0]",py312_cuml_adaptive,profiler_cuml_adaptive_v2,QHY411-1_Lum_bin2,37.8,10.207994,154,2026-04-04T09:30:44.227Z,7100,5325,Lum,2012QD8,81559.0,458.0,42.0
azken,NVIDIA H100 PCIe,"3.12.3 (main, Mar  3 2026, 12:15:18) [GCC 13.3.0]",py312_cuml_adaptive,profiler_cuml_adaptive_v2,QHY411-1_Lum_bin2,37.8,12.887361,154,2026-04-04T09:30:26.116Z,7100,5325,Lum,2012QD8,81559.0,458.0,42.0
lenovo_tttserver,NVIDIA A100-SXM4-80GB,"3.12.3 (main, Mar  3 2026, 12:15:18) [GCC 13.3.0]",py312_cuml_adaptive,profiler_cuml_adaptive_v2,QHY411-1_SDSSi_bin2,37.8,14.405207,247,2026-04-04T09:30:49.034Z,7100,5325,SDSSi,GaiaDR33534005919872722560,81920.0,424.0,32.0
hp3,NVIDIA L40S,"3.12.3 (main, Mar  3 2026, 12:15:18) [GCC 13.3.0]",py312_cuml_adaptive,profiler_cuml_adaptive_v2,QHY411-1_Lum_bin2,37.8,14.413808,154,2026-04-04T09:30:48.847Z,7100,5325,Lum,2012QD8,46068.0,430.0,35.0
azken,NVIDIA H100 PCIe,"3.12.3 (main, Mar  3 2026, 12:15:18) [GCC 13.3.0]",py312_cuml_adaptive,profiler_cuml_adaptive_v2,QHY411-1_Lum_bin2,37.8,9.721546,154,2026-04-04T09:31:02.819Z,7100,5325,Lum,2012QD8,81559.0,458.0,42.0
lenovo_tttserver,NVIDIA A100-SXM4-80GB,"3.12.3 (main, Mar  3 2026, 12:15:18) [GCC 13.3.0]",py312_cuml_adaptive,profiler_cuml_adaptive_v2,QHY411-1_SDSSi_bin2,37.8,13.86977,247,2026-04-04T09:31:09.118Z,7100,5325,SDSSi,GaiaDR33534005919872722560,81920.0,424.0,32.0
hp3,NVIDIA L40S,"3.12.3 (main, Mar  3 2026, 12:15:18) [GCC 13.3.0]",py312_cuml_adaptive,profiler_cuml_adaptive_v2,QHY411-1_Lum_bin2,37.8,14.139803,154,2026-04-04T09:31:11.476Z,7100,5325,Lum,2012QD8,46068.0,430.0,35.0
azken,NVIDIA H100 PCIe,"3.12.3 (main, Mar  3 2026, 12:15:18) [GCC 13.3.0]",py312_cuml_adaptive,profiler_cuml_adaptive_v2,QHY411-1_Lum_bin2,37.8,9.586346,154,2026-04-04T09:31:20.559Z,7100,5325,Lum,2012QD8,81559.0,458.0,42.0
azken,NVIDIA H100 PCIe,"3.12.3 (main, Mar  3 2026, 12:15:18) [GCC 13.3.0]",py312_cuml_adaptive,profiler_cuml_adaptive_v2,QHY411-1_SDSSi_bin2,37.8,17.331387,247,2026-04-04T09:31:47.030Z,7100,5325,SDSSi,GaiaDR33534005919872722560,81559.0,458.0,41.0
lenovo_tttserver,NVIDIA A100-SXM4-80GB,"3.12.3 (main, Mar  3 2026, 12:15:18) [GCC 13.3.0]",py312_cuml_adaptive,profiler_cuml_adaptive_v2,QHY411-1_SDSSi_bin2,37.8,14.354862,247,2026-04-04T09:31:51.201Z,7100,5325,SDSSi,GaiaDR33534005919872722560,81920.0,424.0,31.0
hp3,NVIDIA L40S,"3.12.3 (main, Mar  3 2026, 12:15:18) [GCC 13.3.0]",py312_cuml_adaptive,profiler_cuml_adaptive_v2,QHY411-1_Lum_bin2,37.8,13.43096,154,2026-04-04T09:31:33.325Z,7100,5325,Lum,2012QD8,46068.0,430.0,35.0
hp3,NVIDIA L40S,"3.12.3 (main, Mar  3 2026, 12:15:18) [GCC 13.3.0]",py312_cuml_adaptive,profiler_cuml_adaptive_v2,QHY411-1_Lum_bin2,37.8,13.83384,154,2026-04-04T09:31:56.006Z,7100,5325,Lum,2012QD8,46068.0,430.0,35.0
lenovo_tttserver,NVIDIA A100-SXM4-80GB,"3.12.3 (main, Mar  3 2026, 12:15:18) [GCC 13.3.0]",py312_cuml_adaptive,profiler_cuml_adaptive_v2,QHY411-1_SDSSi_bin2,37.8,14.091804,247,2026-04-04T09:31:29.592Z,7100,5325,SDSSi,GaiaDR33534005919872722560,81920.0,424.0,32.0
azken,NVIDIA H100 PCIe,"3.12.3 (main, Mar  3 2026, 12:15:18) [GCC 13.3.0]",py312_cuml_adaptive,profiler_cuml_adaptive_v2,QHY411-1_SDSSi_bin2,37.8,13.667283,247,2026-04-04T09:32:10.222Z,7100,5325,SDSSi,GaiaDR33534005919872722560,81559.0,458.0,41.0
hp3,NVIDIA L40S,"3.12.3 (main, Mar  3 2026, 12:15:18) [GCC 13.3.0]",py312_cuml_adaptive,profiler_cuml_adaptive_v2,QHY411-1_Lum_bin2,37.8,13.804687,154,2026-04-04T09:32:17.938Z,7100,5325,Lum,2012QD8,46068.0,430.0,36.0
azken,NVIDIA H100 PCIe,"3.12.3 (main, Mar  3 2026, 12:15:18) [GCC 13.3.0]",py312_cuml_adaptive,profiler_cuml_adaptive_v2,QHY411-1_SDSSi_bin2,37.8,13.954643,247,2026-04-04T09:32:33.429Z,7100,5325,SDSSi,GaiaDR33534005919872722560,81559.0,458.0,41.0
hp3,NVIDIA L40S,"3.12.3 (main, Mar  3 2026, 12:15:18) [GCC 13.3.0]",py312_cuml_adaptive,profiler_cuml_adaptive_v2,QHY411-1_Lum_bin2,37.8,13.771183,154,2026-04-04T09:32:40.073Z,7100,5325,Lum,2012QD8,46068.0,430.0,36.0
azken,NVIDIA H100 PCIe,"3.12.3 (main, Mar  3 2026, 12:15:18) [GCC 13.3.0]",py312_cuml_adaptive,profiler_cuml_adaptive_v2,QHY411-1_SDSSi_bin2,37.8,11.575161,247,2026-04-04T09:32:53.960Z,7100,5325,SDSSi,GaiaDR33534005919872722560,81559.0,458.0,41.0
hp3,NVIDIA L40S,"3.12.3 (main, Mar  3 2026, 12:15:18) [GCC 13.3.0]",py312_cuml_adaptive,profiler_cuml_adaptive_v2,QHY411-1_Lum_bin2,37.8,14.253017,154,2026-04-04T09:33:01.095Z,7100,5325,Lum,2012QD8,46068.0,430.0,36.0
lenovo_tttserver,NVIDIA A100-SXM4-80GB,"3.12.3 (main, Mar  3 2026, 12:15:18) [GCC 13.3.0]",py312_cuml_adaptive,profiler_cuml_adaptive_v2,QHY411-1_Lum_full,151.2,76.458176,428,2026-04-04T09:33:14.057Z,14200,10650,Lum,2025PR1,81920.0,424.0,31.0
azken,NVIDIA H100 PCIe,"3.12.3 (main, Mar  3 2026, 12:15:18) [GCC 13.3.0]",py312_cuml_adaptive,profiler_cuml_adaptive_v2,QHY411-1_SDSSi_bin2,37.8,10.784852,247,2026-04-04T09:33:13.431Z,7100,5325,SDSSi,GaiaDR33534005919872722560,81559.0,458.0,41.0
hp3,NVIDIA L40S,"3.12.3 (main, Mar  3 2026, 12:15:18) [GCC 13.3.0]",py312_cuml_adaptive,profiler_cuml_adaptive_v2,QHY411-1_Lum_bin2,37.8,13.854788,154,2026-04-04T09:33:23.340Z,7100,5325,Lum,2012QD8,46068.0,430.0,36.0
lenovo_tttserver,NVIDIA A100-SXM4-80GB,"3.12.3 (main, Mar  3 2026, 12:15:18) [GCC 13.3.0]",py312_cuml_adaptive,profiler_cuml_adaptive_v2,iKon936_Lum,4.2,4.786744,296,2026-04-04T09:15:00.097Z,2048,2048,Lum,C2025A6,81920.0,424.0,31.0
lenovo_tttserver,NVIDIA A100-SXM4-80GB,"3.12.3 (main, Mar  3 2026, 12:15:18) [GCC 13.3.0]",py312_cuml_adaptive,profiler_cuml_adaptive_v2,iKon936_Lum,4.2,4.7685766,296,2026-04-04T09:14:49.152Z,2048,2048,Lum,C2025A6,81920.0,424.0,31.0
hp3,NVIDIA L40S,"3.12.3 (main, Mar  3 2026, 12:15:18) [GCC 13.3.0]",py312_cuml_adaptive,profiler_cuml_adaptive_v2,iKon936_SDSSg,4.2,5.1763573,412,2026-04-04T09:14:50.535Z,2048,2048,SDSSg,QSO0957+561,46068.0,430.0,35.0
azken,NVIDIA H100 PCIe,"3.12.3 (main, Mar  3 2026, 12:15:18) [GCC 13.3.0]",py312_cuml_adaptive,profiler_cuml_adaptive_v2,iKon936_Lum,4.2,9.016531,296,2026-04-04T09:14:51.088Z,2048,2048,Lum,C2025A6,81559.0,458.0,38.0
hp3,NVIDIA L40S,"3.12.3 (main, Mar  3 2026, 12:15:18) [GCC 13.3.0]",py312_cuml_adaptive,profiler_cuml_adaptive_v2,iKon936_SDSSg,4.2,5.393114,412,2026-04-04T09:15:04.464Z,2048,2048,SDSSg,QSO0957+561,46068.0,430.0,35.0
hp3,NVIDIA L40S,"3.12.3 (main, Mar  3 2026, 12:15:18) [GCC 13.3.0]",py312_cuml_adaptive,profiler_cuml_adaptive_v2,iKon936_SDSSg,4.2,5.3949146,412,2026-04-04T09:15:18.379Z,2048,2048,SDSSg,QSO0957+561,46068.0,430.0,35.0
lenovo_tttserver,NVIDIA A100-SXM4-80GB,"3.12.3 (main, Mar  3 2026, 12:15:18) [GCC 13.3.0]",py312_cuml_adaptive,profiler_cuml_adaptive_v2,iKon936_Lum,4.2,5.1191807,296,2026-04-04T09:15:11.923Z,2048,2048,Lum,C2025A6,81920.0,424.0,31.0
lenovo_tttserver,NVIDIA A100-SXM4-80GB,"3.12.3 (main, Mar  3 2026, 12:15:18) [GCC 13.3.0]",py312_cuml_adaptive,profiler_cuml_adaptive_v2,iKon936_Lum,4.2,4.789753,296,2026-04-04T09:15:23.037Z,2048,2048,Lum,C2025A6,81920.0,424.0,31.0
azken,NVIDIA H100 PCIe,"3.12.3 (main, Mar  3 2026, 12:15:18) [GCC 13.3.0]",py312_cuml_adaptive,profiler_cuml_adaptive_v2,QHY600-3_Lum,6.8,19.246233,112,2026-04-04T09:15:19.566Z,3191,2129,Lum,C2025R2,81559.0,458.0,39.0
hp3,NVIDIA L40S,"3.12.3 (main, Mar  3 2026, 12:15:18) [GCC 13.3.0]",py312_cuml_adaptive,profiler_cuml_adaptive_v2,iKon936_SDSSg,4.2,5.055127,412,2026-04-04T09:15:32.153Z,2048,2048,SDSSg,QSO0957+561,46068.0,430.0,35.0
azken,NVIDIA H100 PCIe,"3.12.3 (main, Mar  3 2026, 12:15:18) [GCC 13.3.0]",py312_cuml_adaptive,profiler_cuml_adaptive_v2,QHY600-3_Lum,6.8,6.5980635,112,2026-04-04T09:15:35.318Z,3191,2129,Lum,C2025R2,81559.0,458.0,39.0
lenovo_tttserver,NVIDIA A100-SXM4-80GB,"3.12.3 (main, Mar  3 2026, 12:15:18) [GCC 13.3.0]",py312_cuml_adaptive,profiler_cuml_adaptive_v2,QHY600-3_Lum,6.8,14.2942295,112,2026-04-04T09:15:43.483Z,3191,2129,Lum,C2025R2,81920.0,424.0,31.0
hp3,NVIDIA L40S,"3.12.3 (main, Mar  3 2026, 12:15:18) [GCC 13.3.0]",py312_cuml_adaptive,profiler_cuml_adaptive_v2,iKon936_Lum,4.2,9.150781,296,2026-04-04T09:15:49.776Z,2048,2048,Lum,C2025A6,46068.0,430.0,35.0
lenovo_tttserver,NVIDIA A100-SXM4-80GB,"3.12.3 (main, Mar  3 2026, 12:15:18) [GCC 13.3.0]",py312_cuml_adaptive,profiler_cuml_adaptive_v2,QHY600-3_Lum,6.8,4.1654387,112,2026-04-04T09:15:54.486Z,3191,2129,Lum,C2025R2,81920.0,424.0,31.0
azken,NVIDIA H100 PCIe,"3.12.3 (main, Mar  3 2026, 12:15:18) [GCC 13.3.0]",py312_cuml_adaptive,profiler_cuml_adaptive_v2,QHY600-3_Lum,6.8,7.9765687,112,2026-04-04T09:15:52.495Z,3191,2129,Lum,C2025R2,81559.0,458.0,39.0
hp3,NVIDIA L40S,"3.12.3 (main, Mar  3 2026, 12:15:18) [GCC 13.3.0]",py312_cuml_adaptive,profiler_cuml_adaptive_v2,iKon936_Lum,4.2,6.0793066,296,2026-04-04T09:16:04.674Z,2048,2048,Lum,C2025A6,46068.0,430.0,35.0
lenovo_tttserver,NVIDIA A100-SXM4-80GB,"3.12.3 (main, Mar  3 2026, 12:15:18) [GCC 13.3.0]",py312_cuml_adaptive,profiler_cuml_adaptive_v2,QHY600-3_Lum,6.8,4.3953333,112,2026-04-04T09:16:05.080Z,3191,2129,Lum,C2025R2,81920.0,424.0,32.0
azken,NVIDIA H100 PCIe,"3.12.3 (main, Mar  3 2026, 12:15:18) [GCC 13.3.0]",py312_cuml_adaptive,profiler_cuml_adaptive_v2,QHY600-3_Lum,6.8,6.5343533,112,2026-04-04T09:16:07.513Z,3191,2129,Lum,C2025R2,81559.0,458.0,39.0
hp3,NVIDIA L40S,"3.12.3 (main, Mar  3 2026, 12:15:18) [GCC 13.3.0]",py312_cuml_adaptive,profiler_cuml_adaptive_v2,iKon936_Lum,4.2,5.7425323,296,2026-04-04T09:16:18.653Z,2048,2048,Lum,C2025A6,46068.0,430.0,35.0
lenovo_tttserver,NVIDIA A100-SXM4-80GB,"3.12.3 (main, Mar  3 2026, 12:15:18) [GCC 13.3.0]",py312_cuml_adaptive,profiler_cuml_adaptive_v2,QHY600-3_Lum,6.8,4.217214,112,2026-04-04T09:16:15.986Z,3191,2129,Lum,C2025R2,81920.0,424.0,32.0
azken,NVIDIA H100 PCIe,"3.12.3 (main, Mar  3 2026, 12:15:18) [GCC 13.3.0]",py312_cuml_adaptive,profiler_cuml_adaptive_v2,QHY600-3_Lum,6.8,6.1246815,112,2026-04-04T09:16:22.356Z,3191,2129,Lum,C2025R2,81559.0,458.0,40.0
lenovo_tttserver,NVIDIA A100-SXM4-80GB,"3.12.3 (main, Mar  3 2026, 12:15:18) [GCC 13.3.0]",py312_cuml_adaptive,profiler_cuml_adaptive_v2,QHY600-3_Lum,6.8,4.0283923,112,2026-04-04T09:16:26.384Z,3191,2129,Lum,C2025R2,81920.0,424.0,32.0
hp3,NVIDIA L40S,"3.12.3 (main, Mar  3 2026, 12:15:18) [GCC 13.3.0]",py312_cuml_adaptive,profiler_cuml_adaptive_v2,iKon936_Lum,4.2,5.788167,296,2026-04-04T09:16:47.703Z,2048,2048,Lum,C2025A6,46068.0,430.0,35.0
lenovo_tttserver,NVIDIA A100-SXM4-80GB,"3.12.3 (main, Mar  3 2026, 12:15:18) [GCC 13.3.0]",py312_cuml_adaptive,profiler_cuml_adaptive_v2,QHY600-3_Lum,6.8,4.732792,112,2026-04-04T09:16:47.668Z,3191,2129,Lum,C2025R2,81920.0,424.0,32.0
azken,NVIDIA H100 PCIe,"3.12.3 (main, Mar  3 2026, 12:15:18) [GCC 13.3.0]",py312_cuml_adaptive,profiler_cuml_adaptive_v2,QHY600-3_Lum,6.8,7.850591,112,2026-04-04T09:16:39.577Z,3191,2129,Lum,C2025R2,81559.0,458.0,40.0
hp3,NVIDIA L40S,"3.12.3 (main, Mar  3 2026, 12:15:18) [GCC 13.3.0]",py312_cuml_adaptive,profiler_cuml_adaptive_v2,iKon936_Lum,4.2,5.998521,296,2026-04-04T09:16:33.105Z,2048,2048,Lum,C2025A6,46068.0,430.0,35.0
lenovo_tttserver,NVIDIA A100-SXM4-80GB,"3.12.3 (main, Mar  3 2026, 12:15:18) [GCC 13.3.0]",py312_cuml_adaptive,profiler_cuml_adaptive_v2,QHY600-3_Lum,6.8,4.178111,112,2026-04-04T09:16:36.650Z,3191,2129,Lum,C2025R2,81920.0,424.0,32.0
azken,NVIDIA H100 PCIe,"3.12.3 (main, Mar  3 2026, 12:15:18) [GCC 13.3.0]",py312_cuml_adaptive,profiler_cuml_adaptive_v2,QHY600-3_Lum,6.8,8.048603,112,2026-04-04T09:16:56.982Z,3191,2129,Lum,C2025R2,81559.0,458.0,40.0
hp3,NVIDIA L40S,"3.12.3 (main, Mar  3 2026, 12:15:18) [GCC 13.3.0]",py312_cuml_adaptive,profiler_cuml_adaptive_v2,iKon936_Lum,4.2,6.104369,296,2026-04-04T09:17:02.094Z,2048,2048,Lum,C2025A6,46068.0,430.0,35.0
lenovo_tttserver,NVIDIA A100-SXM4-80GB,"3.12.3 (main, Mar  3 2026, 12:15:18) [GCC 13.3.0]",py312_cuml_adaptive,profiler_cuml_adaptive_v2,QHY600-3_Lum,6.8,4.0379257,112,2026-04-04T09:16:58.382Z,3191,2129,Lum,C2025R2,81920.0,424.0,32.0
hp3,NVIDIA L40S,"3.12.3 (main, Mar  3 2026, 12:15:18) [GCC 13.3.0]",py312_cuml_adaptive,profiler_cuml_adaptive_v2,iKon936_Lum,4.2,6.0431004,296,2026-04-04T09:17:16.697Z,2048,2048,Lum,C2025A6,46068.0,430.0,35.0
azken,NVIDIA H100 PCIe,"3.12.3 (main, Mar  3 2026, 12:15:18) [GCC 13.3.0]",py312_cuml_adaptive,profiler_cuml_adaptive_v2,QHY600-3_Lum,6.8,7.5997334,112,2026-04-04T09:17:12.857Z,3191,2129,Lum,C2025R2,81559.0,458.0,41.0
lenovo_tttserver,NVIDIA A100-SXM4-80GB,"3.12.3 (main, Mar  3 2026, 12:15:18) [GCC 13.3.0]",py312_cuml_adaptive,profiler_cuml_adaptive_v2,QHY600-3_Lum,6.8,5.7436934,112,2026-04-04T09:17:10.401Z,3191,2129,Lum,C2025R2,81920.0,424.0,32.0
hp3,NVIDIA L40S,"3.12.3 (main, Mar  3 2026, 12:15:18) [GCC 13.3.0]",py312_cuml_adaptive,profiler_cuml_adaptive_v2,iKon936_Lum,4.2,5.9542937,296,2026-04-04T09:17:55.357Z,2048,2048,Lum,C2025A6,46068.0,430.0,35.0
azken,NVIDIA H100 PCIe,"3.12.3 (main, Mar  3 2026, 12:15:18) [GCC 13.3.0]",py312_cuml_adaptive,profiler_cuml_adaptive_v2,QHY600-3_Lum,6.8,8.245181,112,2026-04-04T09:17:46.963Z,3191,2129,Lum,C2025R2,81559.0,458.0,40.0
hp3,NVIDIA L40S,"3.12.3 (main, Mar  3 2026, 12:15:18) [GCC 13.3.0]",py312_cuml_adaptive,profiler_cuml_adaptive_v2,iKon936_Lum,4.2,6.182566,296,2026-04-04T09:17:40.578Z,2048,2048,Lum,C2025A6,46068.0,430.0,36.0
lenovo_tttserver,NVIDIA A100-SXM4-80GB,"3.12.3 (main, Mar  3 2026, 12:15:18) [GCC 13.3.0]",py312_cuml_adaptive,profiler_cuml_adaptive_v2,QHY600-3_Lum,6.8,3.9727917,112,2026-04-04T09:17:40.985Z,3191,2129,Lum,C2025R2,81920.0,424.0,32.0
azken,NVIDIA H100 PCIe,"3.12.3 (main, Mar  3 2026, 12:15:18) [GCC 13.3.0]",py312_cuml_adaptive,profiler_cuml_adaptive_v2,QHY600-3_Lum,6.8,7.4293113,112,2026-04-04T09:17:28.876Z,3191,2129,Lum,C2025R2,81559.0,458.0,40.0
lenovo_tttserver,NVIDIA A100-SXM4-80GB,"3.12.3 (main, Mar  3 2026, 12:15:18) [GCC 13.3.0]",py312_cuml_adaptive,profiler_cuml_adaptive_v2,QHY600-3_Lum,6.8,4.328212,112,2026-04-04T09:17:30.915Z,3191,2129,Lum,C2025R2,81920.0,424.0,32.0
lenovo_tttserver,NVIDIA A100-SXM4-80GB,"3.12.3 (main, Mar  3 2026, 12:15:18) [GCC 13.3.0]",py312_cuml_adaptive,profiler_cuml_adaptive_v2,QHY600-3_Lum,6.8,3.9378433,112,2026-04-04T09:17:20.422Z,3191,2129,Lum,C2025R2,81920.0,424.0,32.0
hp3,NVIDIA L40S,"3.12.3 (main, Mar  3 2026, 12:15:18) [GCC 13.3.0]",py312_cuml_adaptive,profiler_cuml_adaptive_v2,iKon936_Lum,4.2,6.0180845,296,2026-04-04T09:17:28.200Z,2048,2048,Lum,C2025A6,46068.0,430.0,35.0
azken,NVIDIA H100 PCIe,"3.12.3 (main, Mar  3 2026, 12:15:18) [GCC 13.3.0]",py312_cuml_adaptive,profiler_cuml_adaptive_v2,iKon936_SDSSg,4.2,8.593817,412,2026-04-04T09:09:00.779Z,2048,2048,SDSSg,QSO0957+561,81559.0,458.0,36.0
azken,NVIDIA H100 PCIe,"3.12.3 (main, Mar  3 2026, 12:15:18) [GCC 13.3.0]",py312_cuml_adaptive,profiler_cuml_adaptive_v2,iKon936_SDSSg,4.2,7.715011,412,2026-04-04T09:08:26.822Z,2048,2048,SDSSg,QSO0957+561,81559.0,458.0,37.0
azken,NVIDIA H100 PCIe,"3.12.3 (main, Mar  3 2026, 12:15:18) [GCC 13.3.0]",py312_cuml_adaptive,profiler_cuml_adaptive_v2,iKon936_SDSSg,4.2,8.143387,412,2026-04-04T09:09:18.137Z,2048,2048,SDSSg,QSO0957+561,81559.0,458.0,36.0
azken,NVIDIA H100 PCIe,"3.12.3 (main, Mar  3 2026, 12:15:18) [GCC 13.3.0]",py312_cuml_adaptive,profiler_cuml_adaptive_v2,iKon936_SDSSg,4.2,8.448604,412,2026-04-04T09:08:43.723Z,2048,2048,SDSSg,QSO0957+561,81559.0,458.0,37.0
azken,NVIDIA H100 PCIe,"3.12.3 (main, Mar  3 2026, 12:15:18) [GCC 13.3.0]",py312_cuml_adaptive,profiler_cuml_adaptive_v2,iKon936_SDSSg,4.2,8.428131,412,2026-04-04T09:09:50.164Z,2048,2048,SDSSg,QSO0957+561,81559.0,458.0,36.0
lenovo_tttserver,NVIDIA A100-SXM4-80GB,"3.12.3 (main, Mar  3 2026, 12:15:18) [GCC 13.3.0]",py312_cuml_adaptive,profiler_cuml_adaptive_v2,iKon936_SDSSg,4.2,41.180355,412,2026-04-04T09:11:03.941Z,2048,2048,SDSSg,QSO0957+561,81920.0,424.0,29.0
azken,NVIDIA H100 PCIe,"3.12.3 (main, Mar  3 2026, 12:15:18) [GCC 13.3.0]",py312_cuml_adaptive,profiler_cuml_adaptive_v2,iKon936_Lum,4.2,7.6559753,296,2026-04-04T09:12:28.465Z,2048,2048,Lum,C2025A6,81559.0,458.0,36.0
lenovo_tttserver,NVIDIA A100-SXM4-80GB,"3.12.3 (main, Mar  3 2026, 12:15:18) [GCC 13.3.0]",py312_cuml_adaptive,profiler_cuml_adaptive_v2,iKon936_SDSSg,4.2,4.3829594,412,2026-04-04T09:12:40.591Z,2048,2048,SDSSg,QSO0957+561,81920.0,424.0,29.0
azken,NVIDIA H100 PCIe,"3.12.3 (main, Mar  3 2026, 12:15:18) [GCC 13.3.0]",py312_cuml_adaptive,profiler_cuml_adaptive_v2,iKon936_Lum,4.2,7.9716187,296,2026-04-04T09:12:45.308Z,2048,2048,Lum,C2025A6,81559.0,458.0,36.0
lenovo_tttserver,NVIDIA A100-SXM4-80GB,"3.12.3 (main, Mar  3 2026, 12:15:18) [GCC 13.3.0]",py312_cuml_adaptive,profiler_cuml_adaptive_v2,iKon936_SDSSg,4.2,4.448906,412,2026-04-04T09:12:51.258Z,2048,2048,SDSSg,QSO0957+561,81920.0,424.0,29.0
lenovo_tttserver,NVIDIA A100-SXM4-80GB,"3.12.3 (main, Mar  3 2026, 12:15:18) [GCC 13.3.0]",py312_cuml_adaptive,profiler_cuml_adaptive_v2,iKon936_SDSSg,4.2,6.051504,412,2026-04-04T09:13:03.632Z,2048,2048,SDSSg,QSO0957+561,81920.0,424.0,29.0
azken,NVIDIA H100 PCIe,"3.12.3 (main, Mar  3 2026, 12:15:18) [GCC 13.3.0]",py312_cuml_adaptive,profiler_cuml_adaptive_v2,iKon936_Lum,4.2,7.082798,296,2026-04-04T09:13:01.725Z,2048,2048,Lum,C2025A6,81559.0,458.0,36.0
hp3,NVIDIA L40S,"3.12.3 (main, Mar  3 2026, 12:15:18) [GCC 13.3.0]",py312_cuml_adaptive,profiler_cuml_adaptive_v2,iKon936_SDSSg,4.2,36.64263,412,2026-04-04T09:13:04.316Z,2048,2048,SDSSg,QSO0957+561,46068.0,430.0,35.0
hp3,NVIDIA L40S,"3.12.3 (main, Mar  3 2026, 12:15:18) [GCC 13.3.0]",py312_cuml_adaptive,profiler_cuml_adaptive_v2,iKon936_SDSSg,4.2,5.551004,412,2026-04-04T09:13:19.035Z,2048,2048,SDSSg,QSO0957+561,46068.0,430.0,34.0
lenovo_tttserver,NVIDIA A100-SXM4-80GB,"3.12.3 (main, Mar  3 2026, 12:15:18) [GCC 13.3.0]",py312_cuml_adaptive,profiler_cuml_adaptive_v2,iKon936_Lum,4.2,8.3981285,296,2026-04-04T09:13:18.431Z,2048,2048,Lum,C2025A6,81920.0,424.0,30.0
azken,NVIDIA H100 PCIe,"3.12.3 (main, Mar  3 2026, 12:15:18) [GCC 13.3.0]",py312_cuml_adaptive,profiler_cuml_adaptive_v2,iKon936_Lum,4.2,9.267367,296,2026-04-04T09:13:20.474Z,2048,2048,Lum,C2025A6,81559.0,458.0,37.0
hp3,NVIDIA L40S,"3.12.3 (main, Mar  3 2026, 12:15:18) [GCC 13.3.0]",py312_cuml_adaptive,profiler_cuml_adaptive_v2,iKon936_SDSSg,4.2,5.0887566,412,2026-04-04T09:13:32.842Z,2048,2048,SDSSg,QSO0957+561,46068.0,430.0,34.0
lenovo_tttserver,NVIDIA A100-SXM4-80GB,"3.12.3 (main, Mar  3 2026, 12:15:18) [GCC 13.3.0]",py312_cuml_adaptive,profiler_cuml_adaptive_v2,iKon936_Lum,4.2,4.578006,296,2026-04-04T09:13:30.217Z,2048,2048,Lum,C2025A6,81920.0,424.0,30.0
lenovo_tttserver,NVIDIA A100-SXM4-80GB,"3.12.3 (main, Mar  3 2026, 12:15:18) [GCC 13.3.0]",py312_cuml_adaptive,profiler_cuml_adaptive_v2,iKon936_Lum,4.2,4.661124,296,2026-04-04T09:13:41.004Z,2048,2048,Lum,C2025A6,81920.0,424.0,30.0
azken,NVIDIA H100 PCIe,"3.12.3 (main, Mar  3 2026, 12:15:18) [GCC 13.3.0]",py312_cuml_adaptive,profiler_cuml_adaptive_v2,iKon936_Lum,4.2,9.154673,296,2026-04-04T09:13:39.234Z,2048,2048,Lum,C2025A6,81559.0,458.0,37.0
hp3,NVIDIA L40S,"3.12.3 (main, Mar  3 2026, 12:15:18) [GCC 13.3.0]",py312_cuml_adaptive,profiler_cuml_adaptive_v2,iKon936_SDSSg,4.2,5.0686665,412,2026-04-04T09:13:46.203Z,2048,2048,SDSSg,QSO0957+561,46068.0,430.0,34.0
azken,NVIDIA H100 PCIe,"3.12.3 (main, Mar  3 2026, 12:15:18) [GCC 13.3.0]",py312_cuml_adaptive,profiler_cuml_adaptive_v2,iKon936_SDSSg,4.2,5.831467,412,2026-04-04T09:09:32.910Z,2048,2048,SDSSg,QSO0957+561,81559.0,458.0,36.0
azken,NVIDIA H100 PCIe,"3.12.3 (main, Mar  3 2026, 12:15:18) [GCC 13.3.0]",py312_cuml_adaptive,profiler_cuml_adaptive_v2,iKon936_SDSSg,4.2,8.614259,412,2026-04-04T09:10:07.944Z,2048,2048,SDSSg,QSO0957+561,81559.0,458.0,36.0
azken,NVIDIA H100 PCIe,"3.12.3 (main, Mar  3 2026, 12:15:18) [GCC 13.3.0]",py312_cuml_adaptive,profiler_cuml_adaptive_v2,iKon936_Lum,4.2,13.080992,296,2026-04-04T09:11:34.250Z,2048,2048,Lum,C2025A6,81559.0,458.0,36.0
lenovo_tttserver,NVIDIA A100-SXM4-80GB,"3.12.3 (main, Mar  3 2026, 12:15:18) [GCC 13.3.0]",py312_cuml_adaptive,profiler_cuml_adaptive_v2,iKon936_SDSSg,4.2,4.221899,412,2026-04-04T09:11:36.893Z,2048,2048,SDSSg,QSO0957+561,81920.0,424.0,29.0
azken,NVIDIA H100 PCIe,"3.12.3 (main, Mar  3 2026, 12:15:18) [GCC 13.3.0]",py312_cuml_adaptive,profiler_cuml_adaptive_v2,iKon936_Lum,4.2,9.066173,296,2026-04-04T09:11:52.880Z,2048,2048,Lum,C2025A6,81559.0,458.0,36.0
lenovo_tttserver,NVIDIA A100-SXM4-80GB,"3.12.3 (main, Mar  3 2026, 12:15:18) [GCC 13.3.0]",py312_cuml_adaptive,profiler_cuml_adaptive_v2,iKon936_SDSSg,4.2,4.3243456,412,2026-04-04T09:11:47.357Z,2048,2048,SDSSg,QSO0957+561,81920.0,424.0,29.0
lenovo_tttserver,NVIDIA A100-SXM4-80GB,"3.12.3 (main, Mar  3 2026, 12:15:18) [GCC 13.3.0]",py312_cuml_adaptive,profiler_cuml_adaptive_v2,iKon936_SDSSg,4.2,4.4551806,412,2026-04-04T09:11:57.834Z,2048,2048,SDSSg,QSO0957+561,81920.0,424.0,29.0
azken,NVIDIA H100 PCIe,"3.12.3 (main, Mar  3 2026, 12:15:18) [GCC 13.3.0]",py312_cuml_adaptive,profiler_cuml_adaptive_v2,iKon936_SDSSg,4.2,6.538826,412,2026-04-04T09:11:12.636Z,2048,2048,SDSSg,QSO0957+561,81559.0,458.0,36.0
lenovo_tttserver,NVIDIA A100-SXM4-80GB,"3.12.3 (main, Mar  3 2026, 12:15:18) [GCC 13.3.0]",py312_cuml_adaptive,profiler_cuml_adaptive_v2,iKon936_SDSSg,4.2,4.5057764,412,2026-04-04T09:11:15.329Z,2048,2048,SDSSg,QSO0957+561,81920.0,424.0,29.0
lenovo_tttserver,NVIDIA A100-SXM4-80GB,"3.12.3 (main, Mar  3 2026, 12:15:18) [GCC 13.3.0]",py312_cuml_adaptive,profiler_cuml_adaptive_v2,iKon936_SDSSg,4.2,4.3715143,412,2026-04-04T09:11:26.389Z,2048,2048,SDSSg,QSO0957+561,81920.0,424.0,29.0
lenovo_tttserver,NVIDIA A100-SXM4-80GB,"3.12.3 (main, Mar  3 2026, 12:15:18) [GCC 13.3.0]",py312_cuml_adaptive,profiler_cuml_adaptive_v2,iKon936_SDSSg,4.2,4.4609985,412,2026-04-04T09:12:08.547Z,2048,2048,SDSSg,QSO0957+561,81920.0,424.0,29.0
azken,NVIDIA H100 PCIe,"3.12.3 (main, Mar  3 2026, 12:15:18) [GCC 13.3.0]",py312_cuml_adaptive,profiler_cuml_adaptive_v2,iKon936_Lum,4.2,9.260354,296,2026-04-04T09:12:11.378Z,2048,2048,Lum,C2025A6,81559.0,458.0,36.0
lenovo_tttserver,NVIDIA A100-SXM4-80GB,"3.12.3 (main, Mar  3 2026, 12:15:18) [GCC 13.3.0]",py312_cuml_adaptive,profiler_cuml_adaptive_v2,iKon936_SDSSg,4.2,4.3545647,412,2026-04-04T09:12:19.575Z,2048,2048,SDSSg,QSO0957+561,81920.0,424.0,29.0
lenovo_tttserver,NVIDIA A100-SXM4-80GB,"3.12.3 (main, Mar  3 2026, 12:15:18) [GCC 13.3.0]",py312_cuml_adaptive,profiler_cuml_adaptive_v2,iKon936_SDSSg,4.2,4.0260935,412,2026-04-04T09:12:29.773Z,2048,2048,SDSSg,QSO0957+561,81920.0,424.0,29.0
azken,NVIDIA H100 PCIe,"3.12.3 (main, Mar  3 2026, 12:15:18) [GCC 13.3.0]",py312_cuml_adaptive,profiler_cuml_adaptive_v2,QHY600-3_Lum,6.8,6.010023,112,2026-04-04T09:18:01.679Z,3191,2129,Lum,C2025R2,81559.0,458.0,41.0
azken,NVIDIA H100 PCIe,"3.12.3 (main, Mar  3 2026, 12:15:18) [GCC 13.3.0]",py312_cuml_adaptive,profiler_cuml_adaptive_v2,QHY600-3_Lum,6.8,7.9269094,112,2026-04-04T09:18:18.223Z,3191,2129,Lum,C2025R2,81559.0,458.0,41.0
hp3,NVIDIA L40S,"3.12.3 (main, Mar  3 2026, 12:15:18) [GCC 13.3.0]",py312_cuml_adaptive,profiler_cuml_adaptive_v2,iKon936_Lum,4.2,5.579789,296,2026-04-04T09:18:08.650Z,2048,2048,Lum,C2025A6,46068.0,430.0,35.0
lenovo_tttserver,NVIDIA A100-SXM4-80GB,"3.12.3 (main, Mar  3 2026, 12:15:18) [GCC 13.3.0]",py312_cuml_adaptive,profiler_cuml_adaptive_v2,QHY600-4_SDSSg,15.3,20.813871,218,2026-04-04T09:18:08.045Z,4787,3193,SDSSg,WASP-43-b,81920.0,424.0,32.0
lenovo_tttserver,NVIDIA A100-SXM4-80GB,"3.12.3 (main, Mar  3 2026, 12:15:18) [GCC 13.3.0]",py312_cuml_adaptive,profiler_cuml_adaptive_v2,QHY600-4_SDSSg,15.3,10.744394,218,2026-04-04T09:18:26.136Z,4787,3193,SDSSg,WASP-43-b,81920.0,424.0,32.0
hp3,NVIDIA L40S,"3.12.3 (main, Mar  3 2026, 12:15:18) [GCC 13.3.0]",py312_cuml_adaptive,profiler_cuml_adaptive_v2,iKon936_Lum,4.2,6.3915052,296,2026-04-04T09:18:23.652Z,2048,2048,Lum,C2025A6,46068.0,430.0,35.0
ttt_server,NVIDIA GeForce RTX 3090,"3.12.3 (main, Mar  3 2026, 12:15:18) [GCC 13.3.0]",py312_cuml_adaptive,profiler_cuml_adaptive_v2,QHY411-1_Lum_bin2,37.8,19.143276,154,2026-04-04T08:44:13.226Z,7100,5325,Lum,2012QD8,24576.0,277.0,54.0
ttt_server,NVIDIA GeForce RTX 3090,"3.12.3 (main, Mar  3 2026, 12:15:18) [GCC 13.3.0]",py312_cuml_adaptive,profiler_cuml_adaptive_v2,QHY411-1_Lum_bin2,37.8,19.023994,154,2026-04-04T08:45:04.272Z,7100,5325,Lum,2012QD8,24576.0,277.0,56.0
ttt1,NVIDIA GeForce RTX 3060,"3.12.3 (main, Mar  3 2026, 12:15:18) [GCC 13.3.0]",py312_cuml_adaptive,profiler_cuml_adaptive_v2,QHY411-1_SDSSi_bin2,37.8,31.977186,247,2026-04-04T08:45:02.838Z,7100,5325,SDSSi,GaiaDR33534005919872722560,12288.0,142.0,51.0
ttt_server,NVIDIA GeForce RTX 3090,"3.12.3 (main, Mar  3 2026, 12:15:18) [GCC 13.3.0]",py312_cuml_adaptive,profiler_cuml_adaptive_v2,QHY411-1_SDSSi_bin2,37.8,22.4338,247,2026-04-04T08:49:14.785Z,7100,5325,SDSSi,GaiaDR33534005919872722560,24576.0,277.0,55.0
ttt1,NVIDIA GeForce RTX 3060,"3.12.3 (main, Mar  3 2026, 12:15:18) [GCC 13.3.0]",py312_cuml_adaptive,profiler_cuml_adaptive_v2,QHY411-1_SDSSi_bin2,37.8,27.020004,247,2026-04-04T08:49:16.141Z,7100,5325,SDSSi,GaiaDR33534005919872722560,12288.0,142.0,51.0
ttt_server,NVIDIA GeForce RTX 3090,"3.12.3 (main, Mar  3 2026, 12:15:18) [GCC 13.3.0]",py312_cuml_adaptive,profiler_cuml_adaptive_v2,QHY411-1_SDSSi_bin2,37.8,21.627186,247,2026-04-04T08:51:07.614Z,7100,5325,SDSSi,GaiaDR33534005919872722560,24576.0,277.0,54.0
ttt_server,NVIDIA GeForce RTX 3090,"3.12.3 (main, Mar  3 2026, 12:15:18) [GCC 13.3.0]",py312_cuml_adaptive,profiler_cuml_adaptive_v2,QHY411-1_SDSSi_bin2,37.8,22.411814,247,2026-04-04T08:51:36.166Z,7100,5325,SDSSi,GaiaDR33534005919872722560,24576.0,277.0,55.0
ttt1,NVIDIA GeForce RTX 3060,"3.12.3 (main, Mar  3 2026, 12:15:18) [GCC 13.3.0]",py312_cuml_adaptive,profiler_cuml_adaptive_v2,QHY411-1_Lum_bin2,37.8,22.459295,154,2026-04-04T08:42:37.755Z,7100,5325,Lum,2012QD8,12288.0,142.0,52.0
ttt_server,NVIDIA GeForce RTX 3090,"3.12.3 (main, Mar  3 2026, 12:15:18) [GCC 13.3.0]",py312_cuml_adaptive,profiler_cuml_adaptive_v2,QHY411-1_SDSSi_bin2,37.8,22.02326,247,2026-04-04T08:47:22.584Z,7100,5325,SDSSi,GaiaDR33534005919872722560,24576.0,277.0,54.0
ttt1,NVIDIA GeForce RTX 3060,"3.12.3 (main, Mar  3 2026, 12:15:18) [GCC 13.3.0]",py312_cuml_adaptive,profiler_cuml_adaptive_v2,QHY411-1_SDSSi_bin2,37.8,26.982046,247,2026-04-04T08:47:09.072Z,7100,5325,SDSSi,GaiaDR33534005919872722560,12288.0,142.0,52.0
ttt1,NVIDIA GeForce RTX 3060,"3.12.3 (main, Mar  3 2026, 12:15:18) [GCC 13.3.0]",py312_cuml_adaptive,profiler_cuml_adaptive_v2,QHY411-1_SDSSi_bin2,37.8,26.997837,247,2026-04-04T08:50:50.589Z,7100,5325,SDSSi,GaiaDR33534005919872722560,12288.0,142.0,51.0
ttt_server,NVIDIA GeForce RTX 3090,"3.12.3 (main, Mar  3 2026, 12:15:18) [GCC 13.3.0]",py312_cuml_adaptive,profiler_cuml_adaptive_v2,QHY411-1_SDSSi_bin2,37.8,22.05931,247,2026-04-04T08:52:04.352Z,7100,5325,SDSSi,GaiaDR33534005919872722560,24576.0,277.0,55.0
hp3,NVIDIA L40S,"3.12.3 (main, Mar  3 2026, 12:15:18) [GCC 13.3.0]",py312_cuml_adaptive,profiler_cuml_adaptive_v2,QHY411-1_SDSSi_bin2,37.8,20.792667,247,2026-04-04T09:33:52.579Z,7100,5325,SDSSi,GaiaDR33534005919872722560,46068.0,430.0,36.0
azken,NVIDIA H100 PCIe,"3.12.3 (main, Mar  3 2026, 12:15:18) [GCC 13.3.0]",py312_cuml_adaptive,profiler_cuml_adaptive_v2,QHY411-1_SDSSi_bin2,37.8,12.811734,247,2026-04-04T09:34:21.815Z,7100,5325,SDSSi,GaiaDR33534005919872722560,81559.0,458.0,40.0
lenovo_tttserver,NVIDIA A100-SXM4-80GB,"3.12.3 (main, Mar  3 2026, 12:15:18) [GCC 13.3.0]",py312_cuml_adaptive,profiler_cuml_adaptive_v2,QHY411-1_Lum_full,151.2,67.33263,428,2026-04-04T09:34:28.050Z,14200,10650,Lum,2025PR1,81920.0,424.0,31.0
lenovo_tttserver,NVIDIA A100-SXM4-80GB,"3.12.3 (main, Mar  3 2026, 12:15:18) [GCC 13.3.0]",py312_cuml_adaptive,profiler_cuml_adaptive_v2,QHY411-1_Lum_full,151.2,66.24692,428,2026-04-04T09:35:40.844Z,14200,10650,Lum,2025PR1,81920.0,424.0,32.0
azken,NVIDIA H100 PCIe,"3.12.3 (main, Mar  3 2026, 12:15:18) [GCC 13.3.0]",py312_cuml_adaptive,profiler_cuml_adaptive_v2,QHY411-1_SDSSi_bin2,37.8,10.53485,247,2026-04-04T09:35:40.644Z,7100,5325,SDSSi,GaiaDR33534005919872722560,81559.0,458.0,41.0
hp3,NVIDIA L40S,"3.12.3 (main, Mar  3 2026, 12:15:18) [GCC 13.3.0]",py312_cuml_adaptive,profiler_cuml_adaptive_v2,QHY411-1_SDSSi_bin2,37.8,16.493277,247,2026-04-04T09:35:32.223Z,7100,5325,SDSSi,GaiaDR33534005919872722560,46068.0,430.0,37.0
hp3,NVIDIA L40S,"3.12.3 (main, Mar  3 2026, 12:15:18) [GCC 13.3.0]",py312_cuml_adaptive,profiler_cuml_adaptive_v2,QHY411-1_SDSSi_bin2,37.8,16.730345,247,2026-04-04T09:36:22.942Z,7100,5325,SDSSi,GaiaDR33534005919872722560,46068.0,430.0,37.0
hp3,NVIDIA L40S,"3.12.3 (main, Mar  3 2026, 12:15:18) [GCC 13.3.0]",py312_cuml_adaptive,profiler_cuml_adaptive_v2,QHY411-1_SDSSi_bin2,37.8,16.911243,247,2026-04-04T09:35:57.730Z,7100,5325,SDSSi,GaiaDR33534005919872722560,46068.0,430.0,36.0
hp3,NVIDIA L40S,"3.12.3 (main, Mar  3 2026, 12:15:18) [GCC 13.3.0]",py312_cuml_adaptive,profiler_cuml_adaptive_v2,QHY411-1_SDSSi_bin2,37.8,17.103071,247,2026-04-04T09:34:18.565Z,7100,5325,SDSSi,GaiaDR33534005919872722560,46068.0,430.0,36.0
azken,NVIDIA H100 PCIe,"3.12.3 (main, Mar  3 2026, 12:15:18) [GCC 13.3.0]",py312_cuml_adaptive,profiler_cuml_adaptive_v2,QHY411-1_SDSSi_bin2,37.8,13.981422,247,2026-04-04T09:33:36.101Z,7100,5325,SDSSi,GaiaDR33534005919872722560,81559.0,458.0,41.0
azken,NVIDIA H100 PCIe,"3.12.3 (main, Mar  3 2026, 12:15:18) [GCC 13.3.0]",py312_cuml_adaptive,profiler_cuml_adaptive_v2,QHY411-1_SDSSi_bin2,37.8,13.558864,247,2026-04-04T09:33:59.015Z,7100,5325,SDSSi,GaiaDR33534005919872722560,81559.0,458.0,41.0
hp3,NVIDIA L40S,"3.12.3 (main, Mar  3 2026, 12:15:18) [GCC 13.3.0]",py312_cuml_adaptive,profiler_cuml_adaptive_v2,QHY411-1_SDSSi_bin2,37.8,16.67078,247,2026-04-04T09:34:43.509Z,7100,5325,SDSSi,GaiaDR33534005919872722560,46068.0,430.0,37.0
azken,NVIDIA H100 PCIe,"3.12.3 (main, Mar  3 2026, 12:15:18) [GCC 13.3.0]",py312_cuml_adaptive,profiler_cuml_adaptive_v2,QHY411-1_SDSSi_bin2,37.8,13.600735,247,2026-04-04T09:34:44.368Z,7100,5325,SDSSi,GaiaDR33534005919872722560,81559.0,458.0,41.0
azken,NVIDIA H100 PCIe,"3.12.3 (main, Mar  3 2026, 12:15:18) [GCC 13.3.0]",py312_cuml_adaptive,profiler_cuml_adaptive_v2,QHY411-1_Lum_full,151.2,41.54563,428,2026-04-04T09:36:29.708Z,14200,10650,Lum,2025PR1,81559.0,458.0,42.0
lenovo_tttserver,NVIDIA A100-SXM4-80GB,"3.12.3 (main, Mar  3 2026, 12:15:18) [GCC 13.3.0]",py312_cuml_adaptive,profiler_cuml_adaptive_v2,QHY411-1_Lum_full,151.2,66.59668,428,2026-04-04T09:36:54.771Z,14200,10650,Lum,2025PR1,81920.0,424.0,32.0
azken,NVIDIA H100 PCIe,"3.12.3 (main, Mar  3 2026, 12:15:18) [GCC 13.3.0]",py312_cuml_adaptive,profiler_cuml_adaptive_v2,QHY411-1_Lum_full,151.2,34.478256,428,2026-04-04T09:37:13.879Z,14200,10650,Lum,2025PR1,81559.0,458.0,46.0
hp3,NVIDIA L40S,"3.12.3 (main, Mar  3 2026, 12:15:18) [GCC 13.3.0]",py312_cuml_adaptive,profiler_cuml_adaptive_v2,QHY411-1_SDSSi_bin2,37.8,16.70392,247,2026-04-04T09:37:36.159Z,7100,5325,SDSSi,GaiaDR33534005919872722560,46068.0,430.0,38.0
azken,NVIDIA H100 PCIe,"3.12.3 (main, Mar  3 2026, 12:15:18) [GCC 13.3.0]",py312_cuml_adaptive,profiler_cuml_adaptive_v2,QHY411-1_Lum_full,151.2,30.266218,428,2026-04-04T09:37:53.528Z,14200,10650,Lum,2025PR1,81559.0,458.0,50.0
lenovo_tttserver,NVIDIA A100-SXM4-80GB,"3.12.3 (main, Mar  3 2026, 12:15:18) [GCC 13.3.0]",py312_cuml_adaptive,profiler_cuml_adaptive_v2,QHY411-1_Lum_full,151.2,66.564674,428,2026-04-04T09:38:08.109Z,14200,10650,Lum,2025PR1,81920.0,424.0,32.0
azken,NVIDIA H100 PCIe,"3.12.3 (main, Mar  3 2026, 12:15:18) [GCC 13.3.0]",py312_cuml_adaptive,profiler_cuml_adaptive_v2,QHY411-1_Lum_full,151.2,34.51027,428,2026-04-04T09:38:37.515Z,14200,10650,Lum,2025PR1,81559.0,458.0,52.0
hp3,NVIDIA L40S,"3.12.3 (main, Mar  3 2026, 12:15:18) [GCC 13.3.0]",py312_cuml_adaptive,profiler_cuml_adaptive_v2,QHY411-1_Lum_full,151.2,93.40977,428,2026-04-04T09:40:07.788Z,14200,10650,Lum,2025PR1,46068.0,430.0,39.0
azken,NVIDIA H100 PCIe,"3.12.3 (main, Mar  3 2026, 12:15:18) [GCC 13.3.0]",py312_cuml_adaptive,profiler_cuml_adaptive_v2,QHY411-1_Lum_full,151.2,29.794298,428,2026-04-04T09:40:00.407Z,14200,10650,Lum,2025PR1,81559.0,458.0,52.0
lenovo_tttserver,NVIDIA A100-SXM4-80GB,"3.12.3 (main, Mar  3 2026, 12:15:18) [GCC 13.3.0]",py312_cuml_adaptive,profiler_cuml_adaptive_v2,QHY411-1_Lum_full,151.2,66.321884,428,2026-04-04T09:40:34.959Z,14200,10650,Lum,2025PR1,81920.0,424.0,32.0
azken,NVIDIA H100 PCIe,"3.12.3 (main, Mar  3 2026, 12:15:18) [GCC 13.3.0]",py312_cuml_adaptive,profiler_cuml_adaptive_v2,QHY411-1_Lum_full,151.2,34.854305,428,2026-04-04T09:40:43.858Z,14200,10650,Lum,2025PR1,81559.0,458.0,54.0
hp3,NVIDIA L40S,"3.12.3 (main, Mar  3 2026, 12:15:18) [GCC 13.3.0]",py312_cuml_adaptive,profiler_cuml_adaptive_v2,QHY411-1_Lum_full,151.2,84.71782,428,2026-04-04T09:41:41.444Z,14200,10650,Lum,2025PR1,46068.0,430.0,44.0
azken,NVIDIA H100 PCIe,"3.12.3 (main, Mar  3 2026, 12:15:18) [GCC 13.3.0]",py312_cuml_adaptive,profiler_cuml_adaptive_v2,QHY411-1_Lum_full,151.2,34.430782,428,2026-04-04T09:41:28.386Z,14200,10650,Lum,2025PR1,81559.0,458.0,52.0
lenovo_tttserver,NVIDIA A100-SXM4-80GB,"3.12.3 (main, Mar  3 2026, 12:15:18) [GCC 13.3.0]",py312_cuml_adaptive,profiler_cuml_adaptive_v2,QHY411-1_Lum_full,151.2,66.3891,428,2026-04-04T09:41:48.429Z,14200,10650,Lum,2025PR1,81920.0,424.0,32.0
azken,NVIDIA H100 PCIe,"3.12.3 (main, Mar  3 2026, 12:15:18) [GCC 13.3.0]",py312_cuml_adaptive,profiler_cuml_adaptive_v2,QHY411-1_Lum_full,151.2,31.01994,428,2026-04-04T09:42:07.168Z,14200,10650,Lum,2025PR1,81559.0,458.0,54.0
azken,NVIDIA H100 PCIe,"3.12.3 (main, Mar  3 2026, 12:15:18) [GCC 13.3.0]",py312_cuml_adaptive,profiler_cuml_adaptive_v2,QHY411-1_Lum_full,151.2,31.08659,428,2026-04-04T09:42:48.130Z,14200,10650,Lum,2025PR1,81559.0,458.0,53.0
lenovo_tttserver,NVIDIA A100-SXM4-80GB,"3.12.3 (main, Mar  3 2026, 12:15:18) [GCC 13.3.0]",py312_cuml_adaptive,profiler_cuml_adaptive_v2,QHY411-1_Lum_full,151.2,66.45421,428,2026-04-04T09:43:02.926Z,14200,10650,Lum,2025PR1,81920.0,424.0,32.0
azken,NVIDIA H100 PCIe,"3.12.3 (main, Mar  3 2026, 12:15:18) [GCC 13.3.0]",py312_cuml_adaptive,profiler_cuml_adaptive_v2,QHY411-1_Lum_full,151.2,34.320786,428,2026-04-04T09:43:31.848Z,14200,10650,Lum,2025PR1,81559.0,458.0,54.0
hp3,NVIDIA L40S,"3.12.3 (main, Mar  3 2026, 12:15:18) [GCC 13.3.0]",py312_cuml_adaptive,profiler_cuml_adaptive_v2,QHY411-1_Lum_full,151.2,85.21824,428,2026-04-04T09:43:15.817Z,14200,10650,Lum,2025PR1,46068.0,430.0,45.0
hp3,NVIDIA L40S,"3.12.3 (main, Mar  3 2026, 12:15:18) [GCC 13.3.0]",py312_cuml_adaptive,profiler_cuml_adaptive_v2,QHY411-1_SDSSi_bin2,37.8,16.611662,247,2026-04-04T09:35:06.973Z,7100,5325,SDSSi,GaiaDR33534005919872722560,46068.0,430.0,37.0
azken,NVIDIA H100 PCIe,"3.12.3 (main, Mar  3 2026, 12:15:18) [GCC 13.3.0]",py312_cuml_adaptive,profiler_cuml_adaptive_v2,QHY411-1_SDSSi_bin2,37.8,11.091385,247,2026-04-04T09:35:04.754Z,7100,5325,SDSSi,GaiaDR33534005919872722560,81559.0,458.0,41.0
azken,NVIDIA H100 PCIe,"3.12.3 (main, Mar  3 2026, 12:15:18) [GCC 13.3.0]",py312_cuml_adaptive,profiler_cuml_adaptive_v2,QHY411-1_SDSSi_bin2,37.8,10.216111,247,2026-04-04T09:35:22.531Z,7100,5325,SDSSi,GaiaDR33534005919872722560,81559.0,458.0,41.0
hp3,NVIDIA L40S,"3.12.3 (main, Mar  3 2026, 12:15:18) [GCC 13.3.0]",py312_cuml_adaptive,profiler_cuml_adaptive_v2,QHY411-1_SDSSi_bin2,37.8,16.693073,247,2026-04-04T09:36:48.491Z,7100,5325,SDSSi,GaiaDR33534005919872722560,46068.0,430.0,37.0
hp3,NVIDIA L40S,"3.12.3 (main, Mar  3 2026, 12:15:18) [GCC 13.3.0]",py312_cuml_adaptive,profiler_cuml_adaptive_v2,QHY411-1_SDSSi_bin2,37.8,16.97467,247,2026-04-04T09:37:10.745Z,7100,5325,SDSSi,GaiaDR33534005919872722560,46068.0,430.0,38.0
hp3,NVIDIA L40S,"3.12.3 (main, Mar  3 2026, 12:15:18) [GCC 13.3.0]",py312_cuml_adaptive,profiler_cuml_adaptive_v2,QHY411-1_SDSSi_bin2,37.8,17.11166,247,2026-04-04T09:38:01.886Z,7100,5325,SDSSi,GaiaDR33534005919872722560,46068.0,430.0,38.0
hp3,NVIDIA L40S,"3.12.3 (main, Mar  3 2026, 12:15:18) [GCC 13.3.0]",py312_cuml_adaptive,profiler_cuml_adaptive_v2,QHY411-1_SDSSi_bin2,37.8,16.606247,247,2026-04-04T09:38:26.987Z,7100,5325,SDSSi,GaiaDR33534005919872722560,46068.0,430.0,38.0
lenovo_tttserver,NVIDIA A100-SXM4-80GB,"3.12.3 (main, Mar  3 2026, 12:15:18) [GCC 13.3.0]",py312_cuml_adaptive,profiler_cuml_adaptive_v2,QHY411-1_Lum_full,151.2,66.651535,428,2026-04-04T09:39:21.724Z,14200,10650,Lum,2025PR1,81920.0,424.0,32.0
azken,NVIDIA H100 PCIe,"3.12.3 (main, Mar  3 2026, 12:15:18) [GCC 13.3.0]",py312_cuml_adaptive,profiler_cuml_adaptive_v2,QHY411-1_Lum_full,151.2,34.58256,428,2026-04-04T09:39:21.242Z,14200,10650,Lum,2025PR1,81559.0,458.0,52.0
local,NVIDIA GeForce RTX 3050 Ti Laptop GPU,"3.12.3 (main, Mar  3 2026, 12:15:18) [GCC 13.3.0]",py312_cuml_adaptive,profiler_cuml_adaptive_v2,iKon936_SDSSg,4.2,59.752434,412,2026-04-04T08:09:50.153Z,2048,2048,SDSSg,QSO0957+561,4096.0,95.0,75.0
local,NVIDIA GeForce RTX 3050 Ti Laptop GPU,"3.12.3 (main, Mar  3 2026, 12:15:18) [GCC 13.3.0]",py312_cuml_adaptive,profiler_cuml_adaptive_v2,iKon936_SDSSg,4.2,16.333588,412,2026-04-04T08:10:11.344Z,2048,2048,SDSSg,QSO0957+561,4096.0,95.0,75.0
local,NVIDIA GeForce RTX 3050 Ti Laptop GPU,"3.12.3 (main, Mar  3 2026, 12:15:18) [GCC 13.3.0]",py312_cuml_adaptive,profiler_cuml_adaptive_v2,iKon936_SDSSg,4.2,16.091043,412,2026-04-04T08:10:32.426Z,2048,2048,SDSSg,QSO0957+561,4096.0,95.0,76.0
local,NVIDIA GeForce RTX 3050 Ti Laptop GPU,"3.12.3 (main, Mar  3 2026, 12:15:18) [GCC 13.3.0]",py312_cuml_adaptive,profiler_cuml_adaptive_v2,iKon936_SDSSg,4.2,16.841383,412,2026-04-04T08:10:54.436Z,2048,2048,SDSSg,QSO0957+561,4096.0,95.0,77.0
local,NVIDIA GeForce RTX 3050 Ti Laptop GPU,"3.12.3 (main, Mar  3 2026, 12:15:18) [GCC 13.3.0]",py312_cuml_adaptive,profiler_cuml_adaptive_v2,iKon936_SDSSg,4.2,16.648165,412,2026-04-04T08:11:16.053Z,2048,2048,SDSSg,QSO0957+561,4096.0,95.0,78.0
local,NVIDIA GeForce RTX 3050 Ti Laptop GPU,"3.12.3 (main, Mar  3 2026, 12:15:18) [GCC 13.3.0]",py312_cuml_adaptive,profiler_cuml_adaptive_v2,iKon936_SDSSg,4.2,16.85147,412,2026-04-04T08:13:26.541Z,2048,2048,SDSSg,QSO0957+561,4096.0,95.0,79.0
local,NVIDIA GeForce RTX 3050 Ti Laptop GPU,"3.12.3 (main, Mar  3 2026, 12:15:18) [GCC 13.3.0]",py312_cuml_adaptive,profiler_cuml_adaptive_v2,iKon936_Lum,4.2,20.717571,296,2026-04-04T08:16:04.308Z,2048,2048,Lum,C2025A6,4096.0,95.0,80.0
local,NVIDIA GeForce RTX 3050 Ti Laptop GPU,"3.12.3 (main, Mar  3 2026, 12:15:18) [GCC 13.3.0]",py312_cuml_adaptive,profiler_cuml_adaptive_v2,iKon936_Lum,4.2,20.827753,296,2026-04-04T08:16:30.889Z,2048,2048,Lum,C2025A6,4096.0,95.0,80.0
local,NVIDIA GeForce RTX 3050 Ti Laptop GPU,"3.12.3 (main, Mar  3 2026, 12:15:18) [GCC 13.3.0]",py312_cuml_adaptive,profiler_cuml_adaptive_v2,iKon936_Lum,4.2,20.706476,296,2026-04-04T08:15:12.022Z,2048,2048,Lum,C2025A6,4096.0,95.0,80.0
local,NVIDIA GeForce RTX 3050 Ti Laptop GPU,"3.12.3 (main, Mar  3 2026, 12:15:18) [GCC 13.3.0]",py312_cuml_adaptive,profiler_cuml_adaptive_v2,iKon936_Lum,4.2,21.326756,296,2026-04-04T08:15:38.204Z,2048,2048,Lum,C2025A6,4096.0,95.0,80.0
local,NVIDIA GeForce RTX 3050 Ti Laptop GPU,"3.12.3 (main, Mar  3 2026, 12:15:18) [GCC 13.3.0]",py312_cuml_adaptive,profiler_cuml_adaptive_v2,iKon936_SDSSg,4.2,16.81286,412,2026-04-04T08:11:59.234Z,2048,2048,SDSSg,QSO0957+561,4096.0,95.0,78.0
local,NVIDIA GeForce RTX 3050 Ti Laptop GPU,"3.12.3 (main, Mar  3 2026, 12:15:18) [GCC 13.3.0]",py312_cuml_adaptive,profiler_cuml_adaptive_v2,iKon936_SDSSg,4.2,16.881647,412,2026-04-04T08:12:21.151Z,2048,2048,SDSSg,QSO0957+561,4096.0,95.0,79.0
local,NVIDIA GeForce RTX 3050 Ti Laptop GPU,"3.12.3 (main, Mar  3 2026, 12:15:18) [GCC 13.3.0]",py312_cuml_adaptive,profiler_cuml_adaptive_v2,iKon936_SDSSg,4.2,16.194736,412,2026-04-04T08:11:37.494Z,2048,2048,SDSSg,QSO0957+561,4096.0,95.0,78.0
local,NVIDIA GeForce RTX 3050 Ti Laptop GPU,"3.12.3 (main, Mar  3 2026, 12:15:18) [GCC 13.3.0]",py312_cuml_adaptive,profiler_cuml_adaptive_v2,iKon936_SDSSg,4.2,16.262302,412,2026-04-04T08:12:42.756Z,2048,2048,SDSSg,QSO0957+561,4096.0,95.0,79.0
local,NVIDIA GeForce RTX 3050 Ti Laptop GPU,"3.12.3 (main, Mar  3 2026, 12:15:18) [GCC 13.3.0]",py312_cuml_adaptive,profiler_cuml_adaptive_v2,iKon936_Lum,4.2,21.332962,296,2026-04-04T08:16:57.163Z,2048,2048,Lum,C2025A6,4096.0,95.0,81.0
local,NVIDIA GeForce RTX 3050 Ti Laptop GPU,"3.12.3 (main, Mar  3 2026, 12:15:18) [GCC 13.3.0]",py312_cuml_adaptive,profiler_cuml_adaptive_v2,iKon936_SDSSg,4.2,16.749762,412,2026-04-04T08:13:04.498Z,2048,2048,SDSSg,QSO0957+561,4096.0,95.0,79.0
local,NVIDIA GeForce RTX 3050 Ti Laptop GPU,"3.12.3 (main, Mar  3 2026, 12:15:18) [GCC 13.3.0]",py312_cuml_adaptive,profiler_cuml_adaptive_v2,iKon936_SDSSg,4.2,16.717352,412,2026-04-04T08:13:48.737Z,2048,2048,SDSSg,QSO0957+561,4096.0,95.0,79.0
local,NVIDIA GeForce RTX 3050 Ti Laptop GPU,"3.12.3 (main, Mar  3 2026, 12:15:18) [GCC 13.3.0]",py312_cuml_adaptive,profiler_cuml_adaptive_v2,iKon936_Lum,4.2,25.207708,296,2026-04-04T08:14:20.112Z,2048,2048,Lum,C2025A6,4096.0,95.0,79.0
local,NVIDIA GeForce RTX 3050 Ti Laptop GPU,"3.12.3 (main, Mar  3 2026, 12:15:18) [GCC 13.3.0]",py312_cuml_adaptive,profiler_cuml_adaptive_v2,iKon936_Lum,4.2,21.29937,296,2026-04-04T08:14:46.381Z,2048,2048,Lum,C2025A6,4096.0,95.0,80.0
local,NVIDIA GeForce RTX 3050 Ti Laptop GPU,"3.12.3 (main, Mar  3 2026, 12:15:18) [GCC 13.3.0]",py312_cuml_adaptive,profiler_cuml_adaptive_v2,iKon936_Lum,4.2,20.749613,296,2026-04-04T08:17:22.829Z,2048,2048,Lum,C2025A6,4096.0,95.0,81.0
local,NVIDIA GeForce RTX 3050 Ti Laptop GPU,"3.12.3 (main, Mar  3 2026, 12:15:18) [GCC 13.3.0]",py312_cuml_adaptive,profiler_cuml_adaptive_v2,iKon936_Lum,4.2,21.268934,296,2026-04-04T08:17:49.254Z,2048,2048,Lum,C2025A6,4096.0,95.0,81.0
local,NVIDIA GeForce RTX 3050 Ti Laptop GPU,"3.12.3 (main, Mar  3 2026, 12:15:18) [GCC 13.3.0]",py312_cuml_adaptive,profiler_cuml_adaptive_v2,iKon936_Lum,4.2,21.03578,296,2026-04-04T08:18:42.023Z,2048,2048,Lum,C2025A6,4096.0,95.0,81.0
local,NVIDIA GeForce RTX 3050 Ti Laptop GPU,"3.12.3 (main, Mar  3 2026, 12:15:18) [GCC 13.3.0]",py312_cuml_adaptive,profiler_cuml_adaptive_v2,iKon936_Lum,4.2,21.069452,296,2026-04-04T08:19:07.844Z,2048,2048,Lum,C2025A6,4096.0,95.0,81.0
local,NVIDIA GeForce RTX 3050 Ti Laptop GPU,"3.12.3 (main, Mar  3 2026, 12:15:18) [GCC 13.3.0]",py312_cuml_adaptive,profiler_cuml_adaptive_v2,iKon936_Lum,4.2,20.653238,296,2026-04-04T08:18:15.546Z,2048,2048,Lum,C2025A6,4096.0,95.0,81.0
ttt1,NVIDIA GeForce RTX 3060,"3.12.3 (main, Mar  3 2026, 12:15:18) [GCC 13.3.0]",py312_cuml_adaptive,profiler_cuml_adaptive_v2,iKon936_SDSSg,4.2,42.867725,412,2026-04-04T08:22:49.176Z,2048,2048,SDSSg,QSO0957+561,12288.0,142.0,47.0
ttt1,NVIDIA GeForce RTX 3060,"3.12.3 (main, Mar  3 2026, 12:15:18) [GCC 13.3.0]",py312_cuml_adaptive,profiler_cuml_adaptive_v2,iKon936_SDSSg,4.2,5.9713554,412,2026-04-04T08:22:59.840Z,2048,2048,SDSSg,QSO0957+561,12288.0,142.0,45.0
ttt_server,NVIDIA GeForce RTX 3090,"3.12.3 (main, Mar  3 2026, 12:15:18) [GCC 13.3.0]",py312_cuml_adaptive,profiler_cuml_adaptive_v2,iKon936_SDSSg,4.2,49.660492,412,2026-04-04T08:23:19.137Z,2048,2048,SDSSg,QSO0957+561,24576.0,277.0,44.0
ttt1,NVIDIA GeForce RTX 3060,"3.12.3 (main, Mar  3 2026, 12:15:18) [GCC 13.3.0]",py312_cuml_adaptive,profiler_cuml_adaptive_v2,iKon936_SDSSg,4.2,5.9284334,412,2026-04-04T08:23:10.249Z,2048,2048,SDSSg,QSO0957+561,12288.0,142.0,45.0
ttt1,NVIDIA GeForce RTX 3060,"3.12.3 (main, Mar  3 2026, 12:15:18) [GCC 13.3.0]",py312_cuml_adaptive,profiler_cuml_adaptive_v2,iKon936_SDSSg,4.2,6.041457,412,2026-04-04T08:23:20.828Z,2048,2048,SDSSg,QSO0957+561,12288.0,142.0,45.0
ttt_server,NVIDIA GeForce RTX 3090,"3.12.3 (main, Mar  3 2026, 12:15:18) [GCC 13.3.0]",py312_cuml_adaptive,profiler_cuml_adaptive_v2,iKon936_SDSSg,4.2,8.166176,412,2026-04-04T08:23:49.669Z,2048,2048,SDSSg,QSO0957+561,24576.0,277.0,50.0
ttt1,NVIDIA GeForce RTX 3060,"3.12.3 (main, Mar  3 2026, 12:15:18) [GCC 13.3.0]",py312_cuml_adaptive,profiler_cuml_adaptive_v2,iKon936_SDSSg,4.2,5.9741445,412,2026-04-04T08:23:52.414Z,2048,2048,SDSSg,QSO0957+561,12288.0,142.0,45.0
ttt1,NVIDIA GeForce RTX 3060,"3.12.3 (main, Mar  3 2026, 12:15:18) [GCC 13.3.0]",py312_cuml_adaptive,profiler_cuml_adaptive_v2,iKon936_SDSSg,4.2,5.9347124,412,2026-04-04T08:23:41.905Z,2048,2048,SDSSg,QSO0957+561,12288.0,142.0,45.0
ttt_server,NVIDIA GeForce RTX 3090,"3.12.3 (main, Mar  3 2026, 12:15:18) [GCC 13.3.0]",py312_cuml_adaptive,profiler_cuml_adaptive_v2,iKon936_SDSSg,4.2,8.208804,412,2026-04-04T08:23:34.685Z,2048,2048,SDSSg,QSO0957+561,24576.0,277.0,49.0
ttt1,NVIDIA GeForce RTX 3060,"3.12.3 (main, Mar  3 2026, 12:15:18) [GCC 13.3.0]",py312_cuml_adaptive,profiler_cuml_adaptive_v2,iKon936_SDSSg,4.2,6.032326,412,2026-04-04T08:23:31.376Z,2048,2048,SDSSg,QSO0957+561,12288.0,142.0,45.0
ttt1,NVIDIA GeForce RTX 3060,"3.12.3 (main, Mar  3 2026, 12:15:18) [GCC 13.3.0]",py312_cuml_adaptive,profiler_cuml_adaptive_v2,iKon936_SDSSg,4.2,5.90289,412,2026-04-04T08:24:02.873Z,2048,2048,SDSSg,QSO0957+561,12288.0,142.0,45.0
ttt_server,NVIDIA GeForce RTX 3090,"3.12.3 (main, Mar  3 2026, 12:15:18) [GCC 13.3.0]",py312_cuml_adaptive,profiler_cuml_adaptive_v2,iKon936_SDSSg,4.2,8.159272,412,2026-04-04T08:24:04.650Z,2048,2048,SDSSg,QSO0957+561,24576.0,277.0,50.0
ttt1,NVIDIA GeForce RTX 3060,"3.12.3 (main, Mar  3 2026, 12:15:18) [GCC 13.3.0]",py312_cuml_adaptive,profiler_cuml_adaptive_v2,iKon936_SDSSg,4.2,5.9893765,412,2026-04-04T08:24:23.873Z,2048,2048,SDSSg,QSO0957+561,12288.0,142.0,45.0
ttt_server,NVIDIA GeForce RTX 3090,"3.12.3 (main, Mar  3 2026, 12:15:18) [GCC 13.3.0]",py312_cuml_adaptive,profiler_cuml_adaptive_v2,iKon936_SDSSg,4.2,7.985931,412,2026-04-04T08:24:19.284Z,2048,2048,SDSSg,QSO0957+561,24576.0,277.0,50.0
ttt1,NVIDIA GeForce RTX 3060,"3.12.3 (main, Mar  3 2026, 12:15:18) [GCC 13.3.0]",py312_cuml_adaptive,profiler_cuml_adaptive_v2,iKon936_SDSSg,4.2,5.9663897,412,2026-04-04T08:24:13.325Z,2048,2048,SDSSg,QSO0957+561,12288.0,142.0,46.0
ttt_server,NVIDIA GeForce RTX 3090,"3.12.3 (main, Mar  3 2026, 12:15:18) [GCC 13.3.0]",py312_cuml_adaptive,profiler_cuml_adaptive_v2,iKon936_SDSSg,4.2,7.963298,412,2026-04-04T08:24:33.846Z,2048,2048,SDSSg,QSO0957+561,24576.0,277.0,51.0
ttt1,NVIDIA GeForce RTX 3060,"3.12.3 (main, Mar  3 2026, 12:15:18) [GCC 13.3.0]",py312_cuml_adaptive,profiler_cuml_adaptive_v2,iKon936_SDSSg,4.2,5.9362316,412,2026-04-04T08:24:34.697Z,2048,2048,SDSSg,QSO0957+561,12288.0,142.0,46.0
ttt1,NVIDIA GeForce RTX 3060,"3.12.3 (main, Mar  3 2026, 12:15:18) [GCC 13.3.0]",py312_cuml_adaptive,profiler_cuml_adaptive_v2,iKon936_SDSSg,4.2,6.021359,412,2026-04-04T08:24:45.275Z,2048,2048,SDSSg,QSO0957+561,12288.0,142.0,46.0
ttt_server,NVIDIA GeForce RTX 3090,"3.12.3 (main, Mar  3 2026, 12:15:18) [GCC 13.3.0]",py312_cuml_adaptive,profiler_cuml_adaptive_v2,iKon936_SDSSg,4.2,8.216734,412,2026-04-04T08:24:48.742Z,2048,2048,SDSSg,QSO0957+561,24576.0,277.0,51.0
ttt1,NVIDIA GeForce RTX 3060,"3.12.3 (main, Mar  3 2026, 12:15:18) [GCC 13.3.0]",py312_cuml_adaptive,profiler_cuml_adaptive_v2,iKon936_Lum,4.2,7.236316,296,2026-04-04T08:25:12.328Z,2048,2048,Lum,C2025A6,12288.0,142.0,47.0
ttt_server,NVIDIA GeForce RTX 3090,"3.12.3 (main, Mar  3 2026, 12:15:18) [GCC 13.3.0]",py312_cuml_adaptive,profiler_cuml_adaptive_v2,iKon936_SDSSg,4.2,7.657152,412,2026-04-04T08:25:02.985Z,2048,2048,SDSSg,QSO0957+561,24576.0,277.0,51.0
ttt1,NVIDIA GeForce RTX 3060,"3.12.3 (main, Mar  3 2026, 12:15:18) [GCC 13.3.0]",py312_cuml_adaptive,profiler_cuml_adaptive_v2,iKon936_Lum,4.2,10.787286,296,2026-04-04T08:25:00.576Z,2048,2048,Lum,C2025A6,12288.0,142.0,46.0
ttt_server,NVIDIA GeForce RTX 3090,"3.12.3 (main, Mar  3 2026, 12:15:18) [GCC 13.3.0]",py312_cuml_adaptive,profiler_cuml_adaptive_v2,iKon936_SDSSg,4.2,8.071718,412,2026-04-04T08:25:17.747Z,2048,2048,SDSSg,QSO0957+561,24576.0,277.0,51.0
ttt1,NVIDIA GeForce RTX 3060,"3.12.3 (main, Mar  3 2026, 12:15:18) [GCC 13.3.0]",py312_cuml_adaptive,profiler_cuml_adaptive_v2,iKon936_Lum,4.2,7.2289624,296,2026-04-04T08:25:24.021Z,2048,2048,Lum,C2025A6,12288.0,142.0,48.0
ttt1,NVIDIA GeForce RTX 3060,"3.12.3 (main, Mar  3 2026, 12:15:18) [GCC 13.3.0]",py312_cuml_adaptive,profiler_cuml_adaptive_v2,iKon936_Lum,4.2,7.2085433,296,2026-04-04T08:25:59.503Z,2048,2048,Lum,C2025A6,12288.0,142.0,49.0
ttt_server,NVIDIA GeForce RTX 3090,"3.12.3 (main, Mar  3 2026, 12:15:18) [GCC 13.3.0]",py312_cuml_adaptive,profiler_cuml_adaptive_v2,iKon936_SDSSg,4.2,7.9098268,412,2026-04-04T08:25:32.373Z,2048,2048,SDSSg,QSO0957+561,24576.0,277.0,51.0
ttt1,NVIDIA GeForce RTX 3060,"3.12.3 (main, Mar  3 2026, 12:15:18) [GCC 13.3.0]",py312_cuml_adaptive,profiler_cuml_adaptive_v2,iKon936_Lum,4.2,7.2759123,296,2026-04-04T08:25:35.831Z,2048,2048,Lum,C2025A6,12288.0,142.0,49.0
ttt1,NVIDIA GeForce RTX 3060,"3.12.3 (main, Mar  3 2026, 12:15:18) [GCC 13.3.0]",py312_cuml_adaptive,profiler_cuml_adaptive_v2,iKon936_Lum,4.2,7.3227615,296,2026-04-04T08:25:47.725Z,2048,2048,Lum,C2025A6,12288.0,142.0,49.0
ttt_server,NVIDIA GeForce RTX 3090,"3.12.3 (main, Mar  3 2026, 12:15:18) [GCC 13.3.0]",py312_cuml_adaptive,profiler_cuml_adaptive_v2,iKon936_SDSSg,4.2,7.5475407,412,2026-04-04T08:25:46.550Z,2048,2048,SDSSg,QSO0957+561,24576.0,277.0,51.0
ttt1,NVIDIA GeForce RTX 3060,"3.12.3 (main, Mar  3 2026, 12:15:18) [GCC 13.3.0]",py312_cuml_adaptive,profiler_cuml_adaptive_v2,iKon936_Lum,4.2,7.294417,296,2026-04-04T08:26:11.297Z,2048,2048,Lum,C2025A6,12288.0,142.0,49.0
ttt_server,NVIDIA GeForce RTX 3090,"3.12.3 (main, Mar  3 2026, 12:15:18) [GCC 13.3.0]",py312_cuml_adaptive,profiler_cuml_adaptive_v2,iKon936_SDSSg,4.2,7.526155,412,2026-04-04T08:26:00.624Z,2048,2048,SDSSg,QSO0957+561,24576.0,277.0,51.0
lenovo_tttserver,NVIDIA A100-SXM4-80GB,"3.8.10 (default, Mar 18 2025, 20:04:55) 
[GCC 9.4.0]",py38_baseline,profiler_py38_v2,QHY411-3_SDSSr_full,151.2,57.968624,14241,2026-04-04T11:05:45.148Z,14200,10650,SDSSr,M81,81920.0,424.0,31.0
azken,NVIDIA H100 PCIe,"3.8.10 (default, Mar 18 2025, 20:04:55) 
[GCC 9.4.0]",py38_baseline,profiler_py38_v2,QHY411-3_Lum_full,151.2,78.6982,18888,2026-04-04T11:05:37.501Z,14200,10650,Lum,24P,81559.0,458.0,42.0
hp3,NVIDIA L40S,"3.8.10 (default, Mar 18 2025, 20:04:55) 
[GCC 9.4.0]",py38_baseline,profiler_py38_v2,QHY411-3_Lum_full,151.2,74.03447,19124,2026-04-04T11:05:50.175Z,14200,10650,Lum,24P,46068.0,430.0,37.0
azken,NVIDIA H100 PCIe,"3.8.10 (default, Mar 18 2025, 20:04:55) 
[GCC 9.4.0]",py38_baseline,profiler_py38_v2,QHY411-3_SDSSr_full,151.2,60.140633,14241,2026-04-04T11:06:43.477Z,14200,10650,SDSSr,M81,81559.0,458.0,41.0
lenovo_tttserver,NVIDIA A100-SXM4-80GB,"3.8.10 (default, Mar 18 2025, 20:04:55) 
[GCC 9.4.0]",py38_baseline,profiler_py38_v2,QHY411-3_SDSSr_full,151.2,58.260357,14241,2026-04-04T11:06:48.267Z,14200,10650,SDSSr,M81,81920.0,424.0,30.0
hp3,NVIDIA L40S,"3.8.10 (default, Mar 18 2025, 20:04:55) 
[GCC 9.4.0]",py38_baseline,profiler_py38_v2,QHY411-3_Lum_full,151.2,70.74977,19121,2026-04-04T11:07:04.240Z,14200,10650,Lum,24P,46068.0,430.0,36.0
hp3,NVIDIA L40S,"3.8.10 (default, Mar 18 2025, 20:04:55) 
[GCC 9.4.0]",py38_baseline,profiler_py38_v2,QHY411-3_Lum_full,151.2,74.86407,19132,2026-04-04T11:08:22.410Z,14200,10650,Lum,24P,46068.0,430.0,37.0
lenovo_tttserver,NVIDIA A100-SXM4-80GB,"3.8.10 (default, Mar 18 2025, 20:04:55) 
[GCC 9.4.0]",py38_baseline,profiler_py38_v2,QHY411-3_SDSSr_full,151.2,64.22001,14241,2026-04-04T11:07:56.905Z,14200,10650,SDSSr,M81,81920.0,424.0,30.0
azken,NVIDIA H100 PCIe,"3.8.10 (default, Mar 18 2025, 20:04:55) 
[GCC 9.4.0]",py38_baseline,profiler_py38_v2,QHY411-3_SDSSr_full,151.2,72.993645,14241,2026-04-04T11:08:02.525Z,14200,10650,SDSSr,M81,81559.0,458.0,41.0
hp3,NVIDIA L40S,"3.8.10 (default, Mar 18 2025, 20:04:55) 
[GCC 9.4.0]",py38_baseline,profiler_py38_v2,QHY411-3_SDSSr_full,151.2,56.855034,14408,2026-04-04T11:20:53.492Z,14200,10650,SDSSr,M81,46068.0,430.0,36.0
hp3,NVIDIA L40S,"3.8.10 (default, Mar 18 2025, 20:04:55) 
[GCC 9.4.0]",py38_baseline,profiler_py38_v2,QHY411-3_SDSSr_full,151.2,68.11319,14454,2026-04-04T11:23:07.960Z,14200,10650,SDSSr,M81,46068.0,430.0,38.0
azken,NVIDIA H100 PCIe,"3.8.10 (default, Mar 18 2025, 20:04:55) 
[GCC 9.4.0]",py38_baseline,profiler_py38_v2,QHY411-3_Lum_full,151.2,67.77208,18888,2026-04-04T10:55:07.730Z,14200,10650,Lum,24P,81559.0,458.0,47.0
lenovo_tttserver,NVIDIA A100-SXM4-80GB,"3.8.10 (default, Mar 18 2025, 20:04:55) 
[GCC 9.4.0]",py38_baseline,profiler_py38_v2,QHY411-3_Lum_full,151.2,60.47487,18888,2026-04-04T10:55:20.088Z,14200,10650,Lum,24P,81920.0,424.0,35.0
hp3,NVIDIA L40S,"3.8.10 (default, Mar 18 2025, 20:04:55) 
[GCC 9.4.0]",py38_baseline,profiler_py38_v2,QHY411-1_Lum_full,151.2,27.934566,442,2026-04-04T10:55:15.278Z,14200,10650,Lum,2025PR1,46068.0,430.0,49.0
azken,NVIDIA H100 PCIe,"3.8.10 (default, Mar 18 2025, 20:04:55) 
[GCC 9.4.0]",py38_baseline,profiler_py38_v2,QHY411-3_Lum_full,151.2,60.335587,18888,2026-04-04T11:01:43.181Z,14200,10650,Lum,24P,81559.0,458.0,43.0
hp3,NVIDIA L40S,"3.8.10 (default, Mar 18 2025, 20:04:55) 
[GCC 9.4.0]",py38_baseline,profiler_py38_v2,QHY411-3_Lum_full,151.2,76.26716,19181,2026-04-04T11:01:54.619Z,14200,10650,Lum,24P,46068.0,430.0,37.0
hp3,NVIDIA L40S,"3.8.10 (default, Mar 18 2025, 20:04:55) 
[GCC 9.4.0]",py38_baseline,profiler_py38_v2,QHY411-3_SDSSr_full,151.2,56.829887,14668,2026-04-04T11:11:54.294Z,14200,10650,SDSSr,M81,46068.0,430.0,35.0
azken,NVIDIA H100 PCIe,"3.8.10 (default, Mar 18 2025, 20:04:55) 
[GCC 9.4.0]",py38_baseline,profiler_py38_v2,QHY411-3_SDSSr_full,151.2,70.88613,14241,2026-04-04T11:12:19.461Z,14200,10650,SDSSr,M81,81559.0,458.0,42.0
hp3,NVIDIA L40S,"3.8.10 (default, Mar 18 2025, 20:04:55) 
[GCC 9.4.0]",py38_baseline,profiler_py38_v2,QHY411-3_SDSSr_full,151.2,55.37189,14400,2026-04-04T11:13:51.512Z,14200,10650,SDSSr,M81,46068.0,430.0,34.0
azken,NVIDIA H100 PCIe,"3.8.10 (default, Mar 18 2025, 20:04:55) 
[GCC 9.4.0]",py38_baseline,profiler_py38_v2,QHY411-3_SDSSr_full,151.2,67.803925,14241,2026-04-04T11:14:49.293Z,14200,10650,SDSSr,M81,81559.0,458.0,40.0
hp3,NVIDIA L40S,"3.8.10 (default, Mar 18 2025, 20:04:55) 
[GCC 9.4.0]",py38_baseline,profiler_py38_v2,QHY411-3_SDSSr_full,151.2,60.47648,14393,2026-04-04T11:14:54.864Z,14200,10650,SDSSr,M81,46068.0,430.0,35.0
hp3,NVIDIA L40S,"3.8.10 (default, Mar 18 2025, 20:04:55) 
[GCC 9.4.0]",py38_baseline,profiler_py38_v2,QHY411-3_Lum_full,151.2,73.807556,19064,2026-04-04T11:00:34.746Z,14200,10650,Lum,24P,46068.0,430.0,36.0
azken,NVIDIA H100 PCIe,"3.8.10 (default, Mar 18 2025, 20:04:55) 
[GCC 9.4.0]",py38_baseline,profiler_py38_v2,QHY411-3_Lum_full,151.2,74.91702,18888,2026-04-04T11:00:37.892Z,14200,10650,Lum,24P,81559.0,458.0,43.0
hp3,NVIDIA L40S,"3.8.10 (default, Mar 18 2025, 20:04:55) 
[GCC 9.4.0]",py38_baseline,profiler_py38_v2,QHY411-3_Lum_full,151.2,76.55361,19075,2026-04-04T11:03:14.469Z,14200,10650,Lum,24P,46068.0,430.0,36.0
azken,NVIDIA H100 PCIe,"3.8.10 (default, Mar 18 2025, 20:04:55) 
[GCC 9.4.0]",py38_baseline,profiler_py38_v2,QHY411-3_Lum_full,151.2,72.77228,18888,2026-04-04T11:03:01.776Z,14200,10650,Lum,24P,81559.0,458.0,42.0
lenovo_tttserver,NVIDIA A100-SXM4-80GB,"3.8.10 (default, Mar 18 2025, 20:04:55) 
[GCC 9.4.0]",py38_baseline,profiler_py38_v2,QHY411-3_SDSSr_full,151.2,60.047134,14241,2026-04-04T11:03:39.048Z,14200,10650,SDSSr,M81,81920.0,424.0,31.0
lenovo_tttserver,NVIDIA A100-SXM4-80GB,"3.8.10 (default, Mar 18 2025, 20:04:55) 
[GCC 9.4.0]",py38_baseline,profiler_py38_v2,QHY411-3_SDSSr_full,151.2,58.418896,14241,2026-04-04T11:12:16.909Z,14200,10650,SDSSr,M81,81920.0,424.0,30.0
hp3,NVIDIA L40S,"3.8.10 (default, Mar 18 2025, 20:04:55) 
[GCC 9.4.0]",py38_baseline,profiler_py38_v2,QHY411-3_SDSSr_full,151.2,55.530975,14571,2026-04-04T11:12:52.775Z,14200,10650,SDSSr,M81,46068.0,430.0,36.0
lenovo_tttserver,NVIDIA A100-SXM4-80GB,"3.8.10 (default, Mar 18 2025, 20:04:55) 
[GCC 9.4.0]",py38_baseline,profiler_py38_v2,QHY411-3_SDSSr_full,151.2,59.01301,14241,2026-04-04T11:13:20.296Z,14200,10650,SDSSr,M81,81920.0,424.0,30.0
azken,NVIDIA H100 PCIe,"3.8.10 (default, Mar 18 2025, 20:04:55) 
[GCC 9.4.0]",py38_baseline,profiler_py38_v2,QHY411-3_SDSSr_full,151.2,70.43065,14241,2026-04-04T11:13:35.714Z,14200,10650,SDSSr,M81,81559.0,458.0,41.0
lenovo_tttserver,NVIDIA A100-SXM4-80GB,"3.8.10 (default, Mar 18 2025, 20:04:55) 
[GCC 9.4.0]",py38_baseline,profiler_py38_v2,QHY411-3_SDSSr_full,151.2,45.045433,14241,2026-04-04T11:14:09.696Z,14200,10650,SDSSr,M81,81920.0,424.0,30.0
azken,NVIDIA H100 PCIe,"3.8.10 (default, Mar 18 2025, 20:04:55) 
[GCC 9.4.0]",py38_baseline,profiler_py38_v2,QHY411-3_SDSSr_full,151.2,45.760513,14241,2026-04-04T11:15:40.709Z,14200,10650,SDSSr,M81,81559.0,458.0,41.0
hp3,NVIDIA L40S,"3.8.10 (default, Mar 18 2025, 20:04:55) 
[GCC 9.4.0]",py38_baseline,profiler_py38_v2,QHY411-3_SDSSr_full,151.2,54.662178,14360,2026-04-04T11:15:53.033Z,14200,10650,SDSSr,M81,46068.0,430.0,36.0
azken,NVIDIA H100 PCIe,"3.8.10 (default, Mar 18 2025, 20:04:55) 
[GCC 9.4.0]",py38_baseline,profiler_py38_v2,QHY411-3_Lum_full,151.2,82.0665,18888,2026-04-04T10:57:56.241Z,14200,10650,Lum,24P,81559.0,458.0,45.0
hp3,NVIDIA L40S,"3.8.10 (default, Mar 18 2025, 20:04:55) 
[GCC 9.4.0]",py38_baseline,profiler_py38_v2,QHY411-3_Lum_full,151.2,74.316505,19131,2026-04-04T10:57:56.452Z,14200,10650,Lum,24P,46068.0,430.0,40.0
azken,NVIDIA H100 PCIe,"3.8.10 (default, Mar 18 2025, 20:04:55) 
[GCC 9.4.0]",py38_baseline,profiler_py38_v2,QHY411-3_Lum_full,151.2,65.50405,18888,2026-04-04T11:04:12.979Z,14200,10650,Lum,24P,81559.0,458.0,42.0
lenovo_tttserver,NVIDIA A100-SXM4-80GB,"3.8.10 (default, Mar 18 2025, 20:04:55) 
[GCC 9.4.0]",py38_baseline,profiler_py38_v2,QHY411-3_SDSSr_full,151.2,45.12637,14241,2026-04-04T11:10:25.149Z,14200,10650,SDSSr,M81,81920.0,424.0,30.0
hp3,NVIDIA L40S,"3.8.10 (default, Mar 18 2025, 20:04:55) 
[GCC 9.4.0]",py38_baseline,profiler_py38_v2,QHY411-3_Lum_full,151.2,73.23978,19219,2026-04-04T11:10:54.155Z,14200,10650,Lum,24P,46068.0,430.0,37.0
azken,NVIDIA H100 PCIe,"3.8.10 (default, Mar 18 2025, 20:04:55) 
[GCC 9.4.0]",py38_baseline,profiler_py38_v2,QHY411-3_SDSSr_full,151.2,42.22734,14241,2026-04-04T11:11:03.322Z,14200,10650,SDSSr,M81,81559.0,458.0,41.0
azken,NVIDIA H100 PCIe,"3.8.10 (default, Mar 18 2025, 20:04:55) 
[GCC 9.4.0]",py38_baseline,profiler_py38_v2,QHY411-3_SDSSr_full,151.2,62.57539,14241,2026-04-04T11:10:15.493Z,14200,10650,SDSSr,M81,81559.0,458.0,41.0
lenovo_tttserver,NVIDIA A100-SXM4-80GB,"3.8.10 (default, Mar 18 2025, 20:04:55) 
[GCC 9.4.0]",py38_baseline,profiler_py38_v2,QHY411-3_SDSSr_full,151.2,45.022217,14241,2026-04-04T11:11:14.155Z,14200,10650,SDSSr,M81,81920.0,424.0,30.0
azken,NVIDIA H100 PCIe,"3.8.10 (default, Mar 18 2025, 20:04:55) 
[GCC 9.4.0]",py38_baseline,profiler_py38_v2,QHY411-3_SDSSr_full,151.2,56.02695,14241,2026-04-04T11:18:39.249Z,14200,10650,SDSSr,M81,81559.0,458.0,40.0
hp3,NVIDIA L40S,"3.8.10 (default, Mar 18 2025, 20:04:55) 
[GCC 9.4.0]",py38_baseline,profiler_py38_v2,QHY411-3_SDSSr_full,151.2,58.880833,14541,2026-04-04T11:18:52.785Z,14200,10650,SDSSr,M81,46068.0,430.0,35.0
azken,NVIDIA H100 PCIe,"3.8.10 (default, Mar 18 2025, 20:04:55) 
[GCC 9.4.0]",py38_baseline,profiler_py38_v2,QHY411-3_SDSSr_full,151.2,47.334213,14241,2026-04-04T11:16:32.824Z,14200,10650,SDSSr,M81,81559.0,458.0,42.0
hp3,NVIDIA L40S,"3.8.10 (default, Mar 18 2025, 20:04:55) 
[GCC 9.4.0]",py38_baseline,profiler_py38_v2,QHY411-3_SDSSr_full,151.2,55.234364,14446,2026-04-04T11:16:51.102Z,14200,10650,SDSSr,M81,46068.0,430.0,38.0
azken,NVIDIA H100 PCIe,"3.8.10 (default, Mar 18 2025, 20:04:55) 
[GCC 9.4.0]",py38_baseline,profiler_py38_v2,QHY411-3_SDSSr_full,151.2,59.057194,14241,2026-04-04T11:17:37.504Z,14200,10650,SDSSr,M81,81559.0,458.0,41.0
hp3,NVIDIA L40S,"3.8.10 (default, Mar 18 2025, 20:04:55) 
[GCC 9.4.0]",py38_baseline,profiler_py38_v2,QHY411-3_SDSSr_full,151.2,56.50124,14469,2026-04-04T11:17:50.938Z,14200,10650,SDSSr,M81,46068.0,430.0,37.0
hp3,NVIDIA L40S,"3.8.10 (default, Mar 18 2025, 20:04:55) 
[GCC 9.4.0]",py38_baseline,profiler_py38_v2,QHY411-3_SDSSr_full,151.2,56.937645,14440,2026-04-04T11:19:53.181Z,14200,10650,SDSSr,M81,46068.0,430.0,36.0
lenovo_tttserver,NVIDIA A100-SXM4-80GB,"3.8.10 (default, Mar 18 2025, 20:04:55) 
[GCC 9.4.0]",py38_baseline,profiler_py38_v2,QHY411-3_Lum_full,151.2,60.10341,18888,2026-04-04T11:02:34.457Z,14200,10650,Lum,24P,81920.0,424.0,31.0
lenovo_tttserver,NVIDIA A100-SXM4-80GB,"3.8.10 (default, Mar 18 2025, 20:04:55) 
[GCC 9.4.0]",py38_baseline,profiler_py38_v2,QHY411-3_SDSSr_full,151.2,45.992416,14241,2026-04-04T11:08:47.392Z,14200,10650,SDSSr,M81,81920.0,424.0,30.0
azken,NVIDIA H100 PCIe,"3.8.10 (default, Mar 18 2025, 20:04:55) 
[GCC 9.4.0]",py38_baseline,profiler_py38_v2,QHY411-3_SDSSr_full,151.2,59.022526,14241,2026-04-04T11:09:07.143Z,14200,10650,SDSSr,M81,81559.0,458.0,41.0
lenovo_tttserver,NVIDIA A100-SXM4-80GB,"3.8.10 (default, Mar 18 2025, 20:04:55) 
[GCC 9.4.0]",py38_baseline,profiler_py38_v2,QHY411-3_SDSSr_full,151.2,44.4289,14241,2026-04-04T11:09:35.627Z,14200,10650,SDSSr,M81,81920.0,424.0,31.0
hp3,NVIDIA L40S,"3.8.10 (default, Mar 18 2025, 20:04:55) 
[GCC 9.4.0]",py38_baseline,profiler_py38_v2,QHY411-3_Lum_full,151.2,71.73535,19157,2026-04-04T11:09:37.482Z,14200,10650,Lum,24P,46068.0,430.0,37.0
azken,NVIDIA H100 PCIe,"3.8.10 (default, Mar 18 2025, 20:04:55) 
[GCC 9.4.0]",py38_baseline,profiler_py38_v2,QHY411-3_Lum_full,151.2,75.28139,18888,2026-04-04T10:56:28.782Z,14200,10650,Lum,24P,81559.0,458.0,46.0
lenovo_tttserver,NVIDIA A100-SXM4-80GB,"3.8.10 (default, Mar 18 2025, 20:04:55) 
[GCC 9.4.0]",py38_baseline,profiler_py38_v2,QHY411-3_Lum_full,151.2,61.235992,18888,2026-04-04T10:56:25.863Z,14200,10650,Lum,24P,81920.0,424.0,34.0
hp3,NVIDIA L40S,"3.8.10 (default, Mar 18 2025, 20:04:55) 
[GCC 9.4.0]",py38_baseline,profiler_py38_v2,QHY411-3_Lum_full,151.2,80.05711,19173,2026-04-04T10:56:38.728Z,14200,10650,Lum,24P,46068.0,430.0,48.0
azken,NVIDIA H100 PCIe,"3.8.10 (default, Mar 18 2025, 20:04:55) 
[GCC 9.4.0]",py38_baseline,profiler_py38_v2,QHY411-3_Lum_full,151.2,75.47693,18888,2026-04-04T10:59:17.381Z,14200,10650,Lum,24P,81559.0,458.0,43.0
hp3,NVIDIA L40S,"3.8.10 (default, Mar 18 2025, 20:04:55) 
[GCC 9.4.0]",py38_baseline,profiler_py38_v2,QHY411-3_Lum_full,151.2,77.83086,19030,2026-04-04T10:59:17.592Z,14200,10650,Lum,24P,46068.0,430.0,39.0
lenovo_tttserver,NVIDIA A100-SXM4-80GB,"3.8.10 (default, Mar 18 2025, 20:04:55) 
[GCC 9.4.0]",py38_baseline,profiler_py38_v2,QHY411-3_Lum_full,151.2,82.05927,18888,2026-04-04T10:58:56.928Z,14200,10650,Lum,24P,81920.0,424.0,33.0
lenovo_tttserver,NVIDIA A100-SXM4-80GB,"3.8.10 (default, Mar 18 2025, 20:04:55) 
[GCC 9.4.0]",py38_baseline,profiler_py38_v2,QHY411-3_Lum_full,151.2,60.333164,18888,2026-04-04T11:00:02.002Z,14200,10650,Lum,24P,81920.0,424.0,32.0
hp3,NVIDIA L40S,"3.8.10 (default, Mar 18 2025, 20:04:55) 
[GCC 9.4.0]",py38_baseline,profiler_py38_v2,QHY411-3_Lum_full,151.2,74.433205,19152,2026-04-04T11:04:32.637Z,14200,10650,Lum,24P,46068.0,430.0,36.0
lenovo_tttserver,NVIDIA A100-SXM4-80GB,"3.8.10 (default, Mar 18 2025, 20:04:55) 
[GCC 9.4.0]",py38_baseline,profiler_py38_v2,QHY411-3_SDSSr_full,151.2,59.234154,14241,2026-04-04T11:04:42.650Z,14200,10650,SDSSr,M81,81920.0,424.0,31.0
lenovo_tttserver,NVIDIA A100-SXM4-80GB,"3.8.10 (default, Mar 18 2025, 20:04:55) 
[GCC 9.4.0]",py38_baseline,profiler_py38_v2,QHY411-3_Lum_full,151.2,59.82772,18888,2026-04-04T10:57:30.283Z,14200,10650,Lum,24P,81920.0,424.0,34.0
lenovo_tttserver,NVIDIA A100-SXM4-80GB,"3.8.10 (default, Mar 18 2025, 20:04:55) 
[GCC 9.4.0]",py38_baseline,profiler_py38_v2,QHY411-3_Lum_full,151.2,83.32403,18888,2026-04-04T11:01:29.724Z,14200,10650,Lum,24P,81920.0,424.0,32.0
hp3,NVIDIA L40S,"3.8.10 (default, Mar 18 2025, 20:04:55) 
[GCC 9.4.0]",py38_baseline,profiler_py38_v2,QHY411-3_SDSSr_full,151.2,59.72286,14499,2026-04-04T11:21:56.308Z,14200,10650,SDSSr,M81,46068.0,430.0,38.0
azken,NVIDIA H100 PCIe,"3.8.10 (default, Mar 18 2025, 20:04:55) 
[GCC 9.4.0]",py38_baseline,profiler_py38_v2,iKon936_SDSSg,4.2,6.286586,412,2026-04-04T10:24:39.996Z,2048,2048,SDSSg,QSO0957+561,81559.0,458.0,39.0
azken,NVIDIA H100 PCIe,"3.8.10 (default, Mar 18 2025, 20:04:55) 
[GCC 9.4.0]",py38_baseline,profiler_py38_v2,iKon936_Lum,4.2,5.3239193,296,2026-04-04T10:27:55.331Z,2048,2048,Lum,C2025A6,81559.0,458.0,39.0
lenovo_tttserver,NVIDIA A100-SXM4-80GB,"3.8.10 (default, Mar 18 2025, 20:04:55) 
[GCC 9.4.0]",py38_baseline,profiler_py38_v2,iKon936_SDSSg,4.2,57.55424,412,2026-04-04T10:29:12.313Z,2048,2048,SDSSg,QSO0957+561,81920.0,424.0,29.0
azken,NVIDIA H100 PCIe,"3.8.10 (default, Mar 18 2025, 20:04:55) 
[GCC 9.4.0]",py38_baseline,profiler_py38_v2,QHY600-3_Lum,6.8,6.2487254,112,2026-04-04T10:29:08.704Z,3191,2129,Lum,C2025R2,81559.0,458.0,39.0
lenovo_tttserver,NVIDIA A100-SXM4-80GB,"3.8.10 (default, Mar 18 2025, 20:04:55) 
[GCC 9.4.0]",py38_baseline,profiler_py38_v2,iKon936_SDSSg,4.2,3.8815737,412,2026-04-04T10:29:20.758Z,2048,2048,SDSSg,QSO0957+561,81920.0,424.0,29.0
azken,NVIDIA H100 PCIe,"3.8.10 (default, Mar 18 2025, 20:04:55) 
[GCC 9.4.0]",py38_baseline,profiler_py38_v2,QHY600-3_Lum,6.8,6.3680253,112,2026-04-04T10:29:20.087Z,3191,2129,Lum,C2025R2,81559.0,458.0,39.0
lenovo_tttserver,NVIDIA A100-SXM4-80GB,"3.8.10 (default, Mar 18 2025, 20:04:55) 
[GCC 9.4.0]",py38_baseline,profiler_py38_v2,iKon936_SDSSg,4.2,3.5450165,412,2026-04-04T10:30:27.895Z,2048,2048,SDSSg,QSO0957+561,81920.0,424.0,29.0
azken,NVIDIA H100 PCIe,"3.8.10 (default, Mar 18 2025, 20:04:55) 
[GCC 9.4.0]",py38_baseline,profiler_py38_v2,QHY600-3_Lum,6.8,6.0467978,112,2026-04-04T10:30:16.766Z,3191,2129,Lum,C2025R2,81559.0,458.0,39.0
lenovo_tttserver,NVIDIA A100-SXM4-80GB,"3.8.10 (default, Mar 18 2025, 20:04:55) 
[GCC 9.4.0]",py38_baseline,profiler_py38_v2,iKon936_SDSSg,4.2,3.6393151,412,2026-04-04T10:30:35.439Z,2048,2048,SDSSg,QSO0957+561,81920.0,424.0,29.0
lenovo_tttserver,NVIDIA A100-SXM4-80GB,"3.8.10 (default, Mar 18 2025, 20:04:55) 
[GCC 9.4.0]",py38_baseline,profiler_py38_v2,iKon936_SDSSg,4.2,3.6418614,412,2026-04-04T10:30:19.847Z,2048,2048,SDSSg,QSO0957+561,81920.0,424.0,29.0
azken,NVIDIA H100 PCIe,"3.8.10 (default, Mar 18 2025, 20:04:55) 
[GCC 9.4.0]",py38_baseline,profiler_py38_v2,iKon936_SDSSg,4.2,6.4593678,412,2026-04-04T10:23:09.924Z,2048,2048,SDSSg,QSO0957+561,81559.0,458.0,39.0
azken,NVIDIA H100 PCIe,"3.8.10 (default, Mar 18 2025, 20:04:55) 
[GCC 9.4.0]",py38_baseline,profiler_py38_v2,iKon936_SDSSg,4.2,6.690896,412,2026-04-04T10:24:06.159Z,2048,2048,SDSSg,QSO0957+561,81559.0,458.0,39.0
azken,NVIDIA H100 PCIe,"3.8.10 (default, Mar 18 2025, 20:04:55) 
[GCC 9.4.0]",py38_baseline,profiler_py38_v2,iKon936_SDSSg,4.2,4.6308928,412,2026-04-04T10:23:42.760Z,2048,2048,SDSSg,QSO0957+561,81559.0,458.0,40.0
azken,NVIDIA H100 PCIe,"3.8.10 (default, Mar 18 2025, 20:04:55) 
[GCC 9.4.0]",py38_baseline,profiler_py38_v2,iKon936_SDSSg,4.2,6.5505476,412,2026-04-04T10:24:51.562Z,2048,2048,SDSSg,QSO0957+561,81559.0,458.0,39.0
azken,NVIDIA H100 PCIe,"3.8.10 (default, Mar 18 2025, 20:04:55) 
[GCC 9.4.0]",py38_baseline,profiler_py38_v2,iKon936_SDSSg,4.2,6.2962255,412,2026-04-04T10:24:28.641Z,2048,2048,SDSSg,QSO0957+561,81559.0,458.0,40.0
azken,NVIDIA H100 PCIe,"3.8.10 (default, Mar 18 2025, 20:04:55) 
[GCC 9.4.0]",py38_baseline,profiler_py38_v2,iKon936_SDSSg,4.2,5.6979113,412,2026-04-04T10:24:17.036Z,2048,2048,SDSSg,QSO0957+561,81559.0,458.0,39.0
azken,NVIDIA H100 PCIe,"3.8.10 (default, Mar 18 2025, 20:04:55) 
[GCC 9.4.0]",py38_baseline,profiler_py38_v2,iKon936_SDSSg,4.2,6.4969873,412,2026-04-04T10:23:54.346Z,2048,2048,SDSSg,QSO0957+561,81559.0,458.0,39.0
azken,NVIDIA H100 PCIe,"3.8.10 (default, Mar 18 2025, 20:04:55) 
[GCC 9.4.0]",py38_baseline,profiler_py38_v2,iKon936_Lum,4.2,6.9580507,296,2026-04-04T10:26:02.539Z,2048,2048,Lum,C2025A6,81559.0,458.0,39.0
azken,NVIDIA H100 PCIe,"3.8.10 (default, Mar 18 2025, 20:04:55) 
[GCC 9.4.0]",py38_baseline,profiler_py38_v2,QHY600-3_Lum,6.8,5.675544,112,2026-04-04T10:28:45.546Z,3191,2129,Lum,C2025R2,81559.0,458.0,39.0
azken,NVIDIA H100 PCIe,"3.8.10 (default, Mar 18 2025, 20:04:55) 
[GCC 9.4.0]",py38_baseline,profiler_py38_v2,QHY600-3_Lum,6.8,4.960888,112,2026-04-04T10:28:34.942Z,3191,2129,Lum,C2025R2,81559.0,458.0,40.0
azken,NVIDIA H100 PCIe,"3.8.10 (default, Mar 18 2025, 20:04:55) 
[GCC 9.4.0]",py38_baseline,profiler_py38_v2,QHY600-3_Lum,6.8,6.469221,112,2026-04-04T10:28:57.707Z,3191,2129,Lum,C2025R2,81559.0,458.0,39.0
lenovo_tttserver,NVIDIA A100-SXM4-80GB,"3.8.10 (default, Mar 18 2025, 20:04:55) 
[GCC 9.4.0]",py38_baseline,profiler_py38_v2,iKon936_Lum,4.2,3.7358685,296,2026-04-04T10:30:53.229Z,2048,2048,Lum,C2025A6,81920.0,424.0,29.0
lenovo_tttserver,NVIDIA A100-SXM4-80GB,"3.8.10 (default, Mar 18 2025, 20:04:55) 
[GCC 9.4.0]",py38_baseline,profiler_py38_v2,iKon936_Lum,4.2,6.0892687,296,2026-04-04T10:30:45.561Z,2048,2048,Lum,C2025A6,81920.0,424.0,29.0
lenovo_tttserver,NVIDIA A100-SXM4-80GB,"3.8.10 (default, Mar 18 2025, 20:04:55) 
[GCC 9.4.0]",py38_baseline,profiler_py38_v2,iKon936_Lum,4.2,3.524001,296,2026-04-04T10:31:00.800Z,2048,2048,Lum,C2025A6,81920.0,424.0,29.0
azken,NVIDIA H100 PCIe,"3.8.10 (default, Mar 18 2025, 20:04:55) 
[GCC 9.4.0]",py38_baseline,profiler_py38_v2,QHY600-4_SDSSg,15.3,10.856994,214,2026-04-04T10:31:05.157Z,4787,3193,SDSSg,WASP-43-b,81559.0,458.0,40.0
azken,NVIDIA H100 PCIe,"3.8.10 (default, Mar 18 2025, 20:04:55) 
[GCC 9.4.0]",py38_baseline,profiler_py38_v2,QHY600-4_SDSSg,15.3,27.293358,217,2026-04-04T10:30:49.106Z,4787,3193,SDSSg,WASP-43-b,81559.0,458.0,39.0
lenovo_tttserver,NVIDIA A100-SXM4-80GB,"3.8.10 (default, Mar 18 2025, 20:04:55) 
[GCC 9.4.0]",py38_baseline,profiler_py38_v2,iKon936_Lum,4.2,3.5539527,296,2026-04-04T10:31:08.160Z,2048,2048,Lum,C2025A6,81920.0,424.0,30.0
lenovo_tttserver,NVIDIA A100-SXM4-80GB,"3.8.10 (default, Mar 18 2025, 20:04:55) 
[GCC 9.4.0]",py38_baseline,profiler_py38_v2,QHY600-3_Lum,6.8,3.4647539,112,2026-04-04T10:33:11.073Z,3191,2129,Lum,C2025R2,81920.0,424.0,30.0
lenovo_tttserver,NVIDIA A100-SXM4-80GB,"3.8.10 (default, Mar 18 2025, 20:04:55) 
[GCC 9.4.0]",py38_baseline,profiler_py38_v2,QHY600-3_Lum,6.8,3.484237,112,2026-04-04T10:33:18.658Z,3191,2129,Lum,C2025R2,81920.0,424.0,30.0
azken,NVIDIA H100 PCIe,"3.8.10 (default, Mar 18 2025, 20:04:55) 
[GCC 9.4.0]",py38_baseline,profiler_py38_v2,QHY600-4_SDSSg,15.3,11.26112,220,2026-04-04T10:33:16.470Z,4787,3193,SDSSg,WASP-43-b,81559.0,458.0,40.0
lenovo_tttserver,NVIDIA A100-SXM4-80GB,"3.8.10 (default, Mar 18 2025, 20:04:55) 
[GCC 9.4.0]",py38_baseline,profiler_py38_v2,QHY600-3_Lum,6.8,3.4590313,112,2026-04-04T10:33:03.604Z,3191,2129,Lum,C2025R2,81920.0,424.0,30.0
lenovo_tttserver,NVIDIA A100-SXM4-80GB,"3.8.10 (default, Mar 18 2025, 20:04:55) 
[GCC 9.4.0]",py38_baseline,profiler_py38_v2,QHY600-3_Lum,6.8,3.603798,112,2026-04-04T10:33:26.141Z,3191,2129,Lum,C2025R2,81920.0,424.0,30.0
azken,NVIDIA H100 PCIe,"3.8.10 (default, Mar 18 2025, 20:04:55) 
[GCC 9.4.0]",py38_baseline,profiler_py38_v2,iKon936_Lum,4.2,14.12434,296,2026-04-04T10:25:50.358Z,2048,2048,Lum,C2025A6,81559.0,458.0,39.0
azken,NVIDIA H100 PCIe,"3.8.10 (default, Mar 18 2025, 20:04:55) 
[GCC 9.4.0]",py38_baseline,profiler_py38_v2,iKon936_Lum,4.2,7.0463104,296,2026-04-04T10:26:14.835Z,2048,2048,Lum,C2025A6,81559.0,458.0,39.0
azken,NVIDIA H100 PCIe,"3.8.10 (default, Mar 18 2025, 20:04:55) 
[GCC 9.4.0]",py38_baseline,profiler_py38_v2,iKon936_Lum,4.2,6.876585,296,2026-04-04T10:26:26.936Z,2048,2048,Lum,C2025A6,81559.0,458.0,40.0
azken,NVIDIA H100 PCIe,"3.8.10 (default, Mar 18 2025, 20:04:55) 
[GCC 9.4.0]",py38_baseline,profiler_py38_v2,QHY600-3_Lum,6.8,14.859291,112,2026-04-04T10:28:15.241Z,3191,2129,Lum,C2025R2,81559.0,458.0,39.0
azken,NVIDIA H100 PCIe,"3.8.10 (default, Mar 18 2025, 20:04:55) 
[GCC 9.4.0]",py38_baseline,profiler_py38_v2,QHY600-3_Lum,6.8,4.9740486,112,2026-04-04T10:28:25.418Z,3191,2129,Lum,C2025R2,81559.0,458.0,39.0
azken,NVIDIA H100 PCIe,"3.8.10 (default, Mar 18 2025, 20:04:55) 
[GCC 9.4.0]",py38_baseline,profiler_py38_v2,QHY600-3_Lum,6.8,5.931242,112,2026-04-04T10:29:31.150Z,3191,2129,Lum,C2025R2,81559.0,458.0,39.0
lenovo_tttserver,NVIDIA A100-SXM4-80GB,"3.8.10 (default, Mar 18 2025, 20:04:55) 
[GCC 9.4.0]",py38_baseline,profiler_py38_v2,iKon936_SDSSg,4.2,3.4507048,412,2026-04-04T10:29:28.254Z,2048,2048,SDSSg,QSO0957+561,81920.0,424.0,30.0
lenovo_tttserver,NVIDIA A100-SXM4-80GB,"3.8.10 (default, Mar 18 2025, 20:04:55) 
[GCC 9.4.0]",py38_baseline,profiler_py38_v2,iKon936_SDSSg,4.2,3.5681396,412,2026-04-04T10:29:35.676Z,2048,2048,SDSSg,QSO0957+561,81920.0,424.0,30.0
lenovo_tttserver,NVIDIA A100-SXM4-80GB,"3.8.10 (default, Mar 18 2025, 20:04:55) 
[GCC 9.4.0]",py38_baseline,profiler_py38_v2,iKon936_SDSSg,4.2,3.5428662,412,2026-04-04T10:29:50.531Z,2048,2048,SDSSg,QSO0957+561,81920.0,424.0,30.0
azken,NVIDIA H100 PCIe,"3.8.10 (default, Mar 18 2025, 20:04:55) 
[GCC 9.4.0]",py38_baseline,profiler_py38_v2,QHY600-3_Lum,6.8,6.076185,112,2026-04-04T10:30:05.707Z,3191,2129,Lum,C2025R2,81559.0,458.0,39.0
lenovo_tttserver,NVIDIA A100-SXM4-80GB,"3.8.10 (default, Mar 18 2025, 20:04:55) 
[GCC 9.4.0]",py38_baseline,profiler_py38_v2,iKon936_SDSSg,4.2,3.3222737,412,2026-04-04T10:30:05.151Z,2048,2048,SDSSg,QSO0957+561,81920.0,424.0,30.0
azken,NVIDIA H100 PCIe,"3.8.10 (default, Mar 18 2025, 20:04:55) 
[GCC 9.4.0]",py38_baseline,profiler_py38_v2,QHY600-3_Lum,6.8,6.107533,112,2026-04-04T10:29:53.750Z,3191,2129,Lum,C2025R2,81559.0,458.0,39.0
lenovo_tttserver,NVIDIA A100-SXM4-80GB,"3.8.10 (default, Mar 18 2025, 20:04:55) 
[GCC 9.4.0]",py38_baseline,profiler_py38_v2,iKon936_SDSSg,4.2,3.4620693,412,2026-04-04T10:29:57.831Z,2048,2048,SDSSg,QSO0957+561,81920.0,424.0,30.0
azken,NVIDIA H100 PCIe,"3.8.10 (default, Mar 18 2025, 20:04:55) 
[GCC 9.4.0]",py38_baseline,profiler_py38_v2,QHY600-3_Lum,6.8,6.399889,112,2026-04-04T10:29:42.422Z,3191,2129,Lum,C2025R2,81559.0,458.0,39.0
lenovo_tttserver,NVIDIA A100-SXM4-80GB,"3.8.10 (default, Mar 18 2025, 20:04:55) 
[GCC 9.4.0]",py38_baseline,profiler_py38_v2,iKon936_SDSSg,4.2,3.5310464,412,2026-04-04T10:29:43.182Z,2048,2048,SDSSg,QSO0957+561,81920.0,424.0,30.0
lenovo_tttserver,NVIDIA A100-SXM4-80GB,"3.8.10 (default, Mar 18 2025, 20:04:55) 
[GCC 9.4.0]",py38_baseline,profiler_py38_v2,iKon936_SDSSg,4.2,3.3444173,412,2026-04-04T10:30:12.411Z,2048,2048,SDSSg,QSO0957+561,81920.0,424.0,29.0
hp3,NVIDIA L40S,"3.8.10 (default, Mar 18 2025, 20:04:55) 
[GCC 9.4.0]",py38_baseline,profiler_py38_v2,iKon936_Lum,4.2,29.355513,296,2026-04-04T10:35:13.261Z,2048,2048,Lum,C2025A6,46068.0,430.0,35.0
azken,NVIDIA H100 PCIe,"3.8.10 (default, Mar 18 2025, 20:04:55) 
[GCC 9.4.0]",py38_baseline,profiler_py38_v2,QHY600-4_Ha,15.3,9.495417,314,2026-04-04T10:35:24.170Z,4787,3193,Ha,NGC2903,81559.0,458.0,40.0
lenovo_tttserver,NVIDIA A100-SXM4-80GB,"3.8.10 (default, Mar 18 2025, 20:04:55) 
[GCC 9.4.0]",py38_baseline,profiler_py38_v2,QHY600-4_SDSSg,15.3,7.6545925,216,2026-04-04T10:35:43.711Z,4787,3193,SDSSg,WASP-43-b,81920.0,424.0,30.0
hp3,NVIDIA L40S,"3.8.10 (default, Mar 18 2025, 20:04:55) 
[GCC 9.4.0]",py38_baseline,profiler_py38_v2,iKon936_Lum,4.2,4.102248,296,2026-04-04T10:35:48.330Z,2048,2048,Lum,C2025A6,46068.0,430.0,34.0
lenovo_tttserver,NVIDIA A100-SXM4-80GB,"3.8.10 (default, Mar 18 2025, 20:04:55) 
[GCC 9.4.0]",py38_baseline,profiler_py38_v2,QHY600-4_SDSSg,15.3,7.714484,219,2026-04-04T10:36:07.206Z,4787,3193,SDSSg,WASP-43-b,81920.0,424.0,30.0
azken,NVIDIA H100 PCIe,"3.8.10 (default, Mar 18 2025, 20:04:55) 
[GCC 9.4.0]",py38_baseline,profiler_py38_v2,QHY600-4_Ha,15.3,9.925244,300,2026-04-04T10:35:54.705Z,4787,3193,Ha,NGC2903,81559.0,458.0,40.0
lenovo_tttserver,NVIDIA A100-SXM4-80GB,"3.8.10 (default, Mar 18 2025, 20:04:55) 
[GCC 9.4.0]",py38_baseline,profiler_py38_v2,QHY600-4_SDSSg,15.3,7.495963,215,2026-04-04T10:35:54.996Z,4787,3193,SDSSg,WASP-43-b,81920.0,424.0,30.0
hp3,NVIDIA L40S,"3.8.10 (default, Mar 18 2025, 20:04:55) 
[GCC 9.4.0]",py38_baseline,profiler_py38_v2,iKon936_Lum,4.2,3.9450011,296,2026-04-04T10:35:55.360Z,2048,2048,Lum,C2025A6,46068.0,430.0,34.0
hp3,NVIDIA L40S,"3.8.10 (default, Mar 18 2025, 20:04:55) 
[GCC 9.4.0]",py38_baseline,profiler_py38_v2,iKon936_Lum,4.2,4.0265183,296,2026-04-04T10:36:02.146Z,2048,2048,Lum,C2025A6,46068.0,430.0,35.0
azken,NVIDIA H100 PCIe,"3.8.10 (default, Mar 18 2025, 20:04:55) 
[GCC 9.4.0]",py38_baseline,profiler_py38_v2,QHY600-4_Ha,15.3,9.589316,303,2026-04-04T10:36:24.043Z,4787,3193,Ha,NGC2903,81559.0,458.0,40.0
hp3,NVIDIA L40S,"3.8.10 (default, Mar 18 2025, 20:04:55) 
[GCC 9.4.0]",py38_baseline,profiler_py38_v2,iKon936_Lum,4.2,3.9472408,296,2026-04-04T10:36:22.379Z,2048,2048,Lum,C2025A6,46068.0,430.0,35.0
hp3,NVIDIA L40S,"3.8.10 (default, Mar 18 2025, 20:04:55) 
[GCC 9.4.0]",py38_baseline,profiler_py38_v2,iKon936_Lum,4.2,4.02444,296,2026-04-04T10:35:20.097Z,2048,2048,Lum,C2025A6,46068.0,430.0,34.0
lenovo_tttserver,NVIDIA A100-SXM4-80GB,"3.8.10 (default, Mar 18 2025, 20:04:55) 
[GCC 9.4.0]",py38_baseline,profiler_py38_v2,QHY600-4_SDSSg,15.3,7.5241327,220,2026-04-04T10:35:19.771Z,4787,3193,SDSSg,WASP-43-b,81920.0,424.0,30.0
lenovo_tttserver,NVIDIA A100-SXM4-80GB,"3.8.10 (default, Mar 18 2025, 20:04:55) 
[GCC 9.4.0]",py38_baseline,profiler_py38_v2,QHY600-4_SDSSg,15.3,7.975273,218,2026-04-04T10:35:31.659Z,4787,3193,SDSSg,WASP-43-b,81920.0,424.0,30.0
hp3,NVIDIA L40S,"3.8.10 (default, Mar 18 2025, 20:04:55) 
[GCC 9.4.0]",py38_baseline,profiler_py38_v2,iKon936_Lum,4.2,4.454851,296,2026-04-04T10:35:27.358Z,2048,2048,Lum,C2025A6,46068.0,430.0,34.0
hp3,NVIDIA L40S,"3.8.10 (default, Mar 18 2025, 20:04:55) 
[GCC 9.4.0]",py38_baseline,profiler_py38_v2,iKon936_Lum,4.2,4.0302963,296,2026-04-04T10:35:40.933Z,2048,2048,Lum,C2025A6,46068.0,430.0,34.0
hp3,NVIDIA L40S,"3.8.10 (default, Mar 18 2025, 20:04:55) 
[GCC 9.4.0]",py38_baseline,profiler_py38_v2,iKon936_Lum,4.2,3.8905044,296,2026-04-04T10:35:34.130Z,2048,2048,Lum,C2025A6,46068.0,430.0,34.0
azken,NVIDIA H100 PCIe,"3.8.10 (default, Mar 18 2025, 20:04:55) 
[GCC 9.4.0]",py38_baseline,profiler_py38_v2,QHY600-4_Ha,15.3,9.918653,285,2026-04-04T10:35:39.140Z,4787,3193,Ha,NGC2903,81559.0,458.0,40.0
hp3,NVIDIA L40S,"3.8.10 (default, Mar 18 2025, 20:04:55) 
[GCC 9.4.0]",py38_baseline,profiler_py38_v2,iKon936_Lum,4.2,3.971913,296,2026-04-04T10:36:08.892Z,2048,2048,Lum,C2025A6,46068.0,430.0,35.0
azken,NVIDIA H100 PCIe,"3.8.10 (default, Mar 18 2025, 20:04:55) 
[GCC 9.4.0]",py38_baseline,profiler_py38_v2,QHY600-4_Ha,15.3,9.628048,303,2026-04-04T10:36:09.506Z,4787,3193,Ha,NGC2903,81559.0,458.0,40.0
hp3,NVIDIA L40S,"3.8.10 (default, Mar 18 2025, 20:04:55) 
[GCC 9.4.0]",py38_baseline,profiler_py38_v2,iKon936_Lum,4.2,3.9681578,296,2026-04-04T10:36:15.656Z,2048,2048,Lum,C2025A6,46068.0,430.0,35.0
lenovo_tttserver,NVIDIA A100-SXM4-80GB,"3.8.10 (default, Mar 18 2025, 20:04:55) 
[GCC 9.4.0]",py38_baseline,profiler_py38_v2,QHY600-4_SDSSg,15.3,7.5844626,217,2026-04-04T10:36:18.692Z,4787,3193,SDSSg,WASP-43-b,81920.0,424.0,30.0
lenovo_tttserver,NVIDIA A100-SXM4-80GB,"3.8.10 (default, Mar 18 2025, 20:04:55) 
[GCC 9.4.0]",py38_baseline,profiler_py38_v2,QHY600-4_Ha,15.3,10.450181,308,2026-04-04T10:36:32.960Z,4787,3193,Ha,NGC2903,81920.0,424.0,30.0
hp3,NVIDIA L40S,"3.8.10 (default, Mar 18 2025, 20:04:55) 
[GCC 9.4.0]",py38_baseline,profiler_py38_v2,iKon936_Lum,4.2,4.069456,296,2026-04-04T10:36:29.498Z,2048,2048,Lum,C2025A6,46068.0,430.0,35.0
azken,NVIDIA H100 PCIe,"3.8.10 (default, Mar 18 2025, 20:04:55) 
[GCC 9.4.0]",py38_baseline,profiler_py38_v2,QHY600-4_Ha,15.3,9.451126,295,2026-04-04T10:36:38.468Z,4787,3193,Ha,NGC2903,81559.0,458.0,40.0
hp3,NVIDIA L40S,"3.8.10 (default, Mar 18 2025, 20:04:55) 
[GCC 9.4.0]",py38_baseline,profiler_py38_v2,QHY600-3_Lum,6.8,8.966923,112,2026-04-04T10:36:41.254Z,3191,2129,Lum,C2025R2,46068.0,430.0,35.0
hp3,NVIDIA L40S,"3.8.10 (default, Mar 18 2025, 20:04:55) 
[GCC 9.4.0]",py38_baseline,profiler_py38_v2,QHY600-3_Lum,6.8,4.10917,112,2026-04-04T10:36:48.138Z,3191,2129,Lum,C2025R2,46068.0,430.0,34.0
lenovo_tttserver,NVIDIA A100-SXM4-80GB,"3.8.10 (default, Mar 18 2025, 20:04:55) 
[GCC 9.4.0]",py38_baseline,profiler_py38_v2,QHY600-4_Ha,15.3,6.405218,296,2026-04-04T10:36:43.748Z,4787,3193,Ha,NGC2903,81920.0,424.0,30.0
hp3,NVIDIA L40S,"3.8.10 (default, Mar 18 2025, 20:04:55) 
[GCC 9.4.0]",py38_baseline,profiler_py38_v2,QHY600-3_Lum,6.8,3.6745026,112,2026-04-04T10:36:55.117Z,3191,2129,Lum,C2025R2,46068.0,430.0,34.0
lenovo_tttserver,NVIDIA A100-SXM4-80GB,"3.8.10 (default, Mar 18 2025, 20:04:55) 
[GCC 9.4.0]",py38_baseline,profiler_py38_v2,QHY600-4_Ha,15.3,7.972636,305,2026-04-04T10:36:55.594Z,4787,3193,Ha,NGC2903,81920.0,424.0,30.0
azken,NVIDIA H100 PCIe,"3.8.10 (default, Mar 18 2025, 20:04:55) 
[GCC 9.4.0]",py38_baseline,profiler_py38_v2,QHY600-4_Ha,15.3,9.605997,309,2026-04-04T10:36:53.193Z,4787,3193,Ha,NGC2903,81559.0,458.0,40.0
azken,NVIDIA H100 PCIe,"3.8.10 (default, Mar 18 2025, 20:04:55) 
[GCC 9.4.0]",py38_baseline,profiler_py38_v2,iKon936_Lum,4.2,6.783127,296,2026-04-04T10:27:00.701Z,2048,2048,Lum,C2025A6,81559.0,458.0,40.0
azken,NVIDIA H100 PCIe,"3.8.10 (default, Mar 18 2025, 20:04:55) 
[GCC 9.4.0]",py38_baseline,profiler_py38_v2,iKon936_Lum,4.2,5.154811,296,2026-04-04T10:26:36.919Z,2048,2048,Lum,C2025A6,81559.0,458.0,40.0
azken,NVIDIA H100 PCIe,"3.8.10 (default, Mar 18 2025, 20:04:55) 
[GCC 9.4.0]",py38_baseline,profiler_py38_v2,iKon936_Lum,4.2,5.9052663,296,2026-04-04T10:27:11.235Z,2048,2048,Lum,C2025A6,81559.0,458.0,39.0
azken,NVIDIA H100 PCIe,"3.8.10 (default, Mar 18 2025, 20:04:55) 
[GCC 9.4.0]",py38_baseline,profiler_py38_v2,iKon936_SDSSg,4.2,33.962105,412,2026-04-04T10:25:30.558Z,2048,2048,SDSSg,QSO0957+561,81559.0,458.0,39.0
azken,NVIDIA H100 PCIe,"3.8.10 (default, Mar 18 2025, 20:04:55) 
[GCC 9.4.0]",py38_baseline,profiler_py38_v2,iKon936_Lum,4.2,6.6976533,296,2026-04-04T10:26:48.848Z,2048,2048,Lum,C2025A6,81559.0,458.0,40.0
azken,NVIDIA H100 PCIe,"3.8.10 (default, Mar 18 2025, 20:04:55) 
[GCC 9.4.0]",py38_baseline,profiler_py38_v2,iKon936_Lum,4.2,6.773343,296,2026-04-04T10:27:23.049Z,2048,2048,Lum,C2025A6,81559.0,458.0,39.0
azken,NVIDIA H100 PCIe,"3.8.10 (default, Mar 18 2025, 20:04:55) 
[GCC 9.4.0]",py38_baseline,profiler_py38_v2,iKon936_Lum,4.2,5.6957045,296,2026-04-04T10:27:44.328Z,2048,2048,Lum,C2025A6,81559.0,458.0,39.0
azken,NVIDIA H100 PCIe,"3.8.10 (default, Mar 18 2025, 20:04:55) 
[GCC 9.4.0]",py38_baseline,profiler_py38_v2,iKon936_Lum,4.2,6.0062428,296,2026-04-04T10:27:33.623Z,2048,2048,Lum,C2025A6,81559.0,458.0,40.0
lenovo_tttserver,NVIDIA A100-SXM4-80GB,"3.8.10 (default, Mar 18 2025, 20:04:55) 
[GCC 9.4.0]",py38_baseline,profiler_py38_v2,iKon936_Lum,4.2,3.6752245,296,2026-04-04T10:31:15.763Z,2048,2048,Lum,C2025A6,81920.0,424.0,29.0
azken,NVIDIA H100 PCIe,"3.8.10 (default, Mar 18 2025, 20:04:55) 
[GCC 9.4.0]",py38_baseline,profiler_py38_v2,QHY600-4_SDSSg,15.3,10.203328,215,2026-04-04T10:32:09.251Z,4787,3193,SDSSg,WASP-43-b,81559.0,458.0,40.0
azken,NVIDIA H100 PCIe,"3.8.10 (default, Mar 18 2025, 20:04:55) 
[GCC 9.4.0]",py38_baseline,profiler_py38_v2,QHY600-4_SDSSg,15.3,11.325426,218,2026-04-04T10:32:42.947Z,4787,3193,SDSSg,WASP-43-b,81559.0,458.0,40.0
lenovo_tttserver,NVIDIA A100-SXM4-80GB,"3.8.10 (default, Mar 18 2025, 20:04:55) 
[GCC 9.4.0]",py38_baseline,profiler_py38_v2,QHY600-3_Lum,6.8,3.443398,112,2026-04-04T10:32:41.536Z,3191,2129,Lum,C2025R2,81920.0,424.0,30.0
lenovo_tttserver,NVIDIA A100-SXM4-80GB,"3.8.10 (default, Mar 18 2025, 20:04:55) 
[GCC 9.4.0]",py38_baseline,profiler_py38_v2,iKon936_Lum,4.2,3.7905529,296,2026-04-04T10:32:12.255Z,2048,2048,Lum,C2025A6,81920.0,424.0,30.0
azken,NVIDIA H100 PCIe,"3.8.10 (default, Mar 18 2025, 20:04:55) 
[GCC 9.4.0]",py38_baseline,profiler_py38_v2,QHY600-4_SDSSg,15.3,11.1065445,212,2026-04-04T10:31:54.283Z,4787,3193,SDSSg,WASP-43-b,81559.0,458.0,40.0
lenovo_tttserver,NVIDIA A100-SXM4-80GB,"3.8.10 (default, Mar 18 2025, 20:04:55) 
[GCC 9.4.0]",py38_baseline,profiler_py38_v2,QHY600-3_Lum,6.8,3.324271,112,2026-04-04T10:32:34.179Z,3191,2129,Lum,C2025R2,81920.0,424.0,30.0
lenovo_tttserver,NVIDIA A100-SXM4-80GB,"3.8.10 (default, Mar 18 2025, 20:04:55) 
[GCC 9.4.0]",py38_baseline,profiler_py38_v2,iKon936_Lum,4.2,4.4705997,296,2026-04-04T10:32:04.446Z,2048,2048,Lum,C2025A6,81920.0,424.0,29.0
azken,NVIDIA H100 PCIe,"3.8.10 (default, Mar 18 2025, 20:04:55) 
[GCC 9.4.0]",py38_baseline,profiler_py38_v2,QHY600-4_SDSSg,15.3,11.6367445,213,2026-04-04T10:32:26.373Z,4787,3193,SDSSg,WASP-43-b,81559.0,458.0,40.0
lenovo_tttserver,NVIDIA A100-SXM4-80GB,"3.8.10 (default, Mar 18 2025, 20:04:55) 
[GCC 9.4.0]",py38_baseline,profiler_py38_v2,QHY600-3_Lum,6.8,9.940301,112,2026-04-04T10:32:26.270Z,3191,2129,Lum,C2025R2,81920.0,424.0,29.0
lenovo_tttserver,NVIDIA A100-SXM4-80GB,"3.8.10 (default, Mar 18 2025, 20:04:55) 
[GCC 9.4.0]",py38_baseline,profiler_py38_v2,QHY600-3_Lum,6.8,3.4015055,112,2026-04-04T10:32:48.876Z,3191,2129,Lum,C2025R2,81920.0,424.0,30.0
lenovo_tttserver,NVIDIA A100-SXM4-80GB,"3.8.10 (default, Mar 18 2025, 20:04:55) 
[GCC 9.4.0]",py38_baseline,profiler_py38_v2,iKon936_Lum,4.2,3.9710436,296,2026-04-04T10:31:32.830Z,2048,2048,Lum,C2025A6,81920.0,424.0,29.0
lenovo_tttserver,NVIDIA A100-SXM4-80GB,"3.8.10 (default, Mar 18 2025, 20:04:55) 
[GCC 9.4.0]",py38_baseline,profiler_py38_v2,iKon936_Lum,4.2,3.9184911,296,2026-04-04T10:31:23.591Z,2048,2048,Lum,C2025A6,81920.0,424.0,29.0
azken,NVIDIA H100 PCIe,"3.8.10 (default, Mar 18 2025, 20:04:55) 
[GCC 9.4.0]",py38_baseline,profiler_py38_v2,QHY600-4_SDSSg,15.3,11.073578,215,2026-04-04T10:31:21.657Z,4787,3193,SDSSg,WASP-43-b,81559.0,458.0,40.0
azken,NVIDIA H100 PCIe,"3.8.10 (default, Mar 18 2025, 20:04:55) 
[GCC 9.4.0]",py38_baseline,profiler_py38_v2,QHY600-4_SDSSg,15.3,11.426622,220,2026-04-04T10:31:38.188Z,4787,3193,SDSSg,WASP-43-b,81559.0,458.0,40.0
lenovo_tttserver,NVIDIA A100-SXM4-80GB,"3.8.10 (default, Mar 18 2025, 20:04:55) 
[GCC 9.4.0]",py38_baseline,profiler_py38_v2,iKon936_Lum,4.2,3.9502861,296,2026-04-04T10:31:40.678Z,2048,2048,Lum,C2025A6,81920.0,424.0,29.0
lenovo_tttserver,NVIDIA A100-SXM4-80GB,"3.8.10 (default, Mar 18 2025, 20:04:55) 
[GCC 9.4.0]",py38_baseline,profiler_py38_v2,iKon936_Lum,4.2,3.7018218,296,2026-04-04T10:31:48.351Z,2048,2048,Lum,C2025A6,81920.0,424.0,29.0
lenovo_tttserver,NVIDIA A100-SXM4-80GB,"3.8.10 (default, Mar 18 2025, 20:04:55) 
[GCC 9.4.0]",py38_baseline,profiler_py38_v2,iKon936_Lum,4.2,3.6454268,296,2026-04-04T10:31:55.970Z,2048,2048,Lum,C2025A6,81920.0,424.0,29.0
azken,NVIDIA H100 PCIe,"3.8.10 (default, Mar 18 2025, 20:04:55) 
[GCC 9.4.0]",py38_baseline,profiler_py38_v2,QHY600-4_SDSSg,15.3,11.66312,214,2026-04-04T10:32:59.980Z,4787,3193,SDSSg,WASP-43-b,81559.0,458.0,40.0
lenovo_tttserver,NVIDIA A100-SXM4-80GB,"3.8.10 (default, Mar 18 2025, 20:04:55) 
[GCC 9.4.0]",py38_baseline,profiler_py38_v2,QHY600-3_Lum,6.8,3.3347013,112,2026-04-04T10:32:56.132Z,3191,2129,Lum,C2025R2,81920.0,424.0,30.0
lenovo_tttserver,NVIDIA A100-SXM4-80GB,"3.8.10 (default, Mar 18 2025, 20:04:55) 
[GCC 9.4.0]",py38_baseline,profiler_py38_v2,QHY600-3_Lum,6.8,3.2461715,112,2026-04-04T10:33:48.452Z,3191,2129,Lum,C2025R2,81920.0,424.0,30.0
azken,NVIDIA H100 PCIe,"3.8.10 (default, Mar 18 2025, 20:04:55) 
[GCC 9.4.0]",py38_baseline,profiler_py38_v2,QHY600-4_SDSSg,15.3,11.163078,220,2026-04-04T10:33:49.646Z,4787,3193,SDSSg,WASP-43-b,81559.0,458.0,40.0
lenovo_tttserver,NVIDIA A100-SXM4-80GB,"3.8.10 (default, Mar 18 2025, 20:04:55) 
[GCC 9.4.0]",py38_baseline,profiler_py38_v2,QHY600-3_Lum,6.8,3.380204,112,2026-04-04T10:33:41.380Z,3191,2129,Lum,C2025R2,81920.0,424.0,30.0
hp3,NVIDIA L40S,"3.8.10 (default, Mar 18 2025, 20:04:55) 
[GCC 9.4.0]",py38_baseline,profiler_py38_v2,iKon936_SDSSg,4.2,3.8281295,412,2026-04-04T10:33:35.041Z,2048,2048,SDSSg,QSO0957+561,46068.0,430.0,36.0
hp3,NVIDIA L40S,"3.8.10 (default, Mar 18 2025, 20:04:55) 
[GCC 9.4.0]",py38_baseline,profiler_py38_v2,iKon936_SDSSg,4.2,52.216686,412,2026-04-04T10:33:27.845Z,2048,2048,SDSSg,QSO0957+561,46068.0,430.0,37.0
hp3,NVIDIA L40S,"3.8.10 (default, Mar 18 2025, 20:04:55) 
[GCC 9.4.0]",py38_baseline,profiler_py38_v2,iKon936_SDSSg,4.2,3.651584,412,2026-04-04T10:34:01.036Z,2048,2048,SDSSg,QSO0957+561,46068.0,430.0,35.0
azken,NVIDIA H100 PCIe,"3.8.10 (default, Mar 18 2025, 20:04:55) 
[GCC 9.4.0]",py38_baseline,profiler_py38_v2,QHY600-4_SDSSg,15.3,11.220421,217,2026-04-04T10:33:33.356Z,4787,3193,SDSSg,WASP-43-b,81559.0,458.0,40.0
lenovo_tttserver,NVIDIA A100-SXM4-80GB,"3.8.10 (default, Mar 18 2025, 20:04:55) 
[GCC 9.4.0]",py38_baseline,profiler_py38_v2,QHY600-3_Lum,6.8,3.380641,112,2026-04-04T10:33:33.606Z,3191,2129,Lum,C2025R2,81920.0,424.0,30.0
hp3,NVIDIA L40S,"3.8.10 (default, Mar 18 2025, 20:04:55) 
[GCC 9.4.0]",py38_baseline,profiler_py38_v2,iKon936_SDSSg,4.2,3.7701356,412,2026-04-04T10:33:48.049Z,2048,2048,SDSSg,QSO0957+561,46068.0,430.0,36.0
hp3,NVIDIA L40S,"3.8.10 (default, Mar 18 2025, 20:04:55) 
[GCC 9.4.0]",py38_baseline,profiler_py38_v2,iKon936_SDSSg,4.2,3.6652496,412,2026-04-04T10:33:41.528Z,2048,2048,SDSSg,QSO0957+561,46068.0,430.0,36.0
hp3,NVIDIA L40S,"3.8.10 (default, Mar 18 2025, 20:04:55) 
[GCC 9.4.0]",py38_baseline,profiler_py38_v2,iKon936_SDSSg,4.2,3.7686787,412,2026-04-04T10:33:54.644Z,2048,2048,SDSSg,QSO0957+561,46068.0,430.0,36.0
hp3,NVIDIA L40S,"3.8.10 (default, Mar 18 2025, 20:04:55) 
[GCC 9.4.0]",py38_baseline,profiler_py38_v2,iKon936_SDSSg,4.2,3.661984,412,2026-04-04T10:34:07.499Z,2048,2048,SDSSg,QSO0957+561,46068.0,430.0,35.0
lenovo_tttserver,NVIDIA A100-SXM4-80GB,"3.8.10 (default, Mar 18 2025, 20:04:55) 
[GCC 9.4.0]",py38_baseline,profiler_py38_v2,QHY600-4_SDSSg,15.3,17.298983,216,2026-04-04T10:34:09.557Z,4787,3193,SDSSg,WASP-43-b,81920.0,424.0,30.0
hp3,NVIDIA L40S,"3.8.10 (default, Mar 18 2025, 20:04:55) 
[GCC 9.4.0]",py38_baseline,profiler_py38_v2,iKon936_SDSSg,4.2,3.9155467,412,2026-04-04T10:34:14.265Z,2048,2048,SDSSg,QSO0957+561,46068.0,430.0,35.0
azken,NVIDIA H100 PCIe,"3.8.10 (default, Mar 18 2025, 20:04:55) 
[GCC 9.4.0]",py38_baseline,profiler_py38_v2,QHY600-4_Ha,15.3,18.379662,302,2026-04-04T10:34:13.026Z,4787,3193,Ha,NGC2903,81559.0,458.0,40.0
hp3,NVIDIA L40S,"3.8.10 (default, Mar 18 2025, 20:04:55) 
[GCC 9.4.0]",py38_baseline,profiler_py38_v2,iKon936_SDSSg,4.2,3.8912108,412,2026-04-04T10:34:20.934Z,2048,2048,SDSSg,QSO0957+561,46068.0,430.0,35.0
azken,NVIDIA H100 PCIe,"3.8.10 (default, Mar 18 2025, 20:04:55) 
[GCC 9.4.0]",py38_baseline,profiler_py38_v2,QHY600-4_Ha,15.3,7.2649374,305,2026-04-04T10:34:24.834Z,4787,3193,Ha,NGC2903,81559.0,458.0,41.0
lenovo_tttserver,NVIDIA A100-SXM4-80GB,"3.8.10 (default, Mar 18 2025, 20:04:55) 
[GCC 9.4.0]",py38_baseline,profiler_py38_v2,QHY600-4_SDSSg,15.3,7.407192,216,2026-04-04T10:34:20.863Z,4787,3193,SDSSg,WASP-43-b,81920.0,424.0,30.0
hp3,NVIDIA L40S,"3.8.10 (default, Mar 18 2025, 20:04:55) 
[GCC 9.4.0]",py38_baseline,profiler_py38_v2,iKon936_SDSSg,4.2,3.712118,412,2026-04-04T10:34:34.161Z,2048,2048,SDSSg,QSO0957+561,46068.0,430.0,35.0
hp3,NVIDIA L40S,"3.8.10 (default, Mar 18 2025, 20:04:55) 
[GCC 9.4.0]",py38_baseline,profiler_py38_v2,iKon936_SDSSg,4.2,3.745308,412,2026-04-04T10:34:27.649Z,2048,2048,SDSSg,QSO0957+561,46068.0,430.0,35.0
lenovo_tttserver,NVIDIA A100-SXM4-80GB,"3.8.10 (default, Mar 18 2025, 20:04:55) 
[GCC 9.4.0]",py38_baseline,profiler_py38_v2,QHY600-4_SDSSg,15.3,7.8743496,217,2026-04-04T10:34:32.876Z,4787,3193,SDSSg,WASP-43-b,81920.0,424.0,30.0
lenovo_tttserver,NVIDIA A100-SXM4-80GB,"3.8.10 (default, Mar 18 2025, 20:04:55) 
[GCC 9.4.0]",py38_baseline,profiler_py38_v2,QHY600-4_SDSSg,15.3,7.54861,216,2026-04-04T10:34:56.506Z,4787,3193,SDSSg,WASP-43-b,81920.0,424.0,30.0
azken,NVIDIA H100 PCIe,"3.8.10 (default, Mar 18 2025, 20:04:55) 
[GCC 9.4.0]",py38_baseline,profiler_py38_v2,QHY600-4_Ha,15.3,8.467126,326,2026-04-04T10:34:54.782Z,4787,3193,Ha,NGC2903,81559.0,458.0,40.0
azken,NVIDIA H100 PCIe,"3.8.10 (default, Mar 18 2025, 20:04:55) 
[GCC 9.4.0]",py38_baseline,profiler_py38_v2,QHY600-4_Ha,15.3,10.755907,296,2026-04-04T10:34:41.247Z,4787,3193,Ha,NGC2903,81559.0,458.0,40.0
lenovo_tttserver,NVIDIA A100-SXM4-80GB,"3.8.10 (default, Mar 18 2025, 20:04:55) 
[GCC 9.4.0]",py38_baseline,profiler_py38_v2,QHY600-4_SDSSg,15.3,7.5600224,216,2026-04-04T10:34:44.405Z,4787,3193,SDSSg,WASP-43-b,81920.0,424.0,30.0
hp3,NVIDIA L40S,"3.8.10 (default, Mar 18 2025, 20:04:55) 
[GCC 9.4.0]",py38_baseline,profiler_py38_v2,iKon936_SDSSg,4.2,3.6452577,412,2026-04-04T10:34:41.145Z,2048,2048,SDSSg,QSO0957+561,46068.0,430.0,35.0
lenovo_tttserver,NVIDIA A100-SXM4-80GB,"3.8.10 (default, Mar 18 2025, 20:04:55) 
[GCC 9.4.0]",py38_baseline,profiler_py38_v2,QHY600-4_SDSSg,15.3,7.729319,219,2026-04-04T10:35:08.348Z,4787,3193,SDSSg,WASP-43-b,81920.0,424.0,30.0
azken,NVIDIA H100 PCIe,"3.8.10 (default, Mar 18 2025, 20:04:55) 
[GCC 9.4.0]",py38_baseline,profiler_py38_v2,QHY600-4_Ha,15.3,9.486938,324,2026-04-04T10:35:09.532Z,4787,3193,Ha,NGC2903,81559.0,458.0,40.0
azken,NVIDIA H100 PCIe,"3.8.10 (default, Mar 18 2025, 20:04:55) 
[GCC 9.4.0]",py38_baseline,profiler_py38_v2,QHY411-1_Lum_bin2,37.8,13.313122,151,2026-04-04T10:37:11.568Z,7100,5325,Lum,2012QD8,81559.0,458.0,40.0
hp3,NVIDIA L40S,"3.8.10 (default, Mar 18 2025, 20:04:55) 
[GCC 9.4.0]",py38_baseline,profiler_py38_v2,QHY600-3_Lum,6.8,3.8623552,112,2026-04-04T10:37:15.229Z,3191,2129,Lum,C2025R2,46068.0,430.0,35.0
hp3,NVIDIA L40S,"3.8.10 (default, Mar 18 2025, 20:04:55) 
[GCC 9.4.0]",py38_baseline,profiler_py38_v2,QHY600-3_Lum,6.8,3.9401672,112,2026-04-04T10:37:08.620Z,3191,2129,Lum,C2025R2,46068.0,430.0,34.0
lenovo_tttserver,NVIDIA A100-SXM4-80GB,"3.8.10 (default, Mar 18 2025, 20:04:55) 
[GCC 9.4.0]",py38_baseline,profiler_py38_v2,QHY600-4_Ha,15.3,6.4194403,309,2026-04-04T10:37:17.273Z,4787,3193,Ha,NGC2903,81920.0,424.0,30.0
hp3,NVIDIA L40S,"3.8.10 (default, Mar 18 2025, 20:04:55) 
[GCC 9.4.0]",py38_baseline,profiler_py38_v2,QHY600-3_Lum,6.8,3.9971988,112,2026-04-04T10:37:22.093Z,3191,2129,Lum,C2025R2,46068.0,430.0,35.0
lenovo_tttserver,NVIDIA A100-SXM4-80GB,"3.8.10 (default, Mar 18 2025, 20:04:55) 
[GCC 9.4.0]",py38_baseline,profiler_py38_v2,QHY600-4_Ha,15.3,6.828583,310,2026-04-04T10:37:38.703Z,4787,3193,Ha,NGC2903,81920.0,424.0,30.0
hp3,NVIDIA L40S,"3.8.10 (default, Mar 18 2025, 20:04:55) 
[GCC 9.4.0]",py38_baseline,profiler_py38_v2,QHY600-3_Lum,6.8,4.1561737,112,2026-04-04T10:37:36.160Z,3191,2129,Lum,C2025R2,46068.0,430.0,35.0
lenovo_tttserver,NVIDIA A100-SXM4-80GB,"3.8.10 (default, Mar 18 2025, 20:04:55) 
[GCC 9.4.0]",py38_baseline,profiler_py38_v2,QHY600-4_Ha,15.3,6.8217354,306,2026-04-04T10:37:06.845Z,4787,3193,Ha,NGC2903,81920.0,424.0,30.0
hp3,NVIDIA L40S,"3.8.10 (default, Mar 18 2025, 20:04:55) 
[GCC 9.4.0]",py38_baseline,profiler_py38_v2,QHY600-3_Lum,6.8,3.9057722,112,2026-04-04T10:37:01.868Z,3191,2129,Lum,C2025R2,46068.0,430.0,34.0
lenovo_tttserver,NVIDIA A100-SXM4-80GB,"3.8.10 (default, Mar 18 2025, 20:04:55) 
[GCC 9.4.0]",py38_baseline,profiler_py38_v2,QHY600-4_Ha,15.3,6.751932,315,2026-04-04T10:37:27.901Z,4787,3193,Ha,NGC2903,81920.0,424.0,30.0
azken,NVIDIA H100 PCIe,"3.8.10 (default, Mar 18 2025, 20:04:55) 
[GCC 9.4.0]",py38_baseline,profiler_py38_v2,QHY411-1_Lum_bin2,37.8,11.994351,156,2026-04-04T10:37:28.693Z,7100,5325,Lum,2012QD8,81559.0,458.0,40.0
hp3,NVIDIA L40S,"3.8.10 (default, Mar 18 2025, 20:04:55) 
[GCC 9.4.0]",py38_baseline,profiler_py38_v2,QHY600-3_Lum,6.8,4.2730637,112,2026-04-04T10:37:29.160Z,3191,2129,Lum,C2025R2,46068.0,430.0,35.0
azken,NVIDIA H100 PCIe,"3.8.10 (default, Mar 18 2025, 20:04:55) 
[GCC 9.4.0]",py38_baseline,profiler_py38_v2,QHY411-1_Lum_bin2,37.8,11.965814,157,2026-04-04T10:37:45.237Z,7100,5325,Lum,2012QD8,81559.0,458.0,40.0
hp3,NVIDIA L40S,"3.8.10 (default, Mar 18 2025, 20:04:55) 
[GCC 9.4.0]",py38_baseline,profiler_py38_v2,QHY600-3_Lum,6.8,4.0265923,112,2026-04-04T10:37:43.034Z,3191,2129,Lum,C2025R2,46068.0,430.0,35.0
lenovo_tttserver,NVIDIA A100-SXM4-80GB,"3.8.10 (default, Mar 18 2025, 20:04:55) 
[GCC 9.4.0]",py38_baseline,profiler_py38_v2,QHY600-4_Ha,15.3,6.651973,297,2026-04-04T10:37:49.225Z,4787,3193,Ha,NGC2903,81920.0,424.0,30.0
hp3,NVIDIA L40S,"3.8.10 (default, Mar 18 2025, 20:04:55) 
[GCC 9.4.0]",py38_baseline,profiler_py38_v2,QHY600-3_Lum,6.8,3.9882064,112,2026-04-04T10:37:49.809Z,3191,2129,Lum,C2025R2,46068.0,430.0,35.0
azken,NVIDIA H100 PCIe,"3.8.10 (default, Mar 18 2025, 20:04:55) 
[GCC 9.4.0]",py38_baseline,profiler_py38_v2,QHY411-1_Lum_bin2,37.8,12.065267,159,2026-04-04T10:38:02.354Z,7100,5325,Lum,2012QD8,81559.0,458.0,40.0
lenovo_tttserver,NVIDIA A100-SXM4-80GB,"3.8.10 (default, Mar 18 2025, 20:04:55) 
[GCC 9.4.0]",py38_baseline,profiler_py38_v2,QHY600-4_Ha,15.3,7.0139275,307,2026-04-04T10:38:00.201Z,4787,3193,Ha,NGC2903,81920.0,424.0,30.0
hp3,NVIDIA L40S,"3.8.10 (default, Mar 18 2025, 20:04:55) 
[GCC 9.4.0]",py38_baseline,profiler_py38_v2,QHY600-3_Lum,6.8,3.9862616,112,2026-04-04T10:37:56.949Z,3191,2129,Lum,C2025R2,46068.0,430.0,35.0
lenovo_tttserver,NVIDIA A100-SXM4-80GB,"3.8.10 (default, Mar 18 2025, 20:04:55) 
[GCC 9.4.0]",py38_baseline,profiler_py38_v2,QHY600-4_Ha,15.3,6.507663,312,2026-04-04T10:38:21.744Z,4787,3193,Ha,NGC2903,81920.0,424.0,30.0
azken,NVIDIA H100 PCIe,"3.8.10 (default, Mar 18 2025, 20:04:55) 
[GCC 9.4.0]",py38_baseline,profiler_py38_v2,QHY411-1_Lum_bin2,37.8,11.731554,153,2026-04-04T10:38:19.572Z,7100,5325,Lum,2012QD8,81559.0,458.0,40.0
azken,NVIDIA H100 PCIe,"3.8.10 (default, Mar 18 2025, 20:04:55) 
[GCC 9.4.0]",py38_baseline,profiler_py38_v2,QHY411-1_Lum_bin2,37.8,11.514236,152,2026-04-04T10:38:35.975Z,7100,5325,Lum,2012QD8,81559.0,458.0,40.0
lenovo_tttserver,NVIDIA A100-SXM4-80GB,"3.8.10 (default, Mar 18 2025, 20:04:55) 
[GCC 9.4.0]",py38_baseline,profiler_py38_v2,QHY600-4_Ha,15.3,6.7671156,298,2026-04-04T10:38:11.367Z,4787,3193,Ha,NGC2903,81920.0,424.0,30.0
hp3,NVIDIA L40S,"3.8.10 (default, Mar 18 2025, 20:04:55) 
[GCC 9.4.0]",py38_baseline,profiler_py38_v2,QHY600-4_SDSSg,15.3,17.000706,213,2026-04-04T10:38:16.732Z,4787,3193,SDSSg,WASP-43-b,46068.0,430.0,35.0
lenovo_tttserver,NVIDIA A100-SXM4-80GB,"3.8.10 (default, Mar 18 2025, 20:04:55) 
[GCC 9.4.0]",py38_baseline,profiler_py38_v2,QHY600-4_Ha,15.3,6.483303,313,2026-04-04T10:38:32.049Z,4787,3193,Ha,NGC2903,81920.0,424.0,30.0
hp3,NVIDIA L40S,"3.8.10 (default, Mar 18 2025, 20:04:55) 
[GCC 9.4.0]",py38_baseline,profiler_py38_v2,QHY600-4_SDSSg,15.3,9.217368,213,2026-04-04T10:38:29.109Z,4787,3193,SDSSg,WASP-43-b,46068.0,430.0,35.0
lenovo_tttserver,NVIDIA A100-SXM4-80GB,"3.8.10 (default, Mar 18 2025, 20:04:55) 
[GCC 9.4.0]",py38_baseline,profiler_py38_v2,QHY411-1_Lum_bin2,37.8,10.3538265,153,2026-04-04T10:38:46.305Z,7100,5325,Lum,2012QD8,81920.0,424.0,30.0
hp3,NVIDIA L40S,"3.8.10 (default, Mar 18 2025, 20:04:55) 
[GCC 9.4.0]",py38_baseline,profiler_py38_v2,QHY600-4_SDSSg,15.3,8.760906,215,2026-04-04T10:38:40.751Z,4787,3193,SDSSg,WASP-43-b,46068.0,430.0,36.0
hp3,NVIDIA L40S,"3.8.10 (default, Mar 18 2025, 20:04:55) 
[GCC 9.4.0]",py38_baseline,profiler_py38_v2,QHY600-4_SDSSg,15.3,8.580608,215,2026-04-04T10:38:52.248Z,4787,3193,SDSSg,WASP-43-b,46068.0,430.0,36.0
azken,NVIDIA H100 PCIe,"3.8.10 (default, Mar 18 2025, 20:04:55) 
[GCC 9.4.0]",py38_baseline,profiler_py38_v2,QHY411-1_Lum_bin2,37.8,11.772766,155,2026-04-04T10:38:52.568Z,7100,5325,Lum,2012QD8,81559.0,458.0,40.0
lenovo_tttserver,NVIDIA A100-SXM4-80GB,"3.8.10 (default, Mar 18 2025, 20:04:55) 
[GCC 9.4.0]",py38_baseline,profiler_py38_v2,QHY411-1_Lum_bin2,37.8,8.515714,150,2026-04-04T10:38:58.743Z,7100,5325,Lum,2012QD8,81920.0,424.0,30.0
hp3,NVIDIA L40S,"3.8.10 (default, Mar 18 2025, 20:04:55) 
[GCC 9.4.0]",py38_baseline,profiler_py38_v2,QHY600-4_SDSSg,15.3,9.361749,215,2026-04-04T10:39:04.867Z,4787,3193,SDSSg,WASP-43-b,46068.0,430.0,37.0
azken,NVIDIA H100 PCIe,"3.8.10 (default, Mar 18 2025, 20:04:55) 
[GCC 9.4.0]",py38_baseline,profiler_py38_v2,QHY411-1_Lum_bin2,37.8,11.715174,160,2026-04-04T10:39:09.416Z,7100,5325,Lum,2012QD8,81559.0,458.0,40.0
lenovo_tttserver,NVIDIA A100-SXM4-80GB,"3.8.10 (default, Mar 18 2025, 20:04:55) 
[GCC 9.4.0]",py38_baseline,profiler_py38_v2,QHY411-1_Lum_bin2,37.8,8.312013,154,2026-04-04T10:39:11.119Z,7100,5325,Lum,2012QD8,81920.0,424.0,30.0
azken,NVIDIA H100 PCIe,"3.8.10 (default, Mar 18 2025, 20:04:55) 
[GCC 9.4.0]",py38_baseline,profiler_py38_v2,iKon936_SDSSg,4.2,81.615974,412,2026-04-04T10:22:57.620Z,2048,2048,SDSSg,QSO0957+561,81559.0,458.0,38.0
azken,NVIDIA H100 PCIe,"3.8.10 (default, Mar 18 2025, 20:04:55) 
[GCC 9.4.0]",py38_baseline,profiler_py38_v2,iKon936_SDSSg,4.2,6.653227,412,2026-04-04T10:23:22.137Z,2048,2048,SDSSg,QSO0957+561,81559.0,458.0,39.0
azken,NVIDIA H100 PCIe,"3.8.10 (default, Mar 18 2025, 20:04:55) 
[GCC 9.4.0]",py38_baseline,profiler_py38_v2,iKon936_SDSSg,4.2,6.3936324,412,2026-04-04T10:23:33.611Z,2048,2048,SDSSg,QSO0957+561,81559.0,458.0,40.0
hp3,NVIDIA L40S,"3.8.10 (default, Mar 18 2025, 20:04:55) 
[GCC 9.4.0]",py38_baseline,profiler_py38_v2,QHY411-1_SDSSi_bin2,37.8,13.068104,241,2026-04-04T10:46:47.689Z,7100,5325,SDSSi,GaiaDR33534005919872722560,46068.0,430.0,42.0
hp3,NVIDIA L40S,"3.8.10 (default, Mar 18 2025, 20:04:55) 
[GCC 9.4.0]",py38_baseline,profiler_py38_v2,QHY411-1_SDSSi_bin2,37.8,13.231278,241,2026-04-04T10:47:04.247Z,7100,5325,SDSSi,GaiaDR33534005919872722560,46068.0,430.0,42.0
lenovo_tttserver,NVIDIA A100-SXM4-80GB,"3.8.10 (default, Mar 18 2025, 20:04:55) 
[GCC 9.4.0]",py38_baseline,profiler_py38_v2,QHY411-1_Lum_full,151.2,16.85549,430,2026-04-04T10:47:02.359Z,14200,10650,Lum,2025PR1,81920.0,424.0,36.0
lenovo_tttserver,NVIDIA A100-SXM4-80GB,"3.8.10 (default, Mar 18 2025, 20:04:55) 
[GCC 9.4.0]",py38_baseline,profiler_py38_v2,QHY411-1_Lum_full,151.2,15.848059,434,2026-04-04T10:46:21.094Z,14200,10650,Lum,2025PR1,81920.0,424.0,36.0
lenovo_tttserver,NVIDIA A100-SXM4-80GB,"3.8.10 (default, Mar 18 2025, 20:04:55) 
[GCC 9.4.0]",py38_baseline,profiler_py38_v2,QHY411-1_Lum_full,151.2,15.993524,425,2026-04-04T10:46:41.189Z,14200,10650,Lum,2025PR1,81920.0,424.0,36.0
azken,NVIDIA H100 PCIe,"3.8.10 (default, Mar 18 2025, 20:04:55) 
[GCC 9.4.0]",py38_baseline,profiler_py38_v2,QHY411-1_Lum_full,151.2,19.526455,434,2026-04-04T10:46:40.766Z,14200,10650,Lum,2025PR1,81559.0,458.0,51.0
hp3,NVIDIA L40S,"3.8.10 (default, Mar 18 2025, 20:04:55) 
[GCC 9.4.0]",py38_baseline,profiler_py38_v2,QHY411-1_SDSSi_bin2,37.8,13.498633,240,2026-04-04T10:47:20.512Z,7100,5325,SDSSi,GaiaDR33534005919872722560,46068.0,430.0,43.0
hp3,NVIDIA L40S,"3.8.10 (default, Mar 18 2025, 20:04:55) 
[GCC 9.4.0]",py38_baseline,profiler_py38_v2,QHY411-1_SDSSi_bin2,37.8,12.778767,239,2026-04-04T10:48:41.346Z,7100,5325,SDSSi,GaiaDR33534005919872722560,46068.0,430.0,44.0
azken,NVIDIA H100 PCIe,"3.8.10 (default, Mar 18 2025, 20:04:55) 
[GCC 9.4.0]",py38_baseline,profiler_py38_v2,QHY411-1_Lum_full,151.2,20.908947,434,2026-04-04T10:48:49.066Z,14200,10650,Lum,2025PR1,81559.0,458.0,52.0
hp3,NVIDIA L40S,"3.8.10 (default, Mar 18 2025, 20:04:55) 
[GCC 9.4.0]",py38_baseline,profiler_py38_v2,QHY411-1_SDSSi_bin2,37.8,12.8863125,240,2026-04-04T10:48:57.016Z,7100,5325,SDSSi,GaiaDR33534005919872722560,46068.0,430.0,43.0
azken,NVIDIA H100 PCIe,"3.8.10 (default, Mar 18 2025, 20:04:55) 
[GCC 9.4.0]",py38_baseline,profiler_py38_v2,QHY411-1_Lum_full,151.2,19.595615,433,2026-04-04T10:49:14.344Z,14200,10650,Lum,2025PR1,81559.0,458.0,53.0
azken,NVIDIA H100 PCIe,"3.8.10 (default, Mar 18 2025, 20:04:55) 
[GCC 9.4.0]",py38_baseline,profiler_py38_v2,QHY411-1_Lum_full,151.2,18.68325,438,2026-04-04T10:47:59.091Z,14200,10650,Lum,2025PR1,81559.0,458.0,50.0
lenovo_tttserver,NVIDIA A100-SXM4-80GB,"3.8.10 (default, Mar 18 2025, 20:04:55) 
[GCC 9.4.0]",py38_baseline,profiler_py38_v2,QHY411-1_Lum_full,151.2,17.54103,432,2026-04-04T10:48:05.774Z,14200,10650,Lum,2025PR1,81920.0,424.0,37.0
hp3,NVIDIA L40S,"3.8.10 (default, Mar 18 2025, 20:04:55) 
[GCC 9.4.0]",py38_baseline,profiler_py38_v2,QHY411-1_SDSSi_bin2,37.8,13.548174,241,2026-04-04T10:47:53.425Z,7100,5325,SDSSi,GaiaDR33534005919872722560,46068.0,430.0,44.0
hp3,NVIDIA L40S,"3.8.10 (default, Mar 18 2025, 20:04:55) 
[GCC 9.4.0]",py38_baseline,profiler_py38_v2,QHY411-1_SDSSi_bin2,37.8,13.560707,240,2026-04-04T10:47:36.945Z,7100,5325,SDSSi,GaiaDR33534005919872722560,46068.0,430.0,43.0
lenovo_tttserver,NVIDIA A100-SXM4-80GB,"3.8.10 (default, Mar 18 2025, 20:04:55) 
[GCC 9.4.0]",py38_baseline,profiler_py38_v2,QHY411-1_Lum_full,151.2,16.450048,430,2026-04-04T10:47:43.859Z,14200,10650,Lum,2025PR1,81920.0,424.0,37.0
hp3,NVIDIA L40S,"3.8.10 (default, Mar 18 2025, 20:04:55) 
[GCC 9.4.0]",py38_baseline,profiler_py38_v2,QHY411-1_SDSSi_bin2,37.8,13.097827,243,2026-04-04T10:48:09.789Z,7100,5325,SDSSi,GaiaDR33534005919872722560,46068.0,430.0,45.0
hp3,NVIDIA L40S,"3.8.10 (default, Mar 18 2025, 20:04:55) 
[GCC 9.4.0]",py38_baseline,profiler_py38_v2,QHY411-1_SDSSi_bin2,37.8,12.844067,242,2026-04-04T10:46:31.727Z,7100,5325,SDSSi,GaiaDR33534005919872722560,46068.0,430.0,41.0
azken,NVIDIA H100 PCIe,"3.8.10 (default, Mar 18 2025, 20:04:55) 
[GCC 9.4.0]",py38_baseline,profiler_py38_v2,QHY411-1_Lum_full,151.2,18.638145,434,2026-04-04T10:46:15.600Z,14200,10650,Lum,2025PR1,81559.0,458.0,50.0
hp3,NVIDIA L40S,"3.8.10 (default, Mar 18 2025, 20:04:55) 
[GCC 9.4.0]",py38_baseline,profiler_py38_v2,QHY411-1_SDSSi_bin2,37.8,12.990724,242,2026-04-04T10:46:15.880Z,7100,5325,SDSSi,GaiaDR33534005919872722560,46068.0,430.0,41.0
lenovo_tttserver,NVIDIA A100-SXM4-80GB,"3.8.10 (default, Mar 18 2025, 20:04:55) 
[GCC 9.4.0]",py38_baseline,profiler_py38_v2,QHY411-1_Lum_full,151.2,16.669312,440,2026-04-04T10:47:23.339Z,14200,10650,Lum,2025PR1,81920.0,424.0,37.0
azken,NVIDIA H100 PCIe,"3.8.10 (default, Mar 18 2025, 20:04:55) 
[GCC 9.4.0]",py38_baseline,profiler_py38_v2,QHY411-1_Lum_full,151.2,49.005817,424,2026-04-04T10:47:35.077Z,14200,10650,Lum,2025PR1,81559.0,458.0,52.0
hp3,NVIDIA L40S,"3.8.10 (default, Mar 18 2025, 20:04:55) 
[GCC 9.4.0]",py38_baseline,profiler_py38_v2,QHY411-1_SDSSi_bin2,37.8,12.631056,241,2026-04-04T10:48:25.230Z,7100,5325,SDSSi,GaiaDR33534005919872722560,46068.0,430.0,45.0
azken,NVIDIA H100 PCIe,"3.8.10 (default, Mar 18 2025, 20:04:55) 
[GCC 9.4.0]",py38_baseline,profiler_py38_v2,QHY411-1_Lum_full,151.2,18.258806,436,2026-04-04T10:48:22.556Z,14200,10650,Lum,2025PR1,81559.0,458.0,52.0
hp3,NVIDIA L40S,"3.8.10 (default, Mar 18 2025, 20:04:55) 
[GCC 9.4.0]",py38_baseline,profiler_py38_v2,QHY600-4_Ha,15.3,13.717509,347,2026-04-04T10:40:43.525Z,4787,3193,Ha,NGC2903,46068.0,430.0,37.0
azken,NVIDIA H100 PCIe,"3.8.10 (default, Mar 18 2025, 20:04:55) 
[GCC 9.4.0]",py38_baseline,profiler_py38_v2,QHY411-1_SDSSi_bin2,37.8,23.606876,247,2026-04-04T10:40:45.057Z,7100,5325,SDSSi,GaiaDR33534005919872722560,81559.0,458.0,40.0
lenovo_tttserver,NVIDIA A100-SXM4-80GB,"3.8.10 (default, Mar 18 2025, 20:04:55) 
[GCC 9.4.0]",py38_baseline,profiler_py38_v2,QHY411-1_Lum_bin2,37.8,8.298588,156,2026-04-04T10:40:51.072Z,7100,5325,Lum,2012QD8,81920.0,424.0,30.0
hp3,NVIDIA L40S,"3.8.10 (default, Mar 18 2025, 20:04:55) 
[GCC 9.4.0]",py38_baseline,profiler_py38_v2,QHY600-4_Ha,15.3,7.791059,330,2026-04-04T10:40:54.196Z,4787,3193,Ha,NGC2903,46068.0,430.0,36.0
azken,NVIDIA H100 PCIe,"3.8.10 (default, Mar 18 2025, 20:04:55) 
[GCC 9.4.0]",py38_baseline,profiler_py38_v2,QHY411-1_SDSSi_bin2,37.8,12.997029,247,2026-04-04T10:41:01.801Z,7100,5325,SDSSi,GaiaDR33534005919872722560,81559.0,458.0,41.0
lenovo_tttserver,NVIDIA A100-SXM4-80GB,"3.8.10 (default, Mar 18 2025, 20:04:55) 
[GCC 9.4.0]",py38_baseline,profiler_py38_v2,QHY411-1_Lum_bin2,37.8,8.55486,155,2026-04-04T10:39:36.592Z,7100,5325,Lum,2012QD8,81920.0,424.0,30.0
lenovo_tttserver,NVIDIA A100-SXM4-80GB,"3.8.10 (default, Mar 18 2025, 20:04:55) 
[GCC 9.4.0]",py38_baseline,profiler_py38_v2,QHY411-1_Lum_bin2,37.8,8.545324,154,2026-04-04T10:39:24.121Z,7100,5325,Lum,2012QD8,81920.0,424.0,30.0
azken,NVIDIA H100 PCIe,"3.8.10 (default, Mar 18 2025, 20:04:55) 
[GCC 9.4.0]",py38_baseline,profiler_py38_v2,QHY411-1_Lum_bin2,37.8,11.154806,147,2026-04-04T10:39:26.138Z,7100,5325,Lum,2012QD8,81559.0,458.0,40.0
lenovo_tttserver,NVIDIA A100-SXM4-80GB,"3.8.10 (default, Mar 18 2025, 20:04:55) 
[GCC 9.4.0]",py38_baseline,profiler_py38_v2,QHY411-1_Lum_bin2,37.8,8.057238,152,2026-04-04T10:40:26.293Z,7100,5325,Lum,2012QD8,81920.0,424.0,30.0
lenovo_tttserver,NVIDIA A100-SXM4-80GB,"3.8.10 (default, Mar 18 2025, 20:04:55) 
[GCC 9.4.0]",py38_baseline,profiler_py38_v2,QHY411-1_Lum_bin2,37.8,8.304327,151,2026-04-04T10:40:38.499Z,7100,5325,Lum,2012QD8,81920.0,424.0,30.0
hp3,NVIDIA L40S,"3.8.10 (default, Mar 18 2025, 20:04:55) 
[GCC 9.4.0]",py38_baseline,profiler_py38_v2,QHY600-4_SDSSg,15.3,8.783335,213,2026-04-04T10:40:26.974Z,4787,3193,SDSSg,WASP-43-b,46068.0,430.0,38.0
hp3,NVIDIA L40S,"3.8.10 (default, Mar 18 2025, 20:04:55) 
[GCC 9.4.0]",py38_baseline,profiler_py38_v2,QHY411-1_Lum_bin2,37.8,11.620866,143,2026-04-04T10:44:11.050Z,7100,5325,Lum,2012QD8,46068.0,430.0,40.0
hp3,NVIDIA L40S,"3.8.10 (default, Mar 18 2025, 20:04:55) 
[GCC 9.4.0]",py38_baseline,profiler_py38_v2,QHY411-1_Lum_bin2,37.8,11.8478,143,2026-04-04T10:43:56.596Z,7100,5325,Lum,2012QD8,46068.0,430.0,40.0
azken,NVIDIA H100 PCIe,"3.8.10 (default, Mar 18 2025, 20:04:55) 
[GCC 9.4.0]",py38_baseline,profiler_py38_v2,QHY411-1_SDSSi_bin2,37.8,12.8904295,246,2026-04-04T10:44:02.409Z,7100,5325,SDSSi,GaiaDR33534005919872722560,81559.0,458.0,42.0
lenovo_tttserver,NVIDIA A100-SXM4-80GB,"3.8.10 (default, Mar 18 2025, 20:04:55) 
[GCC 9.4.0]",py38_baseline,profiler_py38_v2,QHY411-1_Lum_full,151.2,24.264599,431,2026-04-04T10:44:19.181Z,14200,10650,Lum,2025PR1,81920.0,424.0,32.0
lenovo_tttserver,NVIDIA A100-SXM4-80GB,"3.8.10 (default, Mar 18 2025, 20:04:55) 
[GCC 9.4.0]",py38_baseline,profiler_py38_v2,QHY411-1_Lum_full,151.2,16.047487,424,2026-04-04T10:44:39.320Z,14200,10650,Lum,2025PR1,81920.0,424.0,34.0
hp3,NVIDIA L40S,"3.8.10 (default, Mar 18 2025, 20:04:55) 
[GCC 9.4.0]",py38_baseline,profiler_py38_v2,QHY411-1_Lum_bin2,37.8,12.003926,138,2026-04-04T10:44:40.856Z,7100,5325,Lum,2012QD8,46068.0,430.0,40.0
azken,NVIDIA H100 PCIe,"3.8.10 (default, Mar 18 2025, 20:04:55) 
[GCC 9.4.0]",py38_baseline,profiler_py38_v2,QHY411-1_Lum_full,151.2,32.877945,432,2026-04-04T10:44:40.497Z,14200,10650,Lum,2025PR1,81559.0,458.0,43.0
lenovo_tttserver,NVIDIA A100-SXM4-80GB,"3.8.10 (default, Mar 18 2025, 20:04:55) 
[GCC 9.4.0]",py38_baseline,profiler_py38_v2,QHY411-1_Lum_full,151.2,16.388454,440,2026-04-04T10:45:00.134Z,14200,10650,Lum,2025PR1,81920.0,424.0,34.0
hp3,NVIDIA L40S,"3.8.10 (default, Mar 18 2025, 20:04:55) 
[GCC 9.4.0]",py38_baseline,profiler_py38_v2,QHY411-1_Lum_bin2,37.8,11.894069,140,2026-04-04T10:44:55.550Z,7100,5325,Lum,2012QD8,46068.0,430.0,41.0
azken,NVIDIA H100 PCIe,"3.8.10 (default, Mar 18 2025, 20:04:55) 
[GCC 9.4.0]",py38_baseline,profiler_py38_v2,QHY411-1_Lum_full,151.2,18.406868,430,2026-04-04T10:45:03.140Z,14200,10650,Lum,2025PR1,81559.0,458.0,46.0
hp3,NVIDIA L40S,"3.8.10 (default, Mar 18 2025, 20:04:55) 
[GCC 9.4.0]",py38_baseline,profiler_py38_v2,QHY411-1_Lum_bin2,37.8,11.941408,147,2026-04-04T10:45:10.293Z,7100,5325,Lum,2012QD8,46068.0,430.0,41.0
lenovo_tttserver,NVIDIA A100-SXM4-80GB,"3.8.10 (default, Mar 18 2025, 20:04:55) 
[GCC 9.4.0]",py38_baseline,profiler_py38_v2,QHY411-3_Lum_full,151.2,87.46379,18888,2026-04-04T10:49:37.132Z,14200,10650,Lum,24P,81920.0,424.0,37.0
hp3,NVIDIA L40S,"3.8.10 (default, Mar 18 2025, 20:04:55) 
[GCC 9.4.0]",py38_baseline,profiler_py38_v2,QHY411-1_Lum_full,151.2,37.486935,447,2026-04-04T10:49:37.893Z,14200,10650,Lum,2025PR1,46068.0,430.0,42.0
azken,NVIDIA H100 PCIe,"3.8.10 (default, Mar 18 2025, 20:04:55) 
[GCC 9.4.0]",py38_baseline,profiler_py38_v2,QHY411-1_Lum_full,151.2,16.855186,436,2026-04-04T10:49:36.027Z,14200,10650,Lum,2025PR1,81559.0,458.0,54.0
lenovo_tttserver,NVIDIA A100-SXM4-80GB,"3.8.10 (default, Mar 18 2025, 20:04:55) 
[GCC 9.4.0]",py38_baseline,profiler_py38_v2,QHY411-1_SDSSi_bin2,37.8,9.176843,249,2026-04-04T10:42:15.698Z,7100,5325,SDSSi,GaiaDR33534005919872722560,81920.0,424.0,30.0
azken,NVIDIA H100 PCIe,"3.8.10 (default, Mar 18 2025, 20:04:55) 
[GCC 9.4.0]",py38_baseline,profiler_py38_v2,QHY411-1_SDSSi_bin2,37.8,13.079123,248,2026-04-04T10:42:31.349Z,7100,5325,SDSSi,GaiaDR33534005919872722560,81559.0,458.0,41.0
hp3,NVIDIA L40S,"3.8.10 (default, Mar 18 2025, 20:04:55) 
[GCC 9.4.0]",py38_baseline,profiler_py38_v2,QHY600-4_Ha,15.3,7.7656603,319,2026-04-04T10:42:30.206Z,4787,3193,Ha,NGC2903,46068.0,430.0,38.0
lenovo_tttserver,NVIDIA A100-SXM4-80GB,"3.8.10 (default, Mar 18 2025, 20:04:55) 
[GCC 9.4.0]",py38_baseline,profiler_py38_v2,QHY411-1_SDSSi_bin2,37.8,9.237869,247,2026-04-04T10:42:28.842Z,7100,5325,SDSSi,GaiaDR33534005919872722560,81920.0,424.0,30.0
hp3,NVIDIA L40S,"3.8.10 (default, Mar 18 2025, 20:04:55) 
[GCC 9.4.0]",py38_baseline,profiler_py38_v2,QHY600-4_Ha,15.3,7.763265,327,2026-04-04T10:42:19.636Z,4787,3193,Ha,NGC2903,46068.0,430.0,38.0
azken,NVIDIA H100 PCIe,"3.8.10 (default, Mar 18 2025, 20:04:55) 
[GCC 9.4.0]",py38_baseline,profiler_py38_v2,QHY411-1_SDSSi_bin2,37.8,12.753793,248,2026-04-04T10:42:13.502Z,7100,5325,SDSSi,GaiaDR33534005919872722560,81559.0,458.0,40.0
hp3,NVIDIA L40S,"3.8.10 (default, Mar 18 2025, 20:04:55) 
[GCC 9.4.0]",py38_baseline,profiler_py38_v2,QHY600-4_Ha,15.3,7.8609786,317,2026-04-04T10:42:40.914Z,4787,3193,Ha,NGC2903,46068.0,430.0,38.0
lenovo_tttserver,NVIDIA A100-SXM4-80GB,"3.8.10 (default, Mar 18 2025, 20:04:55) 
[GCC 9.4.0]",py38_baseline,profiler_py38_v2,QHY411-1_SDSSi_bin2,37.8,9.082924,249,2026-04-04T10:42:42.374Z,7100,5325,SDSSi,GaiaDR33534005919872722560,81920.0,424.0,31.0
azken,NVIDIA H100 PCIe,"3.8.10 (default, Mar 18 2025, 20:04:55) 
[GCC 9.4.0]",py38_baseline,profiler_py38_v2,QHY411-1_SDSSi_bin2,37.8,13.07088,251,2026-04-04T10:43:43.737Z,7100,5325,SDSSi,GaiaDR33534005919872722560,81559.0,458.0,42.0
hp3,NVIDIA L40S,"3.8.10 (default, Mar 18 2025, 20:04:55) 
[GCC 9.4.0]",py38_baseline,profiler_py38_v2,QHY411-1_Lum_bin2,37.8,12.209607,141,2026-04-04T10:43:41.937Z,7100,5325,Lum,2012QD8,46068.0,430.0,39.0
lenovo_tttserver,NVIDIA A100-SXM4-80GB,"3.8.10 (default, Mar 18 2025, 20:04:55) 
[GCC 9.4.0]",py38_baseline,profiler_py38_v2,QHY411-1_SDSSi_bin2,37.8,9.574243,249,2026-04-04T10:43:23.386Z,7100,5325,SDSSi,GaiaDR33534005919872722560,81920.0,424.0,32.0
hp3,NVIDIA L40S,"3.8.10 (default, Mar 18 2025, 20:04:55) 
[GCC 9.4.0]",py38_baseline,profiler_py38_v2,QHY411-1_Lum_bin2,37.8,11.789368,146,2026-04-04T10:43:26.894Z,7100,5325,Lum,2012QD8,46068.0,430.0,39.0
azken,NVIDIA H100 PCIe,"3.8.10 (default, Mar 18 2025, 20:04:55) 
[GCC 9.4.0]",py38_baseline,profiler_py38_v2,QHY411-1_SDSSi_bin2,37.8,12.997984,249,2026-04-04T10:43:26.010Z,7100,5325,SDSSi,GaiaDR33534005919872722560,81559.0,458.0,41.0
lenovo_tttserver,NVIDIA A100-SXM4-80GB,"3.8.10 (default, Mar 18 2025, 20:04:55) 
[GCC 9.4.0]",py38_baseline,profiler_py38_v2,QHY411-1_SDSSi_bin2,37.8,9.07003,247,2026-04-04T10:43:36.539Z,7100,5325,SDSSi,GaiaDR33534005919872722560,81920.0,424.0,32.0
lenovo_tttserver,NVIDIA A100-SXM4-80GB,"3.8.10 (default, Mar 18 2025, 20:04:55) 
[GCC 9.4.0]",py38_baseline,profiler_py38_v2,QHY411-1_SDSSi_bin2,37.8,9.726791,248,2026-04-04T10:43:50.749Z,7100,5325,SDSSi,GaiaDR33534005919872722560,81920.0,424.0,32.0
lenovo_tttserver,NVIDIA A100-SXM4-80GB,"3.8.10 (default, Mar 18 2025, 20:04:55) 
[GCC 9.4.0]",py38_baseline,profiler_py38_v2,QHY411-1_SDSSi_bin2,37.8,14.005183,247,2026-04-04T10:41:21.122Z,7100,5325,SDSSi,GaiaDR33534005919872722560,81920.0,424.0,30.0
azken,NVIDIA H100 PCIe,"3.8.10 (default, Mar 18 2025, 20:04:55) 
[GCC 9.4.0]",py38_baseline,profiler_py38_v2,QHY411-1_SDSSi_bin2,37.8,12.261111,247,2026-04-04T10:41:18.821Z,7100,5325,SDSSi,GaiaDR33534005919872722560,81559.0,458.0,40.0
hp3,NVIDIA L40S,"3.8.10 (default, Mar 18 2025, 20:04:55) 
[GCC 9.4.0]",py38_baseline,profiler_py38_v2,QHY600-4_Ha,15.3,7.478305,343,2026-04-04T10:41:26.232Z,4787,3193,Ha,NGC2903,46068.0,430.0,37.0
lenovo_tttserver,NVIDIA A100-SXM4-80GB,"3.8.10 (default, Mar 18 2025, 20:04:55) 
[GCC 9.4.0]",py38_baseline,profiler_py38_v2,QHY411-1_Lum_bin2,37.8,8.364573,150,2026-04-04T10:41:03.259Z,7100,5325,Lum,2012QD8,81920.0,424.0,30.0
hp3,NVIDIA L40S,"3.8.10 (default, Mar 18 2025, 20:04:55) 
[GCC 9.4.0]",py38_baseline,profiler_py38_v2,QHY600-4_Ha,15.3,7.801147,308,2026-04-04T10:41:04.889Z,4787,3193,Ha,NGC2903,46068.0,430.0,37.0
hp3,NVIDIA L40S,"3.8.10 (default, Mar 18 2025, 20:04:55) 
[GCC 9.4.0]",py38_baseline,profiler_py38_v2,QHY600-4_Ha,15.3,7.7057104,295,2026-04-04T10:41:15.989Z,4787,3193,Ha,NGC2903,46068.0,430.0,37.0
lenovo_tttserver,NVIDIA A100-SXM4-80GB,"3.8.10 (default, Mar 18 2025, 20:04:55) 
[GCC 9.4.0]",py38_baseline,profiler_py38_v2,QHY411-1_SDSSi_bin2,37.8,9.656677,246,2026-04-04T10:41:35.195Z,7100,5325,SDSSi,GaiaDR33534005919872722560,81920.0,424.0,30.0
azken,NVIDIA H100 PCIe,"3.8.10 (default, Mar 18 2025, 20:04:55) 
[GCC 9.4.0]",py38_baseline,profiler_py38_v2,QHY411-1_SDSSi_bin2,37.8,12.741039,247,2026-04-04T10:41:37.184Z,7100,5325,SDSSi,GaiaDR33534005919872722560,81559.0,458.0,40.0
hp3,NVIDIA L40S,"3.8.10 (default, Mar 18 2025, 20:04:55) 
[GCC 9.4.0]",py38_baseline,profiler_py38_v2,QHY600-4_SDSSg,15.3,8.725564,214,2026-04-04T10:40:03.073Z,4787,3193,SDSSg,WASP-43-b,46068.0,430.0,38.0
azken,NVIDIA H100 PCIe,"3.8.10 (default, Mar 18 2025, 20:04:55) 
[GCC 9.4.0]",py38_baseline,profiler_py38_v2,QHY411-1_Lum_bin2,37.8,11.62465,152,2026-04-04T10:39:59.588Z,7100,5325,Lum,2012QD8,81559.0,458.0,40.0
lenovo_tttserver,NVIDIA A100-SXM4-80GB,"3.8.10 (default, Mar 18 2025, 20:04:55) 
[GCC 9.4.0]",py38_baseline,profiler_py38_v2,QHY411-1_Lum_bin2,37.8,8.2025795,151,2026-04-04T10:40:01.430Z,7100,5325,Lum,2012QD8,81920.0,424.0,30.0
azken,NVIDIA H100 PCIe,"3.8.10 (default, Mar 18 2025, 20:04:55) 
[GCC 9.4.0]",py38_baseline,profiler_py38_v2,QHY411-1_Lum_bin2,37.8,11.049352,153,2026-04-04T10:40:15.762Z,7100,5325,Lum,2012QD8,81559.0,458.0,40.0
lenovo_tttserver,NVIDIA A100-SXM4-80GB,"3.8.10 (default, Mar 18 2025, 20:04:55) 
[GCC 9.4.0]",py38_baseline,profiler_py38_v2,QHY411-1_Lum_bin2,37.8,8.427687,154,2026-04-04T10:40:13.838Z,7100,5325,Lum,2012QD8,81920.0,424.0,30.0
hp3,NVIDIA L40S,"3.8.10 (default, Mar 18 2025, 20:04:55) 
[GCC 9.4.0]",py38_baseline,profiler_py38_v2,QHY600-4_SDSSg,15.3,8.931715,214,2026-04-04T10:40:15.292Z,4787,3193,SDSSg,WASP-43-b,46068.0,430.0,37.0
azken,NVIDIA H100 PCIe,"3.8.10 (default, Mar 18 2025, 20:04:55) 
[GCC 9.4.0]",py38_baseline,profiler_py38_v2,QHY411-1_SDSSi_bin2,37.8,12.64785,247,2026-04-04T10:43:07.812Z,7100,5325,SDSSi,GaiaDR33534005919872722560,81559.0,458.0,41.0
lenovo_tttserver,NVIDIA A100-SXM4-80GB,"3.8.10 (default, Mar 18 2025, 20:04:55) 
[GCC 9.4.0]",py38_baseline,profiler_py38_v2,QHY411-1_SDSSi_bin2,37.8,9.562874,248,2026-04-04T10:43:09.761Z,7100,5325,SDSSi,GaiaDR33534005919872722560,81920.0,424.0,31.0
hp3,NVIDIA L40S,"3.8.10 (default, Mar 18 2025, 20:04:55) 
[GCC 9.4.0]",py38_baseline,profiler_py38_v2,QHY411-1_Lum_bin2,37.8,12.638728,141,2026-04-04T10:43:11.825Z,7100,5325,Lum,2012QD8,46068.0,430.0,38.0
azken,NVIDIA H100 PCIe,"3.8.10 (default, Mar 18 2025, 20:04:55) 
[GCC 9.4.0]",py38_baseline,profiler_py38_v2,QHY411-1_SDSSi_bin2,37.8,13.076215,249,2026-04-04T10:42:50.072Z,7100,5325,SDSSi,GaiaDR33534005919872722560,81559.0,458.0,41.0
lenovo_tttserver,NVIDIA A100-SXM4-80GB,"3.8.10 (default, Mar 18 2025, 20:04:55) 
[GCC 9.4.0]",py38_baseline,profiler_py38_v2,QHY411-1_SDSSi_bin2,37.8,9.428341,247,2026-04-04T10:42:56.145Z,7100,5325,SDSSi,GaiaDR33534005919872722560,81920.0,424.0,31.0
hp3,NVIDIA L40S,"3.8.10 (default, Mar 18 2025, 20:04:55) 
[GCC 9.4.0]",py38_baseline,profiler_py38_v2,QHY411-1_Lum_bin2,37.8,12.591622,148,2026-04-04T10:42:56.324Z,7100,5325,Lum,2012QD8,46068.0,430.0,38.0
hp3,NVIDIA L40S,"3.8.10 (default, Mar 18 2025, 20:04:55) 
[GCC 9.4.0]",py38_baseline,profiler_py38_v2,QHY600-4_SDSSg,15.3,8.692089,215,2026-04-04T10:39:39.697Z,4787,3193,SDSSg,WASP-43-b,46068.0,430.0,37.0
azken,NVIDIA H100 PCIe,"3.8.10 (default, Mar 18 2025, 20:04:55) 
[GCC 9.4.0]",py38_baseline,profiler_py38_v2,QHY411-1_Lum_bin2,37.8,11.512774,155,2026-04-04T10:39:42.914Z,7100,5325,Lum,2012QD8,81559.0,458.0,40.0
lenovo_tttserver,NVIDIA A100-SXM4-80GB,"3.8.10 (default, Mar 18 2025, 20:04:55) 
[GCC 9.4.0]",py38_baseline,profiler_py38_v2,QHY411-1_Lum_bin2,37.8,8.31686,146,2026-04-04T10:39:49.334Z,7100,5325,Lum,2012QD8,81920.0,424.0,30.0
hp3,NVIDIA L40S,"3.8.10 (default, Mar 18 2025, 20:04:55) 
[GCC 9.4.0]",py38_baseline,profiler_py38_v2,QHY600-4_SDSSg,15.3,8.935814,214,2026-04-04T10:39:51.484Z,4787,3193,SDSSg,WASP-43-b,46068.0,430.0,37.0
hp3,NVIDIA L40S,"3.8.10 (default, Mar 18 2025, 20:04:55) 
[GCC 9.4.0]",py38_baseline,profiler_py38_v2,QHY600-4_SDSSg,15.3,8.7381315,213,2026-04-04T10:39:28.166Z,4787,3193,SDSSg,WASP-43-b,46068.0,430.0,37.0
hp3,NVIDIA L40S,"3.8.10 (default, Mar 18 2025, 20:04:55) 
[GCC 9.4.0]",py38_baseline,profiler_py38_v2,QHY600-4_SDSSg,15.3,8.780195,214,2026-04-04T10:39:16.592Z,4787,3193,SDSSg,WASP-43-b,46068.0,430.0,37.0
hp3,NVIDIA L40S,"3.8.10 (default, Mar 18 2025, 20:04:55) 
[GCC 9.4.0]",py38_baseline,profiler_py38_v2,QHY600-4_Ha,15.3,7.8032737,355,2026-04-04T10:41:47.383Z,4787,3193,Ha,NGC2903,46068.0,430.0,37.0
lenovo_tttserver,NVIDIA A100-SXM4-80GB,"3.8.10 (default, Mar 18 2025, 20:04:55) 
[GCC 9.4.0]",py38_baseline,profiler_py38_v2,QHY411-1_SDSSi_bin2,37.8,10.073225,247,2026-04-04T10:41:49.237Z,7100,5325,SDSSi,GaiaDR33534005919872722560,81920.0,424.0,30.0
lenovo_tttserver,NVIDIA A100-SXM4-80GB,"3.8.10 (default, Mar 18 2025, 20:04:55) 
[GCC 9.4.0]",py38_baseline,profiler_py38_v2,QHY411-1_SDSSi_bin2,37.8,9.304834,247,2026-04-04T10:42:02.606Z,7100,5325,SDSSi,GaiaDR33534005919872722560,81920.0,424.0,30.0
azken,NVIDIA H100 PCIe,"3.8.10 (default, Mar 18 2025, 20:04:55) 
[GCC 9.4.0]",py38_baseline,profiler_py38_v2,QHY411-1_SDSSi_bin2,37.8,13.27974,249,2026-04-04T10:41:55.609Z,7100,5325,SDSSi,GaiaDR33534005919872722560,81559.0,458.0,41.0
hp3,NVIDIA L40S,"3.8.10 (default, Mar 18 2025, 20:04:55) 
[GCC 9.4.0]",py38_baseline,profiler_py38_v2,QHY600-4_Ha,15.3,7.7492867,318,2026-04-04T10:41:57.981Z,4787,3193,Ha,NGC2903,46068.0,430.0,37.0
hp3,NVIDIA L40S,"3.8.10 (default, Mar 18 2025, 20:04:55) 
[GCC 9.4.0]",py38_baseline,profiler_py38_v2,QHY600-4_Ha,15.3,7.767678,319,2026-04-04T10:41:36.780Z,4787,3193,Ha,NGC2903,46068.0,430.0,37.0
hp3,NVIDIA L40S,"3.8.10 (default, Mar 18 2025, 20:04:55) 
[GCC 9.4.0]",py38_baseline,profiler_py38_v2,QHY600-4_Ha,15.3,7.667568,330,2026-04-04T10:42:08.576Z,4787,3193,Ha,NGC2903,46068.0,430.0,37.0
hp3,NVIDIA L40S,"3.8.10 (default, Mar 18 2025, 20:04:55) 
[GCC 9.4.0]",py38_baseline,profiler_py38_v2,QHY411-1_Lum_bin2,37.8,11.717995,136,2026-04-04T10:44:25.598Z,7100,5325,Lum,2012QD8,46068.0,430.0,40.0
hp3,NVIDIA L40S,"3.8.10 (default, Mar 18 2025, 20:04:55) 
[GCC 9.4.0]",py38_baseline,profiler_py38_v2,QHY411-1_Lum_bin2,37.8,11.527242,139,2026-04-04T10:45:24.989Z,7100,5325,Lum,2012QD8,46068.0,430.0,41.0
azken,NVIDIA H100 PCIe,"3.8.10 (default, Mar 18 2025, 20:04:55) 
[GCC 9.4.0]",py38_baseline,profiler_py38_v2,QHY411-1_Lum_full,151.2,18.641123,433,2026-04-04T10:45:27.131Z,14200,10650,Lum,2025PR1,81559.0,458.0,48.0
lenovo_tttserver,NVIDIA A100-SXM4-80GB,"3.8.10 (default, Mar 18 2025, 20:04:55) 
[GCC 9.4.0]",py38_baseline,profiler_py38_v2,QHY411-1_Lum_full,151.2,15.955336,427,2026-04-04T10:45:20.040Z,14200,10650,Lum,2025PR1,81920.0,424.0,35.0
hp3,NVIDIA L40S,"3.8.10 (default, Mar 18 2025, 20:04:55) 
[GCC 9.4.0]",py38_baseline,profiler_py38_v2,QHY411-1_Lum_bin2,37.8,11.615126,140,2026-04-04T10:45:39.476Z,7100,5325,Lum,2012QD8,46068.0,430.0,41.0
lenovo_tttserver,NVIDIA A100-SXM4-80GB,"3.8.10 (default, Mar 18 2025, 20:04:55) 
[GCC 9.4.0]",py38_baseline,profiler_py38_v2,QHY411-1_Lum_full,151.2,16.050974,423,2026-04-04T10:45:40.154Z,14200,10650,Lum,2025PR1,81920.0,424.0,35.0
azken,NVIDIA H100 PCIe,"3.8.10 (default, Mar 18 2025, 20:04:55) 
[GCC 9.4.0]",py38_baseline,profiler_py38_v2,QHY411-1_Lum_full,151.2,19.340803,429,2026-04-04T10:45:51.788Z,14200,10650,Lum,2025PR1,81559.0,458.0,50.0
hp3,NVIDIA L40S,"3.8.10 (default, Mar 18 2025, 20:04:55) 
[GCC 9.4.0]",py38_baseline,profiler_py38_v2,QHY411-1_SDSSi_bin2,37.8,17.336487,239,2026-04-04T10:46:00.068Z,7100,5325,SDSSi,GaiaDR33534005919872722560,46068.0,430.0,42.0
lenovo_tttserver,NVIDIA A100-SXM4-80GB,"3.8.10 (default, Mar 18 2025, 20:04:55) 
[GCC 9.4.0]",py38_baseline,profiler_py38_v2,QHY411-1_Lum_full,151.2,16.802485,433,2026-04-04T10:46:01.278Z,14200,10650,Lum,2025PR1,81920.0,424.0,35.0
lenovo_tttserver,NVIDIA A100-SXM4-80GB,"3.8.10 (default, Mar 18 2025, 20:04:55) 
[GCC 9.4.0]",py38_baseline,profiler_py38_v2,QHY411-3_Lum_full,151.2,60.454933,18888,2026-04-04T10:50:42.128Z,14200,10650,Lum,24P,81920.0,424.0,35.0
hp3,NVIDIA L40S,"3.8.10 (default, Mar 18 2025, 20:04:55) 
[GCC 9.4.0]",py38_baseline,profiler_py38_v2,QHY411-1_Lum_full,151.2,27.519564,447,2026-04-04T10:50:39.917Z,14200,10650,Lum,2025PR1,46068.0,430.0,48.0
azken,NVIDIA H100 PCIe,"3.8.10 (default, Mar 18 2025, 20:04:55) 
[GCC 9.4.0]",py38_baseline,profiler_py38_v2,QHY411-3_Lum_full,151.2,84.630035,18888,2026-04-04T10:51:05.413Z,14200,10650,Lum,24P,81559.0,458.0,55.0
hp3,NVIDIA L40S,"3.8.10 (default, Mar 18 2025, 20:04:55) 
[GCC 9.4.0]",py38_baseline,profiler_py38_v2,QHY411-1_Lum_full,151.2,27.756208,445,2026-04-04T10:51:10.692Z,14200,10650,Lum,2025PR1,46068.0,430.0,51.0
hp3,NVIDIA L40S,"3.8.10 (default, Mar 18 2025, 20:04:55) 
[GCC 9.4.0]",py38_baseline,profiler_py38_v2,QHY411-1_Lum_full,151.2,27.984758,444,2026-04-04T10:50:08.801Z,14200,10650,Lum,2025PR1,46068.0,430.0,46.0
hp3,NVIDIA L40S,"3.8.10 (default, Mar 18 2025, 20:04:55) 
[GCC 9.4.0]",py38_baseline,profiler_py38_v2,QHY411-1_Lum_full,151.2,27.411427,445,2026-04-04T10:51:41.441Z,14200,10650,Lum,2025PR1,46068.0,430.0,53.0
lenovo_tttserver,NVIDIA A100-SXM4-80GB,"3.8.10 (default, Mar 18 2025, 20:04:55) 
[GCC 9.4.0]",py38_baseline,profiler_py38_v2,QHY411-3_Lum_full,151.2,59.409134,18888,2026-04-04T10:51:46.072Z,14200,10650,Lum,24P,81920.0,424.0,36.0
hp3,NVIDIA L40S,"3.8.10 (default, Mar 18 2025, 20:04:55) 
[GCC 9.4.0]",py38_baseline,profiler_py38_v2,QHY411-1_Lum_full,151.2,27.777533,444,2026-04-04T10:52:12.052Z,14200,10650,Lum,2025PR1,46068.0,430.0,55.0
azken,NVIDIA H100 PCIe,"3.8.10 (default, Mar 18 2025, 20:04:55) 
[GCC 9.4.0]",py38_baseline,profiler_py38_v2,QHY411-3_Lum_full,151.2,75.50569,18888,2026-04-04T10:52:26.301Z,14200,10650,Lum,24P,81559.0,458.0,48.0
hp3,NVIDIA L40S,"3.8.10 (default, Mar 18 2025, 20:04:55) 
[GCC 9.4.0]",py38_baseline,profiler_py38_v2,QHY411-1_Lum_full,151.2,27.56513,448,2026-04-04T10:52:42.904Z,14200,10650,Lum,2025PR1,46068.0,430.0,54.0
lenovo_tttserver,NVIDIA A100-SXM4-80GB,"3.8.10 (default, Mar 18 2025, 20:04:55) 
[GCC 9.4.0]",py38_baseline,profiler_py38_v2,QHY411-3_Lum_full,151.2,59.60187,18888,2026-04-04T10:52:50.376Z,14200,10650,Lum,24P,81920.0,424.0,36.0
hp3,NVIDIA L40S,"3.8.10 (default, Mar 18 2025, 20:04:55) 
[GCC 9.4.0]",py38_baseline,profiler_py38_v2,QHY411-1_Lum_full,151.2,27.538181,442,2026-04-04T10:53:13.323Z,14200,10650,Lum,2025PR1,46068.0,430.0,53.0
hp3,NVIDIA L40S,"3.8.10 (default, Mar 18 2025, 20:04:55) 
[GCC 9.4.0]",py38_baseline,profiler_py38_v2,QHY411-1_Lum_full,151.2,27.126806,449,2026-04-04T10:53:43.788Z,14200,10650,Lum,2025PR1,46068.0,430.0,53.0
azken,NVIDIA H100 PCIe,"3.8.10 (default, Mar 18 2025, 20:04:55) 
[GCC 9.4.0]",py38_baseline,profiler_py38_v2,QHY411-3_Lum_full,151.2,82.14597,18888,2026-04-04T10:53:54.131Z,14200,10650,Lum,24P,81559.0,458.0,47.0
hp3,NVIDIA L40S,"3.8.10 (default, Mar 18 2025, 20:04:55) 
[GCC 9.4.0]",py38_baseline,profiler_py38_v2,QHY411-1_Lum_full,151.2,27.267317,429,2026-04-04T10:54:13.877Z,14200,10650,Lum,2025PR1,46068.0,430.0,53.0
lenovo_tttserver,NVIDIA A100-SXM4-80GB,"3.8.10 (default, Mar 18 2025, 20:04:55) 
[GCC 9.4.0]",py38_baseline,profiler_py38_v2,QHY411-3_Lum_full,151.2,80.33246,18888,2026-04-04T10:54:15.201Z,14200,10650,Lum,24P,81920.0,424.0,36.0
hp3,NVIDIA L40S,"3.8.10 (default, Mar 18 2025, 20:04:55) 
[GCC 9.4.0]",py38_baseline,profiler_py38_v2,QHY411-1_Lum_full,151.2,27.164196,440,2026-04-04T10:54:44.508Z,14200,10650,Lum,2025PR1,46068.0,430.0,51.0
local,NVIDIA GeForce RTX 3050 Ti Laptop GPU,"3.8.20 (default, Sep  7 2024, 18:35:08) 
[GCC 11.4.0]",py38_baseline,profiler_py38_v2,iKon936_SDSSg,4.2,35.482796,412,2026-04-04T08:37:20.100Z,2048,2048,SDSSg,QSO0957+561,4096.0,95.0,71.0
local,NVIDIA GeForce RTX 3050 Ti Laptop GPU,"3.8.20 (default, Sep  7 2024, 18:35:08) 
[GCC 11.4.0]",py38_baseline,profiler_py38_v2,iKon936_Lum,4.2,52.265068,296,2026-04-04T08:40:49.124Z,2048,2048,Lum,C2025A6,4096.0,95.0,71.0
local,NVIDIA GeForce RTX 3050 Ti Laptop GPU,"3.8.20 (default, Sep  7 2024, 18:35:08) 
[GCC 11.4.0]",py38_baseline,profiler_py38_v2,iKon936_SDSSg,4.2,36.060173,412,2026-04-04T08:39:15.210Z,2048,2048,SDSSg,QSO0957+561,4096.0,95.0,71.0
local,NVIDIA GeForce RTX 3050 Ti Laptop GPU,"3.8.20 (default, Sep  7 2024, 18:35:08) 
[GCC 11.4.0]",py38_baseline,profiler_py38_v2,iKon936_SDSSg,4.2,35.553173,412,2026-04-04T08:39:54.280Z,2048,2048,SDSSg,QSO0957+561,4096.0,95.0,71.0
local,NVIDIA GeForce RTX 3050 Ti Laptop GPU,"3.8.20 (default, Sep  7 2024, 18:35:08) 
[GCC 11.4.0]",py38_baseline,profiler_py38_v2,iKon936_SDSSg,4.2,35.674397,412,2026-04-04T08:34:07.871Z,2048,2048,SDSSg,QSO0957+561,4096.0,95.0,71.0
local,NVIDIA GeForce RTX 3050 Ti Laptop GPU,"3.8.20 (default, Sep  7 2024, 18:35:08) 
[GCC 11.4.0]",py38_baseline,profiler_py38_v2,iKon936_SDSSg,4.2,35.666428,412,2026-04-04T08:38:36.524Z,2048,2048,SDSSg,QSO0957+561,4096.0,95.0,71.0
local,NVIDIA GeForce RTX 3050 Ti Laptop GPU,"3.8.20 (default, Sep  7 2024, 18:35:08) 
[GCC 11.4.0]",py38_baseline,profiler_py38_v2,iKon936_SDSSg,4.2,35.700867,412,2026-04-04T08:34:46.181Z,2048,2048,SDSSg,QSO0957+561,4096.0,95.0,71.0
local,NVIDIA GeForce RTX 3050 Ti Laptop GPU,"3.8.20 (default, Sep  7 2024, 18:35:08) 
[GCC 11.4.0]",py38_baseline,profiler_py38_v2,iKon936_SDSSg,4.2,35.516827,412,2026-04-04T08:37:58.217Z,2048,2048,SDSSg,QSO0957+561,4096.0,95.0,71.0
local,NVIDIA GeForce RTX 3050 Ti Laptop GPU,"3.8.20 (default, Sep  7 2024, 18:35:08) 
[GCC 11.4.0]",py38_baseline,profiler_py38_v2,iKon936_SDSSg,4.2,35.5757,412,2026-04-04T08:33:29.514Z,2048,2048,SDSSg,QSO0957+561,4096.0,95.0,71.0
local,NVIDIA GeForce RTX 3050 Ti Laptop GPU,"3.8.20 (default, Sep  7 2024, 18:35:08) 
[GCC 11.4.0]",py38_baseline,profiler_py38_v2,iKon936_SDSSg,4.2,35.513256,412,2026-04-04T08:36:03.739Z,2048,2048,SDSSg,QSO0957+561,4096.0,95.0,71.0
local,NVIDIA GeForce RTX 3050 Ti Laptop GPU,"3.8.20 (default, Sep  7 2024, 18:35:08) 
[GCC 11.4.0]",py38_baseline,profiler_py38_v2,iKon936_SDSSg,4.2,98.965866,412,2026-04-04T08:32:51.542Z,2048,2048,SDSSg,QSO0957+561,4096.0,95.0,71.0
local,NVIDIA GeForce RTX 3050 Ti Laptop GPU,"3.8.20 (default, Sep  7 2024, 18:35:08) 
[GCC 11.4.0]",py38_baseline,profiler_py38_v2,iKon936_SDSSg,4.2,36.099594,412,2026-04-04T08:35:24.934Z,2048,2048,SDSSg,QSO0957+561,4096.0,95.0,71.0
local,NVIDIA GeForce RTX 3050 Ti Laptop GPU,"3.8.20 (default, Sep  7 2024, 18:35:08) 
[GCC 11.4.0]",py38_baseline,profiler_py38_v2,iKon936_SDSSg,4.2,35.533066,412,2026-04-04T08:36:41.998Z,2048,2048,SDSSg,QSO0957+561,4096.0,95.0,71.0
ttt1,NVIDIA GeForce RTX 3060,"3.8.20 (default, Sep  7 2024, 18:35:08) 
[GCC 11.4.0]",py38_baseline,profiler_py38_v2,iKon936_SDSSg,4.2,4.5817103,412,2026-04-04T08:54:21.303Z,2048,2048,SDSSg,QSO0957+561,12288.0,142.0,46.0
ttt1,NVIDIA GeForce RTX 3060,"3.8.20 (default, Sep  7 2024, 18:35:08) 
[GCC 11.4.0]",py38_baseline,profiler_py38_v2,iKon936_SDSSg,4.2,4.594871,412,2026-04-04T08:54:28.619Z,2048,2048,SDSSg,QSO0957+561,12288.0,142.0,46.0
ttt_server,NVIDIA GeForce RTX 3090,"3.8.10 (default, Mar 18 2025, 20:04:55) 
[GCC 9.4.0]",py38_baseline,profiler_py38_v2,iKon936_SDSSg,4.2,77.55955,412,2026-04-04T08:54:35.943Z,2048,2048,SDSSg,QSO0957+561,24576.0,277.0,46.0
ttt1,NVIDIA GeForce RTX 3060,"3.8.20 (default, Sep  7 2024, 18:35:08) 
[GCC 11.4.0]",py38_baseline,profiler_py38_v2,iKon936_SDSSg,4.2,4.620317,412,2026-04-04T08:54:35.993Z,2048,2048,SDSSg,QSO0957+561,12288.0,142.0,46.0
ttt1,NVIDIA GeForce RTX 3060,"3.8.20 (default, Sep  7 2024, 18:35:08) 
[GCC 11.4.0]",py38_baseline,profiler_py38_v2,iKon936_SDSSg,4.2,4.605057,412,2026-04-04T08:54:50.626Z,2048,2048,SDSSg,QSO0957+561,12288.0,142.0,47.0
ttt_server,NVIDIA GeForce RTX 3090,"3.8.10 (default, Mar 18 2025, 20:04:55) 
[GCC 9.4.0]",py38_baseline,profiler_py38_v2,iKon936_SDSSg,4.2,5.993474,412,2026-04-04T08:54:55.835Z,2048,2048,SDSSg,QSO0957+561,24576.0,277.0,52.0
ttt_server,NVIDIA GeForce RTX 3090,"3.8.10 (default, Mar 18 2025, 20:04:55) 
[GCC 9.4.0]",py38_baseline,profiler_py38_v2,iKon936_SDSSg,4.2,5.9900465,412,2026-04-04T08:54:46.049Z,2048,2048,SDSSg,QSO0957+561,24576.0,277.0,50.0
ttt1,NVIDIA GeForce RTX 3060,"3.8.20 (default, Sep  7 2024, 18:35:08) 
[GCC 11.4.0]",py38_baseline,profiler_py38_v2,iKon936_SDSSg,4.2,4.6218915,412,2026-04-04T08:54:43.323Z,2048,2048,SDSSg,QSO0957+561,12288.0,142.0,46.0
ttt1,NVIDIA GeForce RTX 3060,"3.8.20 (default, Sep  7 2024, 18:35:08) 
[GCC 11.4.0]",py38_baseline,profiler_py38_v2,iKon936_Lum,4.2,11.499239,296,2026-04-04T08:55:04.854Z,2048,2048,Lum,C2025A6,12288.0,142.0,47.0
ttt_server,NVIDIA GeForce RTX 3090,"3.8.10 (default, Mar 18 2025, 20:04:55) 
[GCC 9.4.0]",py38_baseline,profiler_py38_v2,iKon936_SDSSg,4.2,6.0302176,412,2026-04-04T08:55:05.702Z,2048,2048,SDSSg,QSO0957+561,24576.0,277.0,51.0
ttt1,NVIDIA GeForce RTX 3060,"3.8.20 (default, Sep  7 2024, 18:35:08) 
[GCC 11.4.0]",py38_baseline,profiler_py38_v2,iKon936_SDSSg,4.2,60.390648,412,2026-04-04T08:53:30.013Z,2048,2048,SDSSg,QSO0957+561,12288.0,142.0,48.0
ttt1,NVIDIA GeForce RTX 3060,"3.8.20 (default, Sep  7 2024, 18:35:08) 
[GCC 11.4.0]",py38_baseline,profiler_py38_v2,iKon936_SDSSg,4.2,4.566847,412,2026-04-04T08:53:37.409Z,2048,2048,SDSSg,QSO0957+561,12288.0,142.0,45.0
ttt1,NVIDIA GeForce RTX 3060,"3.8.20 (default, Sep  7 2024, 18:35:08) 
[GCC 11.4.0]",py38_baseline,profiler_py38_v2,iKon936_SDSSg,4.2,4.584356,412,2026-04-04T08:53:52.084Z,2048,2048,SDSSg,QSO0957+561,12288.0,142.0,45.0
ttt1,NVIDIA GeForce RTX 3060,"3.8.20 (default, Sep  7 2024, 18:35:08) 
[GCC 11.4.0]",py38_baseline,profiler_py38_v2,iKon936_SDSSg,4.2,4.594507,412,2026-04-04T08:53:44.789Z,2048,2048,SDSSg,QSO0957+561,12288.0,142.0,46.0
ttt1,NVIDIA GeForce RTX 3060,"3.8.20 (default, Sep  7 2024, 18:35:08) 
[GCC 11.4.0]",py38_baseline,profiler_py38_v2,iKon936_SDSSg,4.2,4.630126,412,2026-04-04T08:53:59.466Z,2048,2048,SDSSg,QSO0957+561,12288.0,142.0,46.0
ttt1,NVIDIA GeForce RTX 3060,"3.8.20 (default, Sep  7 2024, 18:35:08) 
[GCC 11.4.0]",py38_baseline,profiler_py38_v2,iKon936_SDSSg,4.2,4.585847,412,2026-04-04T08:54:14.033Z,2048,2048,SDSSg,QSO0957+561,12288.0,142.0,46.0
ttt1,NVIDIA GeForce RTX 3060,"3.8.20 (default, Sep  7 2024, 18:35:08) 
[GCC 11.4.0]",py38_baseline,profiler_py38_v2,iKon936_SDSSg,4.2,4.559354,412,2026-04-04T08:54:06.723Z,2048,2048,SDSSg,QSO0957+561,12288.0,142.0,46.0
ttt1,NVIDIA GeForce RTX 3060,"3.8.20 (default, Sep  7 2024, 18:35:08) 
[GCC 11.4.0]",py38_baseline,profiler_py38_v2,iKon936_Lum,4.2,5.449688,296,2026-04-04T08:55:13.029Z,2048,2048,Lum,C2025A6,12288.0,142.0,46.0
ttt_server,NVIDIA GeForce RTX 3090,"3.8.10 (default, Mar 18 2025, 20:04:55) 
[GCC 9.4.0]",py38_baseline,profiler_py38_v2,iKon936_SDSSg,4.2,6.1554027,412,2026-04-04T08:55:15.647Z,2048,2048,SDSSg,QSO0957+561,24576.0,277.0,51.0
ttt1,NVIDIA GeForce RTX 3060,"3.8.20 (default, Sep  7 2024, 18:35:08) 
[GCC 11.4.0]",py38_baseline,profiler_py38_v2,iKon936_Lum,4.2,5.438364,296,2026-04-04T08:55:21.207Z,2048,2048,Lum,C2025A6,12288.0,142.0,47.0
ttt_server,NVIDIA GeForce RTX 3090,"3.8.10 (default, Mar 18 2025, 20:04:55) 
[GCC 9.4.0]",py38_baseline,profiler_py38_v2,iKon936_SDSSg,4.2,6.1549826,412,2026-04-04T08:55:25.671Z,2048,2048,SDSSg,QSO0957+561,24576.0,277.0,51.0
local,NVIDIA GeForce RTX 3050 Ti Laptop GPU,"3.8.20 (default, Sep  7 2024, 18:35:08) 
[GCC 11.4.0]",py38_baseline,profiler_py38_v2,iKon936_Lum,4.2,46.54904,296,2026-04-04T08:44:06.146Z,2048,2048,Lum,C2025A6,4096.0,95.0,71.0
local,NVIDIA GeForce RTX 3050 Ti Laptop GPU,"3.8.20 (default, Sep  7 2024, 18:35:08) 
[GCC 11.4.0]",py38_baseline,profiler_py38_v2,iKon936_Lum,4.2,46.65117,296,2026-04-04T08:43:16.895Z,2048,2048,Lum,C2025A6,4096.0,95.0,71.0
local,NVIDIA GeForce RTX 3050 Ti Laptop GPU,"3.8.20 (default, Sep  7 2024, 18:35:08) 
[GCC 11.4.0]",py38_baseline,profiler_py38_v2,iKon936_Lum,4.2,46.734783,296,2026-04-04T08:45:44.729Z,2048,2048,Lum,C2025A6,4096.0,95.0,71.0
local,NVIDIA GeForce RTX 3050 Ti Laptop GPU,"3.8.20 (default, Sep  7 2024, 18:35:08) 
[GCC 11.4.0]",py38_baseline,profiler_py38_v2,iKon936_Lum,4.2,46.591312,296,2026-04-04T08:46:34.099Z,2048,2048,Lum,C2025A6,4096.0,95.0,71.0
local,NVIDIA GeForce RTX 3050 Ti Laptop GPU,"3.8.20 (default, Sep  7 2024, 18:35:08) 
[GCC 11.4.0]",py38_baseline,profiler_py38_v2,iKon936_Lum,4.2,46.56344,296,2026-04-04T08:48:12.570Z,2048,2048,Lum,C2025A6,4096.0,95.0,71.0
local,NVIDIA GeForce RTX 3050 Ti Laptop GPU,"3.8.20 (default, Sep  7 2024, 18:35:08) 
[GCC 11.4.0]",py38_baseline,profiler_py38_v2,iKon936_Lum,4.2,46.632477,296,2026-04-04T08:49:50.972Z,2048,2048,Lum,C2025A6,4096.0,95.0,71.0
local,NVIDIA GeForce RTX 3050 Ti Laptop GPU,"3.8.20 (default, Sep  7 2024, 18:35:08) 
[GCC 11.4.0]",py38_baseline,profiler_py38_v2,iKon936_Lum,4.2,46.70548,296,2026-04-04T08:41:38.455Z,2048,2048,Lum,C2025A6,4096.0,95.0,71.0
ttt_server,NVIDIA GeForce RTX 3090,"3.8.10 (default, Mar 18 2025, 20:04:55) 
[GCC 9.4.0]",py38_baseline,profiler_py38_v2,iKon936_SDSSg,4.2,6.2711644,412,2026-04-04T08:55:35.928Z,2048,2048,SDSSg,QSO0957+561,24576.0,277.0,51.0
ttt_server,NVIDIA GeForce RTX 3090,"3.8.10 (default, Mar 18 2025, 20:04:55) 
[GCC 9.4.0]",py38_baseline,profiler_py38_v2,iKon936_SDSSg,4.2,6.4094524,412,2026-04-04T08:55:46.215Z,2048,2048,SDSSg,QSO0957+561,24576.0,277.0,53.0
ttt1,NVIDIA GeForce RTX 3060,"3.8.20 (default, Sep  7 2024, 18:35:08) 
[GCC 11.4.0]",py38_baseline,profiler_py38_v2,iKon936_Lum,4.2,5.4127645,296,2026-04-04T08:55:29.417Z,2048,2048,Lum,C2025A6,12288.0,142.0,47.0
ttt1,NVIDIA GeForce RTX 3060,"3.8.20 (default, Sep  7 2024, 18:35:08) 
[GCC 11.4.0]",py38_baseline,profiler_py38_v2,iKon936_Lum,4.2,5.4165735,296,2026-04-04T08:55:37.557Z,2048,2048,Lum,C2025A6,12288.0,142.0,47.0
ttt_server,NVIDIA GeForce RTX 3090,"3.8.10 (default, Mar 18 2025, 20:04:55) 
[GCC 9.4.0]",py38_baseline,profiler_py38_v2,iKon936_SDSSg,4.2,6.3973417,412,2026-04-04T08:56:06.677Z,2048,2048,SDSSg,QSO0957+561,24576.0,277.0,52.0
ttt1,NVIDIA GeForce RTX 3060,"3.8.20 (default, Sep  7 2024, 18:35:08) 
[GCC 11.4.0]",py38_baseline,profiler_py38_v2,iKon936_Lum,4.2,5.4315104,296,2026-04-04T08:56:10.199Z,2048,2048,Lum,C2025A6,12288.0,142.0,48.0
ttt1,NVIDIA GeForce RTX 3060,"3.8.20 (default, Sep  7 2024, 18:35:08) 
[GCC 11.4.0]",py38_baseline,profiler_py38_v2,iKon936_Lum,4.2,5.4376197,296,2026-04-04T08:56:02.052Z,2048,2048,Lum,C2025A6,12288.0,142.0,48.0
ttt_server,NVIDIA GeForce RTX 3090,"3.8.10 (default, Mar 18 2025, 20:04:55) 
[GCC 9.4.0]",py38_baseline,profiler_py38_v2,iKon936_SDSSg,4.2,6.2163706,412,2026-04-04T08:55:56.267Z,2048,2048,SDSSg,QSO0957+561,24576.0,277.0,51.0
ttt1,NVIDIA GeForce RTX 3060,"3.8.20 (default, Sep  7 2024, 18:35:08) 
[GCC 11.4.0]",py38_baseline,profiler_py38_v2,iKon936_Lum,4.2,5.407778,296,2026-04-04T08:55:45.684Z,2048,2048,Lum,C2025A6,12288.0,142.0,47.0
ttt1,NVIDIA GeForce RTX 3060,"3.8.20 (default, Sep  7 2024, 18:35:08) 
[GCC 11.4.0]",py38_baseline,profiler_py38_v2,iKon936_Lum,4.2,5.4493675,296,2026-04-04T08:55:53.869Z,2048,2048,Lum,C2025A6,12288.0,142.0,48.0
ttt1,NVIDIA GeForce RTX 3060,"3.8.20 (default, Sep  7 2024, 18:35:08) 
[GCC 11.4.0]",py38_baseline,profiler_py38_v2,QHY411-1_Lum_bin2,37.8,18.861092,162,2026-04-04T09:07:40.888Z,7100,5325,Lum,2012QD8,12288.0,142.0,50.0
ttt_server,NVIDIA GeForce RTX 3090,"3.8.10 (default, Mar 18 2025, 20:04:55) 
[GCC 9.4.0]",py38_baseline,profiler_py38_v2,QHY600-4_Ha,15.3,11.065554,299,2026-04-04T09:06:29.163Z,4787,3193,Ha,NGC2903,24576.0,277.0,53.0
ttt1,NVIDIA GeForce RTX 3060,"3.8.20 (default, Sep  7 2024, 18:35:08) 
[GCC 11.4.0]",py38_baseline,profiler_py38_v2,QHY411-1_Lum_bin2,37.8,18.766794,153,2026-04-04T09:08:02.392Z,7100,5325,Lum,2012QD8,12288.0,142.0,50.0
ttt_server,NVIDIA GeForce RTX 3090,"3.8.10 (default, Mar 18 2025, 20:04:55) 
[GCC 9.4.0]",py38_baseline,profiler_py38_v2,QHY600-4_Ha,15.3,10.774659,311,2026-04-04T09:07:58.988Z,4787,3193,Ha,NGC2903,24576.0,277.0,54.0
ttt_server,NVIDIA GeForce RTX 3090,"3.8.10 (default, Mar 18 2025, 20:04:55) 
[GCC 9.4.0]",py38_baseline,profiler_py38_v2,QHY600-4_Ha,15.3,11.019755,314,2026-04-04T09:07:44.445Z,4787,3193,Ha,NGC2903,24576.0,277.0,55.0
ttt_server,NVIDIA GeForce RTX 3090,"3.8.10 (default, Mar 18 2025, 20:04:55) 
[GCC 9.4.0]",py38_baseline,profiler_py38_v2,QHY600-4_Ha,15.3,12.598115,312,2026-04-04T09:05:29.841Z,4787,3193,Ha,NGC2903,24576.0,277.0,55.0
ttt1,NVIDIA GeForce RTX 3060,"3.8.20 (default, Sep  7 2024, 18:35:08) 
[GCC 11.4.0]",py38_baseline,profiler_py38_v2,QHY600-4_Ha,15.3,13.108959,314,2026-04-04T09:05:29.784Z,4787,3193,Ha,NGC2903,12288.0,142.0,50.0
ttt1,NVIDIA GeForce RTX 3060,"3.8.20 (default, Sep  7 2024, 18:35:08) 
[GCC 11.4.0]",py38_baseline,profiler_py38_v2,QHY600-4_Ha,15.3,13.268082,305,2026-04-04T09:05:13.914Z,4787,3193,Ha,NGC2903,12288.0,142.0,50.0
ttt_server,NVIDIA GeForce RTX 3090,"3.8.10 (default, Mar 18 2025, 20:04:55) 
[GCC 9.4.0]",py38_baseline,profiler_py38_v2,QHY600-4_Ha,15.3,10.878792,300,2026-04-04T09:05:44.514Z,4787,3193,Ha,NGC2903,24576.0,277.0,53.0
ttt1,NVIDIA GeForce RTX 3060,"3.8.20 (default, Sep  7 2024, 18:35:08) 
[GCC 11.4.0]",py38_baseline,profiler_py38_v2,QHY411-1_Lum_bin2,37.8,19.716927,155,2026-04-04T09:05:52.244Z,7100,5325,Lum,2012QD8,12288.0,142.0,50.0
ttt1,NVIDIA GeForce RTX 3060,"3.8.20 (default, Sep  7 2024, 18:35:08) 
[GCC 11.4.0]",py38_baseline,profiler_py38_v2,QHY411-1_Lum_bin2,37.8,18.997732,155,2026-04-04T09:08:24.198Z,7100,5325,Lum,2012QD8,12288.0,142.0,50.0
ttt_server,NVIDIA GeForce RTX 3090,"3.8.10 (default, Mar 18 2025, 20:04:55) 
[GCC 9.4.0]",py38_baseline,profiler_py38_v2,QHY411-1_Lum_bin2,37.8,17.507217,153,2026-04-04T09:08:20.218Z,7100,5325,Lum,2012QD8,24576.0,277.0,57.0
ttt1,NVIDIA GeForce RTX 3060,"3.8.20 (default, Sep  7 2024, 18:35:08) 
[GCC 11.4.0]",py38_baseline,profiler_py38_v2,QHY411-1_SDSSi_bin2,37.8,28.894367,247,2026-04-04T09:10:22.933Z,7100,5325,SDSSi,GaiaDR33534005919872722560,12288.0,142.0,50.0
ttt_server,NVIDIA GeForce RTX 3090,"3.8.10 (default, Mar 18 2025, 20:04:55) 
[GCC 9.4.0]",py38_baseline,profiler_py38_v2,QHY411-1_Lum_bin2,37.8,17.33169,153,2026-04-04T09:10:24.248Z,7100,5325,Lum,2012QD8,24576.0,277.0,55.0
ttt_server,NVIDIA GeForce RTX 3090,"3.8.10 (default, Mar 18 2025, 20:04:55) 
[GCC 9.4.0]",py38_baseline,profiler_py38_v2,QHY411-1_Lum_bin2,37.8,17.163044,154,2026-04-04T09:10:45.481Z,7100,5325,Lum,2012QD8,24576.0,277.0,54.0
ttt1,NVIDIA GeForce RTX 3060,"3.8.20 (default, Sep  7 2024, 18:35:08) 
[GCC 11.4.0]",py38_baseline,profiler_py38_v2,QHY411-1_SDSSi_bin2,37.8,23.021349,248,2026-04-04T09:10:48.775Z,7100,5325,SDSSi,GaiaDR33534005919872722560,12288.0,142.0,50.0
ttt1,NVIDIA GeForce RTX 3060,"3.8.20 (default, Sep  7 2024, 18:35:08) 
[GCC 11.4.0]",py38_baseline,profiler_py38_v2,QHY411-1_SDSSi_bin2,37.8,22.926016,250,2026-04-04T09:14:15.935Z,7100,5325,SDSSi,GaiaDR33534005919872722560,12288.0,142.0,51.0
ttt_server,NVIDIA GeForce RTX 3090,"3.8.10 (default, Mar 18 2025, 20:04:55) 
[GCC 9.4.0]",py38_baseline,profiler_py38_v2,QHY411-1_SDSSi_bin2,37.8,19.126858,248,2026-04-04T09:14:11.476Z,7100,5325,SDSSi,GaiaDR33534005919872722560,24576.0,277.0,56.0
ttt_server,NVIDIA GeForce RTX 3090,"3.8.10 (default, Mar 18 2025, 20:04:55) 
[GCC 9.4.0]",py38_baseline,profiler_py38_v2,QHY411-1_SDSSi_bin2,37.8,18.615513,247,2026-04-04T09:14:33.882Z,7100,5325,SDSSi,GaiaDR33534005919872722560,24576.0,277.0,56.0
ttt1,NVIDIA GeForce RTX 3060,"3.8.20 (default, Sep  7 2024, 18:35:08) 
[GCC 11.4.0]",py38_baseline,profiler_py38_v2,QHY600-3_Lum,6.8,5.7053323,112,2026-04-04T08:56:58.164Z,3191,2129,Lum,C2025R2,12288.0,142.0,48.0
ttt1,NVIDIA GeForce RTX 3060,"3.8.20 (default, Sep  7 2024, 18:35:08) 
[GCC 11.4.0]",py38_baseline,profiler_py38_v2,QHY600-3_Lum,6.8,11.740438,112,2026-04-04T08:56:49.717Z,3191,2129,Lum,C2025R2,12288.0,142.0,47.0
ttt1,NVIDIA GeForce RTX 3060,"3.8.20 (default, Sep  7 2024, 18:35:08) 
[GCC 11.4.0]",py38_baseline,profiler_py38_v2,iKon936_Lum,4.2,5.423562,296,2026-04-04T08:56:35.186Z,2048,2048,Lum,C2025A6,12288.0,142.0,48.0
ttt1,NVIDIA GeForce RTX 3060,"3.8.20 (default, Sep  7 2024, 18:35:08) 
[GCC 11.4.0]",py38_baseline,profiler_py38_v2,QHY600-3_Lum,6.8,5.6866407,112,2026-04-04T08:58:06.097Z,3191,2129,Lum,C2025R2,12288.0,142.0,49.0
ttt1,NVIDIA GeForce RTX 3060,"3.8.20 (default, Sep  7 2024, 18:35:08) 
[GCC 11.4.0]",py38_baseline,profiler_py38_v2,QHY600-4_SDSSg,15.3,25.188208,215,2026-04-04T08:58:50.892Z,4787,3193,SDSSg,WASP-43-b,12288.0,142.0,50.0
ttt_server,NVIDIA GeForce RTX 3090,"3.8.10 (default, Mar 18 2025, 20:04:55) 
[GCC 9.4.0]",py38_baseline,profiler_py38_v2,iKon936_Lum,4.2,6.3840437,296,2026-04-04T08:58:54.678Z,2048,2048,Lum,C2025A6,24576.0,277.0,53.0
ttt_server,NVIDIA GeForce RTX 3090,"3.8.10 (default, Mar 18 2025, 20:04:55) 
[GCC 9.4.0]",py38_baseline,profiler_py38_v2,iKon936_Lum,4.2,6.3763123,296,2026-04-04T08:58:44.463Z,2048,2048,Lum,C2025A6,24576.0,277.0,52.0
ttt_server,NVIDIA GeForce RTX 3090,"3.8.10 (default, Mar 18 2025, 20:04:55) 
[GCC 9.4.0]",py38_baseline,profiler_py38_v2,QHY600-4_SDSSg,15.3,12.819035,219,2026-04-04T09:02:37.938Z,4787,3193,SDSSg,WASP-43-b,24576.0,277.0,53.0
ttt1,NVIDIA GeForce RTX 3060,"3.8.20 (default, Sep  7 2024, 18:35:08) 
[GCC 11.4.0]",py38_baseline,profiler_py38_v2,QHY600-4_Ha,15.3,17.87592,313,2026-04-04T09:02:33.553Z,4787,3193,Ha,NGC2903,12288.0,142.0,50.0
ttt1,NVIDIA GeForce RTX 3060,"3.8.20 (default, Sep  7 2024, 18:35:08) 
[GCC 11.4.0]",py38_baseline,profiler_py38_v2,QHY600-4_Ha,15.3,13.009263,313,2026-04-04T09:03:54.052Z,4787,3193,Ha,NGC2903,12288.0,142.0,49.0
ttt_server,NVIDIA GeForce RTX 3090,"3.8.10 (default, Mar 18 2025, 20:04:55) 
[GCC 9.4.0]",py38_baseline,profiler_py38_v2,QHY600-4_SDSSg,15.3,12.765325,220,2026-04-04T09:04:00.341Z,4787,3193,SDSSg,WASP-43-b,24576.0,277.0,53.0
ttt1,NVIDIA GeForce RTX 3060,"3.8.20 (default, Sep  7 2024, 18:35:08) 
[GCC 11.4.0]",py38_baseline,profiler_py38_v2,QHY600-4_Ha,15.3,13.162533,306,2026-04-04T09:04:10.005Z,4787,3193,Ha,NGC2903,12288.0,142.0,50.0
ttt_server,NVIDIA GeForce RTX 3090,"3.8.10 (default, Mar 18 2025, 20:04:55) 
[GCC 9.4.0]",py38_baseline,profiler_py38_v2,iKon936_Lum,4.2,7.269655,296,2026-04-04T08:57:21.120Z,2048,2048,Lum,C2025A6,24576.0,277.0,49.0
ttt1,NVIDIA GeForce RTX 3060,"3.8.20 (default, Sep  7 2024, 18:35:08) 
[GCC 11.4.0]",py38_baseline,profiler_py38_v2,QHY600-3_Lum,6.8,5.733183,112,2026-04-04T08:57:40.754Z,3191,2129,Lum,C2025R2,12288.0,142.0,49.0
ttt_server,NVIDIA GeForce RTX 3090,"3.8.10 (default, Mar 18 2025, 20:04:55) 
[GCC 9.4.0]",py38_baseline,profiler_py38_v2,iKon936_Lum,4.2,6.576322,296,2026-04-04T08:57:31.588Z,2048,2048,Lum,C2025A6,24576.0,277.0,48.0
ttt_server,NVIDIA GeForce RTX 3090,"3.8.10 (default, Mar 18 2025, 20:04:55) 
[GCC 9.4.0]",py38_baseline,profiler_py38_v2,iKon936_Lum,4.2,6.784494,296,2026-04-04T08:57:42.244Z,2048,2048,Lum,C2025A6,24576.0,277.0,49.0
ttt1,NVIDIA GeForce RTX 3060,"3.8.20 (default, Sep  7 2024, 18:35:08) 
[GCC 11.4.0]",py38_baseline,profiler_py38_v2,QHY600-3_Lum,6.8,5.6971006,112,2026-04-04T08:57:32.280Z,3191,2129,Lum,C2025R2,12288.0,142.0,49.0
ttt_server,NVIDIA GeForce RTX 3090,"3.8.10 (default, Mar 18 2025, 20:04:55) 
[GCC 9.4.0]",py38_baseline,profiler_py38_v2,QHY600-3_Lum,6.8,6.4238276,112,2026-04-04T08:59:44.003Z,3191,2129,Lum,C2025R2,24576.0,277.0,52.0
ttt1,NVIDIA GeForce RTX 3060,"3.8.20 (default, Sep  7 2024, 18:35:08) 
[GCC 11.4.0]",py38_baseline,profiler_py38_v2,QHY600-4_SDSSg,15.3,15.814273,220,2026-04-04T08:59:46.977Z,4787,3193,SDSSg,WASP-43-b,12288.0,142.0,50.0
ttt_server,NVIDIA GeForce RTX 3090,"3.8.10 (default, Mar 18 2025, 20:04:55) 
[GCC 9.4.0]",py38_baseline,profiler_py38_v2,QHY600-3_Lum,6.8,6.620187,112,2026-04-04T09:00:25.980Z,3191,2129,Lum,C2025R2,24576.0,277.0,53.0
ttt1,NVIDIA GeForce RTX 3060,"3.8.20 (default, Sep  7 2024, 18:35:08) 
[GCC 11.4.0]",py38_baseline,profiler_py38_v2,QHY600-4_SDSSg,15.3,15.347559,216,2026-04-04T09:00:23.347Z,4787,3193,SDSSg,WASP-43-b,12288.0,142.0,49.0
ttt1,NVIDIA GeForce RTX 3060,"3.8.20 (default, Sep  7 2024, 18:35:08) 
[GCC 11.4.0]",py38_baseline,profiler_py38_v2,QHY600-4_SDSSg,15.3,15.611741,218,2026-04-04T09:00:41.699Z,4787,3193,SDSSg,WASP-43-b,12288.0,142.0,50.0
ttt_server,NVIDIA GeForce RTX 3090,"3.8.10 (default, Mar 18 2025, 20:04:55) 
[GCC 9.4.0]",py38_baseline,profiler_py38_v2,QHY600-3_Lum,6.8,6.001794,112,2026-04-04T09:00:46.211Z,3191,2129,Lum,C2025R2,24576.0,277.0,54.0
ttt_server,NVIDIA GeForce RTX 3090,"3.8.10 (default, Mar 18 2025, 20:04:55) 
[GCC 9.4.0]",py38_baseline,profiler_py38_v2,QHY600-3_Lum,6.8,6.5971155,112,2026-04-04T09:00:36.450Z,3191,2129,Lum,C2025R2,24576.0,277.0,54.0
ttt_server,NVIDIA GeForce RTX 3090,"3.8.10 (default, Mar 18 2025, 20:04:55) 
[GCC 9.4.0]",py38_baseline,profiler_py38_v2,QHY600-3_Lum,6.8,6.431096,112,2026-04-04T09:00:56.395Z,3191,2129,Lum,C2025R2,24576.0,277.0,54.0
ttt1,NVIDIA GeForce RTX 3060,"3.8.20 (default, Sep  7 2024, 18:35:08) 
[GCC 11.4.0]",py38_baseline,profiler_py38_v2,QHY600-4_SDSSg,15.3,15.322885,222,2026-04-04T09:00:59.839Z,4787,3193,SDSSg,WASP-43-b,12288.0,142.0,50.0
ttt_server,NVIDIA GeForce RTX 3090,"3.8.10 (default, Mar 18 2025, 20:04:55) 
[GCC 9.4.0]",py38_baseline,profiler_py38_v2,QHY600-4_SDSSg,15.3,13.862244,219,2026-04-04T09:02:04.161Z,4787,3193,SDSSg,WASP-43-b,24576.0,277.0,53.0
ttt1,NVIDIA GeForce RTX 3060,"3.8.20 (default, Sep  7 2024, 18:35:08) 
[GCC 11.4.0]",py38_baseline,profiler_py38_v2,QHY600-4_SDSSg,15.3,15.349295,216,2026-04-04T09:02:12.970Z,4787,3193,SDSSg,WASP-43-b,12288.0,142.0,50.0
ttt_server,NVIDIA GeForce RTX 3090,"3.8.10 (default, Mar 18 2025, 20:04:55) 
[GCC 9.4.0]",py38_baseline,profiler_py38_v2,QHY600-4_SDSSg,15.3,13.2034855,215,2026-04-04T09:02:21.210Z,4787,3193,SDSSg,WASP-43-b,24576.0,277.0,53.0
ttt_server,NVIDIA GeForce RTX 3090,"3.8.10 (default, Mar 18 2025, 20:04:55) 
[GCC 9.4.0]",py38_baseline,profiler_py38_v2,QHY600-4_SDSSg,15.3,13.283474,213,2026-04-04T09:04:17.506Z,4787,3193,SDSSg,WASP-43-b,24576.0,277.0,54.0
ttt1,NVIDIA GeForce RTX 3060,"3.8.20 (default, Sep  7 2024, 18:35:08) 
[GCC 11.4.0]",py38_baseline,profiler_py38_v2,QHY600-4_Ha,15.3,12.925555,292,2026-04-04T09:04:25.638Z,4787,3193,Ha,NGC2903,12288.0,142.0,50.0
ttt1,NVIDIA GeForce RTX 3060,"3.8.20 (default, Sep  7 2024, 18:35:08) 
[GCC 11.4.0]",py38_baseline,profiler_py38_v2,QHY600-4_Ha,15.3,13.054611,319,2026-04-04T09:04:41.903Z,4787,3193,Ha,NGC2903,12288.0,142.0,50.0
ttt_server,NVIDIA GeForce RTX 3090,"3.8.10 (default, Mar 18 2025, 20:04:55) 
[GCC 9.4.0]",py38_baseline,profiler_py38_v2,QHY600-4_SDSSg,15.3,13.175901,217,2026-04-04T09:04:51.997Z,4787,3193,SDSSg,WASP-43-b,24576.0,277.0,55.0
ttt1,NVIDIA GeForce RTX 3060,"3.8.20 (default, Sep  7 2024, 18:35:08) 
[GCC 11.4.0]",py38_baseline,profiler_py38_v2,QHY600-4_Ha,15.3,13.227928,317,2026-04-04T09:04:57.864Z,4787,3193,Ha,NGC2903,12288.0,142.0,50.0
ttt_server,NVIDIA GeForce RTX 3090,"3.8.10 (default, Mar 18 2025, 20:04:55) 
[GCC 9.4.0]",py38_baseline,profiler_py38_v2,QHY600-4_SDSSg,15.3,13.784683,215,2026-04-04T09:04:35.036Z,4787,3193,SDSSg,WASP-43-b,24576.0,277.0,54.0
ttt_server,NVIDIA GeForce RTX 3090,"3.8.10 (default, Mar 18 2025, 20:04:55) 
[GCC 9.4.0]",py38_baseline,profiler_py38_v2,QHY600-4_Ha,15.3,17.796553,328,2026-04-04T09:05:13.572Z,4787,3193,Ha,NGC2903,24576.0,277.0,57.0
ttt_server,NVIDIA GeForce RTX 3090,"3.8.10 (default, Mar 18 2025, 20:04:55) 
[GCC 9.4.0]",py38_baseline,profiler_py38_v2,iKon936_Lum,4.2,6.4986706,296,2026-04-04T08:59:04.948Z,2048,2048,Lum,C2025A6,24576.0,277.0,51.0
ttt1,NVIDIA GeForce RTX 3060,"3.8.20 (default, Sep  7 2024, 18:35:08) 
[GCC 11.4.0]",py38_baseline,profiler_py38_v2,QHY600-4_SDSSg,15.3,15.949474,219,2026-04-04T08:59:09.587Z,4787,3193,SDSSg,WASP-43-b,12288.0,142.0,49.0
ttt1,NVIDIA GeForce RTX 3060,"3.8.20 (default, Sep  7 2024, 18:35:08) 
[GCC 11.4.0]",py38_baseline,profiler_py38_v2,QHY600-4_SDSSg,15.3,16.053598,212,2026-04-04T08:59:28.378Z,4787,3193,SDSSg,WASP-43-b,12288.0,142.0,49.0
ttt_server,NVIDIA GeForce RTX 3090,"3.8.10 (default, Mar 18 2025, 20:04:55) 
[GCC 9.4.0]",py38_baseline,profiler_py38_v2,QHY600-3_Lum,6.8,14.390789,112,2026-04-04T08:59:23.340Z,3191,2129,Lum,C2025R2,24576.0,277.0,52.0
ttt_server,NVIDIA GeForce RTX 3090,"3.8.10 (default, Mar 18 2025, 20:04:55) 
[GCC 9.4.0]",py38_baseline,profiler_py38_v2,QHY600-3_Lum,6.8,6.579992,112,2026-04-04T08:59:33.735Z,3191,2129,Lum,C2025R2,24576.0,277.0,52.0
ttt_server,NVIDIA GeForce RTX 3090,"3.8.10 (default, Mar 18 2025, 20:04:55) 
[GCC 9.4.0]",py38_baseline,profiler_py38_v2,QHY600-4_SDSSg,15.3,12.831285,218,2026-04-04T09:03:28.128Z,4787,3193,SDSSg,WASP-43-b,24576.0,277.0,54.0
ttt1,NVIDIA GeForce RTX 3060,"3.8.20 (default, Sep  7 2024, 18:35:08) 
[GCC 11.4.0]",py38_baseline,profiler_py38_v2,QHY600-4_Ha,15.3,13.098742,295,2026-04-04T09:03:22.623Z,4787,3193,Ha,NGC2903,12288.0,142.0,50.0
ttt1,NVIDIA GeForce RTX 3060,"3.8.20 (default, Sep  7 2024, 18:35:08) 
[GCC 11.4.0]",py38_baseline,profiler_py38_v2,QHY600-4_Ha,15.3,12.967624,308,2026-04-04T09:03:38.323Z,4787,3193,Ha,NGC2903,12288.0,142.0,50.0
ttt_server,NVIDIA GeForce RTX 3090,"3.8.10 (default, Mar 18 2025, 20:04:55) 
[GCC 9.4.0]",py38_baseline,profiler_py38_v2,QHY600-4_SDSSg,15.3,12.100032,218,2026-04-04T09:03:43.922Z,4787,3193,SDSSg,WASP-43-b,24576.0,277.0,55.0
ttt1,NVIDIA GeForce RTX 3060,"3.8.20 (default, Sep  7 2024, 18:35:08) 
[GCC 11.4.0]",py38_baseline,profiler_py38_v2,iKon936_Lum,4.2,5.4558845,296,2026-04-04T08:56:18.422Z,2048,2048,Lum,C2025A6,12288.0,142.0,48.0
ttt_server,NVIDIA GeForce RTX 3090,"3.8.10 (default, Mar 18 2025, 20:04:55) 
[GCC 9.4.0]",py38_baseline,profiler_py38_v2,iKon936_SDSSg,4.2,6.266743,412,2026-04-04T08:56:27.808Z,2048,2048,SDSSg,QSO0957+561,24576.0,277.0,51.0
ttt1,NVIDIA GeForce RTX 3060,"3.8.20 (default, Sep  7 2024, 18:35:08) 
[GCC 11.4.0]",py38_baseline,profiler_py38_v2,iKon936_Lum,4.2,5.44915,296,2026-04-04T08:56:27.068Z,2048,2048,Lum,C2025A6,12288.0,142.0,48.0
ttt_server,NVIDIA GeForce RTX 3090,"3.8.10 (default, Mar 18 2025, 20:04:55) 
[GCC 9.4.0]",py38_baseline,profiler_py38_v2,iKon936_Lum,4.2,38.09024,296,2026-04-04T08:57:09.732Z,2048,2048,Lum,C2025A6,24576.0,277.0,51.0
ttt1,NVIDIA GeForce RTX 3060,"3.8.20 (default, Sep  7 2024, 18:35:08) 
[GCC 11.4.0]",py38_baseline,profiler_py38_v2,QHY600-3_Lum,6.8,5.729902,112,2026-04-04T08:57:06.561Z,3191,2129,Lum,C2025R2,12288.0,142.0,48.0
ttt_server,NVIDIA GeForce RTX 3090,"3.8.10 (default, Mar 18 2025, 20:04:55) 
[GCC 9.4.0]",py38_baseline,profiler_py38_v2,iKon936_SDSSg,4.2,6.3164897,412,2026-04-04T08:56:16.915Z,2048,2048,SDSSg,QSO0957+561,24576.0,277.0,51.0
ttt1,NVIDIA GeForce RTX 3060,"3.8.20 (default, Sep  7 2024, 18:35:08) 
[GCC 11.4.0]",py38_baseline,profiler_py38_v2,QHY600-3_Lum,6.8,5.7020264,112,2026-04-04T08:57:23.791Z,3191,2129,Lum,C2025R2,12288.0,142.0,49.0
ttt1,NVIDIA GeForce RTX 3060,"3.8.20 (default, Sep  7 2024, 18:35:08) 
[GCC 11.4.0]",py38_baseline,profiler_py38_v2,QHY600-3_Lum,6.8,5.7147484,112,2026-04-04T08:57:15.004Z,3191,2129,Lum,C2025R2,12288.0,142.0,49.0
ttt1,NVIDIA GeForce RTX 3060,"3.8.20 (default, Sep  7 2024, 18:35:08) 
[GCC 11.4.0]",py38_baseline,profiler_py38_v2,QHY600-3_Lum,6.8,5.7151585,112,2026-04-04T08:57:49.191Z,3191,2129,Lum,C2025R2,12288.0,142.0,49.0
ttt_server,NVIDIA GeForce RTX 3090,"3.8.10 (default, Mar 18 2025, 20:04:55) 
[GCC 9.4.0]",py38_baseline,profiler_py38_v2,iKon936_Lum,4.2,6.6590033,296,2026-04-04T08:57:52.747Z,2048,2048,Lum,C2025A6,24576.0,277.0,49.0
ttt_server,NVIDIA GeForce RTX 3090,"3.8.10 (default, Mar 18 2025, 20:04:55) 
[GCC 9.4.0]",py38_baseline,profiler_py38_v2,iKon936_Lum,4.2,6.5418444,296,2026-04-04T08:58:03.147Z,2048,2048,Lum,C2025A6,24576.0,277.0,50.0
ttt1,NVIDIA GeForce RTX 3060,"3.8.20 (default, Sep  7 2024, 18:35:08) 
[GCC 11.4.0]",py38_baseline,profiler_py38_v2,QHY600-3_Lum,6.8,5.7177505,112,2026-04-04T08:57:57.717Z,3191,2129,Lum,C2025R2,12288.0,142.0,49.0
ttt_server,NVIDIA GeForce RTX 3090,"3.8.10 (default, Mar 18 2025, 20:04:55) 
[GCC 9.4.0]",py38_baseline,profiler_py38_v2,QHY600-3_Lum,6.8,6.280718,112,2026-04-04T08:59:54.252Z,3191,2129,Lum,C2025R2,24576.0,277.0,52.0
ttt_server,NVIDIA GeForce RTX 3090,"3.8.10 (default, Mar 18 2025, 20:04:55) 
[GCC 9.4.0]",py38_baseline,profiler_py38_v2,QHY600-3_Lum,6.8,6.272113,112,2026-04-04T09:01:16.461Z,3191,2129,Lum,C2025R2,24576.0,277.0,53.0
ttt_server,NVIDIA GeForce RTX 3090,"3.8.10 (default, Mar 18 2025, 20:04:55) 
[GCC 9.4.0]",py38_baseline,profiler_py38_v2,QHY600-3_Lum,6.8,6.185855,112,2026-04-04T09:01:06.255Z,3191,2129,Lum,C2025R2,24576.0,277.0,53.0
ttt1,NVIDIA GeForce RTX 3060,"3.8.20 (default, Sep  7 2024, 18:35:08) 
[GCC 11.4.0]",py38_baseline,profiler_py38_v2,QHY600-4_SDSSg,15.3,15.553158,220,2026-04-04T09:01:18.136Z,4787,3193,SDSSg,WASP-43-b,12288.0,142.0,50.0
ttt1,NVIDIA GeForce RTX 3060,"3.8.20 (default, Sep  7 2024, 18:35:08) 
[GCC 11.4.0]",py38_baseline,profiler_py38_v2,QHY600-3_Lum,6.8,5.698252,112,2026-04-04T08:58:22.964Z,3191,2129,Lum,C2025R2,12288.0,142.0,50.0
ttt_server,NVIDIA GeForce RTX 3090,"3.8.10 (default, Mar 18 2025, 20:04:55) 
[GCC 9.4.0]",py38_baseline,profiler_py38_v2,iKon936_Lum,4.2,6.318314,296,2026-04-04T08:58:23.876Z,2048,2048,Lum,C2025A6,24576.0,277.0,50.0
ttt_server,NVIDIA GeForce RTX 3090,"3.8.10 (default, Mar 18 2025, 20:04:55) 
[GCC 9.4.0]",py38_baseline,profiler_py38_v2,iKon936_Lum,4.2,6.3606753,296,2026-04-04T08:58:34.218Z,2048,2048,Lum,C2025A6,24576.0,277.0,53.0
ttt_server,NVIDIA GeForce RTX 3090,"3.8.10 (default, Mar 18 2025, 20:04:55) 
[GCC 9.4.0]",py38_baseline,profiler_py38_v2,iKon936_Lum,4.2,6.48488,296,2026-04-04T08:58:13.550Z,2048,2048,Lum,C2025A6,24576.0,277.0,50.0
ttt1,NVIDIA GeForce RTX 3060,"3.8.20 (default, Sep  7 2024, 18:35:08) 
[GCC 11.4.0]",py38_baseline,profiler_py38_v2,QHY600-3_Lum,6.8,5.713855,112,2026-04-04T08:58:14.563Z,3191,2129,Lum,C2025R2,12288.0,142.0,49.0
ttt_server,NVIDIA GeForce RTX 3090,"3.8.10 (default, Mar 18 2025, 20:04:55) 
[GCC 9.4.0]",py38_baseline,profiler_py38_v2,QHY600-3_Lum,6.8,6.4612875,112,2026-04-04T09:00:15.534Z,3191,2129,Lum,C2025R2,24576.0,277.0,52.0
ttt1,NVIDIA GeForce RTX 3060,"3.8.20 (default, Sep  7 2024, 18:35:08) 
[GCC 11.4.0]",py38_baseline,profiler_py38_v2,QHY600-4_SDSSg,15.3,15.404994,216,2026-04-04T09:00:05.249Z,4787,3193,SDSSg,WASP-43-b,12288.0,142.0,50.0
ttt_server,NVIDIA GeForce RTX 3090,"3.8.10 (default, Mar 18 2025, 20:04:55) 
[GCC 9.4.0]",py38_baseline,profiler_py38_v2,QHY600-3_Lum,6.8,6.768425,112,2026-04-04T09:00:05.193Z,3191,2129,Lum,C2025R2,24576.0,277.0,52.0
ttt1,NVIDIA GeForce RTX 3060,"3.8.20 (default, Sep  7 2024, 18:35:08) 
[GCC 11.4.0]",py38_baseline,profiler_py38_v2,QHY600-4_Ha,15.3,13.098015,316,2026-04-04T09:03:06.797Z,4787,3193,Ha,NGC2903,12288.0,142.0,50.0
ttt1,NVIDIA GeForce RTX 3060,"3.8.20 (default, Sep  7 2024, 18:35:08) 
[GCC 11.4.0]",py38_baseline,profiler_py38_v2,QHY600-4_Ha,15.3,14.660778,297,2026-04-04T09:02:50.929Z,4787,3193,Ha,NGC2903,12288.0,142.0,50.0
ttt_server,NVIDIA GeForce RTX 3090,"3.8.10 (default, Mar 18 2025, 20:04:55) 
[GCC 9.4.0]",py38_baseline,profiler_py38_v2,QHY600-4_SDSSg,15.3,12.788229,213,2026-04-04T09:02:54.558Z,4787,3193,SDSSg,WASP-43-b,24576.0,277.0,57.0
ttt_server,NVIDIA GeForce RTX 3090,"3.8.10 (default, Mar 18 2025, 20:04:55) 
[GCC 9.4.0]",py38_baseline,profiler_py38_v2,QHY600-4_SDSSg,15.3,12.812371,221,2026-04-04T09:03:11.572Z,4787,3193,SDSSg,WASP-43-b,24576.0,277.0,53.0
ttt1,NVIDIA GeForce RTX 3060,"3.8.20 (default, Sep  7 2024, 18:35:08) 
[GCC 11.4.0]",py38_baseline,profiler_py38_v2,QHY600-4_SDSSg,15.3,15.351846,215,2026-04-04T09:01:54.874Z,4787,3193,SDSSg,WASP-43-b,12288.0,142.0,50.0
ttt_server,NVIDIA GeForce RTX 3090,"3.8.10 (default, Mar 18 2025, 20:04:55) 
[GCC 9.4.0]",py38_baseline,profiler_py38_v2,QHY600-4_SDSSg,15.3,25.783154,216,2026-04-04T09:01:46.341Z,4787,3193,SDSSg,WASP-43-b,24576.0,277.0,53.0
ttt1,NVIDIA GeForce RTX 3060,"3.8.20 (default, Sep  7 2024, 18:35:08) 
[GCC 11.4.0]",py38_baseline,profiler_py38_v2,QHY600-4_SDSSg,15.3,15.435254,217,2026-04-04T09:01:36.791Z,4787,3193,SDSSg,WASP-43-b,12288.0,142.0,50.0
ttt1,NVIDIA GeForce RTX 3060,"3.8.20 (default, Sep  7 2024, 18:35:08) 
[GCC 11.4.0]",py38_baseline,profiler_py38_v2,QHY411-1_SDSSi_bin2,37.8,22.703306,249,2026-04-04T09:14:41.462Z,7100,5325,SDSSi,GaiaDR33534005919872722560,12288.0,142.0,51.0
ttt_server,NVIDIA GeForce RTX 3090,"3.8.10 (default, Mar 18 2025, 20:04:55) 
[GCC 9.4.0]",py38_baseline,profiler_py38_v2,QHY411-1_SDSSi_bin2,37.8,18.962809,248,2026-04-04T09:14:56.760Z,7100,5325,SDSSi,GaiaDR33534005919872722560,24576.0,277.0,59.0
ttt1,NVIDIA GeForce RTX 3060,"3.8.20 (default, Sep  7 2024, 18:35:08) 
[GCC 11.4.0]",py38_baseline,profiler_py38_v2,QHY411-1_SDSSi_bin2,37.8,23.4094,248,2026-04-04T09:15:08.006Z,7100,5325,SDSSi,GaiaDR33534005919872722560,12288.0,142.0,51.0
ttt_server,NVIDIA GeForce RTX 3090,"3.8.10 (default, Mar 18 2025, 20:04:55) 
[GCC 9.4.0]",py38_baseline,profiler_py38_v2,QHY411-1_SDSSi_bin2,37.8,18.624079,251,2026-04-04T09:15:19.281Z,7100,5325,SDSSi,GaiaDR33534005919872722560,24576.0,277.0,55.0
ttt_server,NVIDIA GeForce RTX 3090,"3.8.10 (default, Mar 18 2025, 20:04:55) 
[GCC 9.4.0]",py38_baseline,profiler_py38_v2,QHY411-1_SDSSi_bin2,37.8,19.139574,248,2026-04-04T09:15:42.408Z,7100,5325,SDSSi,GaiaDR33534005919872722560,24576.0,277.0,57.0
ttt_server,NVIDIA GeForce RTX 3090,"3.8.10 (default, Mar 18 2025, 20:04:55) 
[GCC 9.4.0]",py38_baseline,profiler_py38_v2,QHY411-1_SDSSi_bin2,37.8,18.674786,251,2026-04-04T09:16:05.043Z,7100,5325,SDSSi,GaiaDR33534005919872722560,24576.0,277.0,56.0
ttt_server,NVIDIA GeForce RTX 3090,"3.8.10 (default, Mar 18 2025, 20:04:55) 
[GCC 9.4.0]",py38_baseline,profiler_py38_v2,QHY411-1_SDSSi_bin2,37.8,18.833717,247,2026-04-04T09:16:28.076Z,7100,5325,SDSSi,GaiaDR33534005919872722560,24576.0,277.0,57.0
ttt_server,NVIDIA GeForce RTX 3090,"3.8.10 (default, Mar 18 2025, 20:04:55) 
[GCC 9.4.0]",py38_baseline,profiler_py38_v2,QHY411-1_SDSSi_bin2,37.8,19.387115,248,2026-04-04T09:16:51.345Z,7100,5325,SDSSi,GaiaDR33534005919872722560,24576.0,277.0,58.0
ttt_server,NVIDIA GeForce RTX 3090,"3.8.10 (default, Mar 18 2025, 20:04:55) 
[GCC 9.4.0]",py38_baseline,profiler_py38_v2,QHY600-4_Ha,15.3,11.165556,305,2026-04-04T09:05:59.409Z,4787,3193,Ha,NGC2903,24576.0,277.0,55.0
ttt1,NVIDIA GeForce RTX 3060,"3.8.20 (default, Sep  7 2024, 18:35:08) 
[GCC 11.4.0]",py38_baseline,profiler_py38_v2,QHY411-1_Lum_bin2,37.8,18.866005,155,2026-04-04T09:06:35.899Z,7100,5325,Lum,2012QD8,12288.0,142.0,50.0
ttt1,NVIDIA GeForce RTX 3060,"3.8.20 (default, Sep  7 2024, 18:35:08) 
[GCC 11.4.0]",py38_baseline,profiler_py38_v2,QHY411-1_Lum_bin2,37.8,19.062992,153,2026-04-04T09:06:57.704Z,7100,5325,Lum,2012QD8,12288.0,142.0,50.0
ttt_server,NVIDIA GeForce RTX 3090,"3.8.10 (default, Mar 18 2025, 20:04:55) 
[GCC 9.4.0]",py38_baseline,profiler_py38_v2,QHY600-4_Ha,15.3,11.786879,296,2026-04-04T09:06:59.924Z,4787,3193,Ha,NGC2903,24576.0,277.0,53.0
ttt_server,NVIDIA GeForce RTX 3090,"3.8.10 (default, Mar 18 2025, 20:04:55) 
[GCC 9.4.0]",py38_baseline,profiler_py38_v2,QHY411-1_Lum_bin2,37.8,16.52633,155,2026-04-04T09:08:59.808Z,7100,5325,Lum,2012QD8,24576.0,277.0,54.0
ttt1,NVIDIA GeForce RTX 3060,"3.8.20 (default, Sep  7 2024, 18:35:08) 
[GCC 11.4.0]",py38_baseline,profiler_py38_v2,QHY411-1_Lum_bin2,37.8,19.141788,153,2026-04-04T09:09:07.566Z,7100,5325,Lum,2012QD8,12288.0,142.0,50.0
ttt_server,NVIDIA GeForce RTX 3090,"3.8.10 (default, Mar 18 2025, 20:04:55) 
[GCC 9.4.0]",py38_baseline,profiler_py38_v2,QHY411-1_Lum_bin2,37.8,15.6408615,154,2026-04-04T09:08:39.533Z,7100,5325,Lum,2012QD8,24576.0,277.0,56.0
ttt1,NVIDIA GeForce RTX 3060,"3.8.20 (default, Sep  7 2024, 18:35:08) 
[GCC 11.4.0]",py38_baseline,profiler_py38_v2,QHY411-1_Lum_bin2,37.8,18.607521,154,2026-04-04T09:08:45.699Z,7100,5325,Lum,2012QD8,12288.0,142.0,50.0
ttt_server,NVIDIA GeForce RTX 3090,"3.8.10 (default, Mar 18 2025, 20:04:55) 
[GCC 9.4.0]",py38_baseline,profiler_py38_v2,QHY411-1_Lum_bin2,37.8,17.360321,157,2026-04-04T09:09:20.892Z,7100,5325,Lum,2012QD8,24576.0,277.0,54.0
ttt_server,NVIDIA GeForce RTX 3090,"3.8.10 (default, Mar 18 2025, 20:04:55) 
[GCC 9.4.0]",py38_baseline,profiler_py38_v2,QHY600-4_Ha,15.3,11.485552,309,2026-04-04T09:06:44.335Z,4787,3193,Ha,NGC2903,24576.0,277.0,56.0
ttt1,NVIDIA GeForce RTX 3060,"3.8.20 (default, Sep  7 2024, 18:35:08) 
[GCC 11.4.0]",py38_baseline,profiler_py38_v2,QHY411-1_Lum_bin2,37.8,19.052362,158,2026-04-04T09:09:51.270Z,7100,5325,Lum,2012QD8,12288.0,142.0,49.0
ttt_server,NVIDIA GeForce RTX 3090,"3.8.10 (default, Mar 18 2025, 20:04:55) 
[GCC 9.4.0]",py38_baseline,profiler_py38_v2,QHY411-1_Lum_bin2,37.8,16.36819,145,2026-04-04T09:11:05.732Z,7100,5325,Lum,2012QD8,24576.0,277.0,53.0
ttt_server,NVIDIA GeForce RTX 3090,"3.8.10 (default, Mar 18 2025, 20:04:55) 
[GCC 9.4.0]",py38_baseline,profiler_py38_v2,QHY411-1_SDSSi_bin2,37.8,26.848543,246,2026-04-04T09:12:40.481Z,7100,5325,SDSSi,GaiaDR33534005919872722560,24576.0,277.0,53.0
ttt_server,NVIDIA GeForce RTX 3090,"3.8.10 (default, Mar 18 2025, 20:04:55) 
[GCC 9.4.0]",py38_baseline,profiler_py38_v2,QHY411-1_SDSSi_bin2,37.8,18.75142,247,2026-04-04T09:13:02.993Z,7100,5325,SDSSi,GaiaDR33534005919872722560,24576.0,277.0,55.0
ttt1,NVIDIA GeForce RTX 3060,"3.8.20 (default, Sep  7 2024, 18:35:08) 
[GCC 11.4.0]",py38_baseline,profiler_py38_v2,QHY411-1_SDSSi_bin2,37.8,22.7567,246,2026-04-04T09:12:58.290Z,7100,5325,SDSSi,GaiaDR33534005919872722560,12288.0,142.0,51.0
ttt1,NVIDIA GeForce RTX 3060,"3.8.20 (default, Sep  7 2024, 18:35:08) 
[GCC 11.4.0]",py38_baseline,profiler_py38_v2,QHY411-1_SDSSi_bin2,37.8,22.87341,248,2026-04-04T09:13:23.946Z,7100,5325,SDSSi,GaiaDR33534005919872722560,12288.0,142.0,51.0
ttt_server,NVIDIA GeForce RTX 3090,"3.8.10 (default, Mar 18 2025, 20:04:55) 
[GCC 9.4.0]",py38_baseline,profiler_py38_v2,QHY411-1_SDSSi_bin2,37.8,18.045668,246,2026-04-04T09:13:24.976Z,7100,5325,SDSSi,GaiaDR33534005919872722560,24576.0,277.0,57.0
ttt1,NVIDIA GeForce RTX 3060,"3.8.20 (default, Sep  7 2024, 18:35:08) 
[GCC 11.4.0]",py38_baseline,profiler_py38_v2,QHY411-1_SDSSi_bin2,37.8,22.82284,247,2026-04-04T09:13:50.249Z,7100,5325,SDSSi,GaiaDR33534005919872722560,12288.0,142.0,50.0
ttt_server,NVIDIA GeForce RTX 3090,"3.8.10 (default, Mar 18 2025, 20:04:55) 
[GCC 9.4.0]",py38_baseline,profiler_py38_v2,QHY411-1_SDSSi_bin2,37.8,19.053831,247,2026-04-04T09:13:48.297Z,7100,5325,SDSSi,GaiaDR33534005919872722560,24576.0,277.0,55.0
ttt1,NVIDIA GeForce RTX 3060,"3.8.20 (default, Sep  7 2024, 18:35:08) 
[GCC 11.4.0]",py38_baseline,profiler_py38_v2,QHY411-1_Lum_bin2,37.8,18.872581,148,2026-04-04T09:06:13.867Z,7100,5325,Lum,2012QD8,12288.0,142.0,50.0
ttt_server,NVIDIA GeForce RTX 3090,"3.8.10 (default, Mar 18 2025, 20:04:55) 
[GCC 9.4.0]",py38_baseline,profiler_py38_v2,QHY600-4_Ha,15.3,11.1674385,316,2026-04-04T09:06:14.396Z,4787,3193,Ha,NGC2903,24576.0,277.0,54.0
ttt_server,NVIDIA GeForce RTX 3090,"3.8.10 (default, Mar 18 2025, 20:04:55) 
[GCC 9.4.0]",py38_baseline,profiler_py38_v2,QHY600-4_Ha,15.3,11.231995,322,2026-04-04T09:07:14.921Z,4787,3193,Ha,NGC2903,24576.0,277.0,53.0
ttt1,NVIDIA GeForce RTX 3060,"3.8.20 (default, Sep  7 2024, 18:35:08) 
[GCC 11.4.0]",py38_baseline,profiler_py38_v2,QHY411-1_Lum_bin2,37.8,18.706448,153,2026-04-04T09:07:19.206Z,7100,5325,Lum,2012QD8,12288.0,142.0,50.0
ttt_server,NVIDIA GeForce RTX 3090,"3.8.10 (default, Mar 18 2025, 20:04:55) 
[GCC 9.4.0]",py38_baseline,profiler_py38_v2,QHY600-4_Ha,15.3,10.968233,317,2026-04-04T09:07:29.676Z,4787,3193,Ha,NGC2903,24576.0,277.0,54.0
ttt1,NVIDIA GeForce RTX 3060,"3.8.20 (default, Sep  7 2024, 18:35:08) 
[GCC 11.4.0]",py38_baseline,profiler_py38_v2,QHY411-1_Lum_bin2,37.8,18.8116,152,2026-04-04T09:09:29.134Z,7100,5325,Lum,2012QD8,12288.0,142.0,50.0
ttt_server,NVIDIA GeForce RTX 3090,"3.8.10 (default, Mar 18 2025, 20:04:55) 
[GCC 9.4.0]",py38_baseline,profiler_py38_v2,QHY411-1_Lum_bin2,37.8,17.20335,148,2026-04-04T09:09:42.130Z,7100,5325,Lum,2012QD8,24576.0,277.0,55.0
ttt_server,NVIDIA GeForce RTX 3090,"3.8.10 (default, Mar 18 2025, 20:04:55) 
[GCC 9.4.0]",py38_baseline,profiler_py38_v2,QHY411-1_Lum_bin2,37.8,17.1487,155,2026-04-04T09:10:03.045Z,7100,5325,Lum,2012QD8,24576.0,277.0,55.0
ttt1,NVIDIA GeForce RTX 3060,"3.8.20 (default, Sep  7 2024, 18:35:08) 
[GCC 11.4.0]",py38_baseline,profiler_py38_v2,QHY411-1_SDSSi_bin2,37.8,22.739336,245,2026-04-04T09:11:40.304Z,7100,5325,SDSSi,GaiaDR33534005919872722560,12288.0,142.0,50.0
ttt_server,NVIDIA GeForce RTX 3090,"3.8.10 (default, Mar 18 2025, 20:04:55) 
[GCC 9.4.0]",py38_baseline,profiler_py38_v2,QHY411-1_Lum_bin2,37.8,17.107382,149,2026-04-04T09:11:48.069Z,7100,5325,Lum,2012QD8,24576.0,277.0,54.0
ttt1,NVIDIA GeForce RTX 3060,"3.8.20 (default, Sep  7 2024, 18:35:08) 
[GCC 11.4.0]",py38_baseline,profiler_py38_v2,QHY411-1_SDSSi_bin2,37.8,23.141201,250,2026-04-04T09:11:14.706Z,7100,5325,SDSSi,GaiaDR33534005919872722560,12288.0,142.0,50.0
ttt_server,NVIDIA GeForce RTX 3090,"3.8.10 (default, Mar 18 2025, 20:04:55) 
[GCC 9.4.0]",py38_baseline,profiler_py38_v2,QHY411-1_Lum_bin2,37.8,17.198053,154,2026-04-04T09:11:27.009Z,7100,5325,Lum,2012QD8,24576.0,277.0,53.0
ttt1,NVIDIA GeForce RTX 3060,"3.8.20 (default, Sep  7 2024, 18:35:08) 
[GCC 11.4.0]",py38_baseline,profiler_py38_v2,QHY411-1_SDSSi_bin2,37.8,23.10076,250,2026-04-04T09:12:06.767Z,7100,5325,SDSSi,GaiaDR33534005919872722560,12288.0,142.0,50.0
ttt_server,NVIDIA GeForce RTX 3090,"3.8.10 (default, Mar 18 2025, 20:04:55) 
[GCC 9.4.0]",py38_baseline,profiler_py38_v2,QHY411-1_Lum_bin2,37.8,17.532024,158,2026-04-04T09:12:09.494Z,7100,5325,Lum,2012QD8,24576.0,277.0,54.0
ttt1,NVIDIA GeForce RTX 3060,"3.8.20 (default, Sep  7 2024, 18:35:08) 
[GCC 11.4.0]",py38_baseline,profiler_py38_v2,QHY411-1_SDSSi_bin2,37.8,23.153307,248,2026-04-04T09:12:32.693Z,7100,5325,SDSSi,GaiaDR33534005919872722560,12288.0,142.0,50.0
local,NVIDIA GeForce RTX 3050 Ti Laptop GPU,"3.8.20 (default, Sep  7 2024, 18:35:08) 
[GCC 11.4.0]",py38_baseline,profiler_py38_v2,iKon936_Lum,4.2,46.611286,296,2026-04-04T08:44:55.328Z,2048,2048,Lum,C2025A6,4096.0,95.0,71.0
local,NVIDIA GeForce RTX 3050 Ti Laptop GPU,"3.8.20 (default, Sep  7 2024, 18:35:08) 
[GCC 11.4.0]",py38_baseline,profiler_py38_v2,iKon936_Lum,4.2,46.542213,296,2026-04-04T08:49:01.731Z,2048,2048,Lum,C2025A6,4096.0,95.0,71.0
local,NVIDIA GeForce RTX 3050 Ti Laptop GPU,"3.8.20 (default, Sep  7 2024, 18:35:08) 
[GCC 11.4.0]",py38_baseline,profiler_py38_v2,iKon936_Lum,4.2,46.511295,296,2026-04-04T08:42:27.640Z,2048,2048,Lum,C2025A6,4096.0,95.0,71.0
local,NVIDIA GeForce RTX 3050 Ti Laptop GPU,"3.8.20 (default, Sep  7 2024, 18:35:08) 
[GCC 11.4.0]",py38_baseline,profiler_py38_v2,iKon936_Lum,4.2,46.588284,296,2026-04-04T08:47:23.391Z,2048,2048,Lum,C2025A6,4096.0,95.0,71.0
jetson_orin,Orin NX 8GB (nvgpu),3.8,py38_baseline,jetson_jetson_orin,iKon936_SDSSg,4.2,70.301,412,,,,,,,,
jetson_orin,Orin NX 8GB (nvgpu),3.8,py38_baseline,jetson_jetson_orin,iKon936_SDSSg,4.2,28.791,412,,,,,,,,
jetson_orin,Orin NX 8GB (nvgpu),3.8,py38_baseline,jetson_jetson_orin,iKon936_SDSSg,4.2,28.875,412,,,,,,,,
jetson_orin,Orin NX 8GB (nvgpu),3.8,py38_baseline,jetson_jetson_orin,iKon936_SDSSg,4.2,28.701,412,,,,,,,,
jetson_orin,Orin NX 8GB (nvgpu),3.8,py38_baseline,jetson_jetson_orin,iKon936_SDSSg,4.2,28.776,412,,,,,,,,
jetson_orin,Orin NX 8GB (nvgpu),3.8,py38_baseline,jetson_jetson_orin,iKon936_SDSSg,4.2,28.770,412,,,,,,,,
jetson_orin,Orin NX 8GB (nvgpu),3.8,py38_baseline,jetson_jetson_orin,iKon936_SDSSg,4.2,28.765,412,,,,,,,,
jetson_orin,Orin NX 8GB (nvgpu),3.8,py38_baseline,jetson_jetson_orin,iKon936_SDSSg,4.2,28.755,412,,,,,,,,
jetson_orin,Orin NX 8GB (nvgpu),3.8,py38_baseline,jetson_jetson_orin,iKon936_SDSSg,4.2,28.823,412,,,,,,,,
jetson_orin,Orin NX 8GB (nvgpu),3.8,py38_baseline,jetson_jetson_orin,iKon936_SDSSg,4.2,28.796,412,,,,,,,,
jetson_orin,Orin NX 8GB (nvgpu),3.8,py38_baseline,jetson_jetson_orin,QHY600-3_Lum,6.8,74.188,112,,,,,,,,
jetson_orin,Orin NX 8GB (nvgpu),3.8,py38_baseline,jetson_jetson_orin,QHY600-3_Lum,6.8,74.060,112,,,,,,,,
jetson_orin,Orin NX 8GB (nvgpu),3.8,py38_baseline,jetson_jetson_orin,QHY600-3_Lum,6.8,66.776,112,,,,,,,,
jetson_orin,Orin NX 8GB (nvgpu),3.8,py38_baseline,jetson_jetson_orin,QHY600-3_Lum,6.8,76.134,112,,,,,,,,
jetson_orin,Orin NX 8GB (nvgpu),3.8,py38_baseline,jetson_jetson_orin,QHY600-3_Lum,6.8,71.510,112,,,,,,,,
jetson_orin,Orin NX 8GB (nvgpu),3.8,py38_baseline,jetson_jetson_orin,QHY600-3_Lum,6.8,78.180,112,,,,,,,,
jetson_orin,Orin NX 8GB (nvgpu),3.8,py38_baseline,jetson_jetson_orin,QHY600-3_Lum,6.8,76.728,112,,,,,,,,
jetson_orin,Orin NX 8GB (nvgpu),3.8,py38_baseline,jetson_jetson_orin,QHY600-3_Lum,6.8,71.135,112,,,,,,,,
jetson_orin,Orin NX 8GB (nvgpu),3.8,py38_baseline,jetson_jetson_orin,QHY600-3_Lum,6.8,63.653,112,,,,,,,,
jetson_orin,Orin NX 8GB (nvgpu),3.8,py38_baseline,jetson_jetson_orin,QHY600-3_Lum,6.8,63.355,112,,,,,,,,
jetson_local,Orin Super 8GB (nvgpu),3.12,py312_cuml_adaptive,jetson_jetson_local,iKon936_SDSSg,4.2,158.818,412,,,,,,,,
jetson_local,Orin Super 8GB (nvgpu),3.12,py312_cuml_adaptive,jetson_jetson_local,iKon936_SDSSg,4.2,149.410,412,,,,,,,,
jetson_local,Orin Super 8GB (nvgpu),3.12,py312_cuml_adaptive,jetson_jetson_local,iKon936_SDSSg,4.2,150.077,412,,,,,,,,
jetson_local,Orin Super 8GB (nvgpu),3.12,py312_cuml_adaptive,jetson_jetson_local,iKon936_SDSSg,4.2,149.032,412,,,,,,,,
jetson_local,Orin Super 8GB (nvgpu),3.12,py312_cuml_adaptive,jetson_jetson_local,iKon936_SDSSg,4.2,149.463,412,,,,,,,,
jetson_local,Orin Super 8GB (nvgpu),3.12,py312_cuml_adaptive,jetson_jetson_local,iKon936_SDSSg,4.2,149.296,412,,,,,,,,
jetson_local,Orin Super 8GB (nvgpu),3.12,py312_cuml_adaptive,jetson_jetson_local,iKon936_SDSSg,4.2,149.191,412,,,,,,,,
jetson_local,Orin Super 8GB (nvgpu),3.12,py312_cuml_adaptive,jetson_jetson_local,iKon936_SDSSg,4.2,156.741,412,,,,,,,,
jetson_local,Orin Super 8GB (nvgpu),3.12,py312_cuml_adaptive,jetson_jetson_local,iKon936_SDSSg,4.2,151.618,412,,,,,,,,
jetson_local,Orin Super 8GB (nvgpu),3.12,py312_cuml_adaptive,jetson_jetson_local,iKon936_SDSSg,4.2,149.745,412,,,,,,,,
jetson_local,Orin Super 8GB (nvgpu),3.12,py312_cuml_adaptive,jetson_jetson_local,iKon936_Lum,4.2,154.646,296,,,,,,,,
jetson_local,Orin Super 8GB (nvgpu),3.12,py312_cuml_adaptive,jetson_jetson_local,iKon936_Lum,4.2,149.113,296,,,,,,,,
jetson_local,Orin Super 8GB (nvgpu),3.12,py312_cuml_adaptive,jetson_jetson_local,iKon936_Lum,4.2,150.013,296,,,,,,,,
jetson_local,Orin Super 8GB (nvgpu),3.12,py312_cuml_adaptive,jetson_jetson_local,iKon936_Lum,4.2,150.318,296,,,,,,,,
jetson_local,Orin Super 8GB (nvgpu),3.12,py312_cuml_adaptive,jetson_jetson_local,iKon936_Lum,4.2,149.878,296,,,,,,,,
jetson_local,Orin Super 8GB (nvgpu),3.12,py312_cuml_adaptive,jetson_jetson_local,iKon936_Lum,4.2,149.623,296,,,,,,,,
jetson_local,Orin Super 8GB (nvgpu),3.12,py312_cuml_adaptive,jetson_jetson_local,iKon936_Lum,4.2,149.668,296,,,,,,,,
jetson_local,Orin Super 8GB (nvgpu),3.12,py312_cuml_adaptive,jetson_jetson_local,iKon936_Lum,4.2,150.353,296,,,,,,,,
jetson_local,Orin Super 8GB (nvgpu),3.12,py312_cuml_adaptive,jetson_jetson_local,iKon936_Lum,4.2,150.308,296,,,,,,,,
jetson_local,Orin Super 8GB (nvgpu),3.12,py312_cuml_adaptive,jetson_jetson_local,iKon936_Lum,4.2,149.887,296,,,,,,,,
jetson_local,Orin Super 8GB (nvgpu),3.12,py312_cuml_adaptive,jetson_jetson_local,QHY600-3_Lum,6.8,160.853,112,,,,,,,,
jetson_local,Orin Super 8GB (nvgpu),3.12,py312_cuml_adaptive,jetson_jetson_local,QHY600-3_Lum,6.8,157.686,112,,,,,,,,
jetson_local,Orin Super 8GB (nvgpu),3.12,py312_cuml_adaptive,jetson_jetson_local,QHY600-3_Lum,6.8,153.307,112,,,,,,,,
jetson_local,Orin Super 8GB (nvgpu),3.12,py312_cuml_adaptive,jetson_jetson_local,QHY600-3_Lum,6.8,154.180,112,,,,,,,,
jetson_local,Orin Super 8GB (nvgpu),3.12,py312_cuml_adaptive,jetson_jetson_local,QHY600-3_Lum,6.8,153.983,112,,,,,,,,
jetson_local,Orin Super 8GB (nvgpu),3.12,py312_cuml_adaptive,jetson_jetson_local,QHY600-3_Lum,6.8,153.933,112,,,,,,,,
jetson_local,Orin Super 8GB (nvgpu),3.12,py312_cuml_adaptive,jetson_jetson_local,QHY600-3_Lum,6.8,153.749,112,,,,,,,,
jetson_local,Orin Super 8GB (nvgpu),3.12,py312_cuml_adaptive,jetson_jetson_local,QHY600-3_Lum,6.8,153.762,112,,,,,,,,
jetson_local,Orin Super 8GB (nvgpu),3.12,py312_cuml_adaptive,jetson_jetson_local,QHY600-3_Lum,6.8,153.379,112,,,,,,,,
