machine,gpu_name,python_ver,profiler_label,environment,image_label,mp,execution_time,n_sources_detected,timestamp,naxis1,naxis2,filter,object,gpu_mem_total,gpu_mem_used,gpu_temp,remeasure_round,catalog_backend,zp,ezp,catnstar,gpu_label,ts
azken,H100 PCIe,"3.12.3 (main, Mar  3 2026, 12:15:18) [GCC 13.3.0]",py312_cuml_always,profiler_cuml_always_fix1,QHY411-1_Lum_bin2,37.8,11.14143204689026,354.0,2026-09-03T12:35:00.052Z,7100.0,5325.0,Lum,2012QD8,,458.0,58.0,fix1,local,23.1794,0.0111,15.0,H100 (80 GB),2026-09-03 12:35:00.052000+00:00
azken,H100 PCIe,"3.12.3 (main, Mar  3 2026, 12:15:18) [GCC 13.3.0]",py312_cuml_always,profiler_cuml_always_fix1,QHY411-1_Lum_bin2,37.8,11.98595905303955,354.0,2026-09-03T12:35:22.499Z,7100.0,5325.0,Lum,2012QD8,,458.0,58.0,fix1,local,23.1794,0.0111,15.0,H100 (80 GB),2026-09-03 12:35:22.499000+00:00
azken,H100 PCIe,"3.12.3 (main, Mar  3 2026, 12:15:18) [GCC 13.3.0]",py312_cuml_always,profiler_cuml_always_fix1,QHY411-1_Lum_bin2,37.8,12.963078260421751,354.0,2026-09-03T12:35:45.316Z,7100.0,5325.0,Lum,2012QD8,,458.0,58.0,fix1,local,23.1794,0.0111,15.0,H100 (80 GB),2026-09-03 12:35:45.316000+00:00
azken,H100 PCIe,"3.12.3 (main, Mar  3 2026, 12:15:18) [GCC 13.3.0]",py312_cuml_always,profiler_cuml_always_fix1,QHY411-1_Lum_bin2,37.8,12.6710045337677,354.0,2026-09-03T12:36:06.398Z,7100.0,5325.0,Lum,2012QD8,,458.0,58.0,fix1,local,23.1794,0.0111,15.0,H100 (80 GB),2026-09-03 12:36:06.398000+00:00
azken,H100 PCIe,"3.12.3 (main, Mar  3 2026, 12:15:18) [GCC 13.3.0]",py312_cuml_always,profiler_cuml_always_fix1,QHY411-1_Lum_bin2,37.8,12.110013484954834,354.0,2026-09-03T12:36:28.412Z,7100.0,5325.0,Lum,2012QD8,,458.0,58.0,fix1,local,23.1794,0.0111,15.0,H100 (80 GB),2026-09-03 12:36:28.412000+00:00
azken,H100 PCIe,"3.12.3 (main, Mar  3 2026, 12:15:18) [GCC 13.3.0]",py312_cuml_always,profiler_cuml_always_fix1,QHY411-1_Lum_bin2,37.8,11.610456705093384,354.0,2026-09-03T12:36:48.710Z,7100.0,5325.0,Lum,2012QD8,,458.0,58.0,fix1,local,23.1794,0.0111,15.0,H100 (80 GB),2026-09-03 12:36:48.710000+00:00
azken,H100 PCIe,"3.12.3 (main, Mar  3 2026, 12:15:18) [GCC 13.3.0]",py312_cuml_always,profiler_cuml_always_fix1,QHY411-1_Lum_bin2,37.8,12.69413161277771,354.0,2026-09-03T12:37:11.414Z,7100.0,5325.0,Lum,2012QD8,,458.0,58.0,fix1,local,23.1794,0.0111,15.0,H100 (80 GB),2026-09-03 12:37:11.414000+00:00
azken,H100 PCIe,"3.12.3 (main, Mar  3 2026, 12:15:18) [GCC 13.3.0]",py312_cuml_always,profiler_cuml_always_fix1,QHY411-1_Lum_bin2,37.8,12.1311776638031,354.0,2026-09-03T12:37:33.208Z,7100.0,5325.0,Lum,2012QD8,,458.0,58.0,fix1,local,23.1794,0.0111,15.0,H100 (80 GB),2026-09-03 12:37:33.208000+00:00
azken,H100 PCIe,"3.12.3 (main, Mar  3 2026, 12:15:18) [GCC 13.3.0]",py312_cuml_always,profiler_cuml_always_fix1,QHY411-1_Lum_bin2,37.8,12.576213598251345,354.0,2026-09-03T12:37:55.862Z,7100.0,5325.0,Lum,2012QD8,,458.0,58.0,fix1,local,23.1794,0.0111,15.0,H100 (80 GB),2026-09-03 12:37:55.862000+00:00
azken,H100 PCIe,"3.12.3 (main, Mar  3 2026, 12:15:18) [GCC 13.3.0]",py312_cuml_always,profiler_cuml_always_fix1,QHY411-1_Lum_bin2,37.8,13.37004327774048,354.0,2026-09-03T12:38:18.162Z,7100.0,5325.0,Lum,2012QD8,,458.0,59.0,fix1,local,23.1794,0.0111,15.0,H100 (80 GB),2026-09-03 12:38:18.162000+00:00
azken,H100 PCIe,"3.12.3 (main, Mar  3 2026, 12:15:18) [GCC 13.3.0]",py312_cuml_adaptive,profiler_cuml_adaptive_fix1,QHY411-1_Lum_bin2,37.8,12.726562976837158,354.0,2026-09-03T12:39:27.654Z,7100.0,5325.0,Lum,2012QD8,,458.0,58.0,fix1,local,23.1794,0.0111,15.0,H100 (80 GB),2026-09-03 12:39:27.654000+00:00
azken,H100 PCIe,"3.12.3 (main, Mar  3 2026, 12:15:18) [GCC 13.3.0]",py312_cuml_adaptive,profiler_cuml_adaptive_fix1,QHY411-1_Lum_bin2,37.8,11.284594774246216,354.0,2026-09-03T12:39:51.061Z,7100.0,5325.0,Lum,2012QD8,,458.0,58.0,fix1,local,23.1794,0.0111,15.0,H100 (80 GB),2026-09-03 12:39:51.061000+00:00
azken,H100 PCIe,"3.12.3 (main, Mar  3 2026, 12:15:18) [GCC 13.3.0]",py312_cuml_adaptive,profiler_cuml_adaptive_fix1,QHY411-1_Lum_bin2,37.8,12.635676145553589,354.0,2026-09-03T12:40:12.710Z,7100.0,5325.0,Lum,2012QD8,,458.0,58.0,fix1,local,23.1794,0.0111,15.0,H100 (80 GB),2026-09-03 12:40:12.710000+00:00
azken,H100 PCIe,"3.12.3 (main, Mar  3 2026, 12:15:18) [GCC 13.3.0]",py312_cuml_adaptive,profiler_cuml_adaptive_fix1,QHY411-1_Lum_bin2,37.8,11.480441331863403,354.0,2026-09-03T12:40:32.924Z,7100.0,5325.0,Lum,2012QD8,,458.0,59.0,fix1,local,23.1794,0.0111,15.0,H100 (80 GB),2026-09-03 12:40:32.924000+00:00
azken,H100 PCIe,"3.12.3 (main, Mar  3 2026, 12:15:18) [GCC 13.3.0]",py312_cuml_adaptive,profiler_cuml_adaptive_fix1,QHY411-1_Lum_bin2,37.8,12.16024661064148,354.0,2026-09-03T12:40:54.696Z,7100.0,5325.0,Lum,2012QD8,,458.0,58.0,fix1,local,23.1794,0.0111,15.0,H100 (80 GB),2026-09-03 12:40:54.696000+00:00
azken,H100 PCIe,"3.12.3 (main, Mar  3 2026, 12:15:18) [GCC 13.3.0]",py312_cuml_adaptive,profiler_cuml_adaptive_fix1,QHY411-1_Lum_bin2,37.8,12.745526552200316,354.0,2026-09-03T12:41:17.029Z,7100.0,5325.0,Lum,2012QD8,,458.0,59.0,fix1,local,23.1794,0.0111,15.0,H100 (80 GB),2026-09-03 12:41:17.029000+00:00
azken,H100 PCIe,"3.12.3 (main, Mar  3 2026, 12:15:18) [GCC 13.3.0]",py312_cuml_adaptive,profiler_cuml_adaptive_fix1,QHY411-1_Lum_bin2,37.8,11.979334115982056,354.0,2026-09-03T12:41:37.888Z,7100.0,5325.0,Lum,2012QD8,,458.0,58.0,fix1,local,23.1794,0.0111,15.0,H100 (80 GB),2026-09-03 12:41:37.888000+00:00
azken,H100 PCIe,"3.12.3 (main, Mar  3 2026, 12:15:18) [GCC 13.3.0]",py312_cuml_adaptive,profiler_cuml_adaptive_fix1,QHY411-1_Lum_bin2,37.8,14.69511079788208,354.0,2026-09-03T12:42:02.527Z,7100.0,5325.0,Lum,2012QD8,,458.0,58.0,fix1,local,23.1794,0.0111,15.0,H100 (80 GB),2026-09-03 12:42:02.527000+00:00
azken,H100 PCIe,"3.12.3 (main, Mar  3 2026, 12:15:18) [GCC 13.3.0]",py312_cuml_adaptive,profiler_cuml_adaptive_fix1,QHY411-1_Lum_bin2,37.8,13.144656896591188,354.0,2026-09-03T12:42:25.563Z,7100.0,5325.0,Lum,2012QD8,,458.0,58.0,fix1,local,23.1794,0.0111,15.0,H100 (80 GB),2026-09-03 12:42:25.563000+00:00
azken,H100 PCIe,"3.12.3 (main, Mar  3 2026, 12:15:18) [GCC 13.3.0]",py312_cuml_adaptive,profiler_cuml_adaptive_fix1,QHY411-1_Lum_bin2,37.8,13.320934534072876,354.0,2026-09-03T12:42:48.153Z,7100.0,5325.0,Lum,2012QD8,,458.0,59.0,fix1,local,23.1794,0.0111,15.0,H100 (80 GB),2026-09-03 12:42:48.153000+00:00
azken,H100 PCIe,"3.12.3 (main, Mar  3 2026, 12:15:18) [GCC 13.3.0]",py312_cuml_always,profiler_cuml_always_fix1,QHY411-1_Lum_full,151.2,34.827781200408936,808.0,2026-09-03T17:15:44.610Z,14200.0,10650.0,Lum,2025PR1,,30069.0,72.0,fix1,local,24.5578,0.0088,58.0,H100 (80 GB),2026-09-03 17:15:44.610000+00:00
azken,H100 PCIe,"3.12.3 (main, Mar  3 2026, 12:15:18) [GCC 13.3.0]",py312_cuml_always,profiler_cuml_always_fix1,QHY411-1_Lum_full,151.2,33.59296941757202,808.0,2026-09-03T17:16:28.976Z,14200.0,10650.0,Lum,2025PR1,,30069.0,72.0,fix1,local,24.5578,0.0088,58.0,H100 (80 GB),2026-09-03 17:16:28.976000+00:00
azken,H100 PCIe,"3.12.3 (main, Mar  3 2026, 12:15:18) [GCC 13.3.0]",py312_cuml_always,profiler_cuml_always_fix1,QHY411-1_Lum_full,151.2,36.64242672920227,808.0,2026-09-03T17:17:15.425Z,14200.0,10650.0,Lum,2025PR1,,30069.0,72.0,fix1,local,24.5578,0.0088,58.0,H100 (80 GB),2026-09-03 17:17:15.425000+00:00
azken,H100 PCIe,"3.12.3 (main, Mar  3 2026, 12:15:18) [GCC 13.3.0]",py312_cuml_always,profiler_cuml_always_fix1,QHY411-1_Lum_full,151.2,33.972856760025024,808.0,2026-09-03T17:18:00.102Z,14200.0,10650.0,Lum,2025PR1,,30069.0,72.0,fix1,local,24.5578,0.0088,58.0,H100 (80 GB),2026-09-03 17:18:00.102000+00:00
azken,H100 PCIe,"3.12.3 (main, Mar  3 2026, 12:15:18) [GCC 13.3.0]",py312_cuml_always,profiler_cuml_always_fix1,QHY411-1_Lum_full,151.2,34.691614866256714,808.0,2026-09-03T17:18:44.555Z,14200.0,10650.0,Lum,2025PR1,,30069.0,72.0,fix1,local,24.5578,0.0088,58.0,H100 (80 GB),2026-09-03 17:18:44.555000+00:00
azken,H100 PCIe,"3.12.3 (main, Mar  3 2026, 12:15:18) [GCC 13.3.0]",py312_cuml_always,profiler_cuml_always_fix1,QHY411-1_Lum_full,151.2,34.12361192703247,808.0,2026-09-03T17:19:29.520Z,14200.0,10650.0,Lum,2025PR1,,30069.0,72.0,fix1,local,24.5578,0.0088,58.0,H100 (80 GB),2026-09-03 17:19:29.520000+00:00
azken,H100 PCIe,"3.12.3 (main, Mar  3 2026, 12:15:18) [GCC 13.3.0]",py312_cuml_always,profiler_cuml_always_fix1,QHY411-1_Lum_full,151.2,35.742937326431274,808.0,2026-09-03T17:20:14.790Z,14200.0,10650.0,Lum,2025PR1,,30069.0,72.0,fix1,local,24.5578,0.0088,58.0,H100 (80 GB),2026-09-03 17:20:14.790000+00:00
azken,H100 PCIe,"3.12.3 (main, Mar  3 2026, 12:15:18) [GCC 13.3.0]",py312_cuml_always,profiler_cuml_always_fix1,QHY411-1_Lum_full,151.2,35.40063214302063,808.0,2026-09-03T17:21:00.296Z,14200.0,10650.0,Lum,2025PR1,,30069.0,72.0,fix1,local,24.5578,0.0088,58.0,H100 (80 GB),2026-09-03 17:21:00.296000+00:00
azken,H100 PCIe,"3.12.3 (main, Mar  3 2026, 12:15:18) [GCC 13.3.0]",py312_cuml_always,profiler_cuml_always_fix1,QHY411-1_Lum_full,151.2,34.9696843624115,808.0,2026-09-03T17:21:44.909Z,14200.0,10650.0,Lum,2025PR1,,30069.0,72.0,fix1,local,24.5578,0.0088,58.0,H100 (80 GB),2026-09-03 17:21:44.909000+00:00
azken,H100 PCIe,"3.12.3 (main, Mar  3 2026, 12:15:18) [GCC 13.3.0]",py312_cuml_always,profiler_cuml_always_fix1,QHY411-1_Lum_full,151.2,34.92957091331482,808.0,2026-09-03T17:22:29.180Z,14200.0,10650.0,Lum,2025PR1,,30069.0,72.0,fix1,local,24.5578,0.0088,58.0,H100 (80 GB),2026-09-03 17:22:29.180000+00:00
azken,H100 PCIe,"3.12.3 (main, Mar  3 2026, 12:15:18) [GCC 13.3.0]",py312_cuml_adaptive,profiler_cuml_adaptive_fix1,QHY411-1_Lum_full,151.2,33.29886198043823,808.0,2026-09-03T17:06:40.268Z,14200.0,10650.0,Lum,2025PR1,,30069.0,70.0,fix1,local,24.5578,0.0088,58.0,H100 (80 GB),2026-09-03 17:06:40.268000+00:00
azken,H100 PCIe,"3.12.3 (main, Mar  3 2026, 12:15:18) [GCC 13.3.0]",py312_cuml_adaptive,profiler_cuml_adaptive_fix1,QHY411-1_Lum_full,151.2,35.81137490272522,808.0,2026-09-03T17:07:26.950Z,14200.0,10650.0,Lum,2025PR1,,30069.0,71.0,fix1,local,24.5578,0.0088,58.0,H100 (80 GB),2026-09-03 17:07:26.950000+00:00
azken,H100 PCIe,"3.12.3 (main, Mar  3 2026, 12:15:18) [GCC 13.3.0]",py312_cuml_adaptive,profiler_cuml_adaptive_fix1,QHY411-1_Lum_full,151.2,35.87302827835083,808.0,2026-09-03T17:08:12.939Z,14200.0,10650.0,Lum,2025PR1,,30069.0,71.0,fix1,local,24.5578,0.0088,58.0,H100 (80 GB),2026-09-03 17:08:12.939000+00:00
azken,H100 PCIe,"3.12.3 (main, Mar  3 2026, 12:15:18) [GCC 13.3.0]",py312_cuml_adaptive,profiler_cuml_adaptive_fix1,QHY411-1_Lum_full,151.2,35.1024489402771,808.0,2026-09-03T17:08:58.698Z,14200.0,10650.0,Lum,2025PR1,,30069.0,71.0,fix1,local,24.5578,0.0088,58.0,H100 (80 GB),2026-09-03 17:08:58.698000+00:00
azken,H100 PCIe,"3.12.3 (main, Mar  3 2026, 12:15:18) [GCC 13.3.0]",py312_cuml_adaptive,profiler_cuml_adaptive_fix1,QHY411-1_Lum_full,151.2,34.58528256416321,808.0,2026-09-03T17:09:43.922Z,14200.0,10650.0,Lum,2025PR1,,30069.0,71.0,fix1,local,24.5578,0.0088,58.0,H100 (80 GB),2026-09-03 17:09:43.922000+00:00
azken,H100 PCIe,"3.12.3 (main, Mar  3 2026, 12:15:18) [GCC 13.3.0]",py312_cuml_adaptive,profiler_cuml_adaptive_fix1,QHY411-1_Lum_full,151.2,34.679441690444946,808.0,2026-09-03T17:10:29.391Z,14200.0,10650.0,Lum,2025PR1,,30069.0,72.0,fix1,local,24.5578,0.0088,58.0,H100 (80 GB),2026-09-03 17:10:29.391000+00:00
azken,H100 PCIe,"3.12.3 (main, Mar  3 2026, 12:15:18) [GCC 13.3.0]",py312_cuml_adaptive,profiler_cuml_adaptive_fix1,QHY411-1_Lum_full,151.2,34.23966336250305,808.0,2026-09-03T17:11:12.813Z,14200.0,10650.0,Lum,2025PR1,,30069.0,72.0,fix1,local,24.5578,0.0088,58.0,H100 (80 GB),2026-09-03 17:11:12.813000+00:00
azken,H100 PCIe,"3.12.3 (main, Mar  3 2026, 12:15:18) [GCC 13.3.0]",py312_cuml_adaptive,profiler_cuml_adaptive_fix1,QHY411-1_Lum_full,151.2,34.42126417160034,808.0,2026-09-03T17:11:58.049Z,14200.0,10650.0,Lum,2025PR1,,30069.0,72.0,fix1,local,24.5578,0.0088,58.0,H100 (80 GB),2026-09-03 17:11:58.049000+00:00
azken,H100 PCIe,"3.12.3 (main, Mar  3 2026, 12:15:18) [GCC 13.3.0]",py312_cuml_adaptive,profiler_cuml_adaptive_fix1,QHY411-1_Lum_full,151.2,37.478880643844604,808.0,2026-09-03T17:12:45.122Z,14200.0,10650.0,Lum,2025PR1,,30069.0,72.0,fix1,local,24.5578,0.0088,58.0,H100 (80 GB),2026-09-03 17:12:45.122000+00:00
azken,H100 PCIe,"3.12.3 (main, Mar  3 2026, 12:15:18) [GCC 13.3.0]",py312_cuml_adaptive,profiler_cuml_adaptive_fix1,QHY411-1_Lum_full,151.2,33.79024076461792,808.0,2026-09-03T17:13:28.271Z,14200.0,10650.0,Lum,2025PR1,,30069.0,72.0,fix1,local,24.5578,0.0088,58.0,H100 (80 GB),2026-09-03 17:13:28.271000+00:00
azken,H100 PCIe,"3.12.3 (main, Mar  3 2026, 12:15:18) [GCC 13.3.0]",py312_cuml_always,profiler_cuml_always_fix1,QHY411-1_SDSSg_2k,37.8,25.05476140975952,4754.0,2026-09-03T13:48:34.851Z,7100.0,5325.0,SDSSg,Eugenia,,458.0,59.0,fix1,local,22.4726,0.0024,193.0,H100 (80 GB),2026-09-03 13:48:34.851000+00:00
azken,H100 PCIe,"3.12.3 (main, Mar  3 2026, 12:15:18) [GCC 13.3.0]",py312_cuml_always,profiler_cuml_always_fix1,QHY411-1_SDSSg_2k,37.8,20.708165168762207,4754.0,2026-09-03T13:49:05.199Z,7100.0,5325.0,SDSSg,Eugenia,,458.0,58.0,fix1,local,22.4726,0.0024,193.0,H100 (80 GB),2026-09-03 13:49:05.199000+00:00
azken,H100 PCIe,"3.12.3 (main, Mar  3 2026, 12:15:18) [GCC 13.3.0]",py312_cuml_always,profiler_cuml_always_fix1,QHY411-1_SDSSg_2k,37.8,19.767426013946533,4754.0,2026-09-03T13:49:33.835Z,7100.0,5325.0,SDSSg,Eugenia,,458.0,59.0,fix1,local,22.4726,0.0024,193.0,H100 (80 GB),2026-09-03 13:49:33.835000+00:00
azken,H100 PCIe,"3.12.3 (main, Mar  3 2026, 12:15:18) [GCC 13.3.0]",py312_cuml_always,profiler_cuml_always_fix1,QHY411-1_SDSSg_2k,37.8,19.78497815132141,4754.0,2026-09-03T13:50:03.139Z,7100.0,5325.0,SDSSg,Eugenia,,458.0,60.0,fix1,local,22.4726,0.0024,193.0,H100 (80 GB),2026-09-03 13:50:03.139000+00:00
azken,H100 PCIe,"3.12.3 (main, Mar  3 2026, 12:15:18) [GCC 13.3.0]",py312_cuml_always,profiler_cuml_always_fix1,QHY411-1_SDSSg_2k,37.8,24.445062160491943,4754.0,2026-09-03T13:50:37.042Z,7100.0,5325.0,SDSSg,Eugenia,,458.0,59.0,fix1,local,22.4726,0.0024,193.0,H100 (80 GB),2026-09-03 13:50:37.042000+00:00
azken,H100 PCIe,"3.12.3 (main, Mar  3 2026, 12:15:18) [GCC 13.3.0]",py312_cuml_always,profiler_cuml_always_fix1,QHY411-1_SDSSg_2k,37.8,25.79063129425049,4754.0,2026-09-03T13:51:12.596Z,7100.0,5325.0,SDSSg,Eugenia,,458.0,59.0,fix1,local,22.4726,0.0024,193.0,H100 (80 GB),2026-09-03 13:51:12.596000+00:00
azken,H100 PCIe,"3.12.3 (main, Mar  3 2026, 12:15:18) [GCC 13.3.0]",py312_cuml_always,profiler_cuml_always_fix1,QHY411-1_SDSSg_2k,37.8,24.823999166488647,4754.0,2026-09-03T13:51:46.759Z,7100.0,5325.0,SDSSg,Eugenia,,458.0,59.0,fix1,local,22.4726,0.0024,193.0,H100 (80 GB),2026-09-03 13:51:46.759000+00:00
azken,H100 PCIe,"3.12.3 (main, Mar  3 2026, 12:15:18) [GCC 13.3.0]",py312_cuml_always,profiler_cuml_always_fix1,QHY411-1_SDSSg_2k,37.8,18.915477514266968,4754.0,2026-09-03T13:52:15.043Z,7100.0,5325.0,SDSSg,Eugenia,,458.0,59.0,fix1,local,22.4726,0.0024,193.0,H100 (80 GB),2026-09-03 13:52:15.043000+00:00
azken,H100 PCIe,"3.12.3 (main, Mar  3 2026, 12:15:18) [GCC 13.3.0]",py312_cuml_always,profiler_cuml_always_fix1,QHY411-1_SDSSg_2k,37.8,24.707653999328613,4754.0,2026-09-03T13:52:49.679Z,7100.0,5325.0,SDSSg,Eugenia,,458.0,59.0,fix1,local,22.4726,0.0024,193.0,H100 (80 GB),2026-09-03 13:52:49.679000+00:00
azken,H100 PCIe,"3.12.3 (main, Mar  3 2026, 12:15:18) [GCC 13.3.0]",py312_cuml_always,profiler_cuml_always_fix1,QHY411-1_SDSSg_2k,37.8,18.284890174865723,4754.0,2026-09-03T13:53:18.395Z,7100.0,5325.0,SDSSg,Eugenia,,458.0,59.0,fix1,local,22.4726,0.0024,193.0,H100 (80 GB),2026-09-03 13:53:18.395000+00:00
azken,H100 PCIe,"3.12.3 (main, Mar  3 2026, 12:15:18) [GCC 13.3.0]",py312_cuml_always,profiler_cuml_always_fix1,QHY411-1_SDSSg_2k,37.8,17.425086498260498,3977.0,2026-09-03T14:07:44.498Z,7100.0,5325.0,SDSSg,Eugenia,,458.0,56.0,fix1,local,22.4233,0.0021,193.0,H100 (80 GB),2026-09-03 14:07:44.498000+00:00
azken,H100 PCIe,"3.12.3 (main, Mar  3 2026, 12:15:18) [GCC 13.3.0]",py312_cuml_always,profiler_cuml_always_fix1,QHY411-1_SDSSg_2k,37.8,22.54863858222961,3977.0,2026-09-03T14:10:10.576Z,7100.0,5325.0,SDSSg,Eugenia,,458.0,59.0,fix1,local,22.4233,0.0021,193.0,H100 (80 GB),2026-09-03 14:10:10.576000+00:00
azken,H100 PCIe,"3.12.3 (main, Mar  3 2026, 12:15:18) [GCC 13.3.0]",py312_cuml_always,profiler_cuml_always_fix1,QHY411-1_SDSSg_2k,37.8,19.75321078300476,3977.0,2026-09-03T14:10:39.083Z,7100.0,5325.0,SDSSg,Eugenia,,458.0,59.0,fix1,local,22.4233,0.0021,193.0,H100 (80 GB),2026-09-03 14:10:39.083000+00:00
azken,H100 PCIe,"3.12.3 (main, Mar  3 2026, 12:15:18) [GCC 13.3.0]",py312_cuml_always,profiler_cuml_always_fix1,QHY411-1_SDSSg_2k,37.8,17.104766845703125,3977.0,2026-09-03T14:11:07.533Z,7100.0,5325.0,SDSSg,Eugenia,,458.0,59.0,fix1,local,22.4233,0.0021,193.0,H100 (80 GB),2026-09-03 14:11:07.533000+00:00
azken,H100 PCIe,"3.12.3 (main, Mar  3 2026, 12:15:18) [GCC 13.3.0]",py312_cuml_always,profiler_cuml_always_fix1,QHY411-1_SDSSg_2k,37.8,20.441362857818604,3977.0,2026-09-03T14:11:37.624Z,7100.0,5325.0,SDSSg,Eugenia,,458.0,60.0,fix1,local,22.4233,0.0021,193.0,H100 (80 GB),2026-09-03 14:11:37.624000+00:00
azken,H100 PCIe,"3.12.3 (main, Mar  3 2026, 12:15:18) [GCC 13.3.0]",py312_cuml_always,profiler_cuml_always_fix1,QHY411-1_SDSSg_2k,37.8,20.6568021774292,3977.0,2026-09-03T14:12:07.715Z,7100.0,5325.0,SDSSg,Eugenia,,458.0,60.0,fix1,local,22.4233,0.0021,193.0,H100 (80 GB),2026-09-03 14:12:07.715000+00:00
azken,H100 PCIe,"3.12.3 (main, Mar  3 2026, 12:15:18) [GCC 13.3.0]",py312_cuml_always,profiler_cuml_always_fix1,QHY411-1_SDSSg_2k,37.8,23.34805703163147,3977.0,2026-09-03T14:12:40.771Z,7100.0,5325.0,SDSSg,Eugenia,,458.0,60.0,fix1,local,22.4233,0.0021,193.0,H100 (80 GB),2026-09-03 14:12:40.771000+00:00
azken,H100 PCIe,"3.12.3 (main, Mar  3 2026, 12:15:18) [GCC 13.3.0]",py312_cuml_always,profiler_cuml_always_fix1,QHY411-1_SDSSg_2k,37.8,20.804632902145386,3977.0,2026-09-03T14:13:10.159Z,7100.0,5325.0,SDSSg,Eugenia,,458.0,60.0,fix1,local,22.4233,0.0021,193.0,H100 (80 GB),2026-09-03 14:13:10.159000+00:00
azken,H100 PCIe,"3.12.3 (main, Mar  3 2026, 12:15:18) [GCC 13.3.0]",py312_cuml_always,profiler_cuml_always_fix1,QHY411-1_SDSSg_2k,37.8,19.06158852577209,3977.0,2026-09-03T14:13:39.731Z,7100.0,5325.0,SDSSg,Eugenia,,458.0,60.0,fix1,local,22.4233,0.0021,193.0,H100 (80 GB),2026-09-03 14:13:39.731000+00:00
azken,H100 PCIe,"3.12.3 (main, Mar  3 2026, 12:15:18) [GCC 13.3.0]",py312_cuml_always,profiler_cuml_always_fix1,QHY411-1_SDSSg_2k,37.8,19.317397594451904,3977.0,2026-09-03T14:14:08.923Z,7100.0,5325.0,SDSSg,Eugenia,,458.0,60.0,fix1,local,22.4233,0.0021,193.0,H100 (80 GB),2026-09-03 14:14:08.923000+00:00
azken,H100 PCIe,"3.12.3 (main, Mar  3 2026, 12:15:18) [GCC 13.3.0]",py312_cuml_adaptive,profiler_cuml_adaptive_fix1,QHY411-1_SDSSg_2k,37.8,19.313528537750244,4754.0,2026-09-03T13:54:49.357Z,7100.0,5325.0,SDSSg,Eugenia,,458.0,59.0,fix1,local,22.4726,0.0024,193.0,H100 (80 GB),2026-09-03 13:54:49.357000+00:00
azken,H100 PCIe,"3.12.3 (main, Mar  3 2026, 12:15:18) [GCC 13.3.0]",py312_cuml_adaptive,profiler_cuml_adaptive_fix1,QHY411-1_SDSSg_2k,37.8,19.041457414627075,4754.0,2026-09-03T13:55:18.287Z,7100.0,5325.0,SDSSg,Eugenia,,458.0,59.0,fix1,local,22.4726,0.0024,193.0,H100 (80 GB),2026-09-03 13:55:18.287000+00:00
azken,H100 PCIe,"3.12.3 (main, Mar  3 2026, 12:15:18) [GCC 13.3.0]",py312_cuml_adaptive,profiler_cuml_adaptive_fix1,QHY411-1_SDSSg_2k,37.8,20.59079885482788,4754.0,2026-09-03T13:55:49.349Z,7100.0,5325.0,SDSSg,Eugenia,,458.0,59.0,fix1,local,22.4726,0.0024,193.0,H100 (80 GB),2026-09-03 13:55:49.349000+00:00
azken,H100 PCIe,"3.12.3 (main, Mar  3 2026, 12:15:18) [GCC 13.3.0]",py312_cuml_adaptive,profiler_cuml_adaptive_fix1,QHY411-1_SDSSg_2k,37.8,23.81465435028076,4754.0,2026-09-03T13:56:22.990Z,7100.0,5325.0,SDSSg,Eugenia,,458.0,59.0,fix1,local,22.4726,0.0024,193.0,H100 (80 GB),2026-09-03 13:56:22.990000+00:00
azken,H100 PCIe,"3.12.3 (main, Mar  3 2026, 12:15:18) [GCC 13.3.0]",py312_cuml_adaptive,profiler_cuml_adaptive_fix1,QHY411-1_SDSSg_2k,37.8,18.71593379974365,4754.0,2026-09-03T13:56:51.354Z,7100.0,5325.0,SDSSg,Eugenia,,458.0,59.0,fix1,local,22.4726,0.0024,193.0,H100 (80 GB),2026-09-03 13:56:51.354000+00:00
azken,H100 PCIe,"3.12.3 (main, Mar  3 2026, 12:15:18) [GCC 13.3.0]",py312_cuml_adaptive,profiler_cuml_adaptive_fix1,QHY411-1_SDSSg_2k,37.8,21.05815100669861,4754.0,2026-09-03T13:57:22.430Z,7100.0,5325.0,SDSSg,Eugenia,,458.0,59.0,fix1,local,22.4726,0.0024,193.0,H100 (80 GB),2026-09-03 13:57:22.430000+00:00
azken,H100 PCIe,"3.12.3 (main, Mar  3 2026, 12:15:18) [GCC 13.3.0]",py312_cuml_adaptive,profiler_cuml_adaptive_fix1,QHY411-1_SDSSg_2k,37.8,24.606427431106567,4754.0,2026-09-03T13:57:57.110Z,7100.0,5325.0,SDSSg,Eugenia,,458.0,59.0,fix1,local,22.4726,0.0024,193.0,H100 (80 GB),2026-09-03 13:57:57.110000+00:00
azken,H100 PCIe,"3.12.3 (main, Mar  3 2026, 12:15:18) [GCC 13.3.0]",py312_cuml_adaptive,profiler_cuml_adaptive_fix1,QHY411-1_SDSSg_2k,37.8,23.49408745765686,4754.0,2026-09-03T13:58:31.263Z,7100.0,5325.0,SDSSg,Eugenia,,458.0,59.0,fix1,local,22.4726,0.0024,193.0,H100 (80 GB),2026-09-03 13:58:31.263000+00:00
azken,H100 PCIe,"3.12.3 (main, Mar  3 2026, 12:15:18) [GCC 13.3.0]",py312_cuml_adaptive,profiler_cuml_adaptive_fix1,QHY411-1_SDSSg_2k,37.8,24.114563703536987,4754.0,2026-09-03T13:59:04.856Z,7100.0,5325.0,SDSSg,Eugenia,,458.0,59.0,fix1,local,22.4726,0.0024,193.0,H100 (80 GB),2026-09-03 13:59:04.856000+00:00
azken,H100 PCIe,"3.12.3 (main, Mar  3 2026, 12:15:18) [GCC 13.3.0]",py312_cuml_adaptive,profiler_cuml_adaptive_fix1,QHY411-1_SDSSg_2k,37.8,21.8835723400116,4754.0,2026-09-03T13:59:37.120Z,7100.0,5325.0,SDSSg,Eugenia,,458.0,59.0,fix1,local,22.4726,0.0024,193.0,H100 (80 GB),2026-09-03 13:59:37.120000+00:00
azken,H100 PCIe,"3.12.3 (main, Mar  3 2026, 12:15:18) [GCC 13.3.0]",py312_cuml_adaptive,profiler_cuml_adaptive_fix1,QHY411-1_SDSSg_2k,37.8,16.247243642807007,3977.0,2026-09-03T14:00:06.853Z,7100.0,5325.0,SDSSg,Eugenia,,458.0,58.0,fix1,local,22.4233,0.0021,193.0,H100 (80 GB),2026-09-03 14:00:06.853000+00:00
azken,H100 PCIe,"3.12.3 (main, Mar  3 2026, 12:15:18) [GCC 13.3.0]",py312_cuml_adaptive,profiler_cuml_adaptive_fix1,QHY411-1_SDSSg_2k,37.8,18.53958535194397,3977.0,2026-09-03T14:00:35.600Z,7100.0,5325.0,SDSSg,Eugenia,,458.0,59.0,fix1,local,22.4233,0.0021,193.0,H100 (80 GB),2026-09-03 14:00:35.600000+00:00
azken,H100 PCIe,"3.12.3 (main, Mar  3 2026, 12:15:18) [GCC 13.3.0]",py312_cuml_adaptive,profiler_cuml_adaptive_fix1,QHY411-1_SDSSg_2k,37.8,22.75623726844788,3977.0,2026-09-03T14:01:08.324Z,7100.0,5325.0,SDSSg,Eugenia,,458.0,58.0,fix1,local,22.4233,0.0021,193.0,H100 (80 GB),2026-09-03 14:01:08.324000+00:00
azken,H100 PCIe,"3.12.3 (main, Mar  3 2026, 12:15:18) [GCC 13.3.0]",py312_cuml_adaptive,profiler_cuml_adaptive_fix1,QHY411-1_SDSSg_2k,37.8,21.269312620162964,3977.0,2026-09-03T14:01:39.238Z,7100.0,5325.0,SDSSg,Eugenia,,458.0,58.0,fix1,local,22.4233,0.0021,193.0,H100 (80 GB),2026-09-03 14:01:39.238000+00:00
azken,H100 PCIe,"3.12.3 (main, Mar  3 2026, 12:15:18) [GCC 13.3.0]",py312_cuml_adaptive,profiler_cuml_adaptive_fix1,QHY411-1_SDSSg_2k,37.8,20.576298475265503,3977.0,2026-09-03T14:02:09.084Z,7100.0,5325.0,SDSSg,Eugenia,,458.0,59.0,fix1,local,22.4233,0.0021,193.0,H100 (80 GB),2026-09-03 14:02:09.084000+00:00
azken,H100 PCIe,"3.12.3 (main, Mar  3 2026, 12:15:18) [GCC 13.3.0]",py312_cuml_adaptive,profiler_cuml_adaptive_fix1,QHY411-1_SDSSg_2k,37.8,22.65742540359497,3977.0,2026-09-03T14:02:41.585Z,7100.0,5325.0,SDSSg,Eugenia,,458.0,59.0,fix1,local,22.4233,0.0021,193.0,H100 (80 GB),2026-09-03 14:02:41.585000+00:00
azken,H100 PCIe,"3.12.3 (main, Mar  3 2026, 12:15:18) [GCC 13.3.0]",py312_cuml_adaptive,profiler_cuml_adaptive_fix1,QHY411-1_SDSSg_2k,37.8,20.07492661476136,3977.0,2026-09-03T14:03:11.704Z,7100.0,5325.0,SDSSg,Eugenia,,458.0,59.0,fix1,local,22.4233,0.0021,193.0,H100 (80 GB),2026-09-03 14:03:11.704000+00:00
azken,H100 PCIe,"3.12.3 (main, Mar  3 2026, 12:15:18) [GCC 13.3.0]",py312_cuml_adaptive,profiler_cuml_adaptive_fix1,QHY411-1_SDSSg_2k,37.8,18.2082417011261,3977.0,2026-09-03T14:03:39.924Z,7100.0,5325.0,SDSSg,Eugenia,,458.0,59.0,fix1,local,22.4233,0.0021,193.0,H100 (80 GB),2026-09-03 14:03:39.924000+00:00
azken,H100 PCIe,"3.12.3 (main, Mar  3 2026, 12:15:18) [GCC 13.3.0]",py312_cuml_adaptive,profiler_cuml_adaptive_fix1,QHY411-1_SDSSg_2k,37.8,18.8064353466034,3977.0,2026-09-03T14:04:07.729Z,7100.0,5325.0,SDSSg,Eugenia,,458.0,59.0,fix1,local,22.4233,0.0021,193.0,H100 (80 GB),2026-09-03 14:04:07.729000+00:00
azken,H100 PCIe,"3.12.3 (main, Mar  3 2026, 12:15:18) [GCC 13.3.0]",py312_cuml_adaptive,profiler_cuml_adaptive_fix1,QHY411-1_SDSSg_2k,37.8,18.64516949653625,3977.0,2026-09-03T14:04:35.868Z,7100.0,5325.0,SDSSg,Eugenia,,458.0,59.0,fix1,local,22.4233,0.0021,193.0,H100 (80 GB),2026-09-03 14:04:35.868000+00:00
azken,H100 PCIe,"3.12.3 (main, Mar  3 2026, 12:15:18) [GCC 13.3.0]",py312_cuml_adaptive,profiler_cuml_adaptive_fix1,QHY411-1_SDSSg_2k,37.8,23.77559995651245,3977.0,2026-09-03T14:06:49.146Z,7100.0,5325.0,SDSSg,Eugenia,,458.0,52.0,fix1,local,22.4233,0.0021,193.0,H100 (80 GB),2026-09-03 14:06:49.146000+00:00
azken,H100 PCIe,"3.12.3 (main, Mar  3 2026, 12:15:18) [GCC 13.3.0]",py312_cuml_adaptive,profiler_cuml_adaptive_fix1,QHY411-1_SDSSg_2k,37.8,18.26202726364136,3977.0,2026-09-03T14:07:14.197Z,7100.0,5325.0,SDSSg,Eugenia,,458.0,55.0,fix1,local,22.4233,0.0021,193.0,H100 (80 GB),2026-09-03 14:07:14.197000+00:00
azken,H100 PCIe,"3.12.3 (main, Mar  3 2026, 12:15:18) [GCC 13.3.0]",py312_cuml_always,profiler_cuml_always_fix1,QHY411-1_SDSSi_bin2,37.8,11.80607271194458,621.0,2026-09-03T12:48:23.123Z,7100.0,5325.0,SDSSi,GaiaDR33534005919872722560,,458.0,58.0,fix1,local,21.0036,0.0082,34.0,H100 (80 GB),2026-09-03 12:48:23.123000+00:00
azken,H100 PCIe,"3.12.3 (main, Mar  3 2026, 12:15:18) [GCC 13.3.0]",py312_cuml_always,profiler_cuml_always_fix1,QHY411-1_SDSSi_bin2,37.8,12.793230295181274,621.0,2026-09-03T12:48:46.559Z,7100.0,5325.0,SDSSi,GaiaDR33534005919872722560,,458.0,58.0,fix1,local,21.0036,0.0082,34.0,H100 (80 GB),2026-09-03 12:48:46.559000+00:00
azken,H100 PCIe,"3.12.3 (main, Mar  3 2026, 12:15:18) [GCC 13.3.0]",py312_cuml_always,profiler_cuml_always_fix1,QHY411-1_SDSSi_bin2,37.8,13.167048931121826,621.0,2026-09-03T12:49:09.567Z,7100.0,5325.0,SDSSi,GaiaDR33534005919872722560,,458.0,58.0,fix1,local,21.0036,0.0082,34.0,H100 (80 GB),2026-09-03 12:49:09.567000+00:00
azken,H100 PCIe,"3.12.3 (main, Mar  3 2026, 12:15:18) [GCC 13.3.0]",py312_cuml_always,profiler_cuml_always_fix1,QHY411-1_SDSSi_bin2,37.8,13.323469638824465,621.0,2026-09-03T12:49:33.143Z,7100.0,5325.0,SDSSi,GaiaDR33534005919872722560,,458.0,58.0,fix1,local,21.0036,0.0082,34.0,H100 (80 GB),2026-09-03 12:49:33.143000+00:00
azken,H100 PCIe,"3.12.3 (main, Mar  3 2026, 12:15:18) [GCC 13.3.0]",py312_cuml_always,profiler_cuml_always_fix1,QHY411-1_SDSSi_bin2,37.8,12.980632543563845,621.0,2026-09-03T12:49:57.601Z,7100.0,5325.0,SDSSi,GaiaDR33534005919872722560,,458.0,58.0,fix1,local,21.0036,0.0082,34.0,H100 (80 GB),2026-09-03 12:49:57.601000+00:00
azken,H100 PCIe,"3.12.3 (main, Mar  3 2026, 12:15:18) [GCC 13.3.0]",py312_cuml_always,profiler_cuml_always_fix1,QHY411-1_SDSSi_bin2,37.8,12.449315786361694,621.0,2026-09-03T12:50:19.901Z,7100.0,5325.0,SDSSi,GaiaDR33534005919872722560,,458.0,58.0,fix1,local,21.0036,0.0082,34.0,H100 (80 GB),2026-09-03 12:50:19.901000+00:00
azken,H100 PCIe,"3.12.3 (main, Mar  3 2026, 12:15:18) [GCC 13.3.0]",py312_cuml_always,profiler_cuml_always_fix1,QHY411-1_SDSSi_bin2,37.8,12.050040006637571,621.0,2026-09-03T12:50:41.024Z,7100.0,5325.0,SDSSi,GaiaDR33534005919872722560,,458.0,58.0,fix1,local,21.0036,0.0082,34.0,H100 (80 GB),2026-09-03 12:50:41.024000+00:00
azken,H100 PCIe,"3.12.3 (main, Mar  3 2026, 12:15:18) [GCC 13.3.0]",py312_cuml_always,profiler_cuml_always_fix1,QHY411-1_SDSSi_bin2,37.8,11.385912895202637,621.0,2026-09-03T12:51:01.264Z,7100.0,5325.0,SDSSi,GaiaDR33534005919872722560,,458.0,59.0,fix1,local,21.0036,0.0082,34.0,H100 (80 GB),2026-09-03 12:51:01.264000+00:00
azken,H100 PCIe,"3.12.3 (main, Mar  3 2026, 12:15:18) [GCC 13.3.0]",py312_cuml_always,profiler_cuml_always_fix1,QHY411-1_SDSSi_bin2,37.8,11.675432443618774,621.0,2026-09-03T12:51:22.987Z,7100.0,5325.0,SDSSi,GaiaDR33534005919872722560,,458.0,58.0,fix1,local,21.0036,0.0082,34.0,H100 (80 GB),2026-09-03 12:51:22.987000+00:00
azken,H100 PCIe,"3.12.3 (main, Mar  3 2026, 12:15:18) [GCC 13.3.0]",py312_cuml_always,profiler_cuml_always_fix1,QHY411-1_SDSSi_bin2,37.8,11.566574573516846,621.0,2026-09-03T12:51:43.388Z,7100.0,5325.0,SDSSi,GaiaDR33534005919872722560,,458.0,59.0,fix1,local,21.0036,0.0082,34.0,H100 (80 GB),2026-09-03 12:51:43.388000+00:00
azken,H100 PCIe,"3.12.3 (main, Mar  3 2026, 12:15:18) [GCC 13.3.0]",py312_cuml_adaptive,profiler_cuml_adaptive_fix1,QHY411-1_SDSSi_bin2,37.8,12.496378183364868,621.0,2026-09-03T12:43:56.302Z,7100.0,5325.0,SDSSi,GaiaDR33534005919872722560,,458.0,58.0,fix1,local,21.0036,0.0082,34.0,H100 (80 GB),2026-09-03 12:43:56.302000+00:00
azken,H100 PCIe,"3.12.3 (main, Mar  3 2026, 12:15:18) [GCC 13.3.0]",py312_cuml_adaptive,profiler_cuml_adaptive_fix1,QHY411-1_SDSSi_bin2,37.8,12.352630853652954,621.0,2026-09-03T12:44:18.904Z,7100.0,5325.0,SDSSi,GaiaDR33534005919872722560,,458.0,58.0,fix1,local,21.0036,0.0082,34.0,H100 (80 GB),2026-09-03 12:44:18.904000+00:00
azken,H100 PCIe,"3.12.3 (main, Mar  3 2026, 12:15:18) [GCC 13.3.0]",py312_cuml_adaptive,profiler_cuml_adaptive_fix1,QHY411-1_SDSSi_bin2,37.8,12.028144598007202,621.0,2026-09-03T12:44:40.835Z,7100.0,5325.0,SDSSi,GaiaDR33534005919872722560,,458.0,58.0,fix1,local,21.0036,0.0082,34.0,H100 (80 GB),2026-09-03 12:44:40.835000+00:00
azken,H100 PCIe,"3.12.3 (main, Mar  3 2026, 12:15:18) [GCC 13.3.0]",py312_cuml_adaptive,profiler_cuml_adaptive_fix1,QHY411-1_SDSSi_bin2,37.8,11.65385913848877,621.0,2026-09-03T12:45:00.880Z,7100.0,5325.0,SDSSi,GaiaDR33534005919872722560,,458.0,59.0,fix1,local,21.0036,0.0082,34.0,H100 (80 GB),2026-09-03 12:45:00.880000+00:00
azken,H100 PCIe,"3.12.3 (main, Mar  3 2026, 12:15:18) [GCC 13.3.0]",py312_cuml_adaptive,profiler_cuml_adaptive_fix1,QHY411-1_SDSSi_bin2,37.8,11.835200786590576,621.0,2026-09-03T12:45:22.791Z,7100.0,5325.0,SDSSi,GaiaDR33534005919872722560,,458.0,58.0,fix1,local,21.0036,0.0082,34.0,H100 (80 GB),2026-09-03 12:45:22.791000+00:00
azken,H100 PCIe,"3.12.3 (main, Mar  3 2026, 12:15:18) [GCC 13.3.0]",py312_cuml_adaptive,profiler_cuml_adaptive_fix1,QHY411-1_SDSSi_bin2,37.8,11.114878177642822,621.0,2026-09-03T12:45:41.079Z,7100.0,5325.0,SDSSi,GaiaDR33534005919872722560,,458.0,59.0,fix1,local,21.0036,0.0082,34.0,H100 (80 GB),2026-09-03 12:45:41.079000+00:00
azken,H100 PCIe,"3.12.3 (main, Mar  3 2026, 12:15:18) [GCC 13.3.0]",py312_cuml_adaptive,profiler_cuml_adaptive_fix1,QHY411-1_SDSSi_bin2,37.8,13.067437648773192,621.0,2026-09-03T12:46:04.228Z,7100.0,5325.0,SDSSi,GaiaDR33534005919872722560,,458.0,58.0,fix1,local,21.0036,0.0082,34.0,H100 (80 GB),2026-09-03 12:46:04.228000+00:00
azken,H100 PCIe,"3.12.3 (main, Mar  3 2026, 12:15:18) [GCC 13.3.0]",py312_cuml_adaptive,profiler_cuml_adaptive_fix1,QHY411-1_SDSSi_bin2,37.8,11.367775917053224,621.0,2026-09-03T12:46:24.896Z,7100.0,5325.0,SDSSi,GaiaDR33534005919872722560,,458.0,58.0,fix1,local,21.0036,0.0082,34.0,H100 (80 GB),2026-09-03 12:46:24.896000+00:00
azken,H100 PCIe,"3.12.3 (main, Mar  3 2026, 12:15:18) [GCC 13.3.0]",py312_cuml_adaptive,profiler_cuml_adaptive_fix1,QHY411-1_SDSSi_bin2,37.8,12.468682050704956,621.0,2026-09-03T12:46:47.216Z,7100.0,5325.0,SDSSi,GaiaDR33534005919872722560,,458.0,59.0,fix1,local,21.0036,0.0082,34.0,H100 (80 GB),2026-09-03 12:46:47.216000+00:00
azken,H100 PCIe,"3.12.3 (main, Mar  3 2026, 12:15:18) [GCC 13.3.0]",py312_cuml_adaptive,profiler_cuml_adaptive_fix1,QHY411-1_SDSSi_bin2,37.8,13.254216194152832,621.0,2026-09-03T12:47:10.173Z,7100.0,5325.0,SDSSi,GaiaDR33534005919872722560,,458.0,58.0,fix1,local,21.0036,0.0082,34.0,H100 (80 GB),2026-09-03 12:47:10.173000+00:00
azken,H100 PCIe,"3.12.3 (main, Mar  3 2026, 12:15:18) [GCC 13.3.0]",py312_cuml_always,profiler_cuml_always_fix1,QHY411-1_SDSSr_7k,37.8,24.673311710357662,12832.0,2026-09-03T14:16:11.822Z,7100.0,5325.0,SDSSr,V445Pup-griz,,458.0,58.0,fix1,local,21.7986,0.0022,168.0,H100 (80 GB),2026-09-03 14:16:11.822000+00:00
azken,H100 PCIe,"3.12.3 (main, Mar  3 2026, 12:15:18) [GCC 13.3.0]",py312_cuml_always,profiler_cuml_always_fix1,QHY411-1_SDSSr_7k,37.8,24.478704929351807,12832.0,2026-09-03T14:16:44.692Z,7100.0,5325.0,SDSSr,V445Pup-griz,,458.0,60.0,fix1,local,21.7986,0.0022,168.0,H100 (80 GB),2026-09-03 14:16:44.692000+00:00
azken,H100 PCIe,"3.12.3 (main, Mar  3 2026, 12:15:18) [GCC 13.3.0]",py312_cuml_always,profiler_cuml_always_fix1,QHY411-1_SDSSr_7k,37.8,23.874744176864624,12832.0,2026-09-03T14:17:17.621Z,7100.0,5325.0,SDSSr,V445Pup-griz,,458.0,60.0,fix1,local,21.7986,0.0022,168.0,H100 (80 GB),2026-09-03 14:17:17.621000+00:00
azken,H100 PCIe,"3.12.3 (main, Mar  3 2026, 12:15:18) [GCC 13.3.0]",py312_cuml_always,profiler_cuml_always_fix1,QHY411-1_SDSSr_7k,37.8,25.32001519203186,12832.0,2026-09-03T14:17:52.646Z,7100.0,5325.0,SDSSr,V445Pup-griz,,458.0,60.0,fix1,local,21.7986,0.0022,168.0,H100 (80 GB),2026-09-03 14:17:52.646000+00:00
azken,H100 PCIe,"3.12.3 (main, Mar  3 2026, 12:15:18) [GCC 13.3.0]",py312_cuml_always,profiler_cuml_always_fix1,QHY411-1_SDSSr_7k,37.8,24.755297422409058,12832.0,2026-09-03T14:18:28.117Z,7100.0,5325.0,SDSSr,V445Pup-griz,,458.0,60.0,fix1,local,21.7986,0.0022,168.0,H100 (80 GB),2026-09-03 14:18:28.117000+00:00
azken,H100 PCIe,"3.12.3 (main, Mar  3 2026, 12:15:18) [GCC 13.3.0]",py312_cuml_always,profiler_cuml_always_fix1,QHY411-1_SDSSr_7k,37.8,24.89810013771057,12832.0,2026-09-03T14:19:02.688Z,7100.0,5325.0,SDSSr,V445Pup-griz,,458.0,60.0,fix1,local,21.7986,0.0022,168.0,H100 (80 GB),2026-09-03 14:19:02.688000+00:00
azken,H100 PCIe,"3.12.3 (main, Mar  3 2026, 12:15:18) [GCC 13.3.0]",py312_cuml_always,profiler_cuml_always_fix1,QHY411-1_SDSSr_7k,37.8,23.61325478553772,12832.0,2026-09-03T14:19:36.330Z,7100.0,5325.0,SDSSr,V445Pup-griz,,458.0,60.0,fix1,local,21.7986,0.0022,168.0,H100 (80 GB),2026-09-03 14:19:36.330000+00:00
azken,H100 PCIe,"3.12.3 (main, Mar  3 2026, 12:15:18) [GCC 13.3.0]",py312_cuml_always,profiler_cuml_always_fix1,QHY411-1_SDSSr_7k,37.8,23.39220309257508,12832.0,2026-09-03T14:20:10.720Z,7100.0,5325.0,SDSSr,V445Pup-griz,,458.0,60.0,fix1,local,21.7986,0.0022,168.0,H100 (80 GB),2026-09-03 14:20:10.720000+00:00
azken,H100 PCIe,"3.12.3 (main, Mar  3 2026, 12:15:18) [GCC 13.3.0]",py312_cuml_always,profiler_cuml_always_fix1,QHY411-1_SDSSr_7k,37.8,23.289628505706787,12832.0,2026-09-03T14:20:42.688Z,7100.0,5325.0,SDSSr,V445Pup-griz,,458.0,60.0,fix1,local,21.7986,0.0022,168.0,H100 (80 GB),2026-09-03 14:20:42.688000+00:00
azken,H100 PCIe,"3.12.3 (main, Mar  3 2026, 12:15:18) [GCC 13.3.0]",py312_cuml_always,profiler_cuml_always_fix1,QHY411-1_SDSSr_7k,37.8,22.431692838668823,12832.0,2026-09-03T14:21:14.771Z,7100.0,5325.0,SDSSr,V445Pup-griz,,458.0,61.0,fix1,local,21.7986,0.0022,168.0,H100 (80 GB),2026-09-03 14:21:14.771000+00:00
azken,H100 PCIe,"3.12.3 (main, Mar  3 2026, 12:15:18) [GCC 13.3.0]",py312_cuml_adaptive,profiler_cuml_adaptive_fix1,QHY411-1_SDSSr_7k,37.8,23.21266365051269,12832.0,2026-09-03T14:23:08.354Z,7100.0,5325.0,SDSSr,V445Pup-griz,,458.0,60.0,fix1,local,21.7986,0.0022,168.0,H100 (80 GB),2026-09-03 14:23:08.354000+00:00
azken,H100 PCIe,"3.12.3 (main, Mar  3 2026, 12:15:18) [GCC 13.3.0]",py312_cuml_adaptive,profiler_cuml_adaptive_fix1,QHY411-1_SDSSr_7k,37.8,24.89535617828369,12832.0,2026-09-03T14:23:41.969Z,7100.0,5325.0,SDSSr,V445Pup-griz,,458.0,60.0,fix1,local,21.7986,0.0022,168.0,H100 (80 GB),2026-09-03 14:23:41.969000+00:00
azken,H100 PCIe,"3.12.3 (main, Mar  3 2026, 12:15:18) [GCC 13.3.0]",py312_cuml_adaptive,profiler_cuml_adaptive_fix1,QHY411-1_SDSSr_7k,37.8,23.605772018432617,12832.0,2026-09-03T14:24:15.434Z,7100.0,5325.0,SDSSr,V445Pup-griz,,458.0,60.0,fix1,local,21.7986,0.0022,168.0,H100 (80 GB),2026-09-03 14:24:15.434000+00:00
azken,H100 PCIe,"3.12.3 (main, Mar  3 2026, 12:15:18) [GCC 13.3.0]",py312_cuml_adaptive,profiler_cuml_adaptive_fix1,QHY411-1_SDSSr_7k,37.8,23.63539695739746,12832.0,2026-09-03T14:24:48.131Z,7100.0,5325.0,SDSSr,V445Pup-griz,,458.0,61.0,fix1,local,21.7986,0.0022,168.0,H100 (80 GB),2026-09-03 14:24:48.131000+00:00
azken,H100 PCIe,"3.12.3 (main, Mar  3 2026, 12:15:18) [GCC 13.3.0]",py312_cuml_adaptive,profiler_cuml_adaptive_fix1,QHY411-1_SDSSr_7k,37.8,22.2169988155365,12832.0,2026-09-03T14:25:20.992Z,7100.0,5325.0,SDSSr,V445Pup-griz,,458.0,60.0,fix1,local,21.7986,0.0022,168.0,H100 (80 GB),2026-09-03 14:25:20.992000+00:00
azken,H100 PCIe,"3.12.3 (main, Mar  3 2026, 12:15:18) [GCC 13.3.0]",py312_cuml_adaptive,profiler_cuml_adaptive_fix1,QHY411-1_SDSSr_7k,37.8,22.42853093147278,12832.0,2026-09-03T14:25:52.280Z,7100.0,5325.0,SDSSr,V445Pup-griz,,458.0,61.0,fix1,local,21.7986,0.0022,168.0,H100 (80 GB),2026-09-03 14:25:52.280000+00:00
azken,H100 PCIe,"3.12.3 (main, Mar  3 2026, 12:15:18) [GCC 13.3.0]",py312_cuml_adaptive,profiler_cuml_adaptive_fix1,QHY411-1_SDSSr_7k,37.8,22.534852743148804,12832.0,2026-09-03T14:26:24.865Z,7100.0,5325.0,SDSSr,V445Pup-griz,,458.0,60.0,fix1,local,21.7986,0.0022,168.0,H100 (80 GB),2026-09-03 14:26:24.865000+00:00
azken,H100 PCIe,"3.12.3 (main, Mar  3 2026, 12:15:18) [GCC 13.3.0]",py312_cuml_adaptive,profiler_cuml_adaptive_fix1,QHY411-1_SDSSr_7k,37.8,22.44948554039001,12832.0,2026-09-03T14:26:56.817Z,7100.0,5325.0,SDSSr,V445Pup-griz,,458.0,60.0,fix1,local,21.7986,0.0022,168.0,H100 (80 GB),2026-09-03 14:26:56.817000+00:00
azken,H100 PCIe,"3.12.3 (main, Mar  3 2026, 12:15:18) [GCC 13.3.0]",py312_cuml_adaptive,profiler_cuml_adaptive_fix1,QHY411-1_SDSSr_7k,37.8,22.202450275421143,12832.0,2026-09-03T14:27:29.394Z,7100.0,5325.0,SDSSr,V445Pup-griz,,458.0,60.0,fix1,local,21.7986,0.0022,168.0,H100 (80 GB),2026-09-03 14:27:29.394000+00:00
azken,H100 PCIe,"3.12.3 (main, Mar  3 2026, 12:15:18) [GCC 13.3.0]",py312_cuml_adaptive,profiler_cuml_adaptive_fix1,QHY411-1_SDSSr_7k,37.8,22.572864055633545,12832.0,2026-09-03T14:28:00.854Z,7100.0,5325.0,SDSSr,V445Pup-griz,,458.0,60.0,fix1,local,21.7986,0.0022,168.0,H100 (80 GB),2026-09-03 14:28:00.854000+00:00
azken,H100 PCIe,"3.12.3 (main, Mar  3 2026, 12:15:18) [GCC 13.3.0]",py312_cuml_always,profiler_cuml_always_fix1,QHY411-3_Lum_131k,151.2,75.20270347595215,134206.0,2026-09-03T18:44:01.657Z,14200.0,10650.0,Lum,C2025N1,,30071.0,65.0,fix1,local,25.1677,0.0013,184.0,H100 (80 GB),2026-09-03 18:44:01.657000+00:00
azken,H100 PCIe,"3.12.3 (main, Mar  3 2026, 12:15:18) [GCC 13.3.0]",py312_cuml_always,profiler_cuml_always_fix1,QHY411-3_Lum_131k,151.2,68.93521308898926,134206.0,2026-09-03T18:45:19.787Z,14200.0,10650.0,Lum,C2025N1,,30071.0,65.0,fix1,local,25.1677,0.0013,184.0,H100 (80 GB),2026-09-03 18:45:19.787000+00:00
azken,H100 PCIe,"3.12.3 (main, Mar  3 2026, 12:15:18) [GCC 13.3.0]",py312_cuml_always,profiler_cuml_always_fix1,QHY411-3_Lum_131k,151.2,71.86242413520813,134206.0,2026-09-03T18:46:42.276Z,14200.0,10650.0,Lum,C2025N1,,30071.0,65.0,fix1,local,25.1677,0.0013,184.0,H100 (80 GB),2026-09-03 18:46:42.276000+00:00
azken,H100 PCIe,"3.12.3 (main, Mar  3 2026, 12:15:18) [GCC 13.3.0]",py312_cuml_always,profiler_cuml_always_fix1,QHY411-3_Lum_131k,151.2,62.32431173324585,134206.0,2026-09-03T18:47:54.936Z,14200.0,10650.0,Lum,C2025N1,,30071.0,65.0,fix1,local,25.1677,0.0013,184.0,H100 (80 GB),2026-09-03 18:47:54.936000+00:00
azken,H100 PCIe,"3.12.3 (main, Mar  3 2026, 12:15:18) [GCC 13.3.0]",py312_cuml_always,profiler_cuml_always_fix1,QHY411-3_Lum_131k,151.2,40.78640842437744,134206.0,2026-09-03T18:48:44.931Z,14200.0,10650.0,Lum,C2025N1,,30071.0,65.0,fix1,local,25.1677,0.0013,184.0,H100 (80 GB),2026-09-03 18:48:44.931000+00:00
azken,H100 PCIe,"3.12.3 (main, Mar  3 2026, 12:15:18) [GCC 13.3.0]",py312_cuml_always,profiler_cuml_always_fix1,QHY411-3_Lum_131k,151.2,45.99988198280335,134206.0,2026-09-03T18:49:39.233Z,14200.0,10650.0,Lum,C2025N1,,30071.0,65.0,fix1,local,25.1677,0.0013,184.0,H100 (80 GB),2026-09-03 18:49:39.233000+00:00
azken,H100 PCIe,"3.12.3 (main, Mar  3 2026, 12:15:18) [GCC 13.3.0]",py312_cuml_always,profiler_cuml_always_fix1,QHY411-3_Lum_131k,151.2,76.63674974441528,134206.0,2026-09-03T18:51:06.100Z,14200.0,10650.0,Lum,C2025N1,,30071.0,65.0,fix1,local,25.1677,0.0013,184.0,H100 (80 GB),2026-09-03 18:51:06.100000+00:00
azken,H100 PCIe,"3.12.3 (main, Mar  3 2026, 12:15:18) [GCC 13.3.0]",py312_cuml_always,profiler_cuml_always_fix1,QHY411-3_Lum_131k,151.2,55.13813161849976,134206.0,2026-09-03T18:52:11.422Z,14200.0,10650.0,Lum,C2025N1,,30071.0,65.0,fix1,local,25.1677,0.0013,184.0,H100 (80 GB),2026-09-03 18:52:11.422000+00:00
azken,H100 PCIe,"3.12.3 (main, Mar  3 2026, 12:15:18) [GCC 13.3.0]",py312_cuml_always,profiler_cuml_always_fix1,QHY411-3_Lum_131k,151.2,43.52516436576843,134206.0,2026-09-03T18:53:04.925Z,14200.0,10650.0,Lum,C2025N1,,30071.0,65.0,fix1,local,25.1677,0.0013,184.0,H100 (80 GB),2026-09-03 18:53:04.925000+00:00
azken,H100 PCIe,"3.12.3 (main, Mar  3 2026, 12:15:18) [GCC 13.3.0]",py312_cuml_always,profiler_cuml_always_fix1,QHY411-3_Lum_131k,151.2,46.773181676864624,134206.0,2026-09-03T18:54:00.723Z,14200.0,10650.0,Lum,C2025N1,,30071.0,65.0,fix1,local,25.1677,0.0013,184.0,H100 (80 GB),2026-09-03 18:54:00.723000+00:00
azken,H100 PCIe,"3.12.3 (main, Mar  3 2026, 12:15:18) [GCC 13.3.0]",py312_cuml_adaptive,profiler_cuml_adaptive_fix1,QHY411-3_Lum_131k,151.2,52.50294208526611,134206.0,2026-09-03T18:56:52.656Z,14200.0,10650.0,Lum,C2025N1,,30071.0,65.0,fix1,local,25.1677,0.0013,184.0,H100 (80 GB),2026-09-03 18:56:52.656000+00:00
azken,H100 PCIe,"3.12.3 (main, Mar  3 2026, 12:15:18) [GCC 13.3.0]",py312_cuml_always,profiler_cuml_always_fix1,QHY411-3_Lum_full,151.2,30.531047105789185,18712.0,2026-09-03T17:25:24.383Z,14200.0,10650.0,Lum,24P,,30069.0,67.0,fix1,local,25.2253,0.0011,191.0,H100 (80 GB),2026-09-03 17:25:24.383000+00:00
azken,H100 PCIe,"3.12.3 (main, Mar  3 2026, 12:15:18) [GCC 13.3.0]",py312_cuml_always,profiler_cuml_always_fix1,QHY411-3_Lum_full,151.2,31.98544883728028,18712.0,2026-09-03T17:26:05.039Z,14200.0,10650.0,Lum,24P,,30069.0,67.0,fix1,local,25.2253,0.0011,191.0,H100 (80 GB),2026-09-03 17:26:05.039000+00:00
azken,H100 PCIe,"3.12.3 (main, Mar  3 2026, 12:15:18) [GCC 13.3.0]",py312_cuml_always,profiler_cuml_always_fix1,QHY411-3_Lum_full,151.2,32.45122742652893,18712.0,2026-09-03T17:26:48.049Z,14200.0,10650.0,Lum,24P,,30069.0,67.0,fix1,local,25.2253,0.0011,191.0,H100 (80 GB),2026-09-03 17:26:48.049000+00:00
azken,H100 PCIe,"3.12.3 (main, Mar  3 2026, 12:15:18) [GCC 13.3.0]",py312_cuml_always,profiler_cuml_always_fix1,QHY411-3_Lum_full,151.2,31.22341132164001,18712.0,2026-09-03T17:27:28.553Z,14200.0,10650.0,Lum,24P,,30069.0,67.0,fix1,local,25.2253,0.0011,191.0,H100 (80 GB),2026-09-03 17:27:28.553000+00:00
azken,H100 PCIe,"3.12.3 (main, Mar  3 2026, 12:15:18) [GCC 13.3.0]",py312_cuml_always,profiler_cuml_always_fix1,QHY411-3_Lum_full,151.2,31.039348125457764,18712.0,2026-09-03T17:28:59.233Z,14200.0,10650.0,Lum,24P,,30069.0,67.0,fix1,local,25.2253,0.0011,191.0,H100 (80 GB),2026-09-03 17:28:59.233000+00:00
azken,H100 PCIe,"3.12.3 (main, Mar  3 2026, 12:15:18) [GCC 13.3.0]",py312_cuml_always,profiler_cuml_always_fix1,QHY411-3_Lum_full,151.2,30.742629051208496,18712.0,2026-09-03T17:29:40.656Z,14200.0,10650.0,Lum,24P,,30069.0,67.0,fix1,local,25.2253,0.0011,191.0,H100 (80 GB),2026-09-03 17:29:40.656000+00:00
azken,H100 PCIe,"3.12.3 (main, Mar  3 2026, 12:15:18) [GCC 13.3.0]",py312_cuml_always,profiler_cuml_always_fix1,QHY411-3_Lum_full,151.2,31.319337129592896,18712.0,2026-09-03T17:30:20.650Z,14200.0,10650.0,Lum,24P,,30069.0,67.0,fix1,local,25.2253,0.0011,191.0,H100 (80 GB),2026-09-03 17:30:20.650000+00:00
azken,H100 PCIe,"3.12.3 (main, Mar  3 2026, 12:15:18) [GCC 13.3.0]",py312_cuml_always,profiler_cuml_always_fix1,QHY411-3_Lum_full,151.2,31.48375129699707,18712.0,2026-09-03T17:31:02.964Z,14200.0,10650.0,Lum,24P,,30069.0,67.0,fix1,local,25.2253,0.0011,191.0,H100 (80 GB),2026-09-03 17:31:02.964000+00:00
azken,H100 PCIe,"3.12.3 (main, Mar  3 2026, 12:15:18) [GCC 13.3.0]",py312_cuml_adaptive,profiler_cuml_adaptive_fix1,QHY411-3_Lum_full,151.2,34.17069339752197,18712.0,2026-09-03T17:33:18.497Z,14200.0,10650.0,Lum,24P,,30069.0,67.0,fix1,local,25.2253,0.0011,191.0,H100 (80 GB),2026-09-03 17:33:18.497000+00:00
azken,H100 PCIe,"3.12.3 (main, Mar  3 2026, 12:15:18) [GCC 13.3.0]",py312_cuml_adaptive,profiler_cuml_adaptive_fix1,QHY411-3_Lum_full,151.2,30.932093858718872,18712.0,2026-09-03T17:34:00.452Z,14200.0,10650.0,Lum,24P,,30069.0,67.0,fix1,local,25.2253,0.0011,191.0,H100 (80 GB),2026-09-03 17:34:00.452000+00:00
azken,H100 PCIe,"3.12.3 (main, Mar  3 2026, 12:15:18) [GCC 13.3.0]",py312_cuml_adaptive,profiler_cuml_adaptive_fix1,QHY411-3_Lum_full,151.2,31.05746865272522,18712.0,2026-09-03T17:34:40.548Z,14200.0,10650.0,Lum,24P,,30069.0,67.0,fix1,local,25.2253,0.0011,191.0,H100 (80 GB),2026-09-03 17:34:40.548000+00:00
azken,H100 PCIe,"3.12.3 (main, Mar  3 2026, 12:15:18) [GCC 13.3.0]",py312_cuml_adaptive,profiler_cuml_adaptive_fix1,QHY411-3_Lum_full,151.2,37.14026546478272,18712.0,2026-09-03T17:35:26.792Z,14200.0,10650.0,Lum,24P,,30069.0,67.0,fix1,local,25.2253,0.0011,191.0,H100 (80 GB),2026-09-03 17:35:26.792000+00:00
azken,H100 PCIe,"3.12.3 (main, Mar  3 2026, 12:15:18) [GCC 13.3.0]",py312_cuml_adaptive,profiler_cuml_adaptive_fix1,QHY411-3_Lum_full,151.2,31.185178518295288,18712.0,2026-09-03T17:36:08.733Z,14200.0,10650.0,Lum,24P,,30069.0,66.0,fix1,local,25.2253,0.0011,191.0,H100 (80 GB),2026-09-03 17:36:08.733000+00:00
azken,H100 PCIe,"3.12.3 (main, Mar  3 2026, 12:15:18) [GCC 13.3.0]",py312_cuml_adaptive,profiler_cuml_adaptive_fix1,QHY411-3_Lum_full,151.2,32.26808977127075,18712.0,2026-09-03T17:36:51.220Z,14200.0,10650.0,Lum,24P,,30069.0,67.0,fix1,local,25.2253,0.0011,191.0,H100 (80 GB),2026-09-03 17:36:51.220000+00:00
azken,H100 PCIe,"3.12.3 (main, Mar  3 2026, 12:15:18) [GCC 13.3.0]",py312_cuml_adaptive,profiler_cuml_adaptive_fix1,QHY411-3_Lum_full,151.2,31.10976338386536,18712.0,2026-09-03T17:37:32.670Z,14200.0,10650.0,Lum,24P,,30069.0,67.0,fix1,local,25.2253,0.0011,191.0,H100 (80 GB),2026-09-03 17:37:32.670000+00:00
azken,H100 PCIe,"3.12.3 (main, Mar  3 2026, 12:15:18) [GCC 13.3.0]",py312_cuml_adaptive,profiler_cuml_adaptive_fix1,QHY411-3_Lum_full,151.2,34.15446734428406,18712.0,2026-09-03T17:38:17.109Z,14200.0,10650.0,Lum,24P,,30069.0,67.0,fix1,local,25.2253,0.0011,191.0,H100 (80 GB),2026-09-03 17:38:17.109000+00:00
azken,H100 PCIe,"3.12.3 (main, Mar  3 2026, 12:15:18) [GCC 13.3.0]",py312_cuml_adaptive,profiler_cuml_adaptive_fix1,QHY411-3_Lum_full,151.2,36.79945945739746,18712.0,2026-09-03T17:39:02.791Z,14200.0,10650.0,Lum,24P,,30069.0,66.0,fix1,local,25.2253,0.0011,191.0,H100 (80 GB),2026-09-03 17:39:02.791000+00:00
azken,H100 PCIe,"3.12.3 (main, Mar  3 2026, 12:15:18) [GCC 13.3.0]",py312_cuml_adaptive,profiler_cuml_adaptive_fix1,QHY411-3_Lum_full,151.2,35.546278953552246,18712.0,2026-09-03T17:39:48.640Z,14200.0,10650.0,Lum,24P,,30069.0,66.0,fix1,local,25.2253,0.0011,191.0,H100 (80 GB),2026-09-03 17:39:48.640000+00:00
azken,H100 PCIe,"3.12.3 (main, Mar  3 2026, 12:15:18) [GCC 13.3.0]",py312_cuml_always,profiler_cuml_always_fix1,QHY411-3_SDSSg_10k,151.2,44.79836010932922,10168.0,2026-09-03T18:02:39.502Z,14200.0,10650.0,SDSSg,M106,,30069.0,81.0,fix1,local,24.5599,0.0017,141.0,H100 (80 GB),2026-09-03 18:02:39.502000+00:00
azken,H100 PCIe,"3.12.3 (main, Mar  3 2026, 12:15:18) [GCC 13.3.0]",py312_cuml_always,profiler_cuml_always_fix1,QHY411-3_SDSSg_10k,151.2,54.57335948944092,10168.0,2026-09-03T18:03:42.689Z,14200.0,10650.0,SDSSg,M106,,30069.0,82.0,fix1,local,24.5599,0.0017,141.0,H100 (80 GB),2026-09-03 18:03:42.689000+00:00
azken,H100 PCIe,"3.12.3 (main, Mar  3 2026, 12:15:18) [GCC 13.3.0]",py312_cuml_always,profiler_cuml_always_fix1,QHY411-3_SDSSg_10k,151.2,46.769941329956055,10168.0,2026-09-03T18:04:39.523Z,14200.0,10650.0,SDSSg,M106,,30069.0,81.0,fix1,local,24.5599,0.0017,141.0,H100 (80 GB),2026-09-03 18:04:39.523000+00:00
azken,H100 PCIe,"3.12.3 (main, Mar  3 2026, 12:15:18) [GCC 13.3.0]",py312_cuml_always,profiler_cuml_always_fix1,QHY411-3_SDSSg_10k,151.2,47.84395146369934,10168.0,2026-09-03T18:05:37.462Z,14200.0,10650.0,SDSSg,M106,,30069.0,81.0,fix1,local,24.5599,0.0017,141.0,H100 (80 GB),2026-09-03 18:05:37.462000+00:00
azken,H100 PCIe,"3.12.3 (main, Mar  3 2026, 12:15:18) [GCC 13.3.0]",py312_cuml_always,profiler_cuml_always_fix1,QHY411-3_SDSSg_10k,151.2,48.605440855026245,10168.0,2026-09-03T18:06:37.861Z,14200.0,10650.0,SDSSg,M106,,30069.0,82.0,fix1,local,24.5599,0.0017,141.0,H100 (80 GB),2026-09-03 18:06:37.861000+00:00
azken,H100 PCIe,"3.12.3 (main, Mar  3 2026, 12:15:18) [GCC 13.3.0]",py312_cuml_always,profiler_cuml_always_fix1,QHY411-3_SDSSg_10k,151.2,44.48436498641968,10168.0,2026-09-03T18:07:31.766Z,14200.0,10650.0,SDSSg,M106,,30069.0,83.0,fix1,local,24.5599,0.0017,141.0,H100 (80 GB),2026-09-03 18:07:31.766000+00:00
azken,H100 PCIe,"3.12.3 (main, Mar  3 2026, 12:15:18) [GCC 13.3.0]",py312_cuml_always,profiler_cuml_always_fix1,QHY411-3_SDSSg_10k,151.2,55.13847351074219,10168.0,2026-09-03T18:09:56.271Z,14200.0,10650.0,SDSSg,M106,,30069.0,82.0,fix1,local,24.5599,0.0017,141.0,H100 (80 GB),2026-09-03 18:09:56.271000+00:00
azken,H100 PCIe,"3.12.3 (main, Mar  3 2026, 12:15:18) [GCC 13.3.0]",py312_cuml_always,profiler_cuml_always_fix1,QHY411-3_SDSSg_10k,151.2,47.90485596656799,10168.0,2026-09-03T18:10:52.412Z,14200.0,10650.0,SDSSg,M106,,30069.0,82.0,fix1,local,24.5599,0.0017,141.0,H100 (80 GB),2026-09-03 18:10:52.412000+00:00
azken,H100 PCIe,"3.12.3 (main, Mar  3 2026, 12:15:18) [GCC 13.3.0]",py312_cuml_always,profiler_cuml_always_fix1,QHY411-3_SDSSg_10k,151.2,44.41521716117859,10168.0,2026-09-03T18:11:47.448Z,14200.0,10650.0,SDSSg,M106,,30069.0,81.0,fix1,local,24.5599,0.0017,141.0,H100 (80 GB),2026-09-03 18:11:47.448000+00:00
azken,H100 PCIe,"3.12.3 (main, Mar  3 2026, 12:15:18) [GCC 13.3.0]",py312_cuml_adaptive,profiler_cuml_adaptive_fix1,QHY411-3_SDSSg_10k,151.2,36.51980209350586,10168.0,2026-09-03T18:14:27.605Z,14200.0,10650.0,SDSSg,M106,,30071.0,82.0,fix1,local,24.5599,0.0017,141.0,H100 (80 GB),2026-09-03 18:14:27.605000+00:00
azken,H100 PCIe,"3.12.3 (main, Mar  3 2026, 12:15:18) [GCC 13.3.0]",py312_cuml_adaptive,profiler_cuml_adaptive_fix1,QHY411-3_SDSSg_10k,151.2,28.316965341568,10168.0,2026-09-03T18:15:03.834Z,14200.0,10650.0,SDSSg,M106,,30071.0,74.0,fix1,local,24.5599,0.0017,141.0,H100 (80 GB),2026-09-03 18:15:03.834000+00:00
azken,H100 PCIe,"3.12.3 (main, Mar  3 2026, 12:15:18) [GCC 13.3.0]",py312_cuml_adaptive,profiler_cuml_adaptive_fix1,QHY411-3_SDSSg_10k,151.2,28.86700868606568,10168.0,2026-09-03T18:15:44.141Z,14200.0,10650.0,SDSSg,M106,,30071.0,70.0,fix1,local,24.5599,0.0017,141.0,H100 (80 GB),2026-09-03 18:15:44.141000+00:00
azken,H100 PCIe,"3.12.3 (main, Mar  3 2026, 12:15:18) [GCC 13.3.0]",py312_cuml_adaptive,profiler_cuml_adaptive_fix1,QHY411-3_SDSSg_10k,151.2,27.70722198486328,10168.0,2026-09-03T18:16:20.660Z,14200.0,10650.0,SDSSg,M106,,30071.0,69.0,fix1,local,24.5599,0.0017,141.0,H100 (80 GB),2026-09-03 18:16:20.660000+00:00
azken,H100 PCIe,"3.12.3 (main, Mar  3 2026, 12:15:18) [GCC 13.3.0]",py312_cuml_adaptive,profiler_cuml_adaptive_fix1,QHY411-3_SDSSg_10k,151.2,29.44209814071656,10168.0,2026-09-03T18:17:00.464Z,14200.0,10650.0,SDSSg,M106,,30071.0,68.0,fix1,local,24.5599,0.0017,141.0,H100 (80 GB),2026-09-03 18:17:00.464000+00:00
azken,H100 PCIe,"3.12.3 (main, Mar  3 2026, 12:15:18) [GCC 13.3.0]",py312_cuml_adaptive,profiler_cuml_adaptive_fix1,QHY411-3_SDSSg_10k,151.2,30.341285705566406,10168.0,2026-09-03T18:17:41.231Z,14200.0,10650.0,SDSSg,M106,,30071.0,68.0,fix1,local,24.5599,0.0017,141.0,H100 (80 GB),2026-09-03 18:17:41.231000+00:00
azken,H100 PCIe,"3.12.3 (main, Mar  3 2026, 12:15:18) [GCC 13.3.0]",py312_cuml_adaptive,profiler_cuml_adaptive_fix1,QHY411-3_SDSSg_10k,151.2,27.549847841262817,10168.0,2026-09-03T18:18:19.457Z,14200.0,10650.0,SDSSg,M106,,30071.0,67.0,fix1,local,24.5599,0.0017,141.0,H100 (80 GB),2026-09-03 18:18:19.457000+00:00
azken,H100 PCIe,"3.12.3 (main, Mar  3 2026, 12:15:18) [GCC 13.3.0]",py312_cuml_adaptive,profiler_cuml_adaptive_fix1,QHY411-3_SDSSg_10k,151.2,28.139159440994263,10168.0,2026-09-03T18:18:58.100Z,14200.0,10650.0,SDSSg,M106,,30071.0,67.0,fix1,local,24.5599,0.0017,141.0,H100 (80 GB),2026-09-03 18:18:58.100000+00:00
azken,H100 PCIe,"3.12.3 (main, Mar  3 2026, 12:15:18) [GCC 13.3.0]",py312_cuml_adaptive,profiler_cuml_adaptive_fix1,QHY411-3_SDSSg_10k,151.2,26.93366265296936,10168.0,2026-09-03T18:19:33.717Z,14200.0,10650.0,SDSSg,M106,,30071.0,67.0,fix1,local,24.5599,0.0017,141.0,H100 (80 GB),2026-09-03 18:19:33.717000+00:00
azken,H100 PCIe,"3.12.3 (main, Mar  3 2026, 12:15:18) [GCC 13.3.0]",py312_cuml_adaptive,profiler_cuml_adaptive_fix1,QHY411-3_SDSSg_10k,151.2,29.82590079307556,10168.0,2026-09-03T18:20:13.705Z,14200.0,10650.0,SDSSg,M106,,30071.0,67.0,fix1,local,24.5599,0.0017,141.0,H100 (80 GB),2026-09-03 18:20:13.705000+00:00
azken,H100 PCIe,"3.12.3 (main, Mar  3 2026, 12:15:18) [GCC 13.3.0]",py312_cuml_always,profiler_cuml_always_fix1,QHY411-3_SDSSr_19k,151.2,28.93900156021118,19492.0,2026-09-03T18:31:50.730Z,14200.0,10650.0,SDSSr,NGC2683,,30071.0,66.0,fix1,local,24.0561,0.0013,187.0,H100 (80 GB),2026-09-03 18:31:50.730000+00:00
azken,H100 PCIe,"3.12.3 (main, Mar  3 2026, 12:15:18) [GCC 13.3.0]",py312_cuml_always,profiler_cuml_always_fix1,QHY411-3_SDSSr_19k,151.2,28.67361211776733,19492.0,2026-09-03T18:32:29.426Z,14200.0,10650.0,SDSSr,NGC2683,,30071.0,66.0,fix1,local,24.0561,0.0013,187.0,H100 (80 GB),2026-09-03 18:32:29.426000+00:00
azken,H100 PCIe,"3.12.3 (main, Mar  3 2026, 12:15:18) [GCC 13.3.0]",py312_cuml_always,profiler_cuml_always_fix1,QHY411-3_SDSSr_19k,151.2,29.54603385925293,19492.0,2026-09-03T18:33:08.949Z,14200.0,10650.0,SDSSr,NGC2683,,30071.0,66.0,fix1,local,24.0561,0.0013,187.0,H100 (80 GB),2026-09-03 18:33:08.949000+00:00
azken,H100 PCIe,"3.12.3 (main, Mar  3 2026, 12:15:18) [GCC 13.3.0]",py312_cuml_always,profiler_cuml_always_fix1,QHY411-3_SDSSr_19k,151.2,31.60278964042664,19492.0,2026-09-03T18:33:50.387Z,14200.0,10650.0,SDSSr,NGC2683,,30071.0,66.0,fix1,local,24.0561,0.0013,187.0,H100 (80 GB),2026-09-03 18:33:50.387000+00:00
azken,H100 PCIe,"3.12.3 (main, Mar  3 2026, 12:15:18) [GCC 13.3.0]",py312_cuml_always,profiler_cuml_always_fix1,QHY411-3_SDSSr_19k,151.2,31.40854215621948,19492.0,2026-09-03T18:34:32.144Z,14200.0,10650.0,SDSSr,NGC2683,,30071.0,67.0,fix1,local,24.0561,0.0013,187.0,H100 (80 GB),2026-09-03 18:34:32.144000+00:00
azken,H100 PCIe,"3.12.3 (main, Mar  3 2026, 12:15:18) [GCC 13.3.0]",py312_cuml_always,profiler_cuml_always_fix1,QHY411-3_SDSSr_19k,151.2,29.83952474594116,19492.0,2026-09-03T18:35:12.369Z,14200.0,10650.0,SDSSr,NGC2683,,30071.0,66.0,fix1,local,24.0561,0.0013,187.0,H100 (80 GB),2026-09-03 18:35:12.369000+00:00
azken,H100 PCIe,"3.12.3 (main, Mar  3 2026, 12:15:18) [GCC 13.3.0]",py312_cuml_always,profiler_cuml_always_fix1,QHY411-3_SDSSr_19k,151.2,31.612006187438965,19492.0,2026-09-03T18:35:54.714Z,14200.0,10650.0,SDSSr,NGC2683,,30071.0,66.0,fix1,local,24.0561,0.0013,187.0,H100 (80 GB),2026-09-03 18:35:54.714000+00:00
azken,H100 PCIe,"3.12.3 (main, Mar  3 2026, 12:15:18) [GCC 13.3.0]",py312_cuml_always,profiler_cuml_always_fix1,QHY411-3_SDSSr_19k,151.2,31.32005262374878,19492.0,2026-09-03T18:37:21.232Z,14200.0,10650.0,SDSSr,NGC2683,,30071.0,66.0,fix1,local,24.0561,0.0013,187.0,H100 (80 GB),2026-09-03 18:37:21.232000+00:00
azken,H100 PCIe,"3.12.3 (main, Mar  3 2026, 12:15:18) [GCC 13.3.0]",py312_cuml_always,profiler_cuml_always_fix1,QHY411-3_SDSSr_19k,151.2,29.952315092086792,19492.0,2026-09-03T18:38:02.697Z,14200.0,10650.0,SDSSr,NGC2683,,30071.0,66.0,fix1,local,24.0561,0.0013,187.0,H100 (80 GB),2026-09-03 18:38:02.697000+00:00
azken,H100 PCIe,"3.12.3 (main, Mar  3 2026, 12:15:18) [GCC 13.3.0]",py312_cuml_adaptive,profiler_cuml_adaptive_fix1,QHY411-3_SDSSr_19k,151.2,30.548583030700684,19492.0,2026-09-03T18:23:09.093Z,14200.0,10650.0,SDSSr,NGC2683,,30071.0,66.0,fix1,local,24.0561,0.0013,187.0,H100 (80 GB),2026-09-03 18:23:09.093000+00:00
azken,H100 PCIe,"3.12.3 (main, Mar  3 2026, 12:15:18) [GCC 13.3.0]",py312_cuml_adaptive,profiler_cuml_adaptive_fix1,QHY411-3_SDSSr_19k,151.2,31.14836263656616,19492.0,2026-09-03T18:23:51.312Z,14200.0,10650.0,SDSSr,NGC2683,,30071.0,66.0,fix1,local,24.0561,0.0013,187.0,H100 (80 GB),2026-09-03 18:23:51.312000+00:00
azken,H100 PCIe,"3.12.3 (main, Mar  3 2026, 12:15:18) [GCC 13.3.0]",py312_cuml_adaptive,profiler_cuml_adaptive_fix1,QHY411-3_SDSSr_19k,151.2,34.67598938941956,19492.0,2026-09-03T18:24:36.423Z,14200.0,10650.0,SDSSr,NGC2683,,30071.0,66.0,fix1,local,24.0561,0.0013,187.0,H100 (80 GB),2026-09-03 18:24:36.423000+00:00
azken,H100 PCIe,"3.12.3 (main, Mar  3 2026, 12:15:18) [GCC 13.3.0]",py312_cuml_adaptive,profiler_cuml_adaptive_fix1,QHY411-3_SDSSr_19k,151.2,29.825210571289062,19492.0,2026-09-03T18:25:15.383Z,14200.0,10650.0,SDSSr,NGC2683,,30071.0,66.0,fix1,local,24.0561,0.0013,187.0,H100 (80 GB),2026-09-03 18:25:15.383000+00:00
azken,H100 PCIe,"3.12.3 (main, Mar  3 2026, 12:15:18) [GCC 13.3.0]",py312_cuml_adaptive,profiler_cuml_adaptive_fix1,QHY411-3_SDSSr_19k,151.2,31.25014424324036,19492.0,2026-09-03T18:25:57.486Z,14200.0,10650.0,SDSSr,NGC2683,,30071.0,66.0,fix1,local,24.0561,0.0013,187.0,H100 (80 GB),2026-09-03 18:25:57.486000+00:00
azken,H100 PCIe,"3.12.3 (main, Mar  3 2026, 12:15:18) [GCC 13.3.0]",py312_cuml_adaptive,profiler_cuml_adaptive_fix1,QHY411-3_SDSSr_19k,151.2,29.15838980674744,19492.0,2026-09-03T18:26:36.678Z,14200.0,10650.0,SDSSr,NGC2683,,30071.0,66.0,fix1,local,24.0561,0.0013,187.0,H100 (80 GB),2026-09-03 18:26:36.678000+00:00
azken,H100 PCIe,"3.12.3 (main, Mar  3 2026, 12:15:18) [GCC 13.3.0]",py312_cuml_adaptive,profiler_cuml_adaptive_fix1,QHY411-3_SDSSr_19k,151.2,35.007596254348755,19492.0,2026-09-03T18:28:19.052Z,14200.0,10650.0,SDSSr,NGC2683,,30071.0,66.0,fix1,local,24.0561,0.0013,187.0,H100 (80 GB),2026-09-03 18:28:19.052000+00:00
azken,H100 PCIe,"3.12.3 (main, Mar  3 2026, 12:15:18) [GCC 13.3.0]",py312_cuml_adaptive,profiler_cuml_adaptive_fix1,QHY411-3_SDSSr_19k,151.2,32.07508087158203,19492.0,2026-09-03T18:29:00.538Z,14200.0,10650.0,SDSSr,NGC2683,,30071.0,66.0,fix1,local,24.0561,0.0013,187.0,H100 (80 GB),2026-09-03 18:29:00.538000+00:00
azken,H100 PCIe,"3.12.3 (main, Mar  3 2026, 12:15:18) [GCC 13.3.0]",py312_cuml_adaptive,profiler_cuml_adaptive_fix1,QHY411-3_SDSSr_19k,151.2,37.12823843955994,19492.0,2026-09-03T18:29:47.669Z,14200.0,10650.0,SDSSr,NGC2683,,30071.0,66.0,fix1,local,24.0561,0.0013,187.0,H100 (80 GB),2026-09-03 18:29:47.669000+00:00
azken,H100 PCIe,"3.12.3 (main, Mar  3 2026, 12:15:18) [GCC 13.3.0]",py312_cuml_always,profiler_cuml_always_fix1,QHY411-3_SDSSr_full,151.2,34.66920328140259,15390.0,2026-09-03T17:50:48.488Z,14200.0,10650.0,SDSSr,M81,,30069.0,67.0,fix1,local,24.0872,0.0011,184.0,H100 (80 GB),2026-09-03 17:50:48.488000+00:00
azken,H100 PCIe,"3.12.3 (main, Mar  3 2026, 12:15:18) [GCC 13.3.0]",py312_cuml_always,profiler_cuml_always_fix1,QHY411-3_SDSSr_full,151.2,43.18952083587647,15390.0,2026-09-03T17:51:40.868Z,14200.0,10650.0,SDSSr,M81,,30069.0,67.0,fix1,local,24.0872,0.0011,184.0,H100 (80 GB),2026-09-03 17:51:40.868000+00:00
azken,H100 PCIe,"3.12.3 (main, Mar  3 2026, 12:15:18) [GCC 13.3.0]",py312_cuml_always,profiler_cuml_always_fix1,QHY411-3_SDSSr_full,151.2,34.29210543632507,15390.0,2026-09-03T17:52:25.700Z,14200.0,10650.0,SDSSr,M81,,30069.0,66.0,fix1,local,24.0872,0.0011,184.0,H100 (80 GB),2026-09-03 17:52:25.700000+00:00
azken,H100 PCIe,"3.12.3 (main, Mar  3 2026, 12:15:18) [GCC 13.3.0]",py312_cuml_always,profiler_cuml_always_fix1,QHY411-3_SDSSr_full,151.2,31.79486346244812,15390.0,2026-09-03T17:53:07.386Z,14200.0,10650.0,SDSSr,M81,,30069.0,66.0,fix1,local,24.0872,0.0011,184.0,H100 (80 GB),2026-09-03 17:53:07.386000+00:00
azken,H100 PCIe,"3.12.3 (main, Mar  3 2026, 12:15:18) [GCC 13.3.0]",py312_cuml_always,profiler_cuml_always_fix1,QHY411-3_SDSSr_full,151.2,31.239670991897583,15390.0,2026-09-03T17:53:49.133Z,14200.0,10650.0,SDSSr,M81,,30069.0,67.0,fix1,local,24.0872,0.0011,184.0,H100 (80 GB),2026-09-03 17:53:49.133000+00:00
azken,H100 PCIe,"3.12.3 (main, Mar  3 2026, 12:15:18) [GCC 13.3.0]",py312_cuml_always,profiler_cuml_always_fix1,QHY411-3_SDSSr_full,151.2,30.61172914505005,15390.0,2026-09-03T17:54:29.409Z,14200.0,10650.0,SDSSr,M81,,30069.0,66.0,fix1,local,24.0872,0.0011,184.0,H100 (80 GB),2026-09-03 17:54:29.409000+00:00
azken,H100 PCIe,"3.12.3 (main, Mar  3 2026, 12:15:18) [GCC 13.3.0]",py312_cuml_always,profiler_cuml_always_fix1,QHY411-3_SDSSr_full,151.2,42.43500995635986,15390.0,2026-09-03T17:55:20.729Z,14200.0,10650.0,SDSSr,M81,,30069.0,66.0,fix1,local,24.0872,0.0011,184.0,H100 (80 GB),2026-09-03 17:55:20.729000+00:00
azken,H100 PCIe,"3.12.3 (main, Mar  3 2026, 12:15:18) [GCC 13.3.0]",py312_cuml_always,profiler_cuml_always_fix1,QHY411-3_SDSSr_full,151.2,54.999861001968384,15390.0,2026-09-03T17:58:15.878Z,14200.0,10650.0,SDSSr,M81,,30069.0,81.0,fix1,local,24.0872,0.0011,184.0,H100 (80 GB),2026-09-03 17:58:15.878000+00:00
azken,H100 PCIe,"3.12.3 (main, Mar  3 2026, 12:15:18) [GCC 13.3.0]",py312_cuml_always,profiler_cuml_always_fix1,QHY411-3_SDSSr_full,151.2,52.43174409866333,15390.0,2026-09-03T17:59:18.100Z,14200.0,10650.0,SDSSr,M81,,30069.0,81.0,fix1,local,24.0872,0.0011,184.0,H100 (80 GB),2026-09-03 17:59:18.100000+00:00
azken,H100 PCIe,"3.12.3 (main, Mar  3 2026, 12:15:18) [GCC 13.3.0]",py312_cuml_adaptive,profiler_cuml_adaptive_fix1,QHY411-3_SDSSr_full,151.2,34.58766484260559,15390.0,2026-09-03T17:42:06.959Z,14200.0,10650.0,SDSSr,M81,,30069.0,67.0,fix1,local,24.0872,0.0011,184.0,H100 (80 GB),2026-09-03 17:42:06.959000+00:00
azken,H100 PCIe,"3.12.3 (main, Mar  3 2026, 12:15:18) [GCC 13.3.0]",py312_cuml_adaptive,profiler_cuml_adaptive_fix1,QHY411-3_SDSSr_full,151.2,31.05386114120484,15390.0,2026-09-03T17:42:47.591Z,14200.0,10650.0,SDSSr,M81,,30069.0,67.0,fix1,local,24.0872,0.0011,184.0,H100 (80 GB),2026-09-03 17:42:47.591000+00:00
azken,H100 PCIe,"3.12.3 (main, Mar  3 2026, 12:15:18) [GCC 13.3.0]",py312_cuml_adaptive,profiler_cuml_adaptive_fix1,QHY411-3_SDSSr_full,151.2,32.582459449768066,15390.0,2026-09-03T17:43:29.885Z,14200.0,10650.0,SDSSr,M81,,30069.0,67.0,fix1,local,24.0872,0.0011,184.0,H100 (80 GB),2026-09-03 17:43:29.885000+00:00
azken,H100 PCIe,"3.12.3 (main, Mar  3 2026, 12:15:18) [GCC 13.3.0]",py312_cuml_adaptive,profiler_cuml_adaptive_fix1,QHY411-3_SDSSr_full,151.2,30.19361400604248,15390.0,2026-09-03T17:44:10.611Z,14200.0,10650.0,SDSSr,M81,,30069.0,66.0,fix1,local,24.0872,0.0011,184.0,H100 (80 GB),2026-09-03 17:44:10.611000+00:00
azken,H100 PCIe,"3.12.3 (main, Mar  3 2026, 12:15:18) [GCC 13.3.0]",py312_cuml_adaptive,profiler_cuml_adaptive_fix1,QHY411-3_SDSSr_full,151.2,44.29275465011597,15390.0,2026-09-03T17:45:04.306Z,14200.0,10650.0,SDSSr,M81,,30069.0,67.0,fix1,local,24.0872,0.0011,184.0,H100 (80 GB),2026-09-03 17:45:04.306000+00:00
azken,H100 PCIe,"3.12.3 (main, Mar  3 2026, 12:15:18) [GCC 13.3.0]",py312_cuml_adaptive,profiler_cuml_adaptive_fix1,QHY411-3_SDSSr_full,151.2,30.42459368705749,15390.0,2026-09-03T17:45:44.214Z,14200.0,10650.0,SDSSr,M81,,30069.0,66.0,fix1,local,24.0872,0.0011,184.0,H100 (80 GB),2026-09-03 17:45:44.214000+00:00
azken,H100 PCIe,"3.12.3 (main, Mar  3 2026, 12:15:18) [GCC 13.3.0]",py312_cuml_adaptive,profiler_cuml_adaptive_fix1,QHY411-3_SDSSr_full,151.2,32.58034133911133,15390.0,2026-09-03T17:46:27.097Z,14200.0,10650.0,SDSSr,M81,,30069.0,67.0,fix1,local,24.0872,0.0011,184.0,H100 (80 GB),2026-09-03 17:46:27.097000+00:00
azken,H100 PCIe,"3.12.3 (main, Mar  3 2026, 12:15:18) [GCC 13.3.0]",py312_cuml_adaptive,profiler_cuml_adaptive_fix1,QHY411-3_SDSSr_full,151.2,34.099342346191406,15390.0,2026-09-03T17:47:12.262Z,14200.0,10650.0,SDSSr,M81,,30069.0,67.0,fix1,local,24.0872,0.0011,184.0,H100 (80 GB),2026-09-03 17:47:12.262000+00:00
azken,H100 PCIe,"3.12.3 (main, Mar  3 2026, 12:15:18) [GCC 13.3.0]",py312_cuml_adaptive,profiler_cuml_adaptive_fix1,QHY411-3_SDSSr_full,151.2,29.26848077774048,15390.0,2026-09-03T17:47:50.379Z,14200.0,10650.0,SDSSr,M81,,30069.0,67.0,fix1,local,24.0872,0.0011,184.0,H100 (80 GB),2026-09-03 17:47:50.379000+00:00
azken,H100 PCIe,"3.12.3 (main, Mar  3 2026, 12:15:18) [GCC 13.3.0]",py312_cuml_adaptive,profiler_cuml_adaptive_fix1,QHY411-3_SDSSr_full,151.2,38.59567475318909,15390.0,2026-09-03T17:48:38.287Z,14200.0,10650.0,SDSSr,M81,,30069.0,67.0,fix1,local,24.0872,0.0011,184.0,H100 (80 GB),2026-09-03 17:48:38.287000+00:00
azken,H100 PCIe,"3.12.3 (main, Mar  3 2026, 12:15:18) [GCC 13.3.0]",py312_cuml_always,profiler_cuml_always_fix1,QHY600-3_Lum,6.8,9.211665630340576,8093.0,2026-09-03T12:14:27.604Z,3191.0,2129.0,Lum,C2025R2,,458.0,56.0,fix1,local,26.8056,0.0082,8.0,H100 (80 GB),2026-09-03 12:14:27.604000+00:00
azken,H100 PCIe,"3.12.3 (main, Mar  3 2026, 12:15:18) [GCC 13.3.0]",py312_cuml_always,profiler_cuml_always_fix1,QHY600-3_Lum,6.8,10.380031824111938,8093.0,2026-09-03T12:14:47.608Z,3191.0,2129.0,Lum,C2025R2,,458.0,56.0,fix1,local,26.8056,0.0082,8.0,H100 (80 GB),2026-09-03 12:14:47.608000+00:00
azken,H100 PCIe,"3.12.3 (main, Mar  3 2026, 12:15:18) [GCC 13.3.0]",py312_cuml_always,profiler_cuml_always_fix1,QHY600-3_Lum,6.8,8.186448335647583,8093.0,2026-09-03T12:15:04.560Z,3191.0,2129.0,Lum,C2025R2,,458.0,57.0,fix1,local,26.8056,0.0082,8.0,H100 (80 GB),2026-09-03 12:15:04.560000+00:00
azken,H100 PCIe,"3.12.3 (main, Mar  3 2026, 12:15:18) [GCC 13.3.0]",py312_cuml_always,profiler_cuml_always_fix1,QHY600-3_Lum,6.8,10.948705673217772,8093.0,2026-09-03T12:15:25.302Z,3191.0,2129.0,Lum,C2025R2,,458.0,57.0,fix1,local,26.8056,0.0082,8.0,H100 (80 GB),2026-09-03 12:15:25.302000+00:00
azken,H100 PCIe,"3.12.3 (main, Mar  3 2026, 12:15:18) [GCC 13.3.0]",py312_cuml_always,profiler_cuml_always_fix1,QHY600-3_Lum,6.8,9.046372652053831,8093.0,2026-09-03T12:15:43.073Z,3191.0,2129.0,Lum,C2025R2,,458.0,57.0,fix1,local,26.8056,0.0082,8.0,H100 (80 GB),2026-09-03 12:15:43.073000+00:00
azken,H100 PCIe,"3.12.3 (main, Mar  3 2026, 12:15:18) [GCC 13.3.0]",py312_cuml_always,profiler_cuml_always_fix1,QHY600-3_Lum,6.8,10.571309328079224,8093.0,2026-09-03T12:16:01.647Z,3191.0,2129.0,Lum,C2025R2,,458.0,56.0,fix1,local,26.8056,0.0082,8.0,H100 (80 GB),2026-09-03 12:16:01.647000+00:00
azken,H100 PCIe,"3.12.3 (main, Mar  3 2026, 12:15:18) [GCC 13.3.0]",py312_cuml_always,profiler_cuml_always_fix1,QHY600-3_Lum,6.8,11.064919471740724,8093.0,2026-09-03T12:16:22.458Z,3191.0,2129.0,Lum,C2025R2,,458.0,57.0,fix1,local,26.8056,0.0082,8.0,H100 (80 GB),2026-09-03 12:16:22.458000+00:00
azken,H100 PCIe,"3.12.3 (main, Mar  3 2026, 12:15:18) [GCC 13.3.0]",py312_cuml_always,profiler_cuml_always_fix1,QHY600-3_Lum,6.8,9.906479120254517,8093.0,2026-09-03T12:16:42.154Z,3191.0,2129.0,Lum,C2025R2,,458.0,56.0,fix1,local,26.8056,0.0082,8.0,H100 (80 GB),2026-09-03 12:16:42.154000+00:00
azken,H100 PCIe,"3.12.3 (main, Mar  3 2026, 12:15:18) [GCC 13.3.0]",py312_cuml_always,profiler_cuml_always_fix1,QHY600-3_Lum,6.8,10.724495887756348,8093.0,2026-09-03T12:17:02.900Z,3191.0,2129.0,Lum,C2025R2,,458.0,56.0,fix1,local,26.8056,0.0082,8.0,H100 (80 GB),2026-09-03 12:17:02.900000+00:00
azken,H100 PCIe,"3.12.3 (main, Mar  3 2026, 12:15:18) [GCC 13.3.0]",py312_cuml_always,profiler_cuml_always_fix1,QHY600-3_Lum,6.8,8.656761884689331,8093.0,2026-09-03T12:17:21.791Z,3191.0,2129.0,Lum,C2025R2,,458.0,56.0,fix1,local,26.8056,0.0082,8.0,H100 (80 GB),2026-09-03 12:17:21.791000+00:00
azken,H100 PCIe,"3.12.3 (main, Mar  3 2026, 12:15:18) [GCC 13.3.0]",py312_cuml_adaptive,profiler_cuml_adaptive_fix1,QHY600-3_Lum,6.8,9.694432258605955,8093.0,2026-09-03T12:10:31.558Z,3191.0,2129.0,Lum,C2025R2,,458.0,56.0,fix1,local,26.8056,0.0082,8.0,H100 (80 GB),2026-09-03 12:10:31.558000+00:00
azken,H100 PCIe,"3.12.3 (main, Mar  3 2026, 12:15:18) [GCC 13.3.0]",py312_cuml_adaptive,profiler_cuml_adaptive_fix1,QHY600-3_Lum,6.8,10.079620599746704,8093.0,2026-09-03T12:10:51.045Z,3191.0,2129.0,Lum,C2025R2,,458.0,56.0,fix1,local,26.8056,0.0082,8.0,H100 (80 GB),2026-09-03 12:10:51.045000+00:00
azken,H100 PCIe,"3.12.3 (main, Mar  3 2026, 12:15:18) [GCC 13.3.0]",py312_cuml_adaptive,profiler_cuml_adaptive_fix1,QHY600-3_Lum,6.8,10.091173887252808,8093.0,2026-09-03T12:11:11.115Z,3191.0,2129.0,Lum,C2025R2,,458.0,56.0,fix1,local,26.8056,0.0082,8.0,H100 (80 GB),2026-09-03 12:11:11.115000+00:00
azken,H100 PCIe,"3.12.3 (main, Mar  3 2026, 12:15:18) [GCC 13.3.0]",py312_cuml_adaptive,profiler_cuml_adaptive_fix1,QHY600-3_Lum,6.8,10.27123761177063,8093.0,2026-09-03T12:11:31.374Z,3191.0,2129.0,Lum,C2025R2,,458.0,56.0,fix1,local,26.8056,0.0082,8.0,H100 (80 GB),2026-09-03 12:11:31.374000+00:00
azken,H100 PCIe,"3.12.3 (main, Mar  3 2026, 12:15:18) [GCC 13.3.0]",py312_cuml_adaptive,profiler_cuml_adaptive_fix1,QHY600-3_Lum,6.8,9.031761407852173,8093.0,2026-09-03T12:11:49.811Z,3191.0,2129.0,Lum,C2025R2,,458.0,56.0,fix1,local,26.8056,0.0082,8.0,H100 (80 GB),2026-09-03 12:11:49.811000+00:00
azken,H100 PCIe,"3.12.3 (main, Mar  3 2026, 12:15:18) [GCC 13.3.0]",py312_cuml_adaptive,profiler_cuml_adaptive_fix1,QHY600-3_Lum,6.8,9.4309561252594,8093.0,2026-09-03T12:12:08.485Z,3191.0,2129.0,Lum,C2025R2,,458.0,56.0,fix1,local,26.8056,0.0082,8.0,H100 (80 GB),2026-09-03 12:12:08.485000+00:00
azken,H100 PCIe,"3.12.3 (main, Mar  3 2026, 12:15:18) [GCC 13.3.0]",py312_cuml_adaptive,profiler_cuml_adaptive_fix1,QHY600-3_Lum,6.8,11.010665893554688,8093.0,2026-09-03T12:12:29.227Z,3191.0,2129.0,Lum,C2025R2,,458.0,56.0,fix1,local,26.8056,0.0082,8.0,H100 (80 GB),2026-09-03 12:12:29.227000+00:00
azken,H100 PCIe,"3.12.3 (main, Mar  3 2026, 12:15:18) [GCC 13.3.0]",py312_cuml_adaptive,profiler_cuml_adaptive_fix1,QHY600-3_Lum,6.8,9.815658569335938,8093.0,2026-09-03T12:12:49.056Z,3191.0,2129.0,Lum,C2025R2,,458.0,56.0,fix1,local,26.8056,0.0082,8.0,H100 (80 GB),2026-09-03 12:12:49.056000+00:00
azken,H100 PCIe,"3.12.3 (main, Mar  3 2026, 12:15:18) [GCC 13.3.0]",py312_cuml_adaptive,profiler_cuml_adaptive_fix1,QHY600-3_Lum,6.8,9.807648420333862,8093.0,2026-09-03T12:13:08.627Z,3191.0,2129.0,Lum,C2025R2,,458.0,56.0,fix1,local,26.8056,0.0082,8.0,H100 (80 GB),2026-09-03 12:13:08.627000+00:00
azken,H100 PCIe,"3.12.3 (main, Mar  3 2026, 12:15:18) [GCC 13.3.0]",py312_cuml_adaptive,profiler_cuml_adaptive_fix1,QHY600-3_Lum,6.8,10.674941301345823,8093.0,2026-09-03T12:13:29.033Z,3191.0,2129.0,Lum,C2025R2,,458.0,56.0,fix1,local,26.8056,0.0082,8.0,H100 (80 GB),2026-09-03 12:13:29.033000+00:00
azken,H100 PCIe,"3.12.3 (main, Mar  3 2026, 12:15:18) [GCC 13.3.0]",py312_cuml_always,profiler_cuml_always_fix1,QHY600-3_SDSSi_2k,6.8,10.892391920089722,3515.0,2026-09-03T12:52:46.261Z,3191.0,2129.0,SDSSi,Atira,,458.0,58.0,fix1,local,22.0127,0.0015,177.0,H100 (80 GB),2026-09-03 12:52:46.261000+00:00
azken,H100 PCIe,"3.12.3 (main, Mar  3 2026, 12:15:18) [GCC 13.3.0]",py312_cuml_always,profiler_cuml_always_fix1,QHY600-3_SDSSi_2k,6.8,10.003681659698486,3515.0,2026-09-03T12:53:05.233Z,3191.0,2129.0,SDSSi,Atira,,458.0,58.0,fix1,local,22.0127,0.0015,177.0,H100 (80 GB),2026-09-03 12:53:05.233000+00:00
azken,H100 PCIe,"3.12.3 (main, Mar  3 2026, 12:15:18) [GCC 13.3.0]",py312_cuml_always,profiler_cuml_always_fix1,QHY600-3_SDSSi_2k,6.8,10.634166479110718,3515.0,2026-09-03T12:53:25.604Z,3191.0,2129.0,SDSSi,Atira,,458.0,58.0,fix1,local,22.0127,0.0015,177.0,H100 (80 GB),2026-09-03 12:53:25.604000+00:00
azken,H100 PCIe,"3.12.3 (main, Mar  3 2026, 12:15:18) [GCC 13.3.0]",py312_cuml_always,profiler_cuml_always_fix1,QHY600-3_SDSSi_2k,6.8,10.240006923675535,3515.0,2026-09-03T12:53:45.649Z,3191.0,2129.0,SDSSi,Atira,,458.0,58.0,fix1,local,22.0127,0.0015,177.0,H100 (80 GB),2026-09-03 12:53:45.649000+00:00
azken,H100 PCIe,"3.12.3 (main, Mar  3 2026, 12:15:18) [GCC 13.3.0]",py312_cuml_always,profiler_cuml_always_fix1,QHY600-3_SDSSi_2k,6.8,9.222683429718018,3515.0,2026-09-03T12:54:04.350Z,3191.0,2129.0,SDSSi,Atira,,458.0,57.0,fix1,local,22.0127,0.0015,177.0,H100 (80 GB),2026-09-03 12:54:04.350000+00:00
azken,H100 PCIe,"3.12.3 (main, Mar  3 2026, 12:15:18) [GCC 13.3.0]",py312_cuml_always,profiler_cuml_always_fix1,QHY600-3_SDSSi_2k,6.8,8.979722738265991,3515.0,2026-09-03T12:54:22.087Z,3191.0,2129.0,SDSSi,Atira,,458.0,57.0,fix1,local,22.0127,0.0015,177.0,H100 (80 GB),2026-09-03 12:54:22.087000+00:00
azken,H100 PCIe,"3.12.3 (main, Mar  3 2026, 12:15:18) [GCC 13.3.0]",py312_cuml_always,profiler_cuml_always_fix1,QHY600-3_SDSSi_2k,6.8,10.493107080459597,3515.0,2026-09-03T12:54:41.472Z,3191.0,2129.0,SDSSi,Atira,,458.0,57.0,fix1,local,22.0127,0.0015,177.0,H100 (80 GB),2026-09-03 12:54:41.472000+00:00
azken,H100 PCIe,"3.12.3 (main, Mar  3 2026, 12:15:18) [GCC 13.3.0]",py312_cuml_always,profiler_cuml_always_fix1,QHY600-3_SDSSi_2k,6.8,9.423354625701904,3515.0,2026-09-03T12:55:01.266Z,3191.0,2129.0,SDSSi,Atira,,458.0,56.0,fix1,local,22.0127,0.0015,177.0,H100 (80 GB),2026-09-03 12:55:01.266000+00:00
azken,H100 PCIe,"3.12.3 (main, Mar  3 2026, 12:15:18) [GCC 13.3.0]",py312_cuml_always,profiler_cuml_always_fix1,QHY600-3_SDSSi_2k,6.8,9.514739274978638,3515.0,2026-09-03T12:55:20.403Z,3191.0,2129.0,SDSSi,Atira,,458.0,57.0,fix1,local,22.0127,0.0015,177.0,H100 (80 GB),2026-09-03 12:55:20.403000+00:00
azken,H100 PCIe,"3.12.3 (main, Mar  3 2026, 12:15:18) [GCC 13.3.0]",py312_cuml_always,profiler_cuml_always_fix1,QHY600-3_SDSSi_2k,6.8,9.04214596748352,3515.0,2026-09-03T12:55:39.595Z,3191.0,2129.0,SDSSi,Atira,,458.0,56.0,fix1,local,22.0127,0.0015,177.0,H100 (80 GB),2026-09-03 12:55:39.595000+00:00
azken,H100 PCIe,"3.12.3 (main, Mar  3 2026, 12:15:18) [GCC 13.3.0]",py312_cuml_always,profiler_cuml_always_fix1,QHY600-3_SDSSi_2k,6.8,11.365864753723145,3718.0,2026-09-03T13:03:52.974Z,3191.0,2129.0,SDSSi,Atira,,458.0,56.0,fix1,local,22.0259,0.0019,178.0,H100 (80 GB),2026-09-03 13:03:52.974000+00:00
azken,H100 PCIe,"3.12.3 (main, Mar  3 2026, 12:15:18) [GCC 13.3.0]",py312_cuml_always,profiler_cuml_always_fix1,QHY600-3_SDSSi_2k,6.8,9.619747877120972,3718.0,2026-09-03T13:04:10.957Z,3191.0,2129.0,SDSSi,Atira,,458.0,57.0,fix1,local,22.0259,0.0019,178.0,H100 (80 GB),2026-09-03 13:04:10.957000+00:00
azken,H100 PCIe,"3.12.3 (main, Mar  3 2026, 12:15:18) [GCC 13.3.0]",py312_cuml_always,profiler_cuml_always_fix1,QHY600-3_SDSSi_2k,6.8,10.19469690322876,3718.0,2026-09-03T13:04:29.898Z,3191.0,2129.0,SDSSi,Atira,,458.0,57.0,fix1,local,22.0259,0.0019,178.0,H100 (80 GB),2026-09-03 13:04:29.898000+00:00
azken,H100 PCIe,"3.12.3 (main, Mar  3 2026, 12:15:18) [GCC 13.3.0]",py312_cuml_always,profiler_cuml_always_fix1,QHY600-3_SDSSi_2k,6.8,10.167743444442747,3718.0,2026-09-03T13:04:49.696Z,3191.0,2129.0,SDSSi,Atira,,458.0,57.0,fix1,local,22.0259,0.0019,178.0,H100 (80 GB),2026-09-03 13:04:49.696000+00:00
azken,H100 PCIe,"3.12.3 (main, Mar  3 2026, 12:15:18) [GCC 13.3.0]",py312_cuml_always,profiler_cuml_always_fix1,QHY600-3_SDSSi_2k,6.8,9.897016286849976,3718.0,2026-09-03T13:05:09.761Z,3191.0,2129.0,SDSSi,Atira,,458.0,57.0,fix1,local,22.0259,0.0019,178.0,H100 (80 GB),2026-09-03 13:05:09.761000+00:00
azken,H100 PCIe,"3.12.3 (main, Mar  3 2026, 12:15:18) [GCC 13.3.0]",py312_cuml_always,profiler_cuml_always_fix1,QHY600-3_SDSSi_2k,6.8,11.187320470809937,3718.0,2026-09-03T13:05:30.884Z,3191.0,2129.0,SDSSi,Atira,,458.0,56.0,fix1,local,22.0259,0.0019,178.0,H100 (80 GB),2026-09-03 13:05:30.884000+00:00
azken,H100 PCIe,"3.12.3 (main, Mar  3 2026, 12:15:18) [GCC 13.3.0]",py312_cuml_always,profiler_cuml_always_fix1,QHY600-3_SDSSi_2k,6.8,10.201957941055298,3718.0,2026-09-03T13:05:50.563Z,3191.0,2129.0,SDSSi,Atira,,458.0,56.0,fix1,local,22.0259,0.0019,178.0,H100 (80 GB),2026-09-03 13:05:50.563000+00:00
azken,H100 PCIe,"3.12.3 (main, Mar  3 2026, 12:15:18) [GCC 13.3.0]",py312_cuml_always,profiler_cuml_always_fix1,QHY600-3_SDSSi_2k,6.8,11.486794233322144,3718.0,2026-09-03T13:06:11.179Z,3191.0,2129.0,SDSSi,Atira,,458.0,57.0,fix1,local,22.0259,0.0019,178.0,H100 (80 GB),2026-09-03 13:06:11.179000+00:00
azken,H100 PCIe,"3.12.3 (main, Mar  3 2026, 12:15:18) [GCC 13.3.0]",py312_cuml_always,profiler_cuml_always_fix1,QHY600-3_SDSSi_2k,6.8,9.736374139785768,3718.0,2026-09-03T13:06:29.972Z,3191.0,2129.0,SDSSi,Atira,,458.0,57.0,fix1,local,22.0259,0.0019,178.0,H100 (80 GB),2026-09-03 13:06:29.972000+00:00
azken,H100 PCIe,"3.12.3 (main, Mar  3 2026, 12:15:18) [GCC 13.3.0]",py312_cuml_always,profiler_cuml_always_fix1,QHY600-3_SDSSi_2k,6.8,10.529312133789062,3718.0,2026-09-03T13:06:49.721Z,3191.0,2129.0,SDSSi,Atira,,458.0,57.0,fix1,local,22.0259,0.0019,178.0,H100 (80 GB),2026-09-03 13:06:49.721000+00:00
azken,H100 PCIe,"3.12.3 (main, Mar  3 2026, 12:15:18) [GCC 13.3.0]",py312_cuml_always,profiler_cuml_always_fix1,QHY600-3_SDSSi_2k,6.8,9.867790222167969,3718.0,2026-09-03T13:07:08.788Z,3191.0,2129.0,SDSSi,Atira,,458.0,57.0,fix1,local,22.0259,0.0019,178.0,H100 (80 GB),2026-09-03 13:07:08.788000+00:00
azken,H100 PCIe,"3.12.3 (main, Mar  3 2026, 12:15:18) [GCC 13.3.0]",py312_cuml_always,profiler_cuml_always_fix1,QHY600-3_SDSSi_2k,6.8,10.405596494674684,3718.0,2026-09-03T13:07:29.239Z,3191.0,2129.0,SDSSi,Atira,,458.0,57.0,fix1,local,22.0259,0.0019,178.0,H100 (80 GB),2026-09-03 13:07:29.239000+00:00
azken,H100 PCIe,"3.12.3 (main, Mar  3 2026, 12:15:18) [GCC 13.3.0]",py312_cuml_always,profiler_cuml_always_fix1,QHY600-3_SDSSi_2k,6.8,11.435023069381714,3534.0,2026-09-03T13:08:15.335Z,3191.0,2129.0,SDSSi,Atira,,458.0,57.0,fix1,local,22.0156,0.0018,170.0,H100 (80 GB),2026-09-03 13:08:15.335000+00:00
azken,H100 PCIe,"3.12.3 (main, Mar  3 2026, 12:15:18) [GCC 13.3.0]",py312_cuml_always,profiler_cuml_always_fix1,QHY600-3_SDSSi_2k,6.8,11.514318704605104,3534.0,2026-09-03T13:08:38.542Z,3191.0,2129.0,SDSSi,Atira,,458.0,56.0,fix1,local,22.0156,0.0018,170.0,H100 (80 GB),2026-09-03 13:08:38.542000+00:00
azken,H100 PCIe,"3.12.3 (main, Mar  3 2026, 12:15:18) [GCC 13.3.0]",py312_cuml_always,profiler_cuml_always_fix1,QHY600-3_SDSSi_2k,6.8,9.827792167663574,3534.0,2026-09-03T13:09:17.210Z,3191.0,2129.0,SDSSi,Atira,,458.0,57.0,fix1,local,22.0156,0.0018,170.0,H100 (80 GB),2026-09-03 13:09:17.210000+00:00
azken,H100 PCIe,"3.12.3 (main, Mar  3 2026, 12:15:18) [GCC 13.3.0]",py312_cuml_always,profiler_cuml_always_fix1,QHY600-3_SDSSi_2k,6.8,10.041060209274292,3534.0,2026-09-03T13:09:36.830Z,3191.0,2129.0,SDSSi,Atira,,458.0,57.0,fix1,local,22.0156,0.0018,170.0,H100 (80 GB),2026-09-03 13:09:36.830000+00:00
azken,H100 PCIe,"3.12.3 (main, Mar  3 2026, 12:15:18) [GCC 13.3.0]",py312_cuml_always,profiler_cuml_always_fix1,QHY600-3_SDSSi_2k,6.8,10.024341583251951,3534.0,2026-09-03T13:10:18.574Z,3191.0,2129.0,SDSSi,Atira,,458.0,56.0,fix1,local,22.0156,0.0018,170.0,H100 (80 GB),2026-09-03 13:10:18.574000+00:00
azken,H100 PCIe,"3.12.3 (main, Mar  3 2026, 12:15:18) [GCC 13.3.0]",py312_cuml_always,profiler_cuml_always_fix1,QHY600-3_SDSSi_2k,6.8,9.991391897201538,3534.0,2026-09-03T13:10:38.192Z,3191.0,2129.0,SDSSi,Atira,,458.0,56.0,fix1,local,22.0156,0.0018,170.0,H100 (80 GB),2026-09-03 13:10:38.192000+00:00
azken,H100 PCIe,"3.12.3 (main, Mar  3 2026, 12:15:18) [GCC 13.3.0]",py312_cuml_always,profiler_cuml_always_fix1,QHY600-3_SDSSi_2k,6.8,9.83816623687744,3534.0,2026-09-03T13:10:58.702Z,3191.0,2129.0,SDSSi,Atira,,458.0,56.0,fix1,local,22.0156,0.0018,170.0,H100 (80 GB),2026-09-03 13:10:58.702000+00:00
azken,H100 PCIe,"3.12.3 (main, Mar  3 2026, 12:15:18) [GCC 13.3.0]",py312_cuml_always,profiler_cuml_always_fix1,QHY600-3_SDSSi_2k,6.8,10.02905297279358,3534.0,2026-09-03T13:11:18.126Z,3191.0,2129.0,SDSSi,Atira,,458.0,57.0,fix1,local,22.0156,0.0018,170.0,H100 (80 GB),2026-09-03 13:11:18.126000+00:00
azken,H100 PCIe,"3.12.3 (main, Mar  3 2026, 12:15:18) [GCC 13.3.0]",py312_cuml_adaptive,profiler_cuml_adaptive_fix1,QHY600-3_SDSSi_2k,6.8,8.486233711242676,3515.0,2026-09-03T12:56:35.972Z,3191.0,2129.0,SDSSi,Atira,,458.0,57.0,fix1,local,22.0127,0.0015,177.0,H100 (80 GB),2026-09-03 12:56:35.972000+00:00
azken,H100 PCIe,"3.12.3 (main, Mar  3 2026, 12:15:18) [GCC 13.3.0]",py312_cuml_adaptive,profiler_cuml_adaptive_fix1,QHY600-3_SDSSi_2k,6.8,9.704726934432983,3515.0,2026-09-03T12:56:56.269Z,3191.0,2129.0,SDSSi,Atira,,458.0,57.0,fix1,local,22.0127,0.0015,177.0,H100 (80 GB),2026-09-03 12:56:56.269000+00:00
azken,H100 PCIe,"3.12.3 (main, Mar  3 2026, 12:15:18) [GCC 13.3.0]",py312_cuml_adaptive,profiler_cuml_adaptive_fix1,QHY600-3_SDSSi_2k,6.8,9.109935283660889,3515.0,2026-09-03T12:57:14.737Z,3191.0,2129.0,SDSSi,Atira,,458.0,57.0,fix1,local,22.0127,0.0015,177.0,H100 (80 GB),2026-09-03 12:57:14.737000+00:00
azken,H100 PCIe,"3.12.3 (main, Mar  3 2026, 12:15:18) [GCC 13.3.0]",py312_cuml_adaptive,profiler_cuml_adaptive_fix1,QHY600-3_SDSSi_2k,6.8,8.924199104309082,3515.0,2026-09-03T12:57:32.068Z,3191.0,2129.0,SDSSi,Atira,,458.0,57.0,fix1,local,22.0127,0.0015,177.0,H100 (80 GB),2026-09-03 12:57:32.068000+00:00
azken,H100 PCIe,"3.12.3 (main, Mar  3 2026, 12:15:18) [GCC 13.3.0]",py312_cuml_adaptive,profiler_cuml_adaptive_fix1,QHY600-3_SDSSi_2k,6.8,10.777944564819336,3515.0,2026-09-03T12:57:52.534Z,3191.0,2129.0,SDSSi,Atira,,458.0,56.0,fix1,local,22.0127,0.0015,177.0,H100 (80 GB),2026-09-03 12:57:52.534000+00:00
azken,H100 PCIe,"3.12.3 (main, Mar  3 2026, 12:15:18) [GCC 13.3.0]",py312_cuml_adaptive,profiler_cuml_adaptive_fix1,QHY600-3_SDSSi_2k,6.8,10.99902367591858,3515.0,2026-09-03T12:58:12.595Z,3191.0,2129.0,SDSSi,Atira,,458.0,56.0,fix1,local,22.0127,0.0015,177.0,H100 (80 GB),2026-09-03 12:58:12.595000+00:00
azken,H100 PCIe,"3.12.3 (main, Mar  3 2026, 12:15:18) [GCC 13.3.0]",py312_cuml_adaptive,profiler_cuml_adaptive_fix1,QHY600-3_SDSSi_2k,6.8,10.062912940979004,3515.0,2026-09-03T12:58:32.079Z,3191.0,2129.0,SDSSi,Atira,,458.0,56.0,fix1,local,22.0127,0.0015,177.0,H100 (80 GB),2026-09-03 12:58:32.079000+00:00
azken,H100 PCIe,"3.12.3 (main, Mar  3 2026, 12:15:18) [GCC 13.3.0]",py312_cuml_adaptive,profiler_cuml_adaptive_fix1,QHY600-3_SDSSi_2k,6.8,8.724326372146606,3515.0,2026-09-03T12:58:49.746Z,3191.0,2129.0,SDSSi,Atira,,458.0,57.0,fix1,local,22.0127,0.0015,177.0,H100 (80 GB),2026-09-03 12:58:49.746000+00:00
azken,H100 PCIe,"3.12.3 (main, Mar  3 2026, 12:15:18) [GCC 13.3.0]",py312_cuml_adaptive,profiler_cuml_adaptive_fix1,QHY600-3_SDSSi_2k,6.8,9.9585120677948,3515.0,2026-09-03T12:59:08.640Z,3191.0,2129.0,SDSSi,Atira,,458.0,57.0,fix1,local,22.0127,0.0015,177.0,H100 (80 GB),2026-09-03 12:59:08.640000+00:00
azken,H100 PCIe,"3.12.3 (main, Mar  3 2026, 12:15:18) [GCC 13.3.0]",py312_cuml_adaptive,profiler_cuml_adaptive_fix1,QHY600-3_SDSSi_2k,6.8,9.812934398651125,3515.0,2026-09-03T12:59:28.995Z,3191.0,2129.0,SDSSi,Atira,,458.0,57.0,fix1,local,22.0127,0.0015,177.0,H100 (80 GB),2026-09-03 12:59:28.995000+00:00
azken,H100 PCIe,"3.12.3 (main, Mar  3 2026, 12:15:18) [GCC 13.3.0]",py312_cuml_adaptive,profiler_cuml_adaptive_fix1,QHY600-3_SDSSi_2k,6.8,9.328787803649902,3718.0,2026-09-03T12:59:51.798Z,3191.0,2129.0,SDSSi,Atira,,458.0,56.0,fix1,local,22.0259,0.0019,178.0,H100 (80 GB),2026-09-03 12:59:51.798000+00:00
azken,H100 PCIe,"3.12.3 (main, Mar  3 2026, 12:15:18) [GCC 13.3.0]",py312_cuml_adaptive,profiler_cuml_adaptive_fix1,QHY600-3_SDSSi_2k,6.8,8.864551544189453,3718.0,2026-09-03T13:00:09.521Z,3191.0,2129.0,SDSSi,Atira,,458.0,57.0,fix1,local,22.0259,0.0019,178.0,H100 (80 GB),2026-09-03 13:00:09.521000+00:00
azken,H100 PCIe,"3.12.3 (main, Mar  3 2026, 12:15:18) [GCC 13.3.0]",py312_cuml_adaptive,profiler_cuml_adaptive_fix1,QHY600-3_SDSSi_2k,6.8,8.777043581008911,3718.0,2026-09-03T13:00:27.562Z,3191.0,2129.0,SDSSi,Atira,,458.0,56.0,fix1,local,22.0259,0.0019,178.0,H100 (80 GB),2026-09-03 13:00:27.562000+00:00
azken,H100 PCIe,"3.12.3 (main, Mar  3 2026, 12:15:18) [GCC 13.3.0]",py312_cuml_adaptive,profiler_cuml_adaptive_fix1,QHY600-3_SDSSi_2k,6.8,9.555269241333008,3718.0,2026-09-03T13:00:47.165Z,3191.0,2129.0,SDSSi,Atira,,458.0,57.0,fix1,local,22.0259,0.0019,178.0,H100 (80 GB),2026-09-03 13:00:47.165000+00:00
azken,H100 PCIe,"3.12.3 (main, Mar  3 2026, 12:15:18) [GCC 13.3.0]",py312_cuml_adaptive,profiler_cuml_adaptive_fix1,QHY600-3_SDSSi_2k,6.8,10.836634159088137,3718.0,2026-09-03T13:01:07.941Z,3191.0,2129.0,SDSSi,Atira,,458.0,57.0,fix1,local,22.0259,0.0019,178.0,H100 (80 GB),2026-09-03 13:01:07.941000+00:00
azken,H100 PCIe,"3.12.3 (main, Mar  3 2026, 12:15:18) [GCC 13.3.0]",py312_cuml_adaptive,profiler_cuml_adaptive_fix1,QHY600-3_SDSSi_2k,6.8,10.264779806137083,3718.0,2026-09-03T13:01:27.388Z,3191.0,2129.0,SDSSi,Atira,,458.0,56.0,fix1,local,22.0259,0.0019,178.0,H100 (80 GB),2026-09-03 13:01:27.388000+00:00
azken,H100 PCIe,"3.12.3 (main, Mar  3 2026, 12:15:18) [GCC 13.3.0]",py312_cuml_adaptive,profiler_cuml_adaptive_fix1,QHY600-3_SDSSi_2k,6.8,9.69553279876709,3718.0,2026-09-03T13:01:47.803Z,3191.0,2129.0,SDSSi,Atira,,458.0,57.0,fix1,local,22.0259,0.0019,178.0,H100 (80 GB),2026-09-03 13:01:47.803000+00:00
azken,H100 PCIe,"3.12.3 (main, Mar  3 2026, 12:15:18) [GCC 13.3.0]",py312_cuml_adaptive,profiler_cuml_adaptive_fix1,QHY600-3_SDSSi_2k,6.8,10.922149896621704,3718.0,2026-09-03T13:02:08.013Z,3191.0,2129.0,SDSSi,Atira,,458.0,56.0,fix1,local,22.0259,0.0019,178.0,H100 (80 GB),2026-09-03 13:02:08.013000+00:00
azken,H100 PCIe,"3.12.3 (main, Mar  3 2026, 12:15:18) [GCC 13.3.0]",py312_cuml_adaptive,profiler_cuml_adaptive_fix1,QHY600-3_SDSSi_2k,6.8,10.988977193832396,3718.0,2026-09-03T13:02:28.707Z,3191.0,2129.0,SDSSi,Atira,,458.0,56.0,fix1,local,22.0259,0.0019,178.0,H100 (80 GB),2026-09-03 13:02:28.707000+00:00
azken,H100 PCIe,"3.12.3 (main, Mar  3 2026, 12:15:18) [GCC 13.3.0]",py312_cuml_adaptive,profiler_cuml_adaptive_fix1,QHY600-3_SDSSi_2k,6.8,9.311185836791992,3718.0,2026-09-03T13:02:47.152Z,3191.0,2129.0,SDSSi,Atira,,458.0,57.0,fix1,local,22.0259,0.0019,178.0,H100 (80 GB),2026-09-03 13:02:47.152000+00:00
azken,H100 PCIe,"3.12.3 (main, Mar  3 2026, 12:15:18) [GCC 13.3.0]",py312_cuml_adaptive,profiler_cuml_adaptive_fix1,QHY600-3_SDSSi_2k,6.8,11.13454556465149,3718.0,2026-09-03T13:03:07.437Z,3191.0,2129.0,SDSSi,Atira,,458.0,56.0,fix1,local,22.0259,0.0019,178.0,H100 (80 GB),2026-09-03 13:03:07.437000+00:00
azken,H100 PCIe,"3.12.3 (main, Mar  3 2026, 12:15:18) [GCC 13.3.0]",py312_cuml_adaptive,profiler_cuml_adaptive_fix1,QHY600-3_SDSSi_2k,6.8,10.914571046829224,3718.0,2026-09-03T13:03:27.876Z,3191.0,2129.0,SDSSi,Atira,,458.0,56.0,fix1,local,22.0259,0.0019,178.0,H100 (80 GB),2026-09-03 13:03:27.876000+00:00
azken,H100 PCIe,"3.12.3 (main, Mar  3 2026, 12:15:18) [GCC 13.3.0]",py312_cuml_adaptive,profiler_cuml_adaptive_fix1,QHY600-3_SDSSi_2k,6.8,13.12111783027649,3534.0,2026-09-03T13:12:05.797Z,3191.0,2129.0,SDSSi,Atira,,458.0,56.0,fix1,local,22.0156,0.0018,170.0,H100 (80 GB),2026-09-03 13:12:05.797000+00:00
azken,H100 PCIe,"3.12.3 (main, Mar  3 2026, 12:15:18) [GCC 13.3.0]",py312_cuml_adaptive,profiler_cuml_adaptive_fix1,QHY600-3_SDSSi_2k,6.8,11.61245608329773,3534.0,2026-09-03T13:12:26.381Z,3191.0,2129.0,SDSSi,Atira,,458.0,57.0,fix1,local,22.0156,0.0018,170.0,H100 (80 GB),2026-09-03 13:12:26.381000+00:00
azken,H100 PCIe,"3.12.3 (main, Mar  3 2026, 12:15:18) [GCC 13.3.0]",py312_cuml_adaptive,profiler_cuml_adaptive_fix1,QHY600-3_SDSSi_2k,6.8,12.83714747428894,3534.0,2026-09-03T13:12:47.420Z,3191.0,2129.0,SDSSi,Atira,,458.0,57.0,fix1,local,22.0156,0.0018,170.0,H100 (80 GB),2026-09-03 13:12:47.420000+00:00
azken,H100 PCIe,"3.12.3 (main, Mar  3 2026, 12:15:18) [GCC 13.3.0]",py312_cuml_adaptive,profiler_cuml_adaptive_fix1,QHY600-3_SDSSi_2k,6.8,10.676095008850098,3534.0,2026-09-03T13:13:08.073Z,3191.0,2129.0,SDSSi,Atira,,458.0,57.0,fix1,local,22.0156,0.0018,170.0,H100 (80 GB),2026-09-03 13:13:08.073000+00:00
azken,H100 PCIe,"3.12.3 (main, Mar  3 2026, 12:15:18) [GCC 13.3.0]",py312_cuml_adaptive,profiler_cuml_adaptive_fix1,QHY600-3_SDSSi_2k,6.8,13.836079120635986,3534.0,2026-09-03T13:13:32.062Z,3191.0,2129.0,SDSSi,Atira,,458.0,57.0,fix1,local,22.0156,0.0018,170.0,H100 (80 GB),2026-09-03 13:13:32.062000+00:00
azken,H100 PCIe,"3.12.3 (main, Mar  3 2026, 12:15:18) [GCC 13.3.0]",py312_cuml_adaptive,profiler_cuml_adaptive_fix1,QHY600-3_SDSSi_2k,6.8,9.349203824996948,3534.0,2026-09-03T13:13:50.878Z,3191.0,2129.0,SDSSi,Atira,,458.0,57.0,fix1,local,22.0156,0.0018,170.0,H100 (80 GB),2026-09-03 13:13:50.878000+00:00
azken,H100 PCIe,"3.12.3 (main, Mar  3 2026, 12:15:18) [GCC 13.3.0]",py312_cuml_adaptive,profiler_cuml_adaptive_fix1,QHY600-3_SDSSi_2k,6.8,9.885315418243408,3534.0,2026-09-03T13:14:09.395Z,3191.0,2129.0,SDSSi,Atira,,458.0,57.0,fix1,local,22.0156,0.0018,170.0,H100 (80 GB),2026-09-03 13:14:09.395000+00:00
azken,H100 PCIe,"3.12.3 (main, Mar  3 2026, 12:15:18) [GCC 13.3.0]",py312_cuml_adaptive,profiler_cuml_adaptive_fix1,QHY600-3_SDSSi_2k,6.8,13.329514741897585,3534.0,2026-09-03T13:14:33.292Z,3191.0,2129.0,SDSSi,Atira,,458.0,56.0,fix1,local,22.0156,0.0018,170.0,H100 (80 GB),2026-09-03 13:14:33.292000+00:00
azken,H100 PCIe,"3.12.3 (main, Mar  3 2026, 12:15:18) [GCC 13.3.0]",py312_cuml_adaptive,profiler_cuml_adaptive_fix1,QHY600-3_SDSSi_2k,6.8,11.345266103744509,3534.0,2026-09-03T13:14:55.487Z,3191.0,2129.0,SDSSi,Atira,,458.0,57.0,fix1,local,22.0156,0.0018,170.0,H100 (80 GB),2026-09-03 13:14:55.487000+00:00
azken,H100 PCIe,"3.12.3 (main, Mar  3 2026, 12:15:18) [GCC 13.3.0]",py312_cuml_adaptive,profiler_cuml_adaptive_fix1,QHY600-3_SDSSi_2k,6.8,9.447570323944092,3534.0,2026-09-03T13:15:13.963Z,3191.0,2129.0,SDSSi,Atira,,458.0,57.0,fix1,local,22.0156,0.0018,170.0,H100 (80 GB),2026-09-03 13:15:13.963000+00:00
azken,H100 PCIe,"3.12.3 (main, Mar  3 2026, 12:15:18) [GCC 13.3.0]",py312_cuml_adaptive,profiler_cuml_adaptive_fix1,QHY600-3_SDSSi_2k,6.8,9.294754981994627,3534.0,2026-09-03T13:15:32.933Z,3191.0,2129.0,SDSSi,Atira,,458.0,56.0,fix1,local,22.0156,0.0018,170.0,H100 (80 GB),2026-09-03 13:15:32.933000+00:00
azken,H100 PCIe,"3.12.3 (main, Mar  3 2026, 12:15:18) [GCC 13.3.0]",py312_cuml_adaptive,profiler_cuml_adaptive_fix1,QHY600-3_SDSSi_2k,6.8,11.077921867370604,3534.0,2026-09-03T13:15:53.497Z,3191.0,2129.0,SDSSi,Atira,,458.0,57.0,fix1,local,22.0156,0.0018,170.0,H100 (80 GB),2026-09-03 13:15:53.497000+00:00
azken,H100 PCIe,"3.12.3 (main, Mar  3 2026, 12:15:18) [GCC 13.3.0]",py312_cuml_always,profiler_cuml_always_fix1,QHY600-4_Ha,15.3,11.26424789428711,601.0,2026-09-03T12:30:50.627Z,4787.0,3193.0,Ha,NGC2903,,458.0,58.0,fix1,local,19.4353,0.0724,9.0,H100 (80 GB),2026-09-03 12:30:50.627000+00:00
azken,H100 PCIe,"3.12.3 (main, Mar  3 2026, 12:15:18) [GCC 13.3.0]",py312_cuml_always,profiler_cuml_always_fix1,QHY600-4_Ha,15.3,10.4397554397583,601.0,2026-09-03T12:31:11.030Z,4787.0,3193.0,Ha,NGC2903,,458.0,58.0,fix1,local,19.4353,0.0724,9.0,H100 (80 GB),2026-09-03 12:31:11.030000+00:00
azken,H100 PCIe,"3.12.3 (main, Mar  3 2026, 12:15:18) [GCC 13.3.0]",py312_cuml_always,profiler_cuml_always_fix1,QHY600-4_Ha,15.3,9.707247257232666,601.0,2026-09-03T12:31:30.338Z,4787.0,3193.0,Ha,NGC2903,,458.0,58.0,fix1,local,19.4353,0.0724,9.0,H100 (80 GB),2026-09-03 12:31:30.338000+00:00
azken,H100 PCIe,"3.12.3 (main, Mar  3 2026, 12:15:18) [GCC 13.3.0]",py312_cuml_always,profiler_cuml_always_fix1,QHY600-4_Ha,15.3,10.54021668434143,601.0,2026-09-03T12:31:51.218Z,4787.0,3193.0,Ha,NGC2903,,458.0,58.0,fix1,local,19.4353,0.0724,9.0,H100 (80 GB),2026-09-03 12:31:51.218000+00:00
azken,H100 PCIe,"3.12.3 (main, Mar  3 2026, 12:15:18) [GCC 13.3.0]",py312_cuml_always,profiler_cuml_always_fix1,QHY600-4_Ha,15.3,10.075712442398071,601.0,2026-09-03T12:32:11.238Z,4787.0,3193.0,Ha,NGC2903,,458.0,58.0,fix1,local,19.4353,0.0724,9.0,H100 (80 GB),2026-09-03 12:32:11.238000+00:00
azken,H100 PCIe,"3.12.3 (main, Mar  3 2026, 12:15:18) [GCC 13.3.0]",py312_cuml_always,profiler_cuml_always_fix1,QHY600-4_Ha,15.3,9.54735255241394,601.0,2026-09-03T12:32:28.671Z,4787.0,3193.0,Ha,NGC2903,,458.0,58.0,fix1,local,19.4353,0.0724,9.0,H100 (80 GB),2026-09-03 12:32:28.671000+00:00
azken,H100 PCIe,"3.12.3 (main, Mar  3 2026, 12:15:18) [GCC 13.3.0]",py312_cuml_always,profiler_cuml_always_fix1,QHY600-4_Ha,15.3,10.032151460647585,601.0,2026-09-03T12:32:48.257Z,4787.0,3193.0,Ha,NGC2903,,458.0,57.0,fix1,local,19.4353,0.0724,9.0,H100 (80 GB),2026-09-03 12:32:48.257000+00:00
azken,H100 PCIe,"3.12.3 (main, Mar  3 2026, 12:15:18) [GCC 13.3.0]",py312_cuml_always,profiler_cuml_always_fix1,QHY600-4_Ha,15.3,11.592950344085692,601.0,2026-09-03T12:33:08.697Z,4787.0,3193.0,Ha,NGC2903,,458.0,58.0,fix1,local,19.4353,0.0724,9.0,H100 (80 GB),2026-09-03 12:33:08.697000+00:00
azken,H100 PCIe,"3.12.3 (main, Mar  3 2026, 12:15:18) [GCC 13.3.0]",py312_cuml_always,profiler_cuml_always_fix1,QHY600-4_Ha,15.3,11.848924160003662,601.0,2026-09-03T12:33:30.417Z,4787.0,3193.0,Ha,NGC2903,,458.0,57.0,fix1,local,19.4353,0.0724,9.0,H100 (80 GB),2026-09-03 12:33:30.417000+00:00
azken,H100 PCIe,"3.12.3 (main, Mar  3 2026, 12:15:18) [GCC 13.3.0]",py312_cuml_always,profiler_cuml_always_fix1,QHY600-4_Ha,15.3,12.024080991744995,601.0,2026-09-03T12:33:51.911Z,4787.0,3193.0,Ha,NGC2903,,458.0,58.0,fix1,local,19.4353,0.0724,9.0,H100 (80 GB),2026-09-03 12:33:51.911000+00:00
azken,H100 PCIe,"3.12.3 (main, Mar  3 2026, 12:15:18) [GCC 13.3.0]",py312_cuml_adaptive,profiler_cuml_adaptive_fix1,QHY600-4_Ha,15.3,10.900294542312622,601.0,2026-09-03T12:26:44.480Z,4787.0,3193.0,Ha,NGC2903,,458.0,58.0,fix1,local,19.4353,0.0724,9.0,H100 (80 GB),2026-09-03 12:26:44.480000+00:00
azken,H100 PCIe,"3.12.3 (main, Mar  3 2026, 12:15:18) [GCC 13.3.0]",py312_cuml_adaptive,profiler_cuml_adaptive_fix1,QHY600-4_Ha,15.3,9.776073455810549,601.0,2026-09-03T12:27:02.539Z,4787.0,3193.0,Ha,NGC2903,,458.0,58.0,fix1,local,19.4353,0.0724,9.0,H100 (80 GB),2026-09-03 12:27:02.539000+00:00
azken,H100 PCIe,"3.12.3 (main, Mar  3 2026, 12:15:18) [GCC 13.3.0]",py312_cuml_adaptive,profiler_cuml_adaptive_fix1,QHY600-4_Ha,15.3,11.41911554336548,601.0,2026-09-03T12:27:23.498Z,4787.0,3193.0,Ha,NGC2903,,458.0,57.0,fix1,local,19.4353,0.0724,9.0,H100 (80 GB),2026-09-03 12:27:23.498000+00:00
azken,H100 PCIe,"3.12.3 (main, Mar  3 2026, 12:15:18) [GCC 13.3.0]",py312_cuml_adaptive,profiler_cuml_adaptive_fix1,QHY600-4_Ha,15.3,11.458456993103027,601.0,2026-09-03T12:27:44.913Z,4787.0,3193.0,Ha,NGC2903,,458.0,57.0,fix1,local,19.4353,0.0724,9.0,H100 (80 GB),2026-09-03 12:27:44.913000+00:00
azken,H100 PCIe,"3.12.3 (main, Mar  3 2026, 12:15:18) [GCC 13.3.0]",py312_cuml_adaptive,profiler_cuml_adaptive_fix1,QHY600-4_Ha,15.3,10.709986448287964,601.0,2026-09-03T12:28:05.606Z,4787.0,3193.0,Ha,NGC2903,,458.0,58.0,fix1,local,19.4353,0.0724,9.0,H100 (80 GB),2026-09-03 12:28:05.606000+00:00
azken,H100 PCIe,"3.12.3 (main, Mar  3 2026, 12:15:18) [GCC 13.3.0]",py312_cuml_adaptive,profiler_cuml_adaptive_fix1,QHY600-4_Ha,15.3,11.420916557312012,601.0,2026-09-03T12:28:26.570Z,4787.0,3193.0,Ha,NGC2903,,458.0,58.0,fix1,local,19.4353,0.0724,9.0,H100 (80 GB),2026-09-03 12:28:26.570000+00:00
azken,H100 PCIe,"3.12.3 (main, Mar  3 2026, 12:15:18) [GCC 13.3.0]",py312_cuml_adaptive,profiler_cuml_adaptive_fix1,QHY600-4_Ha,15.3,11.223109006881714,601.0,2026-09-03T12:28:47.233Z,4787.0,3193.0,Ha,NGC2903,,458.0,57.0,fix1,local,19.4353,0.0724,9.0,H100 (80 GB),2026-09-03 12:28:47.233000+00:00
azken,H100 PCIe,"3.12.3 (main, Mar  3 2026, 12:15:18) [GCC 13.3.0]",py312_cuml_adaptive,profiler_cuml_adaptive_fix1,QHY600-4_Ha,15.3,10.748867273330688,601.0,2026-09-03T12:29:07.732Z,4787.0,3193.0,Ha,NGC2903,,458.0,58.0,fix1,local,19.4353,0.0724,9.0,H100 (80 GB),2026-09-03 12:29:07.732000+00:00
azken,H100 PCIe,"3.12.3 (main, Mar  3 2026, 12:15:18) [GCC 13.3.0]",py312_cuml_adaptive,profiler_cuml_adaptive_fix1,QHY600-4_Ha,15.3,10.719059705734251,601.0,2026-09-03T12:29:28.003Z,4787.0,3193.0,Ha,NGC2903,,458.0,57.0,fix1,local,19.4353,0.0724,9.0,H100 (80 GB),2026-09-03 12:29:28.003000+00:00
azken,H100 PCIe,"3.12.3 (main, Mar  3 2026, 12:15:18) [GCC 13.3.0]",py312_cuml_adaptive,profiler_cuml_adaptive_fix1,QHY600-4_Ha,15.3,10.074054479599,601.0,2026-09-03T12:29:47.593Z,4787.0,3193.0,Ha,NGC2903,,458.0,57.0,fix1,local,19.4353,0.0724,9.0,H100 (80 GB),2026-09-03 12:29:47.593000+00:00
azken,H100 PCIe,"3.12.3 (main, Mar  3 2026, 12:15:18) [GCC 13.3.0]",py312_cuml_always,profiler_cuml_always_fix1,QHY600-4_Lum_2k,15.3,13.711188316345217,2938.0,2026-09-03T13:22:05.477Z,4787.0,3193.0,Lum,1620,,458.0,59.0,fix1,local,23.5036,0.0014,177.0,H100 (80 GB),2026-09-03 13:22:05.477000+00:00
azken,H100 PCIe,"3.12.3 (main, Mar  3 2026, 12:15:18) [GCC 13.3.0]",py312_cuml_always,profiler_cuml_always_fix1,QHY600-4_Lum_2k,15.3,14.361693382263184,2938.0,2026-09-03T13:22:30.102Z,4787.0,3193.0,Lum,1620,,458.0,58.0,fix1,local,23.5036,0.0014,177.0,H100 (80 GB),2026-09-03 13:22:30.102000+00:00
azken,H100 PCIe,"3.12.3 (main, Mar  3 2026, 12:15:18) [GCC 13.3.0]",py312_cuml_always,profiler_cuml_always_fix1,QHY600-4_Lum_2k,15.3,14.132051467895508,2938.0,2026-09-03T13:22:53.138Z,4787.0,3193.0,Lum,1620,,458.0,58.0,fix1,local,23.5036,0.0014,177.0,H100 (80 GB),2026-09-03 13:22:53.138000+00:00
azken,H100 PCIe,"3.12.3 (main, Mar  3 2026, 12:15:18) [GCC 13.3.0]",py312_cuml_always,profiler_cuml_always_fix1,QHY600-4_Lum_2k,15.3,13.294678449630736,2938.0,2026-09-03T13:23:16.159Z,4787.0,3193.0,Lum,1620,,458.0,58.0,fix1,local,23.5036,0.0014,177.0,H100 (80 GB),2026-09-03 13:23:16.159000+00:00
azken,H100 PCIe,"3.12.3 (main, Mar  3 2026, 12:15:18) [GCC 13.3.0]",py312_cuml_always,profiler_cuml_always_fix1,QHY600-4_Lum_2k,15.3,14.08047580718994,2938.0,2026-09-03T13:24:06.385Z,4787.0,3193.0,Lum,1620,,458.0,58.0,fix1,local,23.5036,0.0014,177.0,H100 (80 GB),2026-09-03 13:24:06.385000+00:00
azken,H100 PCIe,"3.12.3 (main, Mar  3 2026, 12:15:18) [GCC 13.3.0]",py312_cuml_always,profiler_cuml_always_fix1,QHY600-4_Lum_2k,15.3,14.765562057495115,2938.0,2026-09-03T13:24:30.740Z,4787.0,3193.0,Lum,1620,,458.0,58.0,fix1,local,23.5036,0.0014,177.0,H100 (80 GB),2026-09-03 13:24:30.740000+00:00
azken,H100 PCIe,"3.12.3 (main, Mar  3 2026, 12:15:18) [GCC 13.3.0]",py312_cuml_always,profiler_cuml_always_fix1,QHY600-4_Lum_2k,15.3,14.279059648513794,2938.0,2026-09-03T13:24:55.320Z,4787.0,3193.0,Lum,1620,,458.0,58.0,fix1,local,23.5036,0.0014,177.0,H100 (80 GB),2026-09-03 13:24:55.320000+00:00
azken,H100 PCIe,"3.12.3 (main, Mar  3 2026, 12:15:18) [GCC 13.3.0]",py312_cuml_always,profiler_cuml_always_fix1,QHY600-4_Lum_2k,15.3,13.524927616119385,2938.0,2026-09-03T13:25:44.928Z,4787.0,3193.0,Lum,1620,,458.0,59.0,fix1,local,23.5036,0.0014,177.0,H100 (80 GB),2026-09-03 13:25:44.928000+00:00
azken,H100 PCIe,"3.12.3 (main, Mar  3 2026, 12:15:18) [GCC 13.3.0]",py312_cuml_adaptive,profiler_cuml_adaptive_fix1,QHY600-4_Lum_2k,15.3,14.512598752975464,2938.0,2026-09-03T13:17:12.142Z,4787.0,3193.0,Lum,1620,,458.0,58.0,fix1,local,23.5036,0.0014,177.0,H100 (80 GB),2026-09-03 13:17:12.142000+00:00
azken,H100 PCIe,"3.12.3 (main, Mar  3 2026, 12:15:18) [GCC 13.3.0]",py312_cuml_adaptive,profiler_cuml_adaptive_fix1,QHY600-4_Lum_2k,15.3,14.148765563964844,2938.0,2026-09-03T13:17:36.345Z,4787.0,3193.0,Lum,1620,,458.0,58.0,fix1,local,23.5036,0.0014,177.0,H100 (80 GB),2026-09-03 13:17:36.345000+00:00
azken,H100 PCIe,"3.12.3 (main, Mar  3 2026, 12:15:18) [GCC 13.3.0]",py312_cuml_adaptive,profiler_cuml_adaptive_fix1,QHY600-4_Lum_2k,15.3,15.419097900390623,2938.0,2026-09-03T13:18:02.348Z,4787.0,3193.0,Lum,1620,,458.0,57.0,fix1,local,23.5036,0.0014,177.0,H100 (80 GB),2026-09-03 13:18:02.348000+00:00
azken,H100 PCIe,"3.12.3 (main, Mar  3 2026, 12:15:18) [GCC 13.3.0]",py312_cuml_adaptive,profiler_cuml_adaptive_fix1,QHY600-4_Lum_2k,15.3,17.13546657562256,2938.0,2026-09-03T13:18:29.434Z,4787.0,3193.0,Lum,1620,,458.0,58.0,fix1,local,23.5036,0.0014,177.0,H100 (80 GB),2026-09-03 13:18:29.434000+00:00
azken,H100 PCIe,"3.12.3 (main, Mar  3 2026, 12:15:18) [GCC 13.3.0]",py312_cuml_adaptive,profiler_cuml_adaptive_fix1,QHY600-4_Lum_2k,15.3,17.00552272796631,2938.0,2026-09-03T13:18:56.347Z,4787.0,3193.0,Lum,1620,,458.0,57.0,fix1,local,23.5036,0.0014,177.0,H100 (80 GB),2026-09-03 13:18:56.347000+00:00
azken,H100 PCIe,"3.12.3 (main, Mar  3 2026, 12:15:18) [GCC 13.3.0]",py312_cuml_adaptive,profiler_cuml_adaptive_fix1,QHY600-4_Lum_2k,15.3,13.751327753067017,2938.0,2026-09-03T13:19:19.582Z,4787.0,3193.0,Lum,1620,,458.0,58.0,fix1,local,23.5036,0.0014,177.0,H100 (80 GB),2026-09-03 13:19:19.582000+00:00
azken,H100 PCIe,"3.12.3 (main, Mar  3 2026, 12:15:18) [GCC 13.3.0]",py312_cuml_adaptive,profiler_cuml_adaptive_fix1,QHY600-4_Lum_2k,15.3,13.825690746307371,2938.0,2026-09-03T13:19:42.274Z,4787.0,3193.0,Lum,1620,,458.0,58.0,fix1,local,23.5036,0.0014,177.0,H100 (80 GB),2026-09-03 13:19:42.274000+00:00
azken,H100 PCIe,"3.12.3 (main, Mar  3 2026, 12:15:18) [GCC 13.3.0]",py312_cuml_adaptive,profiler_cuml_adaptive_fix1,QHY600-4_Lum_2k,15.3,15.207903146743774,2938.0,2026-09-03T13:20:06.239Z,4787.0,3193.0,Lum,1620,,458.0,58.0,fix1,local,23.5036,0.0014,177.0,H100 (80 GB),2026-09-03 13:20:06.239000+00:00
azken,H100 PCIe,"3.12.3 (main, Mar  3 2026, 12:15:18) [GCC 13.3.0]",py312_cuml_adaptive,profiler_cuml_adaptive_fix1,QHY600-4_Lum_2k,15.3,13.905765533447266,2938.0,2026-09-03T13:20:28.562Z,4787.0,3193.0,Lum,1620,,458.0,59.0,fix1,local,23.5036,0.0014,177.0,H100 (80 GB),2026-09-03 13:20:28.562000+00:00
azken,H100 PCIe,"3.12.3 (main, Mar  3 2026, 12:15:18) [GCC 13.3.0]",py312_cuml_adaptive,profiler_cuml_adaptive_fix1,QHY600-4_Lum_2k,15.3,14.442139148712158,2938.0,2026-09-03T13:20:52.636Z,4787.0,3193.0,Lum,1620,,458.0,58.0,fix1,local,23.5036,0.0014,177.0,H100 (80 GB),2026-09-03 13:20:52.636000+00:00
azken,H100 PCIe,"3.12.3 (main, Mar  3 2026, 12:15:18) [GCC 13.3.0]",py312_cuml_always,profiler_cuml_always_fix1,QHY600-4_SDSSg,15.3,12.09480905532837,307.0,2026-09-03T12:18:26.559Z,4787.0,3193.0,SDSSg,WASP-43-b,,458.0,56.0,fix1,local,22.8707,0.004,38.0,H100 (80 GB),2026-09-03 12:18:26.559000+00:00
azken,H100 PCIe,"3.12.3 (main, Mar  3 2026, 12:15:18) [GCC 13.3.0]",py312_cuml_always,profiler_cuml_always_fix1,QHY600-4_SDSSg,15.3,11.213290214538574,307.0,2026-09-03T12:18:46.094Z,4787.0,3193.0,SDSSg,WASP-43-b,,458.0,57.0,fix1,local,22.8707,0.004,38.0,H100 (80 GB),2026-09-03 12:18:46.094000+00:00
azken,H100 PCIe,"3.12.3 (main, Mar  3 2026, 12:15:18) [GCC 13.3.0]",py312_cuml_always,profiler_cuml_always_fix1,QHY600-4_SDSSg,15.3,10.614288330078123,307.0,2026-09-03T12:19:04.367Z,4787.0,3193.0,SDSSg,WASP-43-b,,458.0,57.0,fix1,local,22.8707,0.004,38.0,H100 (80 GB),2026-09-03 12:19:04.367000+00:00
azken,H100 PCIe,"3.12.3 (main, Mar  3 2026, 12:15:18) [GCC 13.3.0]",py312_cuml_always,profiler_cuml_always_fix1,QHY600-4_SDSSg,15.3,10.30275845527649,307.0,2026-09-03T12:19:24.599Z,4787.0,3193.0,SDSSg,WASP-43-b,,458.0,57.0,fix1,local,22.8707,0.004,38.0,H100 (80 GB),2026-09-03 12:19:24.599000+00:00
azken,H100 PCIe,"3.12.3 (main, Mar  3 2026, 12:15:18) [GCC 13.3.0]",py312_cuml_always,profiler_cuml_always_fix1,QHY600-4_SDSSg,15.3,10.155652046203612,307.0,2026-09-03T12:19:43.471Z,4787.0,3193.0,SDSSg,WASP-43-b,,458.0,57.0,fix1,local,22.8707,0.004,38.0,H100 (80 GB),2026-09-03 12:19:43.471000+00:00
azken,H100 PCIe,"3.12.3 (main, Mar  3 2026, 12:15:18) [GCC 13.3.0]",py312_cuml_always,profiler_cuml_always_fix1,QHY600-4_SDSSg,15.3,12.15131449699402,307.0,2026-09-03T12:20:05.438Z,4787.0,3193.0,SDSSg,WASP-43-b,,458.0,57.0,fix1,local,22.8707,0.004,38.0,H100 (80 GB),2026-09-03 12:20:05.438000+00:00
azken,H100 PCIe,"3.12.3 (main, Mar  3 2026, 12:15:18) [GCC 13.3.0]",py312_cuml_always,profiler_cuml_always_fix1,QHY600-4_SDSSg,15.3,11.838876485824583,307.0,2026-09-03T12:20:26.407Z,4787.0,3193.0,SDSSg,WASP-43-b,,458.0,57.0,fix1,local,22.8707,0.004,38.0,H100 (80 GB),2026-09-03 12:20:26.407000+00:00
azken,H100 PCIe,"3.12.3 (main, Mar  3 2026, 12:15:18) [GCC 13.3.0]",py312_cuml_always,profiler_cuml_always_fix1,QHY600-4_SDSSg,15.3,10.487435340881348,307.0,2026-09-03T12:20:45.997Z,4787.0,3193.0,SDSSg,WASP-43-b,,458.0,58.0,fix1,local,22.8707,0.004,38.0,H100 (80 GB),2026-09-03 12:20:45.997000+00:00
azken,H100 PCIe,"3.12.3 (main, Mar  3 2026, 12:15:18) [GCC 13.3.0]",py312_cuml_always,profiler_cuml_always_fix1,QHY600-4_SDSSg,15.3,12.058162689208984,307.0,2026-09-03T12:21:07.043Z,4787.0,3193.0,SDSSg,WASP-43-b,,458.0,58.0,fix1,local,22.8707,0.004,38.0,H100 (80 GB),2026-09-03 12:21:07.043000+00:00
azken,H100 PCIe,"3.12.3 (main, Mar  3 2026, 12:15:18) [GCC 13.3.0]",py312_cuml_always,profiler_cuml_always_fix1,QHY600-4_SDSSg,15.3,11.936589002609251,307.0,2026-09-03T12:21:28.578Z,4787.0,3193.0,SDSSg,WASP-43-b,,458.0,58.0,fix1,local,22.8707,0.004,38.0,H100 (80 GB),2026-09-03 12:21:28.578000+00:00
azken,H100 PCIe,"3.12.3 (main, Mar  3 2026, 12:15:18) [GCC 13.3.0]",py312_cuml_adaptive,profiler_cuml_adaptive_fix1,QHY600-4_SDSSg,15.3,11.716128826141356,307.0,2026-09-03T12:22:35.983Z,4787.0,3193.0,SDSSg,WASP-43-b,,458.0,58.0,fix1,local,22.8707,0.004,38.0,H100 (80 GB),2026-09-03 12:22:35.983000+00:00
azken,H100 PCIe,"3.12.3 (main, Mar  3 2026, 12:15:18) [GCC 13.3.0]",py312_cuml_adaptive,profiler_cuml_adaptive_fix1,QHY600-4_SDSSg,15.3,12.188621520996094,307.0,2026-09-03T12:22:58.894Z,4787.0,3193.0,SDSSg,WASP-43-b,,458.0,57.0,fix1,local,22.8707,0.004,38.0,H100 (80 GB),2026-09-03 12:22:58.894000+00:00
azken,H100 PCIe,"3.12.3 (main, Mar  3 2026, 12:15:18) [GCC 13.3.0]",py312_cuml_adaptive,profiler_cuml_adaptive_fix1,QHY600-4_SDSSg,15.3,11.283465385437012,307.0,2026-09-03T12:23:19.660Z,4787.0,3193.0,SDSSg,WASP-43-b,,458.0,58.0,fix1,local,22.8707,0.004,38.0,H100 (80 GB),2026-09-03 12:23:19.660000+00:00
azken,H100 PCIe,"3.12.3 (main, Mar  3 2026, 12:15:18) [GCC 13.3.0]",py312_cuml_adaptive,profiler_cuml_adaptive_fix1,QHY600-4_SDSSg,15.3,10.961495876312256,307.0,2026-09-03T12:23:39.663Z,4787.0,3193.0,SDSSg,WASP-43-b,,458.0,57.0,fix1,local,22.8707,0.004,38.0,H100 (80 GB),2026-09-03 12:23:39.663000+00:00
azken,H100 PCIe,"3.12.3 (main, Mar  3 2026, 12:15:18) [GCC 13.3.0]",py312_cuml_adaptive,profiler_cuml_adaptive_fix1,QHY600-4_SDSSg,15.3,10.991215229034424,307.0,2026-09-03T12:24:00.037Z,4787.0,3193.0,SDSSg,WASP-43-b,,458.0,57.0,fix1,local,22.8707,0.004,38.0,H100 (80 GB),2026-09-03 12:24:00.037000+00:00
azken,H100 PCIe,"3.12.3 (main, Mar  3 2026, 12:15:18) [GCC 13.3.0]",py312_cuml_adaptive,profiler_cuml_adaptive_fix1,QHY600-4_SDSSg,15.3,10.000457286834717,307.0,2026-09-03T12:24:19.325Z,4787.0,3193.0,SDSSg,WASP-43-b,,458.0,58.0,fix1,local,22.8707,0.004,38.0,H100 (80 GB),2026-09-03 12:24:19.325000+00:00
azken,H100 PCIe,"3.12.3 (main, Mar  3 2026, 12:15:18) [GCC 13.3.0]",py312_cuml_adaptive,profiler_cuml_adaptive_fix1,QHY600-4_SDSSg,15.3,11.972705364227297,307.0,2026-09-03T12:24:39.729Z,4787.0,3193.0,SDSSg,WASP-43-b,,458.0,58.0,fix1,local,22.8707,0.004,38.0,H100 (80 GB),2026-09-03 12:24:39.729000+00:00
azken,H100 PCIe,"3.12.3 (main, Mar  3 2026, 12:15:18) [GCC 13.3.0]",py312_cuml_adaptive,profiler_cuml_adaptive_fix1,QHY600-4_SDSSg,15.3,10.46907901763916,307.0,2026-09-03T12:24:58.323Z,4787.0,3193.0,SDSSg,WASP-43-b,,458.0,58.0,fix1,local,22.8707,0.004,38.0,H100 (80 GB),2026-09-03 12:24:58.323000+00:00
azken,H100 PCIe,"3.12.3 (main, Mar  3 2026, 12:15:18) [GCC 13.3.0]",py312_cuml_adaptive,profiler_cuml_adaptive_fix1,QHY600-4_SDSSg,15.3,11.962897539138794,307.0,2026-09-03T12:25:20.590Z,4787.0,3193.0,SDSSg,WASP-43-b,,458.0,58.0,fix1,local,22.8707,0.004,38.0,H100 (80 GB),2026-09-03 12:25:20.590000+00:00
azken,H100 PCIe,"3.12.3 (main, Mar  3 2026, 12:15:18) [GCC 13.3.0]",py312_cuml_adaptive,profiler_cuml_adaptive_fix1,QHY600-4_SDSSg,15.3,11.024475336074827,307.0,2026-09-03T12:25:41.396Z,4787.0,3193.0,SDSSg,WASP-43-b,,458.0,57.0,fix1,local,22.8707,0.004,38.0,H100 (80 GB),2026-09-03 12:25:41.396000+00:00
azken,H100 PCIe,"3.12.3 (main, Mar  3 2026, 12:15:18) [GCC 13.3.0]",py312_cuml_always,profiler_cuml_always_fix1,QHY600-4_SDSSg_4k,15.3,17.21309208869934,8294.0,2026-09-03T13:27:08.528Z,4787.0,3193.0,SDSSg,hermione,,458.0,59.0,fix1,local,22.8958,0.002,182.0,H100 (80 GB),2026-09-03 13:27:08.528000+00:00
azken,H100 PCIe,"3.12.3 (main, Mar  3 2026, 12:15:18) [GCC 13.3.0]",py312_cuml_always,profiler_cuml_always_fix1,QHY600-4_SDSSg_4k,15.3,16.985135793685913,8294.0,2026-09-03T13:27:35.923Z,4787.0,3193.0,SDSSg,hermione,,458.0,58.0,fix1,local,22.8958,0.002,182.0,H100 (80 GB),2026-09-03 13:27:35.923000+00:00
azken,H100 PCIe,"3.12.3 (main, Mar  3 2026, 12:15:18) [GCC 13.3.0]",py312_cuml_always,profiler_cuml_always_fix1,QHY600-4_SDSSg_4k,15.3,13.451610565185549,8294.0,2026-09-03T13:27:57.994Z,4787.0,3193.0,SDSSg,hermione,,458.0,59.0,fix1,local,22.8958,0.002,182.0,H100 (80 GB),2026-09-03 13:27:57.994000+00:00
azken,H100 PCIe,"3.12.3 (main, Mar  3 2026, 12:15:18) [GCC 13.3.0]",py312_cuml_always,profiler_cuml_always_fix1,QHY600-4_SDSSg_4k,15.3,16.35022521018982,8294.0,2026-09-03T13:28:23.532Z,4787.0,3193.0,SDSSg,hermione,,458.0,58.0,fix1,local,22.8958,0.002,182.0,H100 (80 GB),2026-09-03 13:28:23.532000+00:00
azken,H100 PCIe,"3.12.3 (main, Mar  3 2026, 12:15:18) [GCC 13.3.0]",py312_cuml_always,profiler_cuml_always_fix1,QHY600-4_SDSSg_4k,15.3,15.610416173934937,8294.0,2026-09-03T13:28:48.064Z,4787.0,3193.0,SDSSg,hermione,,458.0,58.0,fix1,local,22.8958,0.002,182.0,H100 (80 GB),2026-09-03 13:28:48.064000+00:00
azken,H100 PCIe,"3.12.3 (main, Mar  3 2026, 12:15:18) [GCC 13.3.0]",py312_cuml_always,profiler_cuml_always_fix1,QHY600-4_SDSSg_4k,15.3,16.25581455230713,8294.0,2026-09-03T13:29:14.406Z,4787.0,3193.0,SDSSg,hermione,,458.0,58.0,fix1,local,22.8958,0.002,182.0,H100 (80 GB),2026-09-03 13:29:14.406000+00:00
azken,H100 PCIe,"3.12.3 (main, Mar  3 2026, 12:15:18) [GCC 13.3.0]",py312_cuml_always,profiler_cuml_always_fix1,QHY600-4_SDSSg_4k,15.3,17.444087982177734,8294.0,2026-09-03T13:29:41.684Z,4787.0,3193.0,SDSSg,hermione,,458.0,58.0,fix1,local,22.8958,0.002,182.0,H100 (80 GB),2026-09-03 13:29:41.684000+00:00
azken,H100 PCIe,"3.12.3 (main, Mar  3 2026, 12:15:18) [GCC 13.3.0]",py312_cuml_always,profiler_cuml_always_fix1,QHY600-4_SDSSg_4k,15.3,15.135929822921751,8294.0,2026-09-03T13:30:05.983Z,4787.0,3193.0,SDSSg,hermione,,458.0,58.0,fix1,local,22.8958,0.002,182.0,H100 (80 GB),2026-09-03 13:30:05.983000+00:00
azken,H100 PCIe,"3.12.3 (main, Mar  3 2026, 12:15:18) [GCC 13.3.0]",py312_cuml_always,profiler_cuml_always_fix1,QHY600-4_SDSSg_4k,15.3,17.134325981140137,8294.0,2026-09-03T13:30:32.837Z,4787.0,3193.0,SDSSg,hermione,,458.0,58.0,fix1,local,22.8958,0.002,182.0,H100 (80 GB),2026-09-03 13:30:32.837000+00:00
azken,H100 PCIe,"3.12.3 (main, Mar  3 2026, 12:15:18) [GCC 13.3.0]",py312_cuml_always,profiler_cuml_always_fix1,QHY600-4_SDSSg_4k,15.3,17.233708143234253,8294.0,2026-09-03T13:31:00.131Z,4787.0,3193.0,SDSSg,hermione,,458.0,59.0,fix1,local,22.8958,0.002,182.0,H100 (80 GB),2026-09-03 13:31:00.131000+00:00
azken,H100 PCIe,"3.12.3 (main, Mar  3 2026, 12:15:18) [GCC 13.3.0]",py312_cuml_adaptive,profiler_cuml_adaptive_fix1,QHY600-4_SDSSg_4k,15.3,17.530709981918335,8294.0,2026-09-03T13:32:23.062Z,4787.0,3193.0,SDSSg,hermione,,458.0,59.0,fix1,local,22.8958,0.002,182.0,H100 (80 GB),2026-09-03 13:32:23.062000+00:00
azken,H100 PCIe,"3.12.3 (main, Mar  3 2026, 12:15:18) [GCC 13.3.0]",py312_cuml_adaptive,profiler_cuml_adaptive_fix1,QHY600-4_SDSSg_4k,15.3,14.768426418304443,8294.0,2026-09-03T13:32:48.672Z,4787.0,3193.0,SDSSg,hermione,,458.0,58.0,fix1,local,22.8958,0.002,182.0,H100 (80 GB),2026-09-03 13:32:48.672000+00:00
azken,H100 PCIe,"3.12.3 (main, Mar  3 2026, 12:15:18) [GCC 13.3.0]",py312_cuml_adaptive,profiler_cuml_adaptive_fix1,QHY600-4_SDSSg_4k,15.3,15.66317868232727,8294.0,2026-09-03T13:33:14.011Z,4787.0,3193.0,SDSSg,hermione,,458.0,58.0,fix1,local,22.8958,0.002,182.0,H100 (80 GB),2026-09-03 13:33:14.011000+00:00
azken,H100 PCIe,"3.12.3 (main, Mar  3 2026, 12:15:18) [GCC 13.3.0]",py312_cuml_adaptive,profiler_cuml_adaptive_fix1,QHY600-4_SDSSg_4k,15.3,17.683358907699585,8294.0,2026-09-03T13:33:41.772Z,4787.0,3193.0,SDSSg,hermione,,458.0,59.0,fix1,local,22.8958,0.002,182.0,H100 (80 GB),2026-09-03 13:33:41.772000+00:00
azken,H100 PCIe,"3.12.3 (main, Mar  3 2026, 12:15:18) [GCC 13.3.0]",py312_cuml_adaptive,profiler_cuml_adaptive_fix1,QHY600-4_SDSSg_4k,15.3,19.738312244415283,8294.0,2026-09-03T13:34:10.887Z,4787.0,3193.0,SDSSg,hermione,,458.0,58.0,fix1,local,22.8958,0.002,182.0,H100 (80 GB),2026-09-03 13:34:10.887000+00:00
azken,H100 PCIe,"3.12.3 (main, Mar  3 2026, 12:15:18) [GCC 13.3.0]",py312_cuml_adaptive,profiler_cuml_adaptive_fix1,QHY600-4_SDSSg_4k,15.3,20.83496403694153,8294.0,2026-09-03T13:34:41.841Z,4787.0,3193.0,SDSSg,hermione,,458.0,59.0,fix1,local,22.8958,0.002,182.0,H100 (80 GB),2026-09-03 13:34:41.841000+00:00
azken,H100 PCIe,"3.12.3 (main, Mar  3 2026, 12:15:18) [GCC 13.3.0]",py312_cuml_adaptive,profiler_cuml_adaptive_fix1,QHY600-4_SDSSg_4k,15.3,18.67331457138061,8294.0,2026-09-03T13:35:10.775Z,4787.0,3193.0,SDSSg,hermione,,458.0,59.0,fix1,local,22.8958,0.002,182.0,H100 (80 GB),2026-09-03 13:35:10.775000+00:00
azken,H100 PCIe,"3.12.3 (main, Mar  3 2026, 12:15:18) [GCC 13.3.0]",py312_cuml_adaptive,profiler_cuml_adaptive_fix1,QHY600-4_SDSSg_4k,15.3,19.948113203048703,8294.0,2026-09-03T13:35:40.274Z,4787.0,3193.0,SDSSg,hermione,,458.0,58.0,fix1,local,22.8958,0.002,182.0,H100 (80 GB),2026-09-03 13:35:40.274000+00:00
azken,H100 PCIe,"3.12.3 (main, Mar  3 2026, 12:15:18) [GCC 13.3.0]",py312_cuml_adaptive,profiler_cuml_adaptive_fix1,QHY600-4_SDSSg_4k,15.3,19.191579818725582,8294.0,2026-09-03T13:36:09.258Z,4787.0,3193.0,SDSSg,hermione,,458.0,58.0,fix1,local,22.8958,0.002,182.0,H100 (80 GB),2026-09-03 13:36:09.258000+00:00
azken,H100 PCIe,"3.12.3 (main, Mar  3 2026, 12:15:18) [GCC 13.3.0]",py312_cuml_adaptive,profiler_cuml_adaptive_fix1,QHY600-4_SDSSg_4k,15.3,16.80665922164917,8294.0,2026-09-03T13:36:35.948Z,4787.0,3193.0,SDSSg,hermione,,458.0,59.0,fix1,local,22.8958,0.002,182.0,H100 (80 GB),2026-09-03 13:36:35.948000+00:00
azken,H100 PCIe,"3.12.3 (main, Mar  3 2026, 12:15:18) [GCC 13.3.0]",py312_cuml_always,profiler_cuml_always_fix1,QHY600-4_SDSSi_10k,15.3,13.528991460800173,15759.0,2026-09-03T13:42:56.793Z,4787.0,3193.0,SDSSi,MAXIJ1820+070,,458.0,58.0,fix1,local,21.2206,0.0011,167.0,H100 (80 GB),2026-09-03 13:42:56.793000+00:00
azken,H100 PCIe,"3.12.3 (main, Mar  3 2026, 12:15:18) [GCC 13.3.0]",py312_cuml_always,profiler_cuml_always_fix1,QHY600-4_SDSSi_10k,15.3,16.984238624572754,15759.0,2026-09-03T13:43:24.549Z,4787.0,3193.0,SDSSi,MAXIJ1820+070,,458.0,58.0,fix1,local,21.2206,0.0011,167.0,H100 (80 GB),2026-09-03 13:43:24.549000+00:00
azken,H100 PCIe,"3.12.3 (main, Mar  3 2026, 12:15:18) [GCC 13.3.0]",py312_cuml_always,profiler_cuml_always_fix1,QHY600-4_SDSSi_10k,15.3,15.685603857040403,15759.0,2026-09-03T13:43:50.123Z,4787.0,3193.0,SDSSi,MAXIJ1820+070,,458.0,58.0,fix1,local,21.2206,0.0011,167.0,H100 (80 GB),2026-09-03 13:43:50.123000+00:00
azken,H100 PCIe,"3.12.3 (main, Mar  3 2026, 12:15:18) [GCC 13.3.0]",py312_cuml_always,profiler_cuml_always_fix1,QHY600-4_SDSSi_10k,15.3,14.37615704536438,15759.0,2026-09-03T13:44:14.416Z,4787.0,3193.0,SDSSi,MAXIJ1820+070,,458.0,58.0,fix1,local,21.2206,0.0011,167.0,H100 (80 GB),2026-09-03 13:44:14.416000+00:00
azken,H100 PCIe,"3.12.3 (main, Mar  3 2026, 12:15:18) [GCC 13.3.0]",py312_cuml_always,profiler_cuml_always_fix1,QHY600-4_SDSSi_10k,15.3,14.662642240524292,15759.0,2026-09-03T13:44:37.937Z,4787.0,3193.0,SDSSi,MAXIJ1820+070,,458.0,58.0,fix1,local,21.2206,0.0011,167.0,H100 (80 GB),2026-09-03 13:44:37.937000+00:00
azken,H100 PCIe,"3.12.3 (main, Mar  3 2026, 12:15:18) [GCC 13.3.0]",py312_cuml_always,profiler_cuml_always_fix1,QHY600-4_SDSSi_10k,15.3,16.495118856430054,15759.0,2026-09-03T13:45:04.833Z,4787.0,3193.0,SDSSi,MAXIJ1820+070,,458.0,58.0,fix1,local,21.2206,0.0011,167.0,H100 (80 GB),2026-09-03 13:45:04.833000+00:00
azken,H100 PCIe,"3.12.3 (main, Mar  3 2026, 12:15:18) [GCC 13.3.0]",py312_cuml_always,profiler_cuml_always_fix1,QHY600-4_SDSSi_10k,15.3,14.315703868865969,15759.0,2026-09-03T13:45:28.604Z,4787.0,3193.0,SDSSi,MAXIJ1820+070,,458.0,58.0,fix1,local,21.2206,0.0011,167.0,H100 (80 GB),2026-09-03 13:45:28.604000+00:00
azken,H100 PCIe,"3.12.3 (main, Mar  3 2026, 12:15:18) [GCC 13.3.0]",py312_cuml_always,profiler_cuml_always_fix1,QHY600-4_SDSSi_10k,15.3,16.115046501159668,15759.0,2026-09-03T13:45:55.322Z,4787.0,3193.0,SDSSi,MAXIJ1820+070,,458.0,58.0,fix1,local,21.2206,0.0011,167.0,H100 (80 GB),2026-09-03 13:45:55.322000+00:00
azken,H100 PCIe,"3.12.3 (main, Mar  3 2026, 12:15:18) [GCC 13.3.0]",py312_cuml_always,profiler_cuml_always_fix1,QHY600-4_SDSSi_10k,15.3,16.070061445236206,15759.0,2026-09-03T13:46:21.270Z,4787.0,3193.0,SDSSi,MAXIJ1820+070,,458.0,59.0,fix1,local,21.2206,0.0011,167.0,H100 (80 GB),2026-09-03 13:46:21.270000+00:00
azken,H100 PCIe,"3.12.3 (main, Mar  3 2026, 12:15:18) [GCC 13.3.0]",py312_cuml_always,profiler_cuml_always_fix1,QHY600-4_SDSSi_10k,15.3,16.666431188583374,15759.0,2026-09-03T13:46:48.453Z,4787.0,3193.0,SDSSi,MAXIJ1820+070,,458.0,58.0,fix1,local,21.2206,0.0011,167.0,H100 (80 GB),2026-09-03 13:46:48.453000+00:00
azken,H100 PCIe,"3.12.3 (main, Mar  3 2026, 12:15:18) [GCC 13.3.0]",py312_cuml_adaptive,profiler_cuml_adaptive_fix1,QHY600-4_SDSSi_10k,15.3,14.938118696212769,15759.0,2026-09-03T13:37:57.557Z,4787.0,3193.0,SDSSi,MAXIJ1820+070,,458.0,58.0,fix1,local,21.2206,0.0011,167.0,H100 (80 GB),2026-09-03 13:37:57.557000+00:00
azken,H100 PCIe,"3.12.3 (main, Mar  3 2026, 12:15:18) [GCC 13.3.0]",py312_cuml_adaptive,profiler_cuml_adaptive_fix1,QHY600-4_SDSSi_10k,15.3,15.276460647583008,15759.0,2026-09-03T13:38:23.209Z,4787.0,3193.0,SDSSi,MAXIJ1820+070,,458.0,58.0,fix1,local,21.2206,0.0011,167.0,H100 (80 GB),2026-09-03 13:38:23.209000+00:00
azken,H100 PCIe,"3.12.3 (main, Mar  3 2026, 12:15:18) [GCC 13.3.0]",py312_cuml_adaptive,profiler_cuml_adaptive_fix1,QHY600-4_SDSSi_10k,15.3,15.620872974395752,15759.0,2026-09-03T13:38:47.449Z,4787.0,3193.0,SDSSi,MAXIJ1820+070,,458.0,59.0,fix1,local,21.2206,0.0011,167.0,H100 (80 GB),2026-09-03 13:38:47.449000+00:00
azken,H100 PCIe,"3.12.3 (main, Mar  3 2026, 12:15:18) [GCC 13.3.0]",py312_cuml_adaptive,profiler_cuml_adaptive_fix1,QHY600-4_SDSSi_10k,15.3,15.320826768875122,15759.0,2026-09-03T13:39:13.218Z,4787.0,3193.0,SDSSi,MAXIJ1820+070,,458.0,58.0,fix1,local,21.2206,0.0011,167.0,H100 (80 GB),2026-09-03 13:39:13.218000+00:00
azken,H100 PCIe,"3.12.3 (main, Mar  3 2026, 12:15:18) [GCC 13.3.0]",py312_cuml_adaptive,profiler_cuml_adaptive_fix1,QHY600-4_SDSSi_10k,15.3,12.784360885620115,15759.0,2026-09-03T13:39:35.188Z,4787.0,3193.0,SDSSi,MAXIJ1820+070,,458.0,59.0,fix1,local,21.2206,0.0011,167.0,H100 (80 GB),2026-09-03 13:39:35.188000+00:00
azken,H100 PCIe,"3.12.3 (main, Mar  3 2026, 12:15:18) [GCC 13.3.0]",py312_cuml_adaptive,profiler_cuml_adaptive_fix1,QHY600-4_SDSSi_10k,15.3,15.93229913711548,15759.0,2026-09-03T13:40:00.768Z,4787.0,3193.0,SDSSi,MAXIJ1820+070,,458.0,58.0,fix1,local,21.2206,0.0011,167.0,H100 (80 GB),2026-09-03 13:40:00.768000+00:00
azken,H100 PCIe,"3.12.3 (main, Mar  3 2026, 12:15:18) [GCC 13.3.0]",py312_cuml_adaptive,profiler_cuml_adaptive_fix1,QHY600-4_SDSSi_10k,15.3,16.92056655883789,15759.0,2026-09-03T13:40:26.763Z,4787.0,3193.0,SDSSi,MAXIJ1820+070,,458.0,59.0,fix1,local,21.2206,0.0011,167.0,H100 (80 GB),2026-09-03 13:40:26.763000+00:00
azken,H100 PCIe,"3.12.3 (main, Mar  3 2026, 12:15:18) [GCC 13.3.0]",py312_cuml_adaptive,profiler_cuml_adaptive_fix1,QHY600-4_SDSSi_10k,15.3,16.037614345550537,15759.0,2026-09-03T13:40:53.307Z,4787.0,3193.0,SDSSi,MAXIJ1820+070,,458.0,58.0,fix1,local,21.2206,0.0011,167.0,H100 (80 GB),2026-09-03 13:40:53.307000+00:00
azken,H100 PCIe,"3.12.3 (main, Mar  3 2026, 12:15:18) [GCC 13.3.0]",py312_cuml_adaptive,profiler_cuml_adaptive_fix1,QHY600-4_SDSSi_10k,15.3,14.992745399475098,15759.0,2026-09-03T13:41:17.556Z,4787.0,3193.0,SDSSi,MAXIJ1820+070,,458.0,59.0,fix1,local,21.2206,0.0011,167.0,H100 (80 GB),2026-09-03 13:41:17.556000+00:00
azken,H100 PCIe,"3.12.3 (main, Mar  3 2026, 12:15:18) [GCC 13.3.0]",py312_cuml_adaptive,profiler_cuml_adaptive_fix1,QHY600-4_SDSSi_10k,15.3,14.9782452583313,15759.0,2026-09-03T13:41:42.488Z,4787.0,3193.0,SDSSi,MAXIJ1820+070,,458.0,59.0,fix1,local,21.2206,0.0011,167.0,H100 (80 GB),2026-09-03 13:41:42.488000+00:00
azken,H100 PCIe,"3.12.3 (main, Mar  3 2026, 12:15:18) [GCC 13.3.0]",py312_cuml_always,profiler_cuml_always_fix1,iKon936_Lum,4.2,9.522353172302246,228.0,2026-09-03T12:02:56.440Z,2048.0,2048.0,Lum,C2025A6,,458.0,54.0,fix1,local,26.2298,0.0239,25.0,H100 (80 GB),2026-09-03 12:02:56.440000+00:00
azken,H100 PCIe,"3.12.3 (main, Mar  3 2026, 12:15:18) [GCC 13.3.0]",py312_cuml_always,profiler_cuml_always_fix1,iKon936_Lum,4.2,9.561858415603638,228.0,2026-09-03T12:03:14.387Z,2048.0,2048.0,Lum,C2025A6,,458.0,55.0,fix1,local,26.2298,0.0239,25.0,H100 (80 GB),2026-09-03 12:03:14.387000+00:00
azken,H100 PCIe,"3.12.3 (main, Mar  3 2026, 12:15:18) [GCC 13.3.0]",py312_cuml_always,profiler_cuml_always_fix1,iKon936_Lum,4.2,8.100391387939453,228.0,2026-09-03T12:03:30.840Z,2048.0,2048.0,Lum,C2025A6,,458.0,55.0,fix1,local,26.2298,0.0239,25.0,H100 (80 GB),2026-09-03 12:03:30.840000+00:00
azken,H100 PCIe,"3.12.3 (main, Mar  3 2026, 12:15:18) [GCC 13.3.0]",py312_cuml_always,profiler_cuml_always_fix1,iKon936_Lum,4.2,10.496277093887327,228.0,2026-09-03T12:03:50.663Z,2048.0,2048.0,Lum,C2025A6,,458.0,54.0,fix1,local,26.2298,0.0239,25.0,H100 (80 GB),2026-09-03 12:03:50.663000+00:00
azken,H100 PCIe,"3.12.3 (main, Mar  3 2026, 12:15:18) [GCC 13.3.0]",py312_cuml_always,profiler_cuml_always_fix1,iKon936_Lum,4.2,10.009267330169678,228.0,2026-09-03T12:04:10.833Z,2048.0,2048.0,Lum,C2025A6,,458.0,55.0,fix1,local,26.2298,0.0239,25.0,H100 (80 GB),2026-09-03 12:04:10.833000+00:00
azken,H100 PCIe,"3.12.3 (main, Mar  3 2026, 12:15:18) [GCC 13.3.0]",py312_cuml_always,profiler_cuml_always_fix1,iKon936_Lum,4.2,8.60854721069336,228.0,2026-09-03T12:04:27.311Z,2048.0,2048.0,Lum,C2025A6,,458.0,55.0,fix1,local,26.2298,0.0239,25.0,H100 (80 GB),2026-09-03 12:04:27.311000+00:00
azken,H100 PCIe,"3.12.3 (main, Mar  3 2026, 12:15:18) [GCC 13.3.0]",py312_cuml_always,profiler_cuml_always_fix1,iKon936_Lum,4.2,10.364073991775513,228.0,2026-09-03T12:04:46.684Z,2048.0,2048.0,Lum,C2025A6,,458.0,55.0,fix1,local,26.2298,0.0239,25.0,H100 (80 GB),2026-09-03 12:04:46.684000+00:00
azken,H100 PCIe,"3.12.3 (main, Mar  3 2026, 12:15:18) [GCC 13.3.0]",py312_cuml_always,profiler_cuml_always_fix1,iKon936_Lum,4.2,8.231687784194946,228.0,2026-09-03T12:05:04.298Z,2048.0,2048.0,Lum,C2025A6,,458.0,55.0,fix1,local,26.2298,0.0239,25.0,H100 (80 GB),2026-09-03 12:05:04.298000+00:00
azken,H100 PCIe,"3.12.3 (main, Mar  3 2026, 12:15:18) [GCC 13.3.0]",py312_cuml_always,profiler_cuml_always_fix1,iKon936_Lum,4.2,11.077244758605955,228.0,2026-09-03T12:05:25.040Z,2048.0,2048.0,Lum,C2025A6,,458.0,55.0,fix1,local,26.2298,0.0239,25.0,H100 (80 GB),2026-09-03 12:05:25.040000+00:00
azken,H100 PCIe,"3.12.3 (main, Mar  3 2026, 12:15:18) [GCC 13.3.0]",py312_cuml_always,profiler_cuml_always_fix1,iKon936_Lum,4.2,10.281963348388672,228.0,2026-09-03T12:05:45.130Z,2048.0,2048.0,Lum,C2025A6,,458.0,55.0,fix1,local,26.2298,0.0239,25.0,H100 (80 GB),2026-09-03 12:05:45.130000+00:00
azken,H100 PCIe,"3.12.3 (main, Mar  3 2026, 12:15:18) [GCC 13.3.0]",py312_cuml_adaptive,profiler_cuml_adaptive_fix1,iKon936_Lum,4.2,9.02324366569519,228.0,2026-09-03T12:06:45.185Z,2048.0,2048.0,Lum,C2025A6,,458.0,55.0,fix1,local,26.2298,0.0239,25.0,H100 (80 GB),2026-09-03 12:06:45.185000+00:00
azken,H100 PCIe,"3.12.3 (main, Mar  3 2026, 12:15:18) [GCC 13.3.0]",py312_cuml_adaptive,profiler_cuml_adaptive_fix1,iKon936_Lum,4.2,8.434074401855469,228.0,2026-09-03T12:07:02.627Z,2048.0,2048.0,Lum,C2025A6,,458.0,55.0,fix1,local,26.2298,0.0239,25.0,H100 (80 GB),2026-09-03 12:07:02.627000+00:00
azken,H100 PCIe,"3.12.3 (main, Mar  3 2026, 12:15:18) [GCC 13.3.0]",py312_cuml_adaptive,profiler_cuml_adaptive_fix1,iKon936_Lum,4.2,10.605910778045654,228.0,2026-09-03T12:07:22.504Z,2048.0,2048.0,Lum,C2025A6,,458.0,55.0,fix1,local,26.2298,0.0239,25.0,H100 (80 GB),2026-09-03 12:07:22.504000+00:00
azken,H100 PCIe,"3.12.3 (main, Mar  3 2026, 12:15:18) [GCC 13.3.0]",py312_cuml_adaptive,profiler_cuml_adaptive_fix1,iKon936_Lum,4.2,8.938260316848755,228.0,2026-09-03T12:07:40.353Z,2048.0,2048.0,Lum,C2025A6,,458.0,55.0,fix1,local,26.2298,0.0239,25.0,H100 (80 GB),2026-09-03 12:07:40.353000+00:00
azken,H100 PCIe,"3.12.3 (main, Mar  3 2026, 12:15:18) [GCC 13.3.0]",py312_cuml_adaptive,profiler_cuml_adaptive_fix1,iKon936_Lum,4.2,8.650357484817505,228.0,2026-09-03T12:07:57.225Z,2048.0,2048.0,Lum,C2025A6,,458.0,55.0,fix1,local,26.2298,0.0239,25.0,H100 (80 GB),2026-09-03 12:07:57.225000+00:00
azken,H100 PCIe,"3.12.3 (main, Mar  3 2026, 12:15:18) [GCC 13.3.0]",py312_cuml_adaptive,profiler_cuml_adaptive_fix1,iKon936_Lum,4.2,10.526768684387209,228.0,2026-09-03T12:08:15.789Z,2048.0,2048.0,Lum,C2025A6,,458.0,55.0,fix1,local,26.2298,0.0239,25.0,H100 (80 GB),2026-09-03 12:08:15.789000+00:00
azken,H100 PCIe,"3.12.3 (main, Mar  3 2026, 12:15:18) [GCC 13.3.0]",py312_cuml_adaptive,profiler_cuml_adaptive_fix1,iKon936_Lum,4.2,9.888530731201172,228.0,2026-09-03T12:08:35.199Z,2048.0,2048.0,Lum,C2025A6,,458.0,55.0,fix1,local,26.2298,0.0239,25.0,H100 (80 GB),2026-09-03 12:08:35.199000+00:00
azken,H100 PCIe,"3.12.3 (main, Mar  3 2026, 12:15:18) [GCC 13.3.0]",py312_cuml_adaptive,profiler_cuml_adaptive_fix1,iKon936_Lum,4.2,9.467895030975342,228.0,2026-09-03T12:08:53.625Z,2048.0,2048.0,Lum,C2025A6,,458.0,55.0,fix1,local,26.2298,0.0239,25.0,H100 (80 GB),2026-09-03 12:08:53.625000+00:00
azken,H100 PCIe,"3.12.3 (main, Mar  3 2026, 12:15:18) [GCC 13.3.0]",py312_cuml_adaptive,profiler_cuml_adaptive_fix1,iKon936_Lum,4.2,9.55527639389038,228.0,2026-09-03T12:09:12.756Z,2048.0,2048.0,Lum,C2025A6,,458.0,55.0,fix1,local,26.2298,0.0239,25.0,H100 (80 GB),2026-09-03 12:09:12.756000+00:00
azken,H100 PCIe,"3.12.3 (main, Mar  3 2026, 12:15:18) [GCC 13.3.0]",py312_cuml_adaptive,profiler_cuml_adaptive_fix1,iKon936_Lum,4.2,8.559955596923828,228.0,2026-09-03T12:09:29.680Z,2048.0,2048.0,Lum,C2025A6,,458.0,55.0,fix1,local,26.2298,0.0239,25.0,H100 (80 GB),2026-09-03 12:09:29.680000+00:00
azken,H100 PCIe,"3.12.3 (main, Mar  3 2026, 12:15:18) [GCC 13.3.0]",py312_cuml_always,profiler_cuml_always_fix1,iKon936_SDSSg,4.2,10.449035882949827,279.0,2026-09-03T11:59:03.183Z,2048.0,2048.0,SDSSg,QSO0957+561,,458.0,54.0,fix1,local,25.3178,0.0147,24.0,H100 (80 GB),2026-09-03 11:59:03.183000+00:00
azken,H100 PCIe,"3.12.3 (main, Mar  3 2026, 12:15:18) [GCC 13.3.0]",py312_cuml_always,profiler_cuml_always_fix1,iKon936_SDSSg,4.2,9.828601598739624,279.0,2026-09-03T11:59:22.781Z,2048.0,2048.0,SDSSg,QSO0957+561,,458.0,53.0,fix1,local,25.3178,0.0147,24.0,H100 (80 GB),2026-09-03 11:59:22.781000+00:00
azken,H100 PCIe,"3.12.3 (main, Mar  3 2026, 12:15:18) [GCC 13.3.0]",py312_cuml_always,profiler_cuml_always_fix1,iKon936_SDSSg,4.2,10.068241596221924,279.0,2026-09-03T11:59:42.531Z,2048.0,2048.0,SDSSg,QSO0957+561,,458.0,54.0,fix1,local,25.3178,0.0147,24.0,H100 (80 GB),2026-09-03 11:59:42.531000+00:00
azken,H100 PCIe,"3.12.3 (main, Mar  3 2026, 12:15:18) [GCC 13.3.0]",py312_cuml_always,profiler_cuml_always_fix1,iKon936_SDSSg,4.2,10.062522649765016,279.0,2026-09-03T12:00:02.057Z,2048.0,2048.0,SDSSg,QSO0957+561,,458.0,54.0,fix1,local,25.3178,0.0147,24.0,H100 (80 GB),2026-09-03 12:00:02.057000+00:00
azken,H100 PCIe,"3.12.3 (main, Mar  3 2026, 12:15:18) [GCC 13.3.0]",py312_cuml_always,profiler_cuml_always_fix1,iKon936_SDSSg,4.2,10.074466228485107,279.0,2026-09-03T12:00:21.346Z,2048.0,2048.0,SDSSg,QSO0957+561,,458.0,54.0,fix1,local,25.3178,0.0147,24.0,H100 (80 GB),2026-09-03 12:00:21.346000+00:00
azken,H100 PCIe,"3.12.3 (main, Mar  3 2026, 12:15:18) [GCC 13.3.0]",py312_cuml_always,profiler_cuml_always_fix1,iKon936_SDSSg,4.2,8.851919412612915,279.0,2026-09-03T12:00:40.289Z,2048.0,2048.0,SDSSg,QSO0957+561,,458.0,54.0,fix1,local,25.3178,0.0147,24.0,H100 (80 GB),2026-09-03 12:00:40.289000+00:00
azken,H100 PCIe,"3.12.3 (main, Mar  3 2026, 12:15:18) [GCC 13.3.0]",py312_cuml_always,profiler_cuml_always_fix1,iKon936_SDSSg,4.2,8.565753698348999,279.0,2026-09-03T12:00:58.317Z,2048.0,2048.0,SDSSg,QSO0957+561,,458.0,54.0,fix1,local,25.3178,0.0147,24.0,H100 (80 GB),2026-09-03 12:00:58.317000+00:00
azken,H100 PCIe,"3.12.3 (main, Mar  3 2026, 12:15:18) [GCC 13.3.0]",py312_cuml_always,profiler_cuml_always_fix1,iKon936_SDSSg,4.2,8.832590341567993,279.0,2026-09-03T12:01:15.592Z,2048.0,2048.0,SDSSg,QSO0957+561,,458.0,54.0,fix1,local,25.3178,0.0147,24.0,H100 (80 GB),2026-09-03 12:01:15.592000+00:00
azken,H100 PCIe,"3.12.3 (main, Mar  3 2026, 12:15:18) [GCC 13.3.0]",py312_cuml_always,profiler_cuml_always_fix1,iKon936_SDSSg,4.2,10.383264541625977,279.0,2026-09-03T12:01:35.323Z,2048.0,2048.0,SDSSg,QSO0957+561,,458.0,54.0,fix1,local,25.3178,0.0147,24.0,H100 (80 GB),2026-09-03 12:01:35.323000+00:00
azken,H100 PCIe,"3.12.3 (main, Mar  3 2026, 12:15:18) [GCC 13.3.0]",py312_cuml_always,profiler_cuml_always_fix1,iKon936_SDSSg,4.2,8.710323572158813,279.0,2026-09-03T12:01:54.086Z,2048.0,2048.0,SDSSg,QSO0957+561,,458.0,54.0,fix1,local,25.3178,0.0147,24.0,H100 (80 GB),2026-09-03 12:01:54.086000+00:00
azken,H100 PCIe,"3.12.3 (main, Mar  3 2026, 12:15:18) [GCC 13.3.0]",py312_cuml_adaptive,profiler_cuml_adaptive_fix1,iKon936_SDSSg,4.2,8.843480348587036,279.0,2026-09-03T11:55:20.883Z,2048.0,2048.0,SDSSg,QSO0957+561,,458.0,50.0,fix1,local,25.3178,0.0147,24.0,H100 (80 GB),2026-09-03 11:55:20.883000+00:00
azken,H100 PCIe,"3.12.3 (main, Mar  3 2026, 12:15:18) [GCC 13.3.0]",py312_cuml_adaptive,profiler_cuml_adaptive_fix1,iKon936_SDSSg,4.2,8.634645700454712,279.0,2026-09-03T11:55:39.066Z,2048.0,2048.0,SDSSg,QSO0957+561,,458.0,51.0,fix1,local,25.3178,0.0147,24.0,H100 (80 GB),2026-09-03 11:55:39.066000+00:00
azken,H100 PCIe,"3.12.3 (main, Mar  3 2026, 12:15:18) [GCC 13.3.0]",py312_cuml_adaptive,profiler_cuml_adaptive_fix1,iKon936_SDSSg,4.2,9.87334418296814,279.0,2026-09-03T11:55:58.421Z,2048.0,2048.0,SDSSg,QSO0957+561,,458.0,51.0,fix1,local,25.3178,0.0147,24.0,H100 (80 GB),2026-09-03 11:55:58.421000+00:00
azken,H100 PCIe,"3.12.3 (main, Mar  3 2026, 12:15:18) [GCC 13.3.0]",py312_cuml_adaptive,profiler_cuml_adaptive_fix1,iKon936_SDSSg,4.2,8.58423638343811,279.0,2026-09-03T11:56:16.284Z,2048.0,2048.0,SDSSg,QSO0957+561,,458.0,52.0,fix1,local,25.3178,0.0147,24.0,H100 (80 GB),2026-09-03 11:56:16.284000+00:00
azken,H100 PCIe,"3.12.3 (main, Mar  3 2026, 12:15:18) [GCC 13.3.0]",py312_cuml_adaptive,profiler_cuml_adaptive_fix1,iKon936_SDSSg,4.2,8.638659715652466,279.0,2026-09-03T11:56:33.657Z,2048.0,2048.0,SDSSg,QSO0957+561,,458.0,52.0,fix1,local,25.3178,0.0147,24.0,H100 (80 GB),2026-09-03 11:56:33.657000+00:00
azken,H100 PCIe,"3.12.3 (main, Mar  3 2026, 12:15:18) [GCC 13.3.0]",py312_cuml_adaptive,profiler_cuml_adaptive_fix1,iKon936_SDSSg,4.2,8.558274984359741,279.0,2026-09-03T11:56:50.933Z,2048.0,2048.0,SDSSg,QSO0957+561,,458.0,52.0,fix1,local,25.3178,0.0147,24.0,H100 (80 GB),2026-09-03 11:56:50.933000+00:00
azken,H100 PCIe,"3.12.3 (main, Mar  3 2026, 12:15:18) [GCC 13.3.0]",py312_cuml_adaptive,profiler_cuml_adaptive_fix1,iKon936_SDSSg,4.2,8.696075677871704,279.0,2026-09-03T11:57:08.764Z,2048.0,2048.0,SDSSg,QSO0957+561,,458.0,53.0,fix1,local,25.3178,0.0147,24.0,H100 (80 GB),2026-09-03 11:57:08.764000+00:00
azken,H100 PCIe,"3.12.3 (main, Mar  3 2026, 12:15:18) [GCC 13.3.0]",py312_cuml_adaptive,profiler_cuml_adaptive_fix1,iKon936_SDSSg,4.2,9.324270486831663,279.0,2026-09-03T11:57:27.481Z,2048.0,2048.0,SDSSg,QSO0957+561,,458.0,53.0,fix1,local,25.3178,0.0147,24.0,H100 (80 GB),2026-09-03 11:57:27.481000+00:00
azken,H100 PCIe,"3.12.3 (main, Mar  3 2026, 12:15:18) [GCC 13.3.0]",py312_cuml_adaptive,profiler_cuml_adaptive_fix1,iKon936_SDSSg,4.2,8.98575496673584,279.0,2026-09-03T11:57:45.899Z,2048.0,2048.0,SDSSg,QSO0957+561,,458.0,53.0,fix1,local,25.3178,0.0147,24.0,H100 (80 GB),2026-09-03 11:57:45.899000+00:00
azken,H100 PCIe,"3.12.3 (main, Mar  3 2026, 12:15:18) [GCC 13.3.0]",py312_cuml_adaptive,profiler_cuml_adaptive_fix1,iKon936_SDSSg,4.2,9.836621522903442,279.0,2026-09-03T11:58:04.836Z,2048.0,2048.0,SDSSg,QSO0957+561,,458.0,53.0,fix1,local,25.3178,0.0147,24.0,H100 (80 GB),2026-09-03 11:58:04.836000+00:00
hp3,L40S,"3.12.3 (main, Mar  3 2026, 12:15:18) [GCC 13.3.0]",py312_cuml_always,profiler_cuml_always_fix1,QHY411-1_Lum_bin2,37.8,12.99407720565796,354.0,2026-09-03T12:30:57.896Z,7100.0,5325.0,Lum,2012QD8,,430.0,40.0,fix1,local,23.1794,0.0111,15.0,L40S (48 GB),2026-09-03 12:30:57.896000+00:00
hp3,L40S,"3.12.3 (main, Mar  3 2026, 12:15:18) [GCC 13.3.0]",py312_cuml_always,profiler_cuml_always_fix1,QHY411-1_Lum_bin2,37.8,13.294677019119264,354.0,2026-09-03T12:31:20.646Z,7100.0,5325.0,Lum,2012QD8,,430.0,40.0,fix1,local,23.1794,0.0111,15.0,L40S (48 GB),2026-09-03 12:31:20.646000+00:00
hp3,L40S,"3.12.3 (main, Mar  3 2026, 12:15:18) [GCC 13.3.0]",py312_cuml_always,profiler_cuml_always_fix1,QHY411-1_Lum_bin2,37.8,14.313051462173462,354.0,2026-09-03T12:31:44.210Z,7100.0,5325.0,Lum,2012QD8,,430.0,40.0,fix1,local,23.1794,0.0111,15.0,L40S (48 GB),2026-09-03 12:31:44.210000+00:00
hp3,L40S,"3.12.3 (main, Mar  3 2026, 12:15:18) [GCC 13.3.0]",py312_cuml_always,profiler_cuml_always_fix1,QHY411-1_Lum_bin2,37.8,13.439620733261108,354.0,2026-09-03T12:32:07.108Z,7100.0,5325.0,Lum,2012QD8,,430.0,40.0,fix1,local,23.1794,0.0111,15.0,L40S (48 GB),2026-09-03 12:32:07.108000+00:00
hp3,L40S,"3.12.3 (main, Mar  3 2026, 12:15:18) [GCC 13.3.0]",py312_cuml_always,profiler_cuml_always_fix1,QHY411-1_Lum_bin2,37.8,11.311301231384276,354.0,2026-09-03T12:32:27.957Z,7100.0,5325.0,Lum,2012QD8,,430.0,40.0,fix1,local,23.1794,0.0111,15.0,L40S (48 GB),2026-09-03 12:32:27.957000+00:00
hp3,L40S,"3.12.3 (main, Mar  3 2026, 12:15:18) [GCC 13.3.0]",py312_cuml_always,profiler_cuml_always_fix1,QHY411-1_Lum_bin2,37.8,13.918100357055664,354.0,2026-09-03T12:32:48.583Z,7100.0,5325.0,Lum,2012QD8,,430.0,40.0,fix1,local,23.1794,0.0111,15.0,L40S (48 GB),2026-09-03 12:32:48.583000+00:00
hp3,L40S,"3.12.3 (main, Mar  3 2026, 12:15:18) [GCC 13.3.0]",py312_cuml_always,profiler_cuml_always_fix1,QHY411-1_Lum_bin2,37.8,14.325229406356812,354.0,2026-09-03T12:33:12.968Z,7100.0,5325.0,Lum,2012QD8,,430.0,40.0,fix1,local,23.1794,0.0111,15.0,L40S (48 GB),2026-09-03 12:33:12.968000+00:00
hp3,L40S,"3.12.3 (main, Mar  3 2026, 12:15:18) [GCC 13.3.0]",py312_cuml_always,profiler_cuml_always_fix1,QHY411-1_Lum_bin2,37.8,13.708896160125732,354.0,2026-09-03T12:33:36.312Z,7100.0,5325.0,Lum,2012QD8,,430.0,40.0,fix1,local,23.1794,0.0111,15.0,L40S (48 GB),2026-09-03 12:33:36.312000+00:00
hp3,L40S,"3.12.3 (main, Mar  3 2026, 12:15:18) [GCC 13.3.0]",py312_cuml_always,profiler_cuml_always_fix1,QHY411-1_Lum_bin2,37.8,11.540440320968628,354.0,2026-09-03T12:33:56.974Z,7100.0,5325.0,Lum,2012QD8,,430.0,40.0,fix1,local,23.1794,0.0111,15.0,L40S (48 GB),2026-09-03 12:33:56.974000+00:00
hp3,L40S,"3.12.3 (main, Mar  3 2026, 12:15:18) [GCC 13.3.0]",py312_cuml_always,profiler_cuml_always_fix1,QHY411-1_Lum_bin2,37.8,13.844790935516356,354.0,2026-09-03T12:34:20.788Z,7100.0,5325.0,Lum,2012QD8,,430.0,40.0,fix1,local,23.1794,0.0111,15.0,L40S (48 GB),2026-09-03 12:34:20.788000+00:00
hp3,L40S,"3.12.3 (main, Mar  3 2026, 12:15:18) [GCC 13.3.0]",py312_cuml_adaptive,profiler_cuml_adaptive_fix1,QHY411-1_Lum_bin2,37.8,14.430225372314451,354.0,2026-09-03T12:35:34.012Z,7100.0,5325.0,Lum,2012QD8,,430.0,40.0,fix1,local,23.1794,0.0111,15.0,L40S (48 GB),2026-09-03 12:35:34.012000+00:00
hp3,L40S,"3.12.3 (main, Mar  3 2026, 12:15:18) [GCC 13.3.0]",py312_cuml_adaptive,profiler_cuml_adaptive_fix1,QHY411-1_Lum_bin2,37.8,14.248667240142822,354.0,2026-09-03T12:35:57.770Z,7100.0,5325.0,Lum,2012QD8,,430.0,40.0,fix1,local,23.1794,0.0111,15.0,L40S (48 GB),2026-09-03 12:35:57.770000+00:00
hp3,L40S,"3.12.3 (main, Mar  3 2026, 12:15:18) [GCC 13.3.0]",py312_cuml_adaptive,profiler_cuml_adaptive_fix1,QHY411-1_Lum_bin2,37.8,13.88684058189392,354.0,2026-09-03T12:36:21.200Z,7100.0,5325.0,Lum,2012QD8,,430.0,39.0,fix1,local,23.1794,0.0111,15.0,L40S (48 GB),2026-09-03 12:36:21.200000+00:00
hp3,L40S,"3.12.3 (main, Mar  3 2026, 12:15:18) [GCC 13.3.0]",py312_cuml_adaptive,profiler_cuml_adaptive_fix1,QHY411-1_Lum_bin2,37.8,14.601659059524536,354.0,2026-09-03T12:36:45.971Z,7100.0,5325.0,Lum,2012QD8,,430.0,39.0,fix1,local,23.1794,0.0111,15.0,L40S (48 GB),2026-09-03 12:36:45.971000+00:00
hp3,L40S,"3.12.3 (main, Mar  3 2026, 12:15:18) [GCC 13.3.0]",py312_cuml_adaptive,profiler_cuml_adaptive_fix1,QHY411-1_Lum_bin2,37.8,14.367790699005129,354.0,2026-09-03T12:37:09.772Z,7100.0,5325.0,Lum,2012QD8,,430.0,40.0,fix1,local,23.1794,0.0111,15.0,L40S (48 GB),2026-09-03 12:37:09.772000+00:00
hp3,L40S,"3.12.3 (main, Mar  3 2026, 12:15:18) [GCC 13.3.0]",py312_cuml_adaptive,profiler_cuml_adaptive_fix1,QHY411-1_Lum_bin2,37.8,13.923823356628418,354.0,2026-09-03T12:37:33.232Z,7100.0,5325.0,Lum,2012QD8,,430.0,40.0,fix1,local,23.1794,0.0111,15.0,L40S (48 GB),2026-09-03 12:37:33.232000+00:00
hp3,L40S,"3.12.3 (main, Mar  3 2026, 12:15:18) [GCC 13.3.0]",py312_cuml_adaptive,profiler_cuml_adaptive_fix1,QHY411-1_Lum_bin2,37.8,13.398666620254517,354.0,2026-09-03T12:37:57.020Z,7100.0,5325.0,Lum,2012QD8,,430.0,40.0,fix1,local,23.1794,0.0111,15.0,L40S (48 GB),2026-09-03 12:37:57.020000+00:00
hp3,L40S,"3.12.3 (main, Mar  3 2026, 12:15:18) [GCC 13.3.0]",py312_cuml_adaptive,profiler_cuml_adaptive_fix1,QHY411-1_Lum_bin2,37.8,14.569213151931764,354.0,2026-09-03T12:38:21.830Z,7100.0,5325.0,Lum,2012QD8,,430.0,40.0,fix1,local,23.1794,0.0111,15.0,L40S (48 GB),2026-09-03 12:38:21.830000+00:00
hp3,L40S,"3.12.3 (main, Mar  3 2026, 12:15:18) [GCC 13.3.0]",py312_cuml_adaptive,profiler_cuml_adaptive_fix1,QHY411-1_Lum_bin2,37.8,14.299188613891602,354.0,2026-09-03T12:38:45.651Z,7100.0,5325.0,Lum,2012QD8,,430.0,40.0,fix1,local,23.1794,0.0111,15.0,L40S (48 GB),2026-09-03 12:38:45.651000+00:00
hp3,L40S,"3.12.3 (main, Mar  3 2026, 12:15:18) [GCC 13.3.0]",py312_cuml_adaptive,profiler_cuml_adaptive_fix1,QHY411-1_Lum_bin2,37.8,10.709148168563845,354.0,2026-09-03T12:39:06.082Z,7100.0,5325.0,Lum,2012QD8,,430.0,40.0,fix1,local,23.1794,0.0111,15.0,L40S (48 GB),2026-09-03 12:39:06.082000+00:00
hp3,L40S,"3.12.3 (main, Mar  3 2026, 12:15:18) [GCC 13.3.0]",py312_cuml_always,profiler_cuml_always_fix1,QHY411-1_Lum_full,151.2,73.98418664932251,808.0,2026-09-03T17:24:28.511Z,14200.0,10650.0,Lum,2025PR1,,430.0,48.0,fix1,local,24.5578,0.0088,58.0,L40S (48 GB),2026-09-03 17:24:28.511000+00:00
hp3,L40S,"3.12.3 (main, Mar  3 2026, 12:15:18) [GCC 13.3.0]",py312_cuml_always,profiler_cuml_always_fix1,QHY411-1_Lum_full,151.2,73.19944095611572,808.0,2026-09-03T17:25:47.840Z,14200.0,10650.0,Lum,2025PR1,,430.0,49.0,fix1,local,24.5578,0.0088,58.0,L40S (48 GB),2026-09-03 17:25:47.840000+00:00
hp3,L40S,"3.12.3 (main, Mar  3 2026, 12:15:18) [GCC 13.3.0]",py312_cuml_always,profiler_cuml_always_fix1,QHY411-1_Lum_full,151.2,74.46474099159241,808.0,2026-09-03T17:27:11.638Z,14200.0,10650.0,Lum,2025PR1,,430.0,48.0,fix1,local,24.5578,0.0088,58.0,L40S (48 GB),2026-09-03 17:27:11.638000+00:00
hp3,L40S,"3.12.3 (main, Mar  3 2026, 12:15:18) [GCC 13.3.0]",py312_cuml_always,profiler_cuml_always_fix1,QHY411-1_Lum_full,151.2,72.70990943908691,808.0,2026-09-03T17:28:34.097Z,14200.0,10650.0,Lum,2025PR1,,430.0,47.0,fix1,local,24.5578,0.0088,58.0,L40S (48 GB),2026-09-03 17:28:34.097000+00:00
hp3,L40S,"3.12.3 (main, Mar  3 2026, 12:15:18) [GCC 13.3.0]",py312_cuml_always,profiler_cuml_always_fix1,QHY411-1_Lum_full,151.2,71.95612525939941,808.0,2026-09-03T17:29:54.913Z,14200.0,10650.0,Lum,2025PR1,,430.0,48.0,fix1,local,24.5578,0.0088,58.0,L40S (48 GB),2026-09-03 17:29:54.913000+00:00
hp3,L40S,"3.12.3 (main, Mar  3 2026, 12:15:18) [GCC 13.3.0]",py312_cuml_always,profiler_cuml_always_fix1,QHY411-1_Lum_full,151.2,71.50757431983948,808.0,2026-09-03T17:31:15.835Z,14200.0,10650.0,Lum,2025PR1,,430.0,48.0,fix1,local,24.5578,0.0088,58.0,L40S (48 GB),2026-09-03 17:31:15.835000+00:00
hp3,L40S,"3.12.3 (main, Mar  3 2026, 12:15:18) [GCC 13.3.0]",py312_cuml_always,profiler_cuml_always_fix1,QHY411-1_Lum_full,151.2,72.40151000022888,808.0,2026-09-03T17:32:35.338Z,14200.0,10650.0,Lum,2025PR1,,430.0,49.0,fix1,local,24.5578,0.0088,58.0,L40S (48 GB),2026-09-03 17:32:35.338000+00:00
hp3,L40S,"3.12.3 (main, Mar  3 2026, 12:15:18) [GCC 13.3.0]",py312_cuml_always,profiler_cuml_always_fix1,QHY411-1_Lum_full,151.2,70.75792336463928,808.0,2026-09-03T17:33:56.229Z,14200.0,10650.0,Lum,2025PR1,,430.0,48.0,fix1,local,24.5578,0.0088,58.0,L40S (48 GB),2026-09-03 17:33:56.229000+00:00
hp3,L40S,"3.12.3 (main, Mar  3 2026, 12:15:18) [GCC 13.3.0]",py312_cuml_always,profiler_cuml_always_fix1,QHY411-1_Lum_full,151.2,70.0291817188263,808.0,2026-09-03T17:35:15.566Z,14200.0,10650.0,Lum,2025PR1,,430.0,48.0,fix1,local,24.5578,0.0088,58.0,L40S (48 GB),2026-09-03 17:35:15.566000+00:00
hp3,L40S,"3.12.3 (main, Mar  3 2026, 12:15:18) [GCC 13.3.0]",py312_cuml_always,profiler_cuml_always_fix1,QHY411-1_Lum_full,151.2,71.65838623046875,808.0,2026-09-03T17:36:37.250Z,14200.0,10650.0,Lum,2025PR1,,430.0,48.0,fix1,local,24.5578,0.0088,58.0,L40S (48 GB),2026-09-03 17:36:37.250000+00:00
hp3,L40S,"3.12.3 (main, Mar  3 2026, 12:15:18) [GCC 13.3.0]",py312_cuml_adaptive,profiler_cuml_adaptive_fix1,QHY411-1_Lum_full,151.2,70.99975180625916,808.0,2026-09-03T17:08:15.587Z,14200.0,10650.0,Lum,2025PR1,,430.0,47.0,fix1,local,24.5578,0.0088,58.0,L40S (48 GB),2026-09-03 17:08:15.587000+00:00
hp3,L40S,"3.12.3 (main, Mar  3 2026, 12:15:18) [GCC 13.3.0]",py312_cuml_adaptive,profiler_cuml_adaptive_fix1,QHY411-1_Lum_full,151.2,71.78256821632385,808.0,2026-09-03T17:09:37.837Z,14200.0,10650.0,Lum,2025PR1,,430.0,47.0,fix1,local,24.5578,0.0088,58.0,L40S (48 GB),2026-09-03 17:09:37.837000+00:00
hp3,L40S,"3.12.3 (main, Mar  3 2026, 12:15:18) [GCC 13.3.0]",py312_cuml_adaptive,profiler_cuml_adaptive_fix1,QHY411-1_Lum_full,151.2,71.28411054611206,808.0,2026-09-03T17:10:59.507Z,14200.0,10650.0,Lum,2025PR1,,430.0,48.0,fix1,local,24.5578,0.0088,58.0,L40S (48 GB),2026-09-03 17:10:59.507000+00:00
hp3,L40S,"3.12.3 (main, Mar  3 2026, 12:15:18) [GCC 13.3.0]",py312_cuml_adaptive,profiler_cuml_adaptive_fix1,QHY411-1_Lum_full,151.2,71.44127249717712,808.0,2026-09-03T17:12:21.173Z,14200.0,10650.0,Lum,2025PR1,,430.0,48.0,fix1,local,24.5578,0.0088,58.0,L40S (48 GB),2026-09-03 17:12:21.173000+00:00
hp3,L40S,"3.12.3 (main, Mar  3 2026, 12:15:18) [GCC 13.3.0]",py312_cuml_adaptive,profiler_cuml_adaptive_fix1,QHY411-1_Lum_full,151.2,70.86839270591736,808.0,2026-09-03T17:13:42.401Z,14200.0,10650.0,Lum,2025PR1,,430.0,48.0,fix1,local,24.5578,0.0088,58.0,L40S (48 GB),2026-09-03 17:13:42.401000+00:00
hp3,L40S,"3.12.3 (main, Mar  3 2026, 12:15:18) [GCC 13.3.0]",py312_cuml_adaptive,profiler_cuml_adaptive_fix1,QHY411-1_Lum_full,151.2,69.28560900688171,808.0,2026-09-03T17:15:00.730Z,14200.0,10650.0,Lum,2025PR1,,430.0,48.0,fix1,local,24.5578,0.0088,58.0,L40S (48 GB),2026-09-03 17:15:00.730000+00:00
hp3,L40S,"3.12.3 (main, Mar  3 2026, 12:15:18) [GCC 13.3.0]",py312_cuml_adaptive,profiler_cuml_adaptive_fix1,QHY411-1_Lum_full,151.2,71.99168014526367,808.0,2026-09-03T17:16:23.342Z,14200.0,10650.0,Lum,2025PR1,,430.0,48.0,fix1,local,24.5578,0.0088,58.0,L40S (48 GB),2026-09-03 17:16:23.342000+00:00
hp3,L40S,"3.12.3 (main, Mar  3 2026, 12:15:18) [GCC 13.3.0]",py312_cuml_adaptive,profiler_cuml_adaptive_fix1,QHY411-1_Lum_full,151.2,70.34967255592346,808.0,2026-09-03T17:17:43.199Z,14200.0,10650.0,Lum,2025PR1,,430.0,48.0,fix1,local,24.5578,0.0088,58.0,L40S (48 GB),2026-09-03 17:17:43.199000+00:00
hp3,L40S,"3.12.3 (main, Mar  3 2026, 12:15:18) [GCC 13.3.0]",py312_cuml_adaptive,profiler_cuml_adaptive_fix1,QHY411-1_Lum_full,151.2,70.30322313308716,808.0,2026-09-03T17:19:03.191Z,14200.0,10650.0,Lum,2025PR1,,430.0,48.0,fix1,local,24.5578,0.0088,58.0,L40S (48 GB),2026-09-03 17:19:03.191000+00:00
hp3,L40S,"3.12.3 (main, Mar  3 2026, 12:15:18) [GCC 13.3.0]",py312_cuml_adaptive,profiler_cuml_adaptive_fix1,QHY411-1_Lum_full,151.2,71.49815034866333,808.0,2026-09-03T17:20:24.308Z,14200.0,10650.0,Lum,2025PR1,,430.0,48.0,fix1,local,24.5578,0.0088,58.0,L40S (48 GB),2026-09-03 17:20:24.308000+00:00
hp3,L40S,"3.12.3 (main, Mar  3 2026, 12:15:18) [GCC 13.3.0]",py312_cuml_always,profiler_cuml_always_fix1,QHY411-1_SDSSg_2k,37.8,20.47141671180725,4754.0,2026-09-03T13:41:38.136Z,7100.0,5325.0,SDSSg,Eugenia,,430.0,40.0,fix1,local,22.4726,0.0024,193.0,L40S (48 GB),2026-09-03 13:41:38.136000+00:00
hp3,L40S,"3.12.3 (main, Mar  3 2026, 12:15:18) [GCC 13.3.0]",py312_cuml_always,profiler_cuml_always_fix1,QHY411-1_SDSSg_2k,37.8,18.418565273284912,4754.0,2026-09-03T13:42:06.176Z,7100.0,5325.0,SDSSg,Eugenia,,430.0,40.0,fix1,local,22.4726,0.0024,193.0,L40S (48 GB),2026-09-03 13:42:06.176000+00:00
hp3,L40S,"3.12.3 (main, Mar  3 2026, 12:15:18) [GCC 13.3.0]",py312_cuml_always,profiler_cuml_always_fix1,QHY411-1_SDSSg_2k,37.8,20.93346261978149,4754.0,2026-09-03T13:42:36.990Z,7100.0,5325.0,SDSSg,Eugenia,,430.0,40.0,fix1,local,22.4726,0.0024,193.0,L40S (48 GB),2026-09-03 13:42:36.990000+00:00
hp3,L40S,"3.12.3 (main, Mar  3 2026, 12:15:18) [GCC 13.3.0]",py312_cuml_always,profiler_cuml_always_fix1,QHY411-1_SDSSg_2k,37.8,21.32396411895752,4754.0,2026-09-03T13:43:08.259Z,7100.0,5325.0,SDSSg,Eugenia,,430.0,40.0,fix1,local,22.4726,0.0024,193.0,L40S (48 GB),2026-09-03 13:43:08.259000+00:00
hp3,L40S,"3.12.3 (main, Mar  3 2026, 12:15:18) [GCC 13.3.0]",py312_cuml_always,profiler_cuml_always_fix1,QHY411-1_SDSSg_2k,37.8,19.88543486595153,4754.0,2026-09-03T13:44:13.396Z,7100.0,5325.0,SDSSg,Eugenia,,430.0,40.0,fix1,local,22.4726,0.0024,193.0,L40S (48 GB),2026-09-03 13:44:13.396000+00:00
hp3,L40S,"3.12.3 (main, Mar  3 2026, 12:15:18) [GCC 13.3.0]",py312_cuml_always,profiler_cuml_always_fix1,QHY411-1_SDSSg_2k,37.8,19.38147473335266,3977.0,2026-09-03T13:59:16.482Z,7100.0,5325.0,SDSSg,Eugenia,,430.0,40.0,fix1,local,22.4233,0.0021,193.0,L40S (48 GB),2026-09-03 13:59:16.482000+00:00
hp3,L40S,"3.12.3 (main, Mar  3 2026, 12:15:18) [GCC 13.3.0]",py312_cuml_always,profiler_cuml_always_fix1,QHY411-1_SDSSg_2k,37.8,20.41159009933472,3977.0,2026-09-03T13:59:45.683Z,7100.0,5325.0,SDSSg,Eugenia,,430.0,41.0,fix1,local,22.4233,0.0021,193.0,L40S (48 GB),2026-09-03 13:59:45.683000+00:00
hp3,L40S,"3.12.3 (main, Mar  3 2026, 12:15:18) [GCC 13.3.0]",py312_cuml_always,profiler_cuml_always_fix1,QHY411-1_SDSSg_2k,37.8,20.50319743156433,3977.0,2026-09-03T14:00:15.477Z,7100.0,5325.0,SDSSg,Eugenia,,430.0,40.0,fix1,local,22.4233,0.0021,193.0,L40S (48 GB),2026-09-03 14:00:15.477000+00:00
hp3,L40S,"3.12.3 (main, Mar  3 2026, 12:15:18) [GCC 13.3.0]",py312_cuml_always,profiler_cuml_always_fix1,QHY411-1_SDSSg_2k,37.8,20.137213230133057,3977.0,2026-09-03T14:00:45.307Z,7100.0,5325.0,SDSSg,Eugenia,,430.0,41.0,fix1,local,22.4233,0.0021,193.0,L40S (48 GB),2026-09-03 14:00:45.307000+00:00
hp3,L40S,"3.12.3 (main, Mar  3 2026, 12:15:18) [GCC 13.3.0]",py312_cuml_always,profiler_cuml_always_fix1,QHY411-1_SDSSg_2k,37.8,19.705204486846924,3977.0,2026-09-03T14:01:14.473Z,7100.0,5325.0,SDSSg,Eugenia,,430.0,40.0,fix1,local,22.4233,0.0021,193.0,L40S (48 GB),2026-09-03 14:01:14.473000+00:00
hp3,L40S,"3.12.3 (main, Mar  3 2026, 12:15:18) [GCC 13.3.0]",py312_cuml_always,profiler_cuml_always_fix1,QHY411-1_SDSSg_2k,37.8,19.068875551223755,3977.0,2026-09-03T14:01:42.586Z,7100.0,5325.0,SDSSg,Eugenia,,430.0,41.0,fix1,local,22.4233,0.0021,193.0,L40S (48 GB),2026-09-03 14:01:42.586000+00:00
hp3,L40S,"3.12.3 (main, Mar  3 2026, 12:15:18) [GCC 13.3.0]",py312_cuml_always,profiler_cuml_always_fix1,QHY411-1_SDSSg_2k,37.8,21.783604383468628,3977.0,2026-09-03T14:02:14.049Z,7100.0,5325.0,SDSSg,Eugenia,,430.0,41.0,fix1,local,22.4233,0.0021,193.0,L40S (48 GB),2026-09-03 14:02:14.049000+00:00
hp3,L40S,"3.12.3 (main, Mar  3 2026, 12:15:18) [GCC 13.3.0]",py312_cuml_always,profiler_cuml_always_fix1,QHY411-1_SDSSg_2k,37.8,19.30129218101501,3977.0,2026-09-03T14:02:44.547Z,7100.0,5325.0,SDSSg,Eugenia,,430.0,40.0,fix1,local,22.4233,0.0021,193.0,L40S (48 GB),2026-09-03 14:02:44.547000+00:00
hp3,L40S,"3.12.3 (main, Mar  3 2026, 12:15:18) [GCC 13.3.0]",py312_cuml_always,profiler_cuml_always_fix1,QHY411-1_SDSSg_2k,37.8,19.7920949459076,3977.0,2026-09-03T14:03:16.070Z,7100.0,5325.0,SDSSg,Eugenia,,430.0,40.0,fix1,local,22.4233,0.0021,193.0,L40S (48 GB),2026-09-03 14:03:16.070000+00:00
hp3,L40S,"3.12.3 (main, Mar  3 2026, 12:15:18) [GCC 13.3.0]",py312_cuml_always,profiler_cuml_always_fix1,QHY411-1_SDSSg_2k,37.8,19.772941827774048,3977.0,2026-09-03T14:03:45.446Z,7100.0,5325.0,SDSSg,Eugenia,,430.0,40.0,fix1,local,22.4233,0.0021,193.0,L40S (48 GB),2026-09-03 14:03:45.446000+00:00
hp3,L40S,"3.12.3 (main, Mar  3 2026, 12:15:18) [GCC 13.3.0]",py312_cuml_always,profiler_cuml_always_fix1,QHY411-1_SDSSg_2k,37.8,19.804497718811035,3977.0,2026-09-03T14:04:15.030Z,7100.0,5325.0,SDSSg,Eugenia,,430.0,41.0,fix1,local,22.4233,0.0021,193.0,L40S (48 GB),2026-09-03 14:04:15.030000+00:00
hp3,L40S,"3.12.3 (main, Mar  3 2026, 12:15:18) [GCC 13.3.0]",py312_cuml_always,profiler_cuml_always_fix1,QHY411-1_SDSSg_2k,37.8,20.03711748123169,3977.0,2026-09-03T14:04:44.742Z,7100.0,5325.0,SDSSg,Eugenia,,430.0,41.0,fix1,local,22.4233,0.0021,193.0,L40S (48 GB),2026-09-03 14:04:44.742000+00:00
hp3,L40S,"3.12.3 (main, Mar  3 2026, 12:15:18) [GCC 13.3.0]",py312_cuml_adaptive,profiler_cuml_adaptive_fix1,QHY411-1_SDSSg_2k,37.8,19.081857442855835,4754.0,2026-09-03T13:51:39.694Z,7100.0,5325.0,SDSSg,Eugenia,,430.0,41.0,fix1,local,22.4726,0.0024,193.0,L40S (48 GB),2026-09-03 13:51:39.694000+00:00
hp3,L40S,"3.12.3 (main, Mar  3 2026, 12:15:18) [GCC 13.3.0]",py312_cuml_adaptive,profiler_cuml_adaptive_fix1,QHY411-1_SDSSg_2k,37.8,22.03738212585449,4754.0,2026-09-03T13:52:11.949Z,7100.0,5325.0,SDSSg,Eugenia,,430.0,40.0,fix1,local,22.4726,0.0024,193.0,L40S (48 GB),2026-09-03 13:52:11.949000+00:00
hp3,L40S,"3.12.3 (main, Mar  3 2026, 12:15:18) [GCC 13.3.0]",py312_cuml_adaptive,profiler_cuml_adaptive_fix1,QHY411-1_SDSSg_2k,37.8,21.75939106941223,4754.0,2026-09-03T13:52:43.250Z,7100.0,5325.0,SDSSg,Eugenia,,430.0,40.0,fix1,local,22.4726,0.0024,193.0,L40S (48 GB),2026-09-03 13:52:43.250000+00:00
hp3,L40S,"3.12.3 (main, Mar  3 2026, 12:15:18) [GCC 13.3.0]",py312_cuml_adaptive,profiler_cuml_adaptive_fix1,QHY411-1_SDSSg_2k,37.8,20.435532331466675,3977.0,2026-09-03T13:53:17.315Z,7100.0,5325.0,SDSSg,Eugenia,,430.0,40.0,fix1,local,22.4233,0.0021,193.0,L40S (48 GB),2026-09-03 13:53:17.315000+00:00
hp3,L40S,"3.12.3 (main, Mar  3 2026, 12:15:18) [GCC 13.3.0]",py312_cuml_adaptive,profiler_cuml_adaptive_fix1,QHY411-1_SDSSg_2k,37.8,21.801506280899048,3977.0,2026-09-03T13:53:47.183Z,7100.0,5325.0,SDSSg,Eugenia,,430.0,41.0,fix1,local,22.4233,0.0021,193.0,L40S (48 GB),2026-09-03 13:53:47.183000+00:00
hp3,L40S,"3.12.3 (main, Mar  3 2026, 12:15:18) [GCC 13.3.0]",py312_cuml_adaptive,profiler_cuml_adaptive_fix1,QHY411-1_SDSSg_2k,37.8,20.64849305152893,3977.0,2026-09-03T13:54:17.765Z,7100.0,5325.0,SDSSg,Eugenia,,430.0,40.0,fix1,local,22.4233,0.0021,193.0,L40S (48 GB),2026-09-03 13:54:17.765000+00:00
hp3,L40S,"3.12.3 (main, Mar  3 2026, 12:15:18) [GCC 13.3.0]",py312_cuml_adaptive,profiler_cuml_adaptive_fix1,QHY411-1_SDSSg_2k,37.8,19.67852210998535,3977.0,2026-09-03T13:54:47.340Z,7100.0,5325.0,SDSSg,Eugenia,,430.0,40.0,fix1,local,22.4233,0.0021,193.0,L40S (48 GB),2026-09-03 13:54:47.340000+00:00
hp3,L40S,"3.12.3 (main, Mar  3 2026, 12:15:18) [GCC 13.3.0]",py312_cuml_adaptive,profiler_cuml_adaptive_fix1,QHY411-1_SDSSg_2k,37.8,19.75650668144226,3977.0,2026-09-03T13:55:16.451Z,7100.0,5325.0,SDSSg,Eugenia,,430.0,41.0,fix1,local,22.4233,0.0021,193.0,L40S (48 GB),2026-09-03 13:55:16.451000+00:00
hp3,L40S,"3.12.3 (main, Mar  3 2026, 12:15:18) [GCC 13.3.0]",py312_cuml_adaptive,profiler_cuml_adaptive_fix1,QHY411-1_SDSSg_2k,37.8,20.01148772239685,3977.0,2026-09-03T13:55:46.792Z,7100.0,5325.0,SDSSg,Eugenia,,430.0,41.0,fix1,local,22.4233,0.0021,193.0,L40S (48 GB),2026-09-03 13:55:46.792000+00:00
hp3,L40S,"3.12.3 (main, Mar  3 2026, 12:15:18) [GCC 13.3.0]",py312_cuml_adaptive,profiler_cuml_adaptive_fix1,QHY411-1_SDSSg_2k,37.8,19.82875347137451,3977.0,2026-09-03T13:56:16.132Z,7100.0,5325.0,SDSSg,Eugenia,,430.0,40.0,fix1,local,22.4233,0.0021,193.0,L40S (48 GB),2026-09-03 13:56:16.132000+00:00
hp3,L40S,"3.12.3 (main, Mar  3 2026, 12:15:18) [GCC 13.3.0]",py312_cuml_adaptive,profiler_cuml_adaptive_fix1,QHY411-1_SDSSg_2k,37.8,20.70554685592652,3977.0,2026-09-03T13:56:46.152Z,7100.0,5325.0,SDSSg,Eugenia,,430.0,40.0,fix1,local,22.4233,0.0021,193.0,L40S (48 GB),2026-09-03 13:56:46.152000+00:00
hp3,L40S,"3.12.3 (main, Mar  3 2026, 12:15:18) [GCC 13.3.0]",py312_cuml_adaptive,profiler_cuml_adaptive_fix1,QHY411-1_SDSSg_2k,37.8,17.78116202354431,3977.0,2026-09-03T13:57:14.242Z,7100.0,5325.0,SDSSg,Eugenia,,430.0,41.0,fix1,local,22.4233,0.0021,193.0,L40S (48 GB),2026-09-03 13:57:14.242000+00:00
hp3,L40S,"3.12.3 (main, Mar  3 2026, 12:15:18) [GCC 13.3.0]",py312_cuml_adaptive,profiler_cuml_adaptive_fix1,QHY411-1_SDSSg_2k,37.8,20.291154861450195,3977.0,2026-09-03T13:57:44.011Z,7100.0,5325.0,SDSSg,Eugenia,,430.0,41.0,fix1,local,22.4233,0.0021,193.0,L40S (48 GB),2026-09-03 13:57:44.011000+00:00
hp3,L40S,"3.12.3 (main, Mar  3 2026, 12:15:18) [GCC 13.3.0]",py312_cuml_adaptive,profiler_cuml_adaptive_fix1,QHY411-1_SDSSg_2k,37.8,20.40893006324768,3977.0,2026-09-03T13:58:13.471Z,7100.0,5325.0,SDSSg,Eugenia,,430.0,41.0,fix1,local,22.4233,0.0021,193.0,L40S (48 GB),2026-09-03 13:58:13.471000+00:00
hp3,L40S,"3.12.3 (main, Mar  3 2026, 12:15:18) [GCC 13.3.0]",py312_cuml_adaptive,profiler_cuml_adaptive_fix1,QHY411-1_SDSSg_2k,37.8,20.6337947845459,3977.0,2026-09-03T13:58:43.926Z,7100.0,5325.0,SDSSg,Eugenia,,430.0,40.0,fix1,local,22.4233,0.0021,193.0,L40S (48 GB),2026-09-03 13:58:43.926000+00:00
hp3,L40S,"3.12.3 (main, Mar  3 2026, 12:15:18) [GCC 13.3.0]",py312_cuml_always,profiler_cuml_always_fix1,QHY411-1_SDSSi_bin2,37.8,13.63778305053711,621.0,2026-09-03T12:45:14.274Z,7100.0,5325.0,SDSSi,GaiaDR33534005919872722560,,430.0,39.0,fix1,local,21.0036,0.0082,34.0,L40S (48 GB),2026-09-03 12:45:14.274000+00:00
hp3,L40S,"3.12.3 (main, Mar  3 2026, 12:15:18) [GCC 13.3.0]",py312_cuml_always,profiler_cuml_always_fix1,QHY411-1_SDSSi_bin2,37.8,13.29820466041565,621.0,2026-09-03T12:45:37.157Z,7100.0,5325.0,SDSSi,GaiaDR33534005919872722560,,430.0,40.0,fix1,local,21.0036,0.0082,34.0,L40S (48 GB),2026-09-03 12:45:37.157000+00:00
hp3,L40S,"3.12.3 (main, Mar  3 2026, 12:15:18) [GCC 13.3.0]",py312_cuml_always,profiler_cuml_always_fix1,QHY411-1_SDSSi_bin2,37.8,14.86854100227356,621.0,2026-09-03T12:46:01.864Z,7100.0,5325.0,SDSSi,GaiaDR33534005919872722560,,430.0,40.0,fix1,local,21.0036,0.0082,34.0,L40S (48 GB),2026-09-03 12:46:01.864000+00:00
hp3,L40S,"3.12.3 (main, Mar  3 2026, 12:15:18) [GCC 13.3.0]",py312_cuml_always,profiler_cuml_always_fix1,QHY411-1_SDSSi_bin2,37.8,14.264134407043455,621.0,2026-09-03T12:46:26.450Z,7100.0,5325.0,SDSSi,GaiaDR33534005919872722560,,430.0,40.0,fix1,local,21.0036,0.0082,34.0,L40S (48 GB),2026-09-03 12:46:26.450000+00:00
hp3,L40S,"3.12.3 (main, Mar  3 2026, 12:15:18) [GCC 13.3.0]",py312_cuml_always,profiler_cuml_always_fix1,QHY411-1_SDSSi_bin2,37.8,13.789281368255615,621.0,2026-09-03T12:46:48.408Z,7100.0,5325.0,SDSSi,GaiaDR33534005919872722560,,430.0,40.0,fix1,local,21.0036,0.0082,34.0,L40S (48 GB),2026-09-03 12:46:48.408000+00:00
hp3,L40S,"3.12.3 (main, Mar  3 2026, 12:15:18) [GCC 13.3.0]",py312_cuml_always,profiler_cuml_always_fix1,QHY411-1_SDSSi_bin2,37.8,14.584670066833496,621.0,2026-09-03T12:47:12.485Z,7100.0,5325.0,SDSSi,GaiaDR33534005919872722560,,430.0,40.0,fix1,local,21.0036,0.0082,34.0,L40S (48 GB),2026-09-03 12:47:12.485000+00:00
hp3,L40S,"3.12.3 (main, Mar  3 2026, 12:15:18) [GCC 13.3.0]",py312_cuml_always,profiler_cuml_always_fix1,QHY411-1_SDSSi_bin2,37.8,13.604132175445557,621.0,2026-09-03T12:47:37.390Z,7100.0,5325.0,SDSSi,GaiaDR33534005919872722560,,430.0,39.0,fix1,local,21.0036,0.0082,34.0,L40S (48 GB),2026-09-03 12:47:37.390000+00:00
hp3,L40S,"3.12.3 (main, Mar  3 2026, 12:15:18) [GCC 13.3.0]",py312_cuml_always,profiler_cuml_always_fix1,QHY411-1_SDSSi_bin2,37.8,12.631863117218018,621.0,2026-09-03T12:48:00.915Z,7100.0,5325.0,SDSSi,GaiaDR33534005919872722560,,430.0,40.0,fix1,local,21.0036,0.0082,34.0,L40S (48 GB),2026-09-03 12:48:00.915000+00:00
hp3,L40S,"3.12.3 (main, Mar  3 2026, 12:15:18) [GCC 13.3.0]",py312_cuml_always,profiler_cuml_always_fix1,QHY411-1_SDSSi_bin2,37.8,13.171496152877808,621.0,2026-09-03T12:48:23.735Z,7100.0,5325.0,SDSSi,GaiaDR33534005919872722560,,430.0,40.0,fix1,local,21.0036,0.0082,34.0,L40S (48 GB),2026-09-03 12:48:23.735000+00:00
hp3,L40S,"3.12.3 (main, Mar  3 2026, 12:15:18) [GCC 13.3.0]",py312_cuml_always,profiler_cuml_always_fix1,QHY411-1_SDSSi_bin2,37.8,14.2494797706604,621.0,2026-09-03T12:48:48.788Z,7100.0,5325.0,SDSSi,GaiaDR33534005919872722560,,430.0,40.0,fix1,local,21.0036,0.0082,34.0,L40S (48 GB),2026-09-03 12:48:48.788000+00:00
hp3,L40S,"3.12.3 (main, Mar  3 2026, 12:15:18) [GCC 13.3.0]",py312_cuml_adaptive,profiler_cuml_adaptive_fix1,QHY411-1_SDSSi_bin2,37.8,13.973827123641968,621.0,2026-09-03T12:40:48.603Z,7100.0,5325.0,SDSSi,GaiaDR33534005919872722560,,430.0,40.0,fix1,local,21.0036,0.0082,34.0,L40S (48 GB),2026-09-03 12:40:48.603000+00:00
hp3,L40S,"3.12.3 (main, Mar  3 2026, 12:15:18) [GCC 13.3.0]",py312_cuml_adaptive,profiler_cuml_adaptive_fix1,QHY411-1_SDSSi_bin2,37.8,11.980407476425173,621.0,2026-09-03T12:41:10.125Z,7100.0,5325.0,SDSSi,GaiaDR33534005919872722560,,430.0,40.0,fix1,local,21.0036,0.0082,34.0,L40S (48 GB),2026-09-03 12:41:10.125000+00:00
hp3,L40S,"3.12.3 (main, Mar  3 2026, 12:15:18) [GCC 13.3.0]",py312_cuml_adaptive,profiler_cuml_adaptive_fix1,QHY411-1_SDSSi_bin2,37.8,15.256106615066528,621.0,2026-09-03T12:42:00.648Z,7100.0,5325.0,SDSSi,GaiaDR33534005919872722560,,430.0,40.0,fix1,local,21.0036,0.0082,34.0,L40S (48 GB),2026-09-03 12:42:00.648000+00:00
hp3,L40S,"3.12.3 (main, Mar  3 2026, 12:15:18) [GCC 13.3.0]",py312_cuml_adaptive,profiler_cuml_adaptive_fix1,QHY411-1_SDSSi_bin2,37.8,15.352058172225952,621.0,2026-09-03T12:42:25.096Z,7100.0,5325.0,SDSSi,GaiaDR33534005919872722560,,430.0,40.0,fix1,local,21.0036,0.0082,34.0,L40S (48 GB),2026-09-03 12:42:25.096000+00:00
hp3,L40S,"3.12.3 (main, Mar  3 2026, 12:15:18) [GCC 13.3.0]",py312_cuml_adaptive,profiler_cuml_adaptive_fix1,QHY411-1_SDSSi_bin2,37.8,12.99953007698059,621.0,2026-09-03T12:42:47.768Z,7100.0,5325.0,SDSSi,GaiaDR33534005919872722560,,430.0,40.0,fix1,local,21.0036,0.0082,34.0,L40S (48 GB),2026-09-03 12:42:47.768000+00:00
hp3,L40S,"3.12.3 (main, Mar  3 2026, 12:15:18) [GCC 13.3.0]",py312_cuml_adaptive,profiler_cuml_adaptive_fix1,QHY411-1_SDSSi_bin2,37.8,14.33123016357422,621.0,2026-09-03T12:43:11.468Z,7100.0,5325.0,SDSSi,GaiaDR33534005919872722560,,430.0,40.0,fix1,local,21.0036,0.0082,34.0,L40S (48 GB),2026-09-03 12:43:11.468000+00:00
hp3,L40S,"3.12.3 (main, Mar  3 2026, 12:15:18) [GCC 13.3.0]",py312_cuml_adaptive,profiler_cuml_adaptive_fix1,QHY411-1_SDSSi_bin2,37.8,13.91596794128418,621.0,2026-09-03T12:43:34.972Z,7100.0,5325.0,SDSSi,GaiaDR33534005919872722560,,430.0,40.0,fix1,local,21.0036,0.0082,34.0,L40S (48 GB),2026-09-03 12:43:34.972000+00:00
hp3,L40S,"3.12.3 (main, Mar  3 2026, 12:15:18) [GCC 13.3.0]",py312_cuml_adaptive,profiler_cuml_adaptive_fix1,QHY411-1_SDSSi_bin2,37.8,13.82149624824524,621.0,2026-09-03T12:43:58.905Z,7100.0,5325.0,SDSSi,GaiaDR33534005919872722560,,430.0,40.0,fix1,local,21.0036,0.0082,34.0,L40S (48 GB),2026-09-03 12:43:58.905000+00:00
hp3,L40S,"3.12.3 (main, Mar  3 2026, 12:15:18) [GCC 13.3.0]",py312_cuml_always,profiler_cuml_always_fix1,QHY411-1_SDSSr_7k,37.8,23.65316772460937,12832.0,2026-09-03T14:08:09.165Z,7100.0,5325.0,SDSSr,V445Pup-griz,,430.0,39.0,fix1,local,21.7986,0.0022,168.0,L40S (48 GB),2026-09-03 14:08:09.165000+00:00
hp3,L40S,"3.12.3 (main, Mar  3 2026, 12:15:18) [GCC 13.3.0]",py312_cuml_always,profiler_cuml_always_fix1,QHY411-1_SDSSr_7k,37.8,25.66160225868225,12832.0,2026-09-03T14:09:23.598Z,7100.0,5325.0,SDSSr,V445Pup-griz,,430.0,40.0,fix1,local,21.7986,0.0022,168.0,L40S (48 GB),2026-09-03 14:09:23.598000+00:00
hp3,L40S,"3.12.3 (main, Mar  3 2026, 12:15:18) [GCC 13.3.0]",py312_cuml_always,profiler_cuml_always_fix1,QHY411-1_SDSSr_7k,37.8,23.563329935073853,12832.0,2026-09-03T14:10:39.229Z,7100.0,5325.0,SDSSr,V445Pup-griz,,430.0,40.0,fix1,local,21.7986,0.0022,168.0,L40S (48 GB),2026-09-03 14:10:39.229000+00:00
hp3,L40S,"3.12.3 (main, Mar  3 2026, 12:15:18) [GCC 13.3.0]",py312_cuml_always,profiler_cuml_always_fix1,QHY411-1_SDSSr_7k,37.8,25.47963809967041,12832.0,2026-09-03T14:11:15.306Z,7100.0,5325.0,SDSSr,V445Pup-griz,,430.0,40.0,fix1,local,21.7986,0.0022,168.0,L40S (48 GB),2026-09-03 14:11:15.306000+00:00
hp3,L40S,"3.12.3 (main, Mar  3 2026, 12:15:18) [GCC 13.3.0]",py312_cuml_always,profiler_cuml_always_fix1,QHY411-1_SDSSr_7k,37.8,23.28885126113892,12832.0,2026-09-03T14:11:48.674Z,7100.0,5325.0,SDSSr,V445Pup-griz,,430.0,40.0,fix1,local,21.7986,0.0022,168.0,L40S (48 GB),2026-09-03 14:11:48.674000+00:00
hp3,L40S,"3.12.3 (main, Mar  3 2026, 12:15:18) [GCC 13.3.0]",py312_cuml_always,profiler_cuml_always_fix1,QHY411-1_SDSSr_7k,37.8,23.93824958801269,12832.0,2026-09-03T14:12:22.066Z,7100.0,5325.0,SDSSr,V445Pup-griz,,430.0,40.0,fix1,local,21.7986,0.0022,168.0,L40S (48 GB),2026-09-03 14:12:22.066000+00:00
hp3,L40S,"3.12.3 (main, Mar  3 2026, 12:15:18) [GCC 13.3.0]",py312_cuml_always,profiler_cuml_always_fix1,QHY411-1_SDSSr_7k,37.8,24.391817808151245,12832.0,2026-09-03T14:12:56.475Z,7100.0,5325.0,SDSSr,V445Pup-griz,,430.0,40.0,fix1,local,21.7986,0.0022,168.0,L40S (48 GB),2026-09-03 14:12:56.475000+00:00
hp3,L40S,"3.12.3 (main, Mar  3 2026, 12:15:18) [GCC 13.3.0]",py312_cuml_always,profiler_cuml_always_fix1,QHY411-1_SDSSr_7k,37.8,23.83033847808838,12832.0,2026-09-03T14:13:29.823Z,7100.0,5325.0,SDSSr,V445Pup-griz,,430.0,40.0,fix1,local,21.7986,0.0022,168.0,L40S (48 GB),2026-09-03 14:13:29.823000+00:00
hp3,L40S,"3.12.3 (main, Mar  3 2026, 12:15:18) [GCC 13.3.0]",py312_cuml_adaptive,profiler_cuml_adaptive_fix1,QHY411-1_SDSSr_7k,37.8,20.239845752716064,12832.0,2026-09-03T14:15:08.475Z,7100.0,5325.0,SDSSr,V445Pup-griz,,430.0,41.0,fix1,local,21.7986,0.0022,168.0,L40S (48 GB),2026-09-03 14:15:08.475000+00:00
hp3,L40S,"3.12.3 (main, Mar  3 2026, 12:15:18) [GCC 13.3.0]",py312_cuml_adaptive,profiler_cuml_adaptive_fix1,QHY411-1_SDSSr_7k,37.8,20.237455368041992,12832.0,2026-09-03T14:15:38.479Z,7100.0,5325.0,SDSSr,V445Pup-griz,,430.0,41.0,fix1,local,21.7986,0.0022,168.0,L40S (48 GB),2026-09-03 14:15:38.479000+00:00
hp3,L40S,"3.12.3 (main, Mar  3 2026, 12:15:18) [GCC 13.3.0]",py312_cuml_adaptive,profiler_cuml_adaptive_fix1,QHY411-1_SDSSr_7k,37.8,22.265103816986084,12832.0,2026-09-03T14:16:09.958Z,7100.0,5325.0,SDSSr,V445Pup-griz,,430.0,41.0,fix1,local,21.7986,0.0022,168.0,L40S (48 GB),2026-09-03 14:16:09.958000+00:00
hp3,L40S,"3.12.3 (main, Mar  3 2026, 12:15:18) [GCC 13.3.0]",py312_cuml_adaptive,profiler_cuml_adaptive_fix1,QHY411-1_SDSSr_7k,37.8,23.814854383468628,12832.0,2026-09-03T14:16:44.374Z,7100.0,5325.0,SDSSr,V445Pup-griz,,430.0,41.0,fix1,local,21.7986,0.0022,168.0,L40S (48 GB),2026-09-03 14:16:44.374000+00:00
hp3,L40S,"3.12.3 (main, Mar  3 2026, 12:15:18) [GCC 13.3.0]",py312_cuml_adaptive,profiler_cuml_adaptive_fix1,QHY411-1_SDSSr_7k,37.8,23.349847078323364,12832.0,2026-09-03T14:17:17.237Z,7100.0,5325.0,SDSSr,V445Pup-griz,,430.0,41.0,fix1,local,21.7986,0.0022,168.0,L40S (48 GB),2026-09-03 14:17:17.237000+00:00
hp3,L40S,"3.12.3 (main, Mar  3 2026, 12:15:18) [GCC 13.3.0]",py312_cuml_adaptive,profiler_cuml_adaptive_fix1,QHY411-1_SDSSr_7k,37.8,23.51303648948669,12832.0,2026-09-03T14:17:49.792Z,7100.0,5325.0,SDSSr,V445Pup-griz,,430.0,41.0,fix1,local,21.7986,0.0022,168.0,L40S (48 GB),2026-09-03 14:17:49.792000+00:00
hp3,L40S,"3.12.3 (main, Mar  3 2026, 12:15:18) [GCC 13.3.0]",py312_cuml_adaptive,profiler_cuml_adaptive_fix1,QHY411-1_SDSSr_7k,37.8,23.699161529541016,12832.0,2026-09-03T14:18:24.541Z,7100.0,5325.0,SDSSr,V445Pup-griz,,430.0,41.0,fix1,local,21.7986,0.0022,168.0,L40S (48 GB),2026-09-03 14:18:24.541000+00:00
hp3,L40S,"3.12.3 (main, Mar  3 2026, 12:15:18) [GCC 13.3.0]",py312_cuml_adaptive,profiler_cuml_adaptive_fix1,QHY411-1_SDSSr_7k,37.8,23.881696462631226,12832.0,2026-09-03T14:18:57.482Z,7100.0,5325.0,SDSSr,V445Pup-griz,,430.0,41.0,fix1,local,21.7986,0.0022,168.0,L40S (48 GB),2026-09-03 14:18:57.482000+00:00
hp3,L40S,"3.12.3 (main, Mar  3 2026, 12:15:18) [GCC 13.3.0]",py312_cuml_adaptive,profiler_cuml_adaptive_fix1,QHY411-1_SDSSr_7k,37.8,23.415122985839844,12832.0,2026-09-03T14:19:32.184Z,7100.0,5325.0,SDSSr,V445Pup-griz,,430.0,40.0,fix1,local,21.7986,0.0022,168.0,L40S (48 GB),2026-09-03 14:19:32.184000+00:00
hp3,L40S,"3.12.3 (main, Mar  3 2026, 12:15:18) [GCC 13.3.0]",py312_cuml_adaptive,profiler_cuml_adaptive_fix1,QHY411-1_SDSSr_7k,37.8,22.79281973838806,12832.0,2026-09-03T14:20:04.821Z,7100.0,5325.0,SDSSr,V445Pup-griz,,430.0,41.0,fix1,local,21.7986,0.0022,168.0,L40S (48 GB),2026-09-03 14:20:04.821000+00:00
hp3,L40S,"3.12.3 (main, Mar  3 2026, 12:15:18) [GCC 13.3.0]",py312_cuml_always,profiler_cuml_always_fix1,QHY411-3_Lum_131k,151.2,45.74418044090271,134206.0,2026-08-31T18:21:20.354Z,14200.0,10650.0,Lum,C2025N1,,430.0,40.0,fix1,local,25.1677,0.0013,184.0,L40S (48 GB),2026-08-31 18:21:20.354000+00:00
hp3,L40S,"3.12.3 (main, Mar  3 2026, 12:15:18) [GCC 13.3.0]",py312_cuml_always,profiler_cuml_always_fix1,QHY411-3_Lum_131k,151.2,46.39678144454956,134206.0,2026-08-31T18:22:15.717Z,14200.0,10650.0,Lum,C2025N1,,430.0,40.0,fix1,local,25.1677,0.0013,184.0,L40S (48 GB),2026-08-31 18:22:15.717000+00:00
hp3,L40S,"3.12.3 (main, Mar  3 2026, 12:15:18) [GCC 13.3.0]",py312_cuml_always,profiler_cuml_always_fix1,QHY411-3_Lum_131k,151.2,56.57227873802185,134206.0,2026-08-31T18:23:22.117Z,14200.0,10650.0,Lum,C2025N1,,430.0,41.0,fix1,local,25.1677,0.0013,184.0,L40S (48 GB),2026-08-31 18:23:22.117000+00:00
hp3,L40S,"3.12.3 (main, Mar  3 2026, 12:15:18) [GCC 13.3.0]",py312_cuml_always,profiler_cuml_always_fix1,QHY411-3_Lum_131k,151.2,56.26041507720947,134206.0,2026-08-31T18:24:28.265Z,14200.0,10650.0,Lum,C2025N1,,430.0,40.0,fix1,local,25.1677,0.0013,184.0,L40S (48 GB),2026-08-31 18:24:28.265000+00:00
hp3,L40S,"3.12.3 (main, Mar  3 2026, 12:15:18) [GCC 13.3.0]",py312_cuml_always,profiler_cuml_always_fix1,QHY411-3_Lum_131k,151.2,123.11735200881958,134206.0,2026-08-31T18:26:37.798Z,14200.0,10650.0,Lum,C2025N1,,430.0,41.0,fix1,local,25.1677,0.0013,184.0,L40S (48 GB),2026-08-31 18:26:37.798000+00:00
hp3,L40S,"3.12.3 (main, Mar  3 2026, 12:15:18) [GCC 13.3.0]",py312_cuml_always,profiler_cuml_always_fix1,QHY411-3_Lum_131k,151.2,151.8349893093109,134206.0,2026-08-31T18:29:19.622Z,14200.0,10650.0,Lum,C2025N1,,430.0,39.0,fix1,local,25.1677,0.0013,184.0,L40S (48 GB),2026-08-31 18:29:19.622000+00:00
hp3,L40S,"3.12.3 (main, Mar  3 2026, 12:15:18) [GCC 13.3.0]",py312_cuml_always,profiler_cuml_always_fix1,QHY411-3_Lum_131k,151.2,78.46118998527527,134206.0,2026-08-31T18:30:48.014Z,14200.0,10650.0,Lum,C2025N1,,430.0,39.0,fix1,local,25.1677,0.0013,184.0,L40S (48 GB),2026-08-31 18:30:48.014000+00:00
hp3,L40S,"3.12.3 (main, Mar  3 2026, 12:15:18) [GCC 13.3.0]",py312_cuml_always,profiler_cuml_always_fix1,QHY411-3_Lum_131k,151.2,71.62164807319641,134206.0,2026-08-31T18:32:08.208Z,14200.0,10650.0,Lum,C2025N1,,430.0,39.0,fix1,local,25.1677,0.0013,184.0,L40S (48 GB),2026-08-31 18:32:08.208000+00:00
hp3,L40S,"3.12.3 (main, Mar  3 2026, 12:15:18) [GCC 13.3.0]",py312_cuml_always,profiler_cuml_always_fix1,QHY411-3_Lum_131k,151.2,150.0993297100067,134206.0,2026-08-31T18:34:48.176Z,14200.0,10650.0,Lum,C2025N1,,430.0,39.0,fix1,local,25.1677,0.0013,184.0,L40S (48 GB),2026-08-31 18:34:48.176000+00:00
hp3,L40S,"3.12.3 (main, Mar  3 2026, 12:15:18) [GCC 13.3.0]",py312_cuml_always,profiler_cuml_always_fix1,QHY411-3_Lum_131k,151.2,95.57266616821288,134206.0,2026-08-31T18:36:33.730Z,14200.0,10650.0,Lum,C2025N1,,430.0,38.0,fix1,local,25.1677,0.0013,184.0,L40S (48 GB),2026-08-31 18:36:33.730000+00:00
hp3,L40S,"3.12.3 (main, Mar  3 2026, 12:15:18) [GCC 13.3.0]",py312_cuml_adaptive,profiler_cuml_adaptive_fix1,QHY411-3_Lum_131k,151.2,118.34490323066711,134206.0,2026-08-31T17:36:00.067Z,14200.0,10650.0,Lum,C2025N1,,430.0,39.0,fix1,local,25.1677,0.0013,184.0,L40S (48 GB),2026-08-31 17:36:00.067000+00:00
hp3,L40S,"3.12.3 (main, Mar  3 2026, 12:15:18) [GCC 13.3.0]",py312_cuml_adaptive,profiler_cuml_adaptive_fix1,QHY411-3_Lum_131k,151.2,95.70761728286745,134206.0,2026-08-31T17:37:42.881Z,14200.0,10650.0,Lum,C2025N1,,430.0,40.0,fix1,local,25.1677,0.0013,184.0,L40S (48 GB),2026-08-31 17:37:42.881000+00:00
hp3,L40S,"3.12.3 (main, Mar  3 2026, 12:15:18) [GCC 13.3.0]",py312_cuml_adaptive,profiler_cuml_adaptive_fix1,QHY411-3_Lum_131k,151.2,72.96056127548218,134206.0,2026-08-31T17:39:05.610Z,14200.0,10650.0,Lum,C2025N1,,430.0,40.0,fix1,local,25.1677,0.0013,184.0,L40S (48 GB),2026-08-31 17:39:05.610000+00:00
hp3,L40S,"3.12.3 (main, Mar  3 2026, 12:15:18) [GCC 13.3.0]",py312_cuml_adaptive,profiler_cuml_adaptive_fix1,QHY411-3_Lum_131k,151.2,59.56840419769287,134206.0,2026-08-31T17:40:13.623Z,14200.0,10650.0,Lum,C2025N1,,430.0,40.0,fix1,local,25.1677,0.0013,184.0,L40S (48 GB),2026-08-31 17:40:13.623000+00:00
hp3,L40S,"3.12.3 (main, Mar  3 2026, 12:15:18) [GCC 13.3.0]",py312_cuml_adaptive,profiler_cuml_adaptive_fix1,QHY411-3_Lum_131k,151.2,44.41985273361206,134206.0,2026-08-31T17:41:08.040Z,14200.0,10650.0,Lum,C2025N1,,430.0,40.0,fix1,local,25.1677,0.0013,184.0,L40S (48 GB),2026-08-31 17:41:08.040000+00:00
hp3,L40S,"3.12.3 (main, Mar  3 2026, 12:15:18) [GCC 13.3.0]",py312_cuml_adaptive,profiler_cuml_adaptive_fix1,QHY411-3_Lum_131k,151.2,86.1220109462738,134206.0,2026-08-31T17:42:42.373Z,14200.0,10650.0,Lum,C2025N1,,430.0,41.0,fix1,local,25.1677,0.0013,184.0,L40S (48 GB),2026-08-31 17:42:42.373000+00:00
hp3,L40S,"3.12.3 (main, Mar  3 2026, 12:15:18) [GCC 13.3.0]",py312_cuml_adaptive,profiler_cuml_adaptive_fix1,QHY411-3_Lum_131k,151.2,94.06546545028688,134206.0,2026-08-31T17:44:26.202Z,14200.0,10650.0,Lum,C2025N1,,430.0,40.0,fix1,local,25.1677,0.0013,184.0,L40S (48 GB),2026-08-31 17:44:26.202000+00:00
hp3,L40S,"3.12.3 (main, Mar  3 2026, 12:15:18) [GCC 13.3.0]",py312_cuml_adaptive,profiler_cuml_adaptive_fix1,QHY411-3_Lum_131k,151.2,115.6955943107605,134206.0,2026-08-31T17:46:30.111Z,14200.0,10650.0,Lum,C2025N1,,430.0,40.0,fix1,local,25.1677,0.0013,184.0,L40S (48 GB),2026-08-31 17:46:30.111000+00:00
hp3,L40S,"3.12.3 (main, Mar  3 2026, 12:15:18) [GCC 13.3.0]",py312_cuml_adaptive,profiler_cuml_adaptive_fix1,QHY411-3_Lum_131k,151.2,126.9627742767334,134206.0,2026-08-31T17:48:47.090Z,14200.0,10650.0,Lum,C2025N1,,430.0,40.0,fix1,local,25.1677,0.0013,184.0,L40S (48 GB),2026-08-31 17:48:47.090000+00:00
hp3,L40S,"3.12.3 (main, Mar  3 2026, 12:15:18) [GCC 13.3.0]",py312_cuml_adaptive,profiler_cuml_adaptive_fix1,QHY411-3_Lum_131k,151.2,118.12282371520996,134206.0,2026-08-31T17:50:54.185Z,14200.0,10650.0,Lum,C2025N1,,430.0,39.0,fix1,local,25.1677,0.0013,184.0,L40S (48 GB),2026-08-31 17:50:54.185000+00:00
hp3,L40S,"3.12.3 (main, Mar  3 2026, 12:15:18) [GCC 13.3.0]",py312_cuml_adaptive,profiler_cuml_adaptive_fix1,QHY411-3_Lum_131k,151.2,94.4790735244751,134206.0,2026-08-31T17:52:37.200Z,14200.0,10650.0,Lum,C2025N1,,430.0,39.0,fix1,local,25.1677,0.0013,184.0,L40S (48 GB),2026-08-31 17:52:37.200000+00:00
hp3,L40S,"3.12.3 (main, Mar  3 2026, 12:15:18) [GCC 13.3.0]",py312_cuml_adaptive,profiler_cuml_adaptive_fix1,QHY411-3_Lum_131k,151.2,95.1069314479828,134206.0,2026-08-31T17:54:20.628Z,14200.0,10650.0,Lum,C2025N1,,430.0,40.0,fix1,local,25.1677,0.0013,184.0,L40S (48 GB),2026-08-31 17:54:20.628000+00:00
hp3,L40S,"3.12.3 (main, Mar  3 2026, 12:15:18) [GCC 13.3.0]",py312_cuml_adaptive,profiler_cuml_adaptive_fix1,QHY411-3_Lum_131k,151.2,79.44784140586853,134206.0,2026-08-31T17:55:49.034Z,14200.0,10650.0,Lum,C2025N1,,430.0,39.0,fix1,local,25.1677,0.0013,184.0,L40S (48 GB),2026-08-31 17:55:49.034000+00:00
hp3,L40S,"3.12.3 (main, Mar  3 2026, 12:15:18) [GCC 13.3.0]",py312_cuml_adaptive,profiler_cuml_adaptive_fix1,QHY411-3_Lum_131k,151.2,64.92558693885803,134206.0,2026-08-31T17:57:02.941Z,14200.0,10650.0,Lum,C2025N1,,430.0,40.0,fix1,local,25.1677,0.0013,184.0,L40S (48 GB),2026-08-31 17:57:02.941000+00:00
hp3,L40S,"3.12.3 (main, Mar  3 2026, 12:15:18) [GCC 13.3.0]",py312_cuml_adaptive,profiler_cuml_adaptive_fix1,QHY411-3_Lum_131k,151.2,68.26193737983704,134206.0,2026-08-31T17:58:20.364Z,14200.0,10650.0,Lum,C2025N1,,430.0,40.0,fix1,local,25.1677,0.0013,184.0,L40S (48 GB),2026-08-31 17:58:20.364000+00:00
hp3,L40S,"3.12.3 (main, Mar  3 2026, 12:15:18) [GCC 13.3.0]",py312_cuml_adaptive,profiler_cuml_adaptive_fix1,QHY411-3_Lum_131k,151.2,103.65741395950316,134206.0,2026-08-31T18:00:14.078Z,14200.0,10650.0,Lum,C2025N1,,430.0,40.0,fix1,local,25.1677,0.0013,184.0,L40S (48 GB),2026-08-31 18:00:14.078000+00:00
hp3,L40S,"3.12.3 (main, Mar  3 2026, 12:15:18) [GCC 13.3.0]",py312_cuml_adaptive,profiler_cuml_adaptive_fix1,QHY411-3_Lum_131k,151.2,93.13433361053468,134206.0,2026-08-31T18:01:55.798Z,14200.0,10650.0,Lum,C2025N1,,430.0,40.0,fix1,local,25.1677,0.0013,184.0,L40S (48 GB),2026-08-31 18:01:55.798000+00:00
hp3,L40S,"3.12.3 (main, Mar  3 2026, 12:15:18) [GCC 13.3.0]",py312_cuml_adaptive,profiler_cuml_adaptive_fix1,QHY411-3_Lum_131k,151.2,96.90779185295104,134206.0,2026-08-31T18:03:42.404Z,14200.0,10650.0,Lum,C2025N1,,430.0,39.0,fix1,local,25.1677,0.0013,184.0,L40S (48 GB),2026-08-31 18:03:42.404000+00:00
hp3,L40S,"3.12.3 (main, Mar  3 2026, 12:15:18) [GCC 13.3.0]",py312_cuml_adaptive,profiler_cuml_adaptive_fix1,QHY411-3_Lum_131k,151.2,77.69507479667664,134206.0,2026-08-31T18:05:09.918Z,14200.0,10650.0,Lum,C2025N1,,430.0,39.0,fix1,local,25.1677,0.0013,184.0,L40S (48 GB),2026-08-31 18:05:09.918000+00:00
hp3,L40S,"3.12.3 (main, Mar  3 2026, 12:15:18) [GCC 13.3.0]",py312_cuml_adaptive,profiler_cuml_adaptive_fix1,QHY411-3_Lum_131k,151.2,47.51486372947693,134206.0,2026-08-31T18:06:05.886Z,14200.0,10650.0,Lum,C2025N1,,430.0,40.0,fix1,local,25.1677,0.0013,184.0,L40S (48 GB),2026-08-31 18:06:05.886000+00:00
hp3,L40S,"3.12.3 (main, Mar  3 2026, 12:15:18) [GCC 13.3.0]",py312_cuml_adaptive,profiler_cuml_adaptive_fix1,QHY411-3_Lum_131k,151.2,42.72334885597229,134206.0,2026-08-31T18:06:57.449Z,14200.0,10650.0,Lum,C2025N1,,430.0,40.0,fix1,local,25.1677,0.0013,184.0,L40S (48 GB),2026-08-31 18:06:57.449000+00:00
hp3,L40S,"3.12.3 (main, Mar  3 2026, 12:15:18) [GCC 13.3.0]",py312_cuml_adaptive,profiler_cuml_adaptive_fix1,QHY411-3_Lum_131k,151.2,43.326148986816406,134206.0,2026-08-31T18:07:50.650Z,14200.0,10650.0,Lum,C2025N1,,430.0,41.0,fix1,local,25.1677,0.0013,184.0,L40S (48 GB),2026-08-31 18:07:50.650000+00:00
hp3,L40S,"3.12.3 (main, Mar  3 2026, 12:15:18) [GCC 13.3.0]",py312_cuml_adaptive,profiler_cuml_adaptive_fix1,QHY411-3_Lum_131k,151.2,87.83194303512573,134206.0,2026-08-31T18:09:27.263Z,14200.0,10650.0,Lum,C2025N1,,430.0,41.0,fix1,local,25.1677,0.0013,184.0,L40S (48 GB),2026-08-31 18:09:27.263000+00:00
hp3,L40S,"3.12.3 (main, Mar  3 2026, 12:15:18) [GCC 13.3.0]",py312_cuml_always,profiler_cuml_always_fix1,QHY411-3_Lum_131k,151.2,63.58664560317993,134206.0,2026-09-03T18:58:03.543Z,14200.0,10650.0,Lum,C2025N1,,430.0,40.0,fix1,local,25.1677,0.0013,184.0,L40S (48 GB),2026-09-03 18:58:03.543000+00:00
hp3,L40S,"3.12.3 (main, Mar  3 2026, 12:15:18) [GCC 13.3.0]",py312_cuml_always,profiler_cuml_always_fix1,QHY411-3_Lum_131k,151.2,93.9293749332428,134206.0,2026-09-03T18:59:46.663Z,14200.0,10650.0,Lum,C2025N1,,430.0,40.0,fix1,local,25.1677,0.0013,184.0,L40S (48 GB),2026-09-03 18:59:46.663000+00:00
hp3,L40S,"3.12.3 (main, Mar  3 2026, 12:15:18) [GCC 13.3.0]",py312_cuml_always,profiler_cuml_always_fix1,QHY411-3_Lum_131k,151.2,72.7187032699585,134206.0,2026-09-03T19:01:09.617Z,14200.0,10650.0,Lum,C2025N1,,430.0,39.0,fix1,local,25.1677,0.0013,184.0,L40S (48 GB),2026-09-03 19:01:09.617000+00:00
hp3,L40S,"3.12.3 (main, Mar  3 2026, 12:15:18) [GCC 13.3.0]",py312_cuml_always,profiler_cuml_always_fix1,QHY411-3_Lum_131k,151.2,67.15293169021606,134206.0,2026-09-03T19:02:25.606Z,14200.0,10650.0,Lum,C2025N1,,430.0,39.0,fix1,local,25.1677,0.0013,184.0,L40S (48 GB),2026-09-03 19:02:25.606000+00:00
hp3,L40S,"3.12.3 (main, Mar  3 2026, 12:15:18) [GCC 13.3.0]",py312_cuml_always,profiler_cuml_always_fix1,QHY411-3_Lum_131k,151.2,176.3027684688568,134206.0,2026-09-03T19:08:57.453Z,14200.0,10650.0,Lum,C2025N1,,430.0,38.0,fix1,local,25.1677,0.0013,184.0,L40S (48 GB),2026-09-03 19:08:57.453000+00:00
hp3,L40S,"3.12.3 (main, Mar  3 2026, 12:15:18) [GCC 13.3.0]",py312_cuml_always,profiler_cuml_always_fix1,QHY411-3_Lum_131k,151.2,169.21332240104675,134206.0,2026-09-03T19:11:57.129Z,14200.0,10650.0,Lum,C2025N1,,430.0,38.0,fix1,local,25.1677,0.0013,184.0,L40S (48 GB),2026-09-03 19:11:57.129000+00:00
hp3,L40S,"3.12.3 (main, Mar  3 2026, 12:15:18) [GCC 13.3.0]",py312_cuml_always,profiler_cuml_always_fix1,QHY411-3_Lum_131k,151.2,154.3378291130066,134206.0,2026-09-03T19:14:41.628Z,14200.0,10650.0,Lum,C2025N1,,430.0,38.0,fix1,local,25.1677,0.0013,184.0,L40S (48 GB),2026-09-03 19:14:41.628000+00:00
hp3,L40S,"3.12.3 (main, Mar  3 2026, 12:15:18) [GCC 13.3.0]",py312_cuml_always,profiler_cuml_always_fix1,QHY411-3_Lum_131k,151.2,94.58243441581726,134206.0,2026-09-03T19:16:26.725Z,14200.0,10650.0,Lum,C2025N1,,430.0,38.0,fix1,local,25.1677,0.0013,184.0,L40S (48 GB),2026-09-03 19:16:26.725000+00:00
hp3,L40S,"3.12.3 (main, Mar  3 2026, 12:15:18) [GCC 13.3.0]",py312_cuml_always,profiler_cuml_always_fix1,QHY411-3_Lum_131k,151.2,43.59679007530213,134206.0,2026-09-03T19:17:17.627Z,14200.0,10650.0,Lum,C2025N1,,430.0,39.0,fix1,local,25.1677,0.0013,184.0,L40S (48 GB),2026-09-03 19:17:17.627000+00:00
hp3,L40S,"3.12.3 (main, Mar  3 2026, 12:15:18) [GCC 13.3.0]",py312_cuml_adaptive,profiler_cuml_adaptive_fix1,QHY411-3_Lum_131k,151.2,85.3834822177887,134206.0,2026-09-03T19:22:21.715Z,14200.0,10650.0,Lum,C2025N1,,430.0,39.0,fix1,local,25.1677,0.0013,184.0,L40S (48 GB),2026-09-03 19:22:21.715000+00:00
hp3,L40S,"3.12.3 (main, Mar  3 2026, 12:15:18) [GCC 13.3.0]",py312_cuml_adaptive,profiler_cuml_adaptive_fix1,QHY411-3_Lum_131k,151.2,55.76384377479553,134206.0,2026-09-03T19:23:27.506Z,14200.0,10650.0,Lum,C2025N1,,430.0,39.0,fix1,local,25.1677,0.0013,184.0,L40S (48 GB),2026-09-03 19:23:27.506000+00:00
hp3,L40S,"3.12.3 (main, Mar  3 2026, 12:15:18) [GCC 13.3.0]",py312_cuml_adaptive,profiler_cuml_adaptive_fix1,QHY411-3_Lum_131k,151.2,70.58233070373535,134206.0,2026-09-03T19:24:45.195Z,14200.0,10650.0,Lum,C2025N1,,430.0,40.0,fix1,local,25.1677,0.0013,184.0,L40S (48 GB),2026-09-03 19:24:45.195000+00:00
hp3,L40S,"3.12.3 (main, Mar  3 2026, 12:15:18) [GCC 13.3.0]",py312_cuml_adaptive,profiler_cuml_adaptive_fix1,QHY411-3_Lum_131k,151.2,72.66390132904053,134206.0,2026-09-03T19:26:07.799Z,14200.0,10650.0,Lum,C2025N1,,430.0,39.0,fix1,local,25.1677,0.0013,184.0,L40S (48 GB),2026-09-03 19:26:07.799000+00:00
hp3,L40S,"3.12.3 (main, Mar  3 2026, 12:15:18) [GCC 13.3.0]",py312_cuml_adaptive,profiler_cuml_adaptive_fix1,QHY411-3_Lum_131k,151.2,70.19663119316101,134206.0,2026-09-03T19:27:28.171Z,14200.0,10650.0,Lum,C2025N1,,430.0,39.0,fix1,local,25.1677,0.0013,184.0,L40S (48 GB),2026-09-03 19:27:28.171000+00:00
hp3,L40S,"3.12.3 (main, Mar  3 2026, 12:15:18) [GCC 13.3.0]",py312_cuml_adaptive,profiler_cuml_adaptive_fix1,QHY411-3_Lum_131k,151.2,103.7731204032898,134206.0,2026-09-03T19:29:18.475Z,14200.0,10650.0,Lum,C2025N1,,430.0,39.0,fix1,local,25.1677,0.0013,184.0,L40S (48 GB),2026-09-03 19:29:18.475000+00:00
hp3,L40S,"3.12.3 (main, Mar  3 2026, 12:15:18) [GCC 13.3.0]",py312_cuml_adaptive,profiler_cuml_adaptive_fix1,QHY411-3_Lum_131k,151.2,56.70686936378479,134206.0,2026-09-03T19:30:25.518Z,14200.0,10650.0,Lum,C2025N1,,430.0,39.0,fix1,local,25.1677,0.0013,184.0,L40S (48 GB),2026-09-03 19:30:25.518000+00:00
hp3,L40S,"3.12.3 (main, Mar  3 2026, 12:15:18) [GCC 13.3.0]",py312_cuml_adaptive,profiler_cuml_adaptive_fix1,QHY411-3_Lum_131k,151.2,46.93021297454834,134206.0,2026-09-03T19:33:53.753Z,14200.0,10650.0,Lum,C2025N1,,430.0,38.0,fix1,local,25.1677,0.0013,184.0,L40S (48 GB),2026-09-03 19:33:53.753000+00:00
hp3,L40S,"3.12.3 (main, Mar  3 2026, 12:15:18) [GCC 13.3.0]",py312_cuml_adaptive,profiler_cuml_adaptive_fix1,QHY411-3_Lum_131k,151.2,45.98128604888916,134206.0,2026-09-03T19:34:49.211Z,14200.0,10650.0,Lum,C2025N1,,430.0,39.0,fix1,local,25.1677,0.0013,184.0,L40S (48 GB),2026-09-03 19:34:49.211000+00:00
hp3,L40S,"3.12.3 (main, Mar  3 2026, 12:15:18) [GCC 13.3.0]",py312_cuml_always,profiler_cuml_always_fix1,QHY411-3_Lum_full,151.2,42.15968132019043,18712.0,2026-09-03T17:39:09.921Z,14200.0,10650.0,Lum,24P,,430.0,42.0,fix1,local,25.2253,0.0011,191.0,L40S (48 GB),2026-09-03 17:39:09.921000+00:00
hp3,L40S,"3.12.3 (main, Mar  3 2026, 12:15:18) [GCC 13.3.0]",py312_cuml_always,profiler_cuml_always_fix1,QHY411-3_Lum_full,151.2,46.80543923377991,18712.0,2026-09-03T17:40:06.309Z,14200.0,10650.0,Lum,24P,,430.0,41.0,fix1,local,25.2253,0.0011,191.0,L40S (48 GB),2026-09-03 17:40:06.309000+00:00
hp3,L40S,"3.12.3 (main, Mar  3 2026, 12:15:18) [GCC 13.3.0]",py312_cuml_always,profiler_cuml_always_fix1,QHY411-3_Lum_full,151.2,47.45255160331726,18712.0,2026-09-03T17:41:03.345Z,14200.0,10650.0,Lum,24P,,430.0,41.0,fix1,local,25.2253,0.0011,191.0,L40S (48 GB),2026-09-03 17:41:03.345000+00:00
hp3,L40S,"3.12.3 (main, Mar  3 2026, 12:15:18) [GCC 13.3.0]",py312_cuml_always,profiler_cuml_always_fix1,QHY411-3_Lum_full,151.2,47.35346269607544,18712.0,2026-09-03T17:42:00.271Z,14200.0,10650.0,Lum,24P,,430.0,41.0,fix1,local,25.2253,0.0011,191.0,L40S (48 GB),2026-09-03 17:42:00.271000+00:00
hp3,L40S,"3.12.3 (main, Mar  3 2026, 12:15:18) [GCC 13.3.0]",py312_cuml_always,profiler_cuml_always_fix1,QHY411-3_Lum_full,151.2,45.01869750022888,18712.0,2026-09-03T17:47:49.321Z,14200.0,10650.0,Lum,24P,,430.0,40.0,fix1,local,25.2253,0.0011,191.0,L40S (48 GB),2026-09-03 17:47:49.321000+00:00
hp3,L40S,"3.12.3 (main, Mar  3 2026, 12:15:18) [GCC 13.3.0]",py312_cuml_always,profiler_cuml_always_fix1,QHY411-3_Lum_full,151.2,44.02638387680054,18712.0,2026-09-03T17:48:43.190Z,14200.0,10650.0,Lum,24P,,430.0,41.0,fix1,local,25.2253,0.0011,191.0,L40S (48 GB),2026-09-03 17:48:43.190000+00:00
hp3,L40S,"3.12.3 (main, Mar  3 2026, 12:15:18) [GCC 13.3.0]",py312_cuml_adaptive,profiler_cuml_adaptive_fix1,QHY411-3_Lum_full,151.2,36.35432171821594,18712.0,2026-09-03T17:54:01.486Z,14200.0,10650.0,Lum,24P,,430.0,41.0,fix1,local,25.2253,0.0011,191.0,L40S (48 GB),2026-09-03 17:54:01.486000+00:00
hp3,L40S,"3.12.3 (main, Mar  3 2026, 12:15:18) [GCC 13.3.0]",py312_cuml_adaptive,profiler_cuml_adaptive_fix1,QHY411-3_Lum_full,151.2,32.62146759033203,18712.0,2026-09-03T17:54:44.080Z,14200.0,10650.0,Lum,24P,,430.0,41.0,fix1,local,25.2253,0.0011,191.0,L40S (48 GB),2026-09-03 17:54:44.080000+00:00
hp3,L40S,"3.12.3 (main, Mar  3 2026, 12:15:18) [GCC 13.3.0]",py312_cuml_adaptive,profiler_cuml_adaptive_fix1,QHY411-3_Lum_full,151.2,37.9460015296936,18712.0,2026-09-03T17:55:31.724Z,14200.0,10650.0,Lum,24P,,430.0,41.0,fix1,local,25.2253,0.0011,191.0,L40S (48 GB),2026-09-03 17:55:31.724000+00:00
hp3,L40S,"3.12.3 (main, Mar  3 2026, 12:15:18) [GCC 13.3.0]",py312_cuml_adaptive,profiler_cuml_adaptive_fix1,QHY411-3_Lum_full,151.2,34.81382703781128,18712.0,2026-09-03T17:56:16.571Z,14200.0,10650.0,Lum,24P,,430.0,41.0,fix1,local,25.2253,0.0011,191.0,L40S (48 GB),2026-09-03 17:56:16.571000+00:00
hp3,L40S,"3.12.3 (main, Mar  3 2026, 12:15:18) [GCC 13.3.0]",py312_cuml_adaptive,profiler_cuml_adaptive_fix1,QHY411-3_Lum_full,151.2,35.55214977264404,18712.0,2026-09-03T17:57:02.048Z,14200.0,10650.0,Lum,24P,,430.0,41.0,fix1,local,25.2253,0.0011,191.0,L40S (48 GB),2026-09-03 17:57:02.048000+00:00
hp3,L40S,"3.12.3 (main, Mar  3 2026, 12:15:18) [GCC 13.3.0]",py312_cuml_adaptive,profiler_cuml_adaptive_fix1,QHY411-3_Lum_full,151.2,35.50109601020813,18712.0,2026-09-03T17:57:46.943Z,14200.0,10650.0,Lum,24P,,430.0,41.0,fix1,local,25.2253,0.0011,191.0,L40S (48 GB),2026-09-03 17:57:46.943000+00:00
hp3,L40S,"3.12.3 (main, Mar  3 2026, 12:15:18) [GCC 13.3.0]",py312_cuml_adaptive,profiler_cuml_adaptive_fix1,QHY411-3_Lum_full,151.2,34.340128660202026,18712.0,2026-09-03T17:58:30.361Z,14200.0,10650.0,Lum,24P,,430.0,41.0,fix1,local,25.2253,0.0011,191.0,L40S (48 GB),2026-09-03 17:58:30.361000+00:00
hp3,L40S,"3.12.3 (main, Mar  3 2026, 12:15:18) [GCC 13.3.0]",py312_cuml_always,profiler_cuml_always_fix1,QHY411-3_SDSSg_10k,151.2,31.64827346801757,10168.0,2026-09-03T14:31:45.581Z,14200.0,10650.0,SDSSg,M106,,430.0,42.0,fix1,local,24.5599,0.0017,141.0,L40S (48 GB),2026-09-03 14:31:45.581000+00:00
hp3,L40S,"3.12.3 (main, Mar  3 2026, 12:15:18) [GCC 13.3.0]",py312_cuml_adaptive,profiler_cuml_adaptive_fix1,QHY411-3_SDSSg_10k,151.2,33.05968141555786,10168.0,2026-09-03T14:24:32.709Z,14200.0,10650.0,SDSSg,M106,,430.0,40.0,fix1,local,24.5599,0.0017,141.0,L40S (48 GB),2026-09-03 14:24:32.709000+00:00
hp3,L40S,"3.12.3 (main, Mar  3 2026, 12:15:18) [GCC 13.3.0]",py312_cuml_adaptive,profiler_cuml_adaptive_fix1,QHY411-3_SDSSg_10k,151.2,36.47938299179077,10168.0,2026-09-03T14:25:18.700Z,14200.0,10650.0,SDSSg,M106,,430.0,41.0,fix1,local,24.5599,0.0017,141.0,L40S (48 GB),2026-09-03 14:25:18.700000+00:00
hp3,L40S,"3.12.3 (main, Mar  3 2026, 12:15:18) [GCC 13.3.0]",py312_cuml_adaptive,profiler_cuml_adaptive_fix1,QHY411-3_SDSSg_10k,151.2,33.17053174972534,10168.0,2026-09-03T14:26:49.236Z,14200.0,10650.0,SDSSg,M106,,430.0,42.0,fix1,local,24.5599,0.0017,141.0,L40S (48 GB),2026-09-03 14:26:49.236000+00:00
hp3,L40S,"3.12.3 (main, Mar  3 2026, 12:15:18) [GCC 13.3.0]",py312_cuml_adaptive,profiler_cuml_adaptive_fix1,QHY411-3_SDSSg_10k,151.2,33.51255011558533,10168.0,2026-09-03T14:27:32.959Z,14200.0,10650.0,SDSSg,M106,,430.0,42.0,fix1,local,24.5599,0.0017,141.0,L40S (48 GB),2026-09-03 14:27:32.959000+00:00
hp3,L40S,"3.12.3 (main, Mar  3 2026, 12:15:18) [GCC 13.3.0]",py312_cuml_adaptive,profiler_cuml_adaptive_fix1,QHY411-3_SDSSg_10k,151.2,33.31081199645996,10168.0,2026-09-03T14:28:16.231Z,14200.0,10650.0,SDSSg,M106,,430.0,42.0,fix1,local,24.5599,0.0017,141.0,L40S (48 GB),2026-09-03 14:28:16.231000+00:00
hp3,L40S,"3.12.3 (main, Mar  3 2026, 12:15:18) [GCC 13.3.0]",py312_cuml_adaptive,profiler_cuml_adaptive_fix1,QHY411-3_SDSSg_10k,151.2,33.23650407791138,10168.0,2026-09-03T14:28:57.884Z,14200.0,10650.0,SDSSg,M106,,430.0,42.0,fix1,local,24.5599,0.0017,141.0,L40S (48 GB),2026-09-03 14:28:57.884000+00:00
hp3,L40S,"3.12.3 (main, Mar  3 2026, 12:15:18) [GCC 13.3.0]",py312_cuml_adaptive,profiler_cuml_adaptive_fix1,QHY411-3_SDSSg_10k,151.2,30.169734239578247,10168.0,2026-09-03T14:29:38.241Z,14200.0,10650.0,SDSSg,M106,,430.0,42.0,fix1,local,24.5599,0.0017,141.0,L40S (48 GB),2026-09-03 14:29:38.241000+00:00
hp3,L40S,"3.12.3 (main, Mar  3 2026, 12:15:18) [GCC 13.3.0]",py312_cuml_always,profiler_cuml_always_fix1,QHY411-3_SDSSg_10k,151.2,33.85425162315369,10168.0,2026-09-03T18:18:33.500Z,14200.0,10650.0,SDSSg,M106,,430.0,41.0,fix1,local,24.5599,0.0017,141.0,L40S (48 GB),2026-09-03 18:18:33.500000+00:00
hp3,L40S,"3.12.3 (main, Mar  3 2026, 12:15:18) [GCC 13.3.0]",py312_cuml_always,profiler_cuml_always_fix1,QHY411-3_SDSSg_10k,151.2,33.23970675468445,10168.0,2026-09-03T18:19:16.993Z,14200.0,10650.0,SDSSg,M106,,430.0,41.0,fix1,local,24.5599,0.0017,141.0,L40S (48 GB),2026-09-03 18:19:16.993000+00:00
hp3,L40S,"3.12.3 (main, Mar  3 2026, 12:15:18) [GCC 13.3.0]",py312_cuml_always,profiler_cuml_always_fix1,QHY411-3_SDSSg_10k,151.2,33.25387120246887,10168.0,2026-09-03T18:19:59.589Z,14200.0,10650.0,SDSSg,M106,,430.0,42.0,fix1,local,24.5599,0.0017,141.0,L40S (48 GB),2026-09-03 18:19:59.589000+00:00
hp3,L40S,"3.12.3 (main, Mar  3 2026, 12:15:18) [GCC 13.3.0]",py312_cuml_always,profiler_cuml_always_fix1,QHY411-3_SDSSg_10k,151.2,31.556670427322388,10168.0,2026-09-03T18:20:41.329Z,14200.0,10650.0,SDSSg,M106,,430.0,41.0,fix1,local,24.5599,0.0017,141.0,L40S (48 GB),2026-09-03 18:20:41.329000+00:00
hp3,L40S,"3.12.3 (main, Mar  3 2026, 12:15:18) [GCC 13.3.0]",py312_cuml_always,profiler_cuml_always_fix1,QHY411-3_SDSSg_10k,151.2,37.54972052574158,10168.0,2026-09-03T18:21:26.927Z,14200.0,10650.0,SDSSg,M106,,430.0,41.0,fix1,local,24.5599,0.0017,141.0,L40S (48 GB),2026-09-03 18:21:26.927000+00:00
hp3,L40S,"3.12.3 (main, Mar  3 2026, 12:15:18) [GCC 13.3.0]",py312_cuml_always,profiler_cuml_always_fix1,QHY411-3_SDSSg_10k,151.2,31.784688472747803,10168.0,2026-09-03T18:22:06.532Z,14200.0,10650.0,SDSSg,M106,,430.0,42.0,fix1,local,24.5599,0.0017,141.0,L40S (48 GB),2026-09-03 18:22:06.532000+00:00
hp3,L40S,"3.12.3 (main, Mar  3 2026, 12:15:18) [GCC 13.3.0]",py312_cuml_always,profiler_cuml_always_fix1,QHY411-3_SDSSg_10k,151.2,34.899879932403564,10168.0,2026-09-03T18:22:50.893Z,14200.0,10650.0,SDSSg,M106,,430.0,41.0,fix1,local,24.5599,0.0017,141.0,L40S (48 GB),2026-09-03 18:22:50.893000+00:00
hp3,L40S,"3.12.3 (main, Mar  3 2026, 12:15:18) [GCC 13.3.0]",py312_cuml_always,profiler_cuml_always_fix1,QHY411-3_SDSSg_10k,151.2,38.31556224822998,10168.0,2026-09-03T18:23:39.753Z,14200.0,10650.0,SDSSg,M106,,430.0,41.0,fix1,local,24.5599,0.0017,141.0,L40S (48 GB),2026-09-03 18:23:39.753000+00:00
hp3,L40S,"3.12.3 (main, Mar  3 2026, 12:15:18) [GCC 13.3.0]",py312_cuml_always,profiler_cuml_always_fix1,QHY411-3_SDSSg_10k,151.2,34.40816044807434,10168.0,2026-09-03T18:24:23.698Z,14200.0,10650.0,SDSSg,M106,,430.0,41.0,fix1,local,24.5599,0.0017,141.0,L40S (48 GB),2026-09-03 18:24:23.698000+00:00
hp3,L40S,"3.12.3 (main, Mar  3 2026, 12:15:18) [GCC 13.3.0]",py312_cuml_adaptive,profiler_cuml_adaptive_fix1,QHY411-3_SDSSg_10k,151.2,31.415574550628666,10168.0,2026-09-03T18:31:41.740Z,14200.0,10650.0,SDSSg,M106,,430.0,40.0,fix1,local,24.5599,0.0017,141.0,L40S (48 GB),2026-09-03 18:31:41.740000+00:00
hp3,L40S,"3.12.3 (main, Mar  3 2026, 12:15:18) [GCC 13.3.0]",py312_cuml_adaptive,profiler_cuml_adaptive_fix1,QHY411-3_SDSSg_10k,151.2,33.23992586135864,10168.0,2026-09-03T18:32:24.911Z,14200.0,10650.0,SDSSg,M106,,430.0,41.0,fix1,local,24.5599,0.0017,141.0,L40S (48 GB),2026-09-03 18:32:24.911000+00:00
hp3,L40S,"3.12.3 (main, Mar  3 2026, 12:15:18) [GCC 13.3.0]",py312_cuml_adaptive,profiler_cuml_adaptive_fix1,QHY411-3_SDSSg_10k,151.2,35.68523550033569,10168.0,2026-09-03T18:33:10.380Z,14200.0,10650.0,SDSSg,M106,,430.0,41.0,fix1,local,24.5599,0.0017,141.0,L40S (48 GB),2026-09-03 18:33:10.380000+00:00
hp3,L40S,"3.12.3 (main, Mar  3 2026, 12:15:18) [GCC 13.3.0]",py312_cuml_adaptive,profiler_cuml_adaptive_fix1,QHY411-3_SDSSg_10k,151.2,34.561079263687134,10168.0,2026-09-03T18:33:54.035Z,14200.0,10650.0,SDSSg,M106,,430.0,41.0,fix1,local,24.5599,0.0017,141.0,L40S (48 GB),2026-09-03 18:33:54.035000+00:00
hp3,L40S,"3.12.3 (main, Mar  3 2026, 12:15:18) [GCC 13.3.0]",py312_cuml_adaptive,profiler_cuml_adaptive_fix1,QHY411-3_SDSSg_10k,151.2,32.86876344680786,10168.0,2026-09-03T18:34:36.834Z,14200.0,10650.0,SDSSg,M106,,430.0,41.0,fix1,local,24.5599,0.0017,141.0,L40S (48 GB),2026-09-03 18:34:36.834000+00:00
hp3,L40S,"3.12.3 (main, Mar  3 2026, 12:15:18) [GCC 13.3.0]",py312_cuml_adaptive,profiler_cuml_adaptive_fix1,QHY411-3_SDSSg_10k,151.2,34.96706533432007,10168.0,2026-09-03T18:35:19.709Z,14200.0,10650.0,SDSSg,M106,,430.0,42.0,fix1,local,24.5599,0.0017,141.0,L40S (48 GB),2026-09-03 18:35:19.709000+00:00
hp3,L40S,"3.12.3 (main, Mar  3 2026, 12:15:18) [GCC 13.3.0]",py312_cuml_always,profiler_cuml_always_fix1,QHY411-3_SDSSr_19k,151.2,35.767314434051514,19492.0,2026-09-03T18:47:29.147Z,14200.0,10650.0,SDSSr,NGC2683,,430.0,41.0,fix1,local,24.0561,0.0013,187.0,L40S (48 GB),2026-09-03 18:47:29.147000+00:00
hp3,L40S,"3.12.3 (main, Mar  3 2026, 12:15:18) [GCC 13.3.0]",py312_cuml_always,profiler_cuml_always_fix1,QHY411-3_SDSSr_19k,151.2,35.96440768241882,19492.0,2026-09-03T18:48:11.194Z,14200.0,10650.0,SDSSr,NGC2683,,430.0,42.0,fix1,local,24.0561,0.0013,187.0,L40S (48 GB),2026-09-03 18:48:11.194000+00:00
hp3,L40S,"3.12.3 (main, Mar  3 2026, 12:15:18) [GCC 13.3.0]",py312_cuml_always,profiler_cuml_always_fix1,QHY411-3_SDSSr_19k,151.2,36.88852787017822,19492.0,2026-09-03T18:48:58.590Z,14200.0,10650.0,SDSSr,NGC2683,,430.0,41.0,fix1,local,24.0561,0.0013,187.0,L40S (48 GB),2026-09-03 18:48:58.590000+00:00
hp3,L40S,"3.12.3 (main, Mar  3 2026, 12:15:18) [GCC 13.3.0]",py312_cuml_always,profiler_cuml_always_fix1,QHY411-3_SDSSr_19k,151.2,34.72105407714844,19492.0,2026-09-03T18:49:40.491Z,14200.0,10650.0,SDSSr,NGC2683,,430.0,41.0,fix1,local,24.0561,0.0013,187.0,L40S (48 GB),2026-09-03 18:49:40.491000+00:00
hp3,L40S,"3.12.3 (main, Mar  3 2026, 12:15:18) [GCC 13.3.0]",py312_cuml_always,profiler_cuml_always_fix1,QHY411-3_SDSSr_19k,151.2,35.53789210319519,19492.0,2026-09-03T18:52:06.377Z,14200.0,10650.0,SDSSr,NGC2683,,430.0,41.0,fix1,local,24.0561,0.0013,187.0,L40S (48 GB),2026-09-03 18:52:06.377000+00:00
hp3,L40S,"3.12.3 (main, Mar  3 2026, 12:15:18) [GCC 13.3.0]",py312_cuml_always,profiler_cuml_always_fix1,QHY411-3_SDSSr_19k,151.2,35.42372989654541,19492.0,2026-09-03T18:52:51.477Z,14200.0,10650.0,SDSSr,NGC2683,,430.0,41.0,fix1,local,24.0561,0.0013,187.0,L40S (48 GB),2026-09-03 18:52:51.477000+00:00
hp3,L40S,"3.12.3 (main, Mar  3 2026, 12:15:18) [GCC 13.3.0]",py312_cuml_always,profiler_cuml_always_fix1,QHY411-3_SDSSr_19k,151.2,36.17687726020813,19492.0,2026-09-03T18:53:38.218Z,14200.0,10650.0,SDSSr,NGC2683,,430.0,41.0,fix1,local,24.0561,0.0013,187.0,L40S (48 GB),2026-09-03 18:53:38.218000+00:00
hp3,L40S,"3.12.3 (main, Mar  3 2026, 12:15:18) [GCC 13.3.0]",py312_cuml_always,profiler_cuml_always_fix1,QHY411-3_SDSSr_19k,151.2,35.64979958534241,19492.0,2026-09-03T18:54:24.078Z,14200.0,10650.0,SDSSr,NGC2683,,430.0,41.0,fix1,local,24.0561,0.0013,187.0,L40S (48 GB),2026-09-03 18:54:24.078000+00:00
hp3,L40S,"3.12.3 (main, Mar  3 2026, 12:15:18) [GCC 13.3.0]",py312_cuml_adaptive,profiler_cuml_adaptive_fix1,QHY411-3_SDSSr_19k,151.2,31.699639558792114,19492.0,2026-09-03T18:37:41.042Z,14200.0,10650.0,SDSSr,NGC2683,,430.0,41.0,fix1,local,24.0561,0.0013,187.0,L40S (48 GB),2026-09-03 18:37:41.042000+00:00
hp3,L40S,"3.12.3 (main, Mar  3 2026, 12:15:18) [GCC 13.3.0]",py312_cuml_adaptive,profiler_cuml_adaptive_fix1,QHY411-3_SDSSr_19k,151.2,35.36822199821472,19492.0,2026-09-03T18:38:26.485Z,14200.0,10650.0,SDSSr,NGC2683,,430.0,41.0,fix1,local,24.0561,0.0013,187.0,L40S (48 GB),2026-09-03 18:38:26.485000+00:00
hp3,L40S,"3.12.3 (main, Mar  3 2026, 12:15:18) [GCC 13.3.0]",py312_cuml_adaptive,profiler_cuml_adaptive_fix1,QHY411-3_SDSSr_19k,151.2,37.05166578292847,19492.0,2026-09-03T18:39:11.832Z,14200.0,10650.0,SDSSr,NGC2683,,430.0,41.0,fix1,local,24.0561,0.0013,187.0,L40S (48 GB),2026-09-03 18:39:11.832000+00:00
hp3,L40S,"3.12.3 (main, Mar  3 2026, 12:15:18) [GCC 13.3.0]",py312_cuml_adaptive,profiler_cuml_adaptive_fix1,QHY411-3_SDSSr_19k,151.2,35.23272109031677,19492.0,2026-09-03T18:39:56.812Z,14200.0,10650.0,SDSSr,NGC2683,,430.0,41.0,fix1,local,24.0561,0.0013,187.0,L40S (48 GB),2026-09-03 18:39:56.812000+00:00
hp3,L40S,"3.12.3 (main, Mar  3 2026, 12:15:18) [GCC 13.3.0]",py312_cuml_adaptive,profiler_cuml_adaptive_fix1,QHY411-3_SDSSr_19k,151.2,46.6272451877594,19492.0,2026-09-03T18:40:54.202Z,14200.0,10650.0,SDSSr,NGC2683,,430.0,41.0,fix1,local,24.0561,0.0013,187.0,L40S (48 GB),2026-09-03 18:40:54.202000+00:00
hp3,L40S,"3.12.3 (main, Mar  3 2026, 12:15:18) [GCC 13.3.0]",py312_cuml_adaptive,profiler_cuml_adaptive_fix1,QHY411-3_SDSSr_19k,151.2,33.426889419555664,19492.0,2026-09-03T18:42:39.362Z,14200.0,10650.0,SDSSr,NGC2683,,430.0,40.0,fix1,local,24.0561,0.0013,187.0,L40S (48 GB),2026-09-03 18:42:39.362000+00:00
hp3,L40S,"3.12.3 (main, Mar  3 2026, 12:15:18) [GCC 13.3.0]",py312_cuml_adaptive,profiler_cuml_adaptive_fix1,QHY411-3_SDSSr_19k,151.2,43.29682922363281,19492.0,2026-09-03T18:43:32.315Z,14200.0,10650.0,SDSSr,NGC2683,,430.0,41.0,fix1,local,24.0561,0.0013,187.0,L40S (48 GB),2026-09-03 18:43:32.315000+00:00
hp3,L40S,"3.12.3 (main, Mar  3 2026, 12:15:18) [GCC 13.3.0]",py312_cuml_adaptive,profiler_cuml_adaptive_fix1,QHY411-3_SDSSr_19k,151.2,37.02741408348084,19492.0,2026-09-03T18:44:19.912Z,14200.0,10650.0,SDSSr,NGC2683,,430.0,41.0,fix1,local,24.0561,0.0013,187.0,L40S (48 GB),2026-09-03 18:44:19.912000+00:00
hp3,L40S,"3.12.3 (main, Mar  3 2026, 12:15:18) [GCC 13.3.0]",py312_cuml_adaptive,profiler_cuml_adaptive_fix1,QHY411-3_SDSSr_19k,151.2,37.978094816207886,19492.0,2026-09-03T18:45:07.865Z,14200.0,10650.0,SDSSr,NGC2683,,430.0,41.0,fix1,local,24.0561,0.0013,187.0,L40S (48 GB),2026-09-03 18:45:07.865000+00:00
hp3,L40S,"3.12.3 (main, Mar  3 2026, 12:15:18) [GCC 13.3.0]",py312_cuml_always,profiler_cuml_always_fix1,QHY411-3_SDSSr_full,151.2,34.4740686416626,15390.0,2026-09-03T18:09:53.908Z,14200.0,10650.0,SDSSr,M81,,430.0,41.0,fix1,local,24.0872,0.0011,184.0,L40S (48 GB),2026-09-03 18:09:53.908000+00:00
hp3,L40S,"3.12.3 (main, Mar  3 2026, 12:15:18) [GCC 13.3.0]",py312_cuml_always,profiler_cuml_always_fix1,QHY411-3_SDSSr_full,151.2,34.41145896911621,15390.0,2026-09-03T18:10:38.710Z,14200.0,10650.0,SDSSr,M81,,430.0,41.0,fix1,local,24.0872,0.0011,184.0,L40S (48 GB),2026-09-03 18:10:38.710000+00:00
hp3,L40S,"3.12.3 (main, Mar  3 2026, 12:15:18) [GCC 13.3.0]",py312_cuml_always,profiler_cuml_always_fix1,QHY411-3_SDSSr_full,151.2,34.38788294792175,15390.0,2026-09-03T18:11:22.604Z,14200.0,10650.0,SDSSr,M81,,430.0,41.0,fix1,local,24.0872,0.0011,184.0,L40S (48 GB),2026-09-03 18:11:22.604000+00:00
hp3,L40S,"3.12.3 (main, Mar  3 2026, 12:15:18) [GCC 13.3.0]",py312_cuml_always,profiler_cuml_always_fix1,QHY411-3_SDSSr_full,151.2,32.18041944503784,15390.0,2026-09-03T18:12:05.047Z,14200.0,10650.0,SDSSr,M81,,430.0,41.0,fix1,local,24.0872,0.0011,184.0,L40S (48 GB),2026-09-03 18:12:05.047000+00:00
hp3,L40S,"3.12.3 (main, Mar  3 2026, 12:15:18) [GCC 13.3.0]",py312_cuml_always,profiler_cuml_always_fix1,QHY411-3_SDSSr_full,151.2,33.818193674087524,15390.0,2026-09-03T18:12:47.582Z,14200.0,10650.0,SDSSr,M81,,430.0,42.0,fix1,local,24.0872,0.0011,184.0,L40S (48 GB),2026-09-03 18:12:47.582000+00:00
hp3,L40S,"3.12.3 (main, Mar  3 2026, 12:15:18) [GCC 13.3.0]",py312_cuml_always,profiler_cuml_always_fix1,QHY411-3_SDSSr_full,151.2,35.226561069488525,15390.0,2026-09-03T18:13:30.767Z,14200.0,10650.0,SDSSr,M81,,430.0,42.0,fix1,local,24.0872,0.0011,184.0,L40S (48 GB),2026-09-03 18:13:30.767000+00:00
hp3,L40S,"3.12.3 (main, Mar  3 2026, 12:15:18) [GCC 13.3.0]",py312_cuml_always,profiler_cuml_always_fix1,QHY411-3_SDSSr_full,151.2,34.17935562133789,15390.0,2026-09-03T18:14:59.200Z,14200.0,10650.0,SDSSr,M81,,430.0,42.0,fix1,local,24.0872,0.0011,184.0,L40S (48 GB),2026-09-03 18:14:59.200000+00:00
hp3,L40S,"3.12.3 (main, Mar  3 2026, 12:15:18) [GCC 13.3.0]",py312_cuml_always,profiler_cuml_always_fix1,QHY411-3_SDSSr_full,151.2,32.2162880897522,15390.0,2026-09-03T18:15:40.567Z,14200.0,10650.0,SDSSr,M81,,430.0,41.0,fix1,local,24.0872,0.0011,184.0,L40S (48 GB),2026-09-03 18:15:40.567000+00:00
hp3,L40S,"3.12.3 (main, Mar  3 2026, 12:15:18) [GCC 13.3.0]",py312_cuml_always,profiler_cuml_always_fix1,QHY411-3_SDSSr_full,151.2,34.77542424201965,15390.0,2026-09-03T18:16:23.391Z,14200.0,10650.0,SDSSr,M81,,430.0,42.0,fix1,local,24.0872,0.0011,184.0,L40S (48 GB),2026-09-03 18:16:23.391000+00:00
hp3,L40S,"3.12.3 (main, Mar  3 2026, 12:15:18) [GCC 13.3.0]",py312_cuml_adaptive,profiler_cuml_adaptive_fix1,QHY411-3_SDSSr_full,151.2,34.812769651412964,15390.0,2026-09-03T18:00:51.895Z,14200.0,10650.0,SDSSr,M81,,430.0,41.0,fix1,local,24.0872,0.0011,184.0,L40S (48 GB),2026-09-03 18:00:51.895000+00:00
hp3,L40S,"3.12.3 (main, Mar  3 2026, 12:15:18) [GCC 13.3.0]",py312_cuml_adaptive,profiler_cuml_adaptive_fix1,QHY411-3_SDSSr_full,151.2,34.76172423362732,15390.0,2026-09-03T18:01:37.505Z,14200.0,10650.0,SDSSr,M81,,430.0,41.0,fix1,local,24.0872,0.0011,184.0,L40S (48 GB),2026-09-03 18:01:37.505000+00:00
hp3,L40S,"3.12.3 (main, Mar  3 2026, 12:15:18) [GCC 13.3.0]",py312_cuml_adaptive,profiler_cuml_adaptive_fix1,QHY411-3_SDSSr_full,151.2,34.7075617313385,15390.0,2026-09-03T18:03:09.351Z,14200.0,10650.0,SDSSr,M81,,430.0,41.0,fix1,local,24.0872,0.0011,184.0,L40S (48 GB),2026-09-03 18:03:09.351000+00:00
hp3,L40S,"3.12.3 (main, Mar  3 2026, 12:15:18) [GCC 13.3.0]",py312_cuml_adaptive,profiler_cuml_adaptive_fix1,QHY411-3_SDSSr_full,151.2,34.34474730491638,15390.0,2026-09-03T18:03:52.984Z,14200.0,10650.0,SDSSr,M81,,430.0,41.0,fix1,local,24.0872,0.0011,184.0,L40S (48 GB),2026-09-03 18:03:52.984000+00:00
hp3,L40S,"3.12.3 (main, Mar  3 2026, 12:15:18) [GCC 13.3.0]",py312_cuml_adaptive,profiler_cuml_adaptive_fix1,QHY411-3_SDSSr_full,151.2,35.131613969802856,15390.0,2026-09-03T18:04:38.647Z,14200.0,10650.0,SDSSr,M81,,430.0,41.0,fix1,local,24.0872,0.0011,184.0,L40S (48 GB),2026-09-03 18:04:38.647000+00:00
hp3,L40S,"3.12.3 (main, Mar  3 2026, 12:15:18) [GCC 13.3.0]",py312_cuml_adaptive,profiler_cuml_adaptive_fix1,QHY411-3_SDSSr_full,151.2,35.3035204410553,15390.0,2026-09-03T18:05:24.074Z,14200.0,10650.0,SDSSr,M81,,430.0,41.0,fix1,local,24.0872,0.0011,184.0,L40S (48 GB),2026-09-03 18:05:24.074000+00:00
hp3,L40S,"3.12.3 (main, Mar  3 2026, 12:15:18) [GCC 13.3.0]",py312_cuml_adaptive,profiler_cuml_adaptive_fix1,QHY411-3_SDSSr_full,151.2,34.87871289253235,15390.0,2026-09-03T18:06:08.987Z,14200.0,10650.0,SDSSr,M81,,430.0,41.0,fix1,local,24.0872,0.0011,184.0,L40S (48 GB),2026-09-03 18:06:08.987000+00:00
hp3,L40S,"3.12.3 (main, Mar  3 2026, 12:15:18) [GCC 13.3.0]",py312_cuml_adaptive,profiler_cuml_adaptive_fix1,QHY411-3_SDSSr_full,151.2,35.364747285842896,15390.0,2026-09-03T18:06:54.412Z,14200.0,10650.0,SDSSr,M81,,430.0,41.0,fix1,local,24.0872,0.0011,184.0,L40S (48 GB),2026-09-03 18:06:54.412000+00:00
hp3,L40S,"3.12.3 (main, Mar  3 2026, 12:15:18) [GCC 13.3.0]",py312_cuml_adaptive,profiler_cuml_adaptive_fix1,QHY411-3_SDSSr_full,151.2,33.50588321685791,15390.0,2026-09-03T18:07:38.522Z,14200.0,10650.0,SDSSr,M81,,430.0,41.0,fix1,local,24.0872,0.0011,184.0,L40S (48 GB),2026-09-03 18:07:38.522000+00:00
hp3,L40S,"3.12.3 (main, Mar  3 2026, 12:15:18) [GCC 13.3.0]",py312_cuml_always,profiler_cuml_always_fix1,QHY600-3_Lum,6.8,6.626095533370972,8093.0,2026-09-03T12:10:30.878Z,3191.0,2129.0,Lum,C2025R2,,430.0,38.0,fix1,local,26.8056,0.0082,8.0,L40S (48 GB),2026-09-03 12:10:30.878000+00:00
hp3,L40S,"3.12.3 (main, Mar  3 2026, 12:15:18) [GCC 13.3.0]",py312_cuml_always,profiler_cuml_always_fix1,QHY600-3_Lum,6.8,6.587578296661377,8093.0,2026-09-03T12:10:47.021Z,3191.0,2129.0,Lum,C2025R2,,430.0,38.0,fix1,local,26.8056,0.0082,8.0,L40S (48 GB),2026-09-03 12:10:47.021000+00:00
hp3,L40S,"3.12.3 (main, Mar  3 2026, 12:15:18) [GCC 13.3.0]",py312_cuml_always,profiler_cuml_always_fix1,QHY600-3_Lum,6.8,6.166088581085205,8093.0,2026-09-03T12:11:17.007Z,3191.0,2129.0,Lum,C2025R2,,430.0,38.0,fix1,local,26.8056,0.0082,8.0,L40S (48 GB),2026-09-03 12:11:17.007000+00:00
hp3,L40S,"3.12.3 (main, Mar  3 2026, 12:15:18) [GCC 13.3.0]",py312_cuml_always,profiler_cuml_always_fix1,QHY600-3_Lum,6.8,6.606431245803833,8093.0,2026-09-03T12:11:32.948Z,3191.0,2129.0,Lum,C2025R2,,430.0,38.0,fix1,local,26.8056,0.0082,8.0,L40S (48 GB),2026-09-03 12:11:32.948000+00:00
hp3,L40S,"3.12.3 (main, Mar  3 2026, 12:15:18) [GCC 13.3.0]",py312_cuml_always,profiler_cuml_always_fix1,QHY600-3_Lum,6.8,6.522531509399414,8093.0,2026-09-03T12:11:48.908Z,3191.0,2129.0,Lum,C2025R2,,430.0,38.0,fix1,local,26.8056,0.0082,8.0,L40S (48 GB),2026-09-03 12:11:48.908000+00:00
hp3,L40S,"3.12.3 (main, Mar  3 2026, 12:15:18) [GCC 13.3.0]",py312_cuml_always,profiler_cuml_always_fix1,QHY600-3_Lum,6.8,6.661970615386963,8093.0,2026-09-03T12:12:04.110Z,3191.0,2129.0,Lum,C2025R2,,430.0,38.0,fix1,local,26.8056,0.0082,8.0,L40S (48 GB),2026-09-03 12:12:04.110000+00:00
hp3,L40S,"3.12.3 (main, Mar  3 2026, 12:15:18) [GCC 13.3.0]",py312_cuml_always,profiler_cuml_always_fix1,QHY600-3_Lum,6.8,6.385693788528442,8093.0,2026-09-03T12:12:18.509Z,3191.0,2129.0,Lum,C2025R2,,430.0,38.0,fix1,local,26.8056,0.0082,8.0,L40S (48 GB),2026-09-03 12:12:18.509000+00:00
hp3,L40S,"3.12.3 (main, Mar  3 2026, 12:15:18) [GCC 13.3.0]",py312_cuml_always,profiler_cuml_always_fix1,QHY600-3_Lum,6.8,6.119926929473877,8093.0,2026-09-03T12:12:34.022Z,3191.0,2129.0,Lum,C2025R2,,430.0,38.0,fix1,local,26.8056,0.0082,8.0,L40S (48 GB),2026-09-03 12:12:34.022000+00:00
hp3,L40S,"3.12.3 (main, Mar  3 2026, 12:15:18) [GCC 13.3.0]",py312_cuml_always,profiler_cuml_always_fix1,QHY600-3_Lum,6.8,6.05820631980896,8093.0,2026-09-03T12:12:49.564Z,3191.0,2129.0,Lum,C2025R2,,430.0,38.0,fix1,local,26.8056,0.0082,8.0,L40S (48 GB),2026-09-03 12:12:49.564000+00:00
hp3,L40S,"3.12.3 (main, Mar  3 2026, 12:15:18) [GCC 13.3.0]",py312_cuml_adaptive,profiler_cuml_adaptive_fix1,QHY600-3_Lum,6.8,6.333685159683228,8093.0,2026-09-03T12:07:27.812Z,3191.0,2129.0,Lum,C2025R2,,430.0,37.0,fix1,local,26.8056,0.0082,8.0,L40S (48 GB),2026-09-03 12:07:27.812000+00:00
hp3,L40S,"3.12.3 (main, Mar  3 2026, 12:15:18) [GCC 13.3.0]",py312_cuml_adaptive,profiler_cuml_adaptive_fix1,QHY600-3_Lum,6.8,6.64420223236084,8093.0,2026-09-03T12:07:41.575Z,3191.0,2129.0,Lum,C2025R2,,430.0,38.0,fix1,local,26.8056,0.0082,8.0,L40S (48 GB),2026-09-03 12:07:41.575000+00:00
hp3,L40S,"3.12.3 (main, Mar  3 2026, 12:15:18) [GCC 13.3.0]",py312_cuml_adaptive,profiler_cuml_adaptive_fix1,QHY600-3_Lum,6.8,6.148882389068604,8093.0,2026-09-03T12:07:57.150Z,3191.0,2129.0,Lum,C2025R2,,430.0,38.0,fix1,local,26.8056,0.0082,8.0,L40S (48 GB),2026-09-03 12:07:57.150000+00:00
hp3,L40S,"3.12.3 (main, Mar  3 2026, 12:15:18) [GCC 13.3.0]",py312_cuml_adaptive,profiler_cuml_adaptive_fix1,QHY600-3_Lum,6.8,6.862626314163208,8093.0,2026-09-03T12:08:11.364Z,3191.0,2129.0,Lum,C2025R2,,430.0,38.0,fix1,local,26.8056,0.0082,8.0,L40S (48 GB),2026-09-03 12:08:11.364000+00:00
hp3,L40S,"3.12.3 (main, Mar  3 2026, 12:15:18) [GCC 13.3.0]",py312_cuml_adaptive,profiler_cuml_adaptive_fix1,QHY600-3_Lum,6.8,6.541943788528442,8093.0,2026-09-03T12:08:27.612Z,3191.0,2129.0,Lum,C2025R2,,430.0,38.0,fix1,local,26.8056,0.0082,8.0,L40S (48 GB),2026-09-03 12:08:27.612000+00:00
hp3,L40S,"3.12.3 (main, Mar  3 2026, 12:15:18) [GCC 13.3.0]",py312_cuml_adaptive,profiler_cuml_adaptive_fix1,QHY600-3_Lum,6.8,6.742329359054565,8093.0,2026-09-03T12:08:41.560Z,3191.0,2129.0,Lum,C2025R2,,430.0,38.0,fix1,local,26.8056,0.0082,8.0,L40S (48 GB),2026-09-03 12:08:41.560000+00:00
hp3,L40S,"3.12.3 (main, Mar  3 2026, 12:15:18) [GCC 13.3.0]",py312_cuml_adaptive,profiler_cuml_adaptive_fix1,QHY600-3_Lum,6.8,6.1191487312316895,8093.0,2026-09-03T12:08:57.982Z,3191.0,2129.0,Lum,C2025R2,,430.0,38.0,fix1,local,26.8056,0.0082,8.0,L40S (48 GB),2026-09-03 12:08:57.982000+00:00
hp3,L40S,"3.12.3 (main, Mar  3 2026, 12:15:18) [GCC 13.3.0]",py312_cuml_adaptive,profiler_cuml_adaptive_fix1,QHY600-3_Lum,6.8,6.281187057495117,8093.0,2026-09-03T12:09:12.586Z,3191.0,2129.0,Lum,C2025R2,,430.0,38.0,fix1,local,26.8056,0.0082,8.0,L40S (48 GB),2026-09-03 12:09:12.586000+00:00
hp3,L40S,"3.12.3 (main, Mar  3 2026, 12:15:18) [GCC 13.3.0]",py312_cuml_adaptive,profiler_cuml_adaptive_fix1,QHY600-3_Lum,6.8,6.252225875854492,8093.0,2026-09-03T12:09:28.552Z,3191.0,2129.0,Lum,C2025R2,,430.0,38.0,fix1,local,26.8056,0.0082,8.0,L40S (48 GB),2026-09-03 12:09:28.552000+00:00
hp3,L40S,"3.12.3 (main, Mar  3 2026, 12:15:18) [GCC 13.3.0]",py312_cuml_adaptive,profiler_cuml_adaptive_fix1,QHY600-3_Lum,6.8,6.313944578170776,8093.0,2026-09-03T12:09:41.217Z,3191.0,2129.0,Lum,C2025R2,,430.0,38.0,fix1,local,26.8056,0.0082,8.0,L40S (48 GB),2026-09-03 12:09:41.217000+00:00
hp3,L40S,"3.12.3 (main, Mar  3 2026, 12:15:18) [GCC 13.3.0]",py312_cuml_always,profiler_cuml_always_fix1,QHY600-3_SDSSi_2k,6.8,6.883937120437622,3515.0,2026-09-03T12:51:58.716Z,3191.0,2129.0,SDSSi,Atira,,430.0,38.0,fix1,local,22.0127,0.0015,177.0,L40S (48 GB),2026-09-03 12:51:58.716000+00:00
hp3,L40S,"3.12.3 (main, Mar  3 2026, 12:15:18) [GCC 13.3.0]",py312_cuml_always,profiler_cuml_always_fix1,QHY600-3_SDSSi_2k,6.8,6.691944122314453,3515.0,2026-09-03T12:52:14.361Z,3191.0,2129.0,SDSSi,Atira,,430.0,38.0,fix1,local,22.0127,0.0015,177.0,L40S (48 GB),2026-09-03 12:52:14.361000+00:00
hp3,L40S,"3.12.3 (main, Mar  3 2026, 12:15:18) [GCC 13.3.0]",py312_cuml_always,profiler_cuml_always_fix1,QHY600-3_SDSSi_2k,6.8,6.116674184799194,3718.0,2026-09-03T12:58:59.148Z,3191.0,2129.0,SDSSi,Atira,,430.0,38.0,fix1,local,22.0259,0.0019,178.0,L40S (48 GB),2026-09-03 12:58:59.148000+00:00
hp3,L40S,"3.12.3 (main, Mar  3 2026, 12:15:18) [GCC 13.3.0]",py312_cuml_always,profiler_cuml_always_fix1,QHY600-3_SDSSi_2k,6.8,6.274283170700073,3718.0,2026-09-03T12:59:14.724Z,3191.0,2129.0,SDSSi,Atira,,430.0,38.0,fix1,local,22.0259,0.0019,178.0,L40S (48 GB),2026-09-03 12:59:14.724000+00:00
hp3,L40S,"3.12.3 (main, Mar  3 2026, 12:15:18) [GCC 13.3.0]",py312_cuml_always,profiler_cuml_always_fix1,QHY600-3_SDSSi_2k,6.8,6.08144474029541,3718.0,2026-09-03T12:59:30.062Z,3191.0,2129.0,SDSSi,Atira,,430.0,38.0,fix1,local,22.0259,0.0019,178.0,L40S (48 GB),2026-09-03 12:59:30.062000+00:00
hp3,L40S,"3.12.3 (main, Mar  3 2026, 12:15:18) [GCC 13.3.0]",py312_cuml_always,profiler_cuml_always_fix1,QHY600-3_SDSSi_2k,6.8,6.737574100494385,3718.0,2026-09-03T12:59:47.024Z,3191.0,2129.0,SDSSi,Atira,,430.0,38.0,fix1,local,22.0259,0.0019,178.0,L40S (48 GB),2026-09-03 12:59:47.024000+00:00
hp3,L40S,"3.12.3 (main, Mar  3 2026, 12:15:18) [GCC 13.3.0]",py312_cuml_always,profiler_cuml_always_fix1,QHY600-3_SDSSi_2k,6.8,6.358306169509888,3718.0,2026-09-03T13:00:02.762Z,3191.0,2129.0,SDSSi,Atira,,430.0,38.0,fix1,local,22.0259,0.0019,178.0,L40S (48 GB),2026-09-03 13:00:02.762000+00:00
hp3,L40S,"3.12.3 (main, Mar  3 2026, 12:15:18) [GCC 13.3.0]",py312_cuml_always,profiler_cuml_always_fix1,QHY600-3_SDSSi_2k,6.8,6.790353775024414,3718.0,2026-09-03T13:00:19.112Z,3191.0,2129.0,SDSSi,Atira,,430.0,38.0,fix1,local,22.0259,0.0019,178.0,L40S (48 GB),2026-09-03 13:00:19.112000+00:00
hp3,L40S,"3.12.3 (main, Mar  3 2026, 12:15:18) [GCC 13.3.0]",py312_cuml_always,profiler_cuml_always_fix1,QHY600-3_SDSSi_2k,6.8,6.776337623596191,3718.0,2026-09-03T13:00:34.946Z,3191.0,2129.0,SDSSi,Atira,,430.0,38.0,fix1,local,22.0259,0.0019,178.0,L40S (48 GB),2026-09-03 13:00:34.946000+00:00
hp3,L40S,"3.12.3 (main, Mar  3 2026, 12:15:18) [GCC 13.3.0]",py312_cuml_always,profiler_cuml_always_fix1,QHY600-3_SDSSi_2k,6.8,6.627235174179077,3718.0,2026-09-03T13:00:49.895Z,3191.0,2129.0,SDSSi,Atira,,430.0,39.0,fix1,local,22.0259,0.0019,178.0,L40S (48 GB),2026-09-03 13:00:49.895000+00:00
hp3,L40S,"3.12.3 (main, Mar  3 2026, 12:15:18) [GCC 13.3.0]",py312_cuml_always,profiler_cuml_always_fix1,QHY600-3_SDSSi_2k,6.8,6.74537205696106,3718.0,2026-09-03T13:01:05.990Z,3191.0,2129.0,SDSSi,Atira,,430.0,39.0,fix1,local,22.0259,0.0019,178.0,L40S (48 GB),2026-09-03 13:01:05.990000+00:00
hp3,L40S,"3.12.3 (main, Mar  3 2026, 12:15:18) [GCC 13.3.0]",py312_cuml_always,profiler_cuml_always_fix1,QHY600-3_SDSSi_2k,6.8,6.338567733764648,3718.0,2026-09-03T13:01:21.850Z,3191.0,2129.0,SDSSi,Atira,,430.0,39.0,fix1,local,22.0259,0.0019,178.0,L40S (48 GB),2026-09-03 13:01:21.850000+00:00
hp3,L40S,"3.12.3 (main, Mar  3 2026, 12:15:18) [GCC 13.3.0]",py312_cuml_always,profiler_cuml_always_fix1,QHY600-3_SDSSi_2k,6.8,6.374403953552246,3718.0,2026-09-03T13:01:37.766Z,3191.0,2129.0,SDSSi,Atira,,430.0,38.0,fix1,local,22.0259,0.0019,178.0,L40S (48 GB),2026-09-03 13:01:37.766000+00:00
hp3,L40S,"3.12.3 (main, Mar  3 2026, 12:15:18) [GCC 13.3.0]",py312_cuml_always,profiler_cuml_always_fix1,QHY600-3_SDSSi_2k,6.8,6.628219127655029,3718.0,2026-09-03T13:01:52.532Z,3191.0,2129.0,SDSSi,Atira,,430.0,39.0,fix1,local,22.0259,0.0019,178.0,L40S (48 GB),2026-09-03 13:01:52.532000+00:00
hp3,L40S,"3.12.3 (main, Mar  3 2026, 12:15:18) [GCC 13.3.0]",py312_cuml_always,profiler_cuml_always_fix1,QHY600-3_SDSSi_2k,6.8,6.603625297546387,3534.0,2026-09-03T13:02:11.800Z,3191.0,2129.0,SDSSi,Atira,,430.0,38.0,fix1,local,22.0156,0.0018,170.0,L40S (48 GB),2026-09-03 13:02:11.800000+00:00
hp3,L40S,"3.12.3 (main, Mar  3 2026, 12:15:18) [GCC 13.3.0]",py312_cuml_always,profiler_cuml_always_fix1,QHY600-3_SDSSi_2k,6.8,7.228350877761841,3534.0,2026-09-03T13:02:28.525Z,3191.0,2129.0,SDSSi,Atira,,430.0,38.0,fix1,local,22.0156,0.0018,170.0,L40S (48 GB),2026-09-03 13:02:28.525000+00:00
hp3,L40S,"3.12.3 (main, Mar  3 2026, 12:15:18) [GCC 13.3.0]",py312_cuml_always,profiler_cuml_always_fix1,QHY600-3_SDSSi_2k,6.8,7.026251554489136,3534.0,2026-09-03T13:02:41.707Z,3191.0,2129.0,SDSSi,Atira,,430.0,39.0,fix1,local,22.0156,0.0018,170.0,L40S (48 GB),2026-09-03 13:02:41.707000+00:00
hp3,L40S,"3.12.3 (main, Mar  3 2026, 12:15:18) [GCC 13.3.0]",py312_cuml_always,profiler_cuml_always_fix1,QHY600-3_SDSSi_2k,6.8,6.493566751480103,3534.0,2026-09-03T13:02:58.255Z,3191.0,2129.0,SDSSi,Atira,,430.0,38.0,fix1,local,22.0156,0.0018,170.0,L40S (48 GB),2026-09-03 13:02:58.255000+00:00
hp3,L40S,"3.12.3 (main, Mar  3 2026, 12:15:18) [GCC 13.3.0]",py312_cuml_always,profiler_cuml_always_fix1,QHY600-3_SDSSi_2k,6.8,6.9587953090667725,3534.0,2026-09-03T13:03:14.610Z,3191.0,2129.0,SDSSi,Atira,,430.0,38.0,fix1,local,22.0156,0.0018,170.0,L40S (48 GB),2026-09-03 13:03:14.610000+00:00
hp3,L40S,"3.12.3 (main, Mar  3 2026, 12:15:18) [GCC 13.3.0]",py312_cuml_always,profiler_cuml_always_fix1,QHY600-3_SDSSi_2k,6.8,6.83452296257019,3534.0,2026-09-03T13:03:30.630Z,3191.0,2129.0,SDSSi,Atira,,430.0,39.0,fix1,local,22.0156,0.0018,170.0,L40S (48 GB),2026-09-03 13:03:30.630000+00:00
hp3,L40S,"3.12.3 (main, Mar  3 2026, 12:15:18) [GCC 13.3.0]",py312_cuml_always,profiler_cuml_always_fix1,QHY600-3_SDSSi_2k,6.8,6.8503148555755615,3534.0,2026-09-03T13:03:47.001Z,3191.0,2129.0,SDSSi,Atira,,430.0,39.0,fix1,local,22.0156,0.0018,170.0,L40S (48 GB),2026-09-03 13:03:47.001000+00:00
hp3,L40S,"3.12.3 (main, Mar  3 2026, 12:15:18) [GCC 13.3.0]",py312_cuml_always,profiler_cuml_always_fix1,QHY600-3_SDSSi_2k,6.8,6.932269811630249,3534.0,2026-09-03T13:04:03.813Z,3191.0,2129.0,SDSSi,Atira,,430.0,38.0,fix1,local,22.0156,0.0018,170.0,L40S (48 GB),2026-09-03 13:04:03.813000+00:00
hp3,L40S,"3.12.3 (main, Mar  3 2026, 12:15:18) [GCC 13.3.0]",py312_cuml_always,profiler_cuml_always_fix1,QHY600-3_SDSSi_2k,6.8,6.669541120529175,3534.0,2026-09-03T13:04:20.076Z,3191.0,2129.0,SDSSi,Atira,,430.0,38.0,fix1,local,22.0156,0.0018,170.0,L40S (48 GB),2026-09-03 13:04:20.076000+00:00
hp3,L40S,"3.12.3 (main, Mar  3 2026, 12:15:18) [GCC 13.3.0]",py312_cuml_always,profiler_cuml_always_fix1,QHY600-3_SDSSi_2k,6.8,6.878919124603272,3534.0,2026-09-03T13:04:51.239Z,3191.0,2129.0,SDSSi,Atira,,430.0,38.0,fix1,local,22.0156,0.0018,170.0,L40S (48 GB),2026-09-03 13:04:51.239000+00:00
hp3,L40S,"3.12.3 (main, Mar  3 2026, 12:15:18) [GCC 13.3.0]",py312_cuml_always,profiler_cuml_always_fix1,QHY600-3_SDSSi_2k,6.8,7.225941896438599,3534.0,2026-09-03T13:05:08.598Z,3191.0,2129.0,SDSSi,Atira,,430.0,38.0,fix1,local,22.0156,0.0018,170.0,L40S (48 GB),2026-09-03 13:05:08.598000+00:00
hp3,L40S,"3.12.3 (main, Mar  3 2026, 12:15:18) [GCC 13.3.0]",py312_cuml_adaptive,profiler_cuml_adaptive_fix1,QHY600-3_SDSSi_2k,6.8,6.605266332626343,3515.0,2026-09-03T12:53:06.843Z,3191.0,2129.0,SDSSi,Atira,,430.0,38.0,fix1,local,22.0127,0.0015,177.0,L40S (48 GB),2026-09-03 12:53:06.843000+00:00
hp3,L40S,"3.12.3 (main, Mar  3 2026, 12:15:18) [GCC 13.3.0]",py312_cuml_adaptive,profiler_cuml_adaptive_fix1,QHY600-3_SDSSi_2k,6.8,6.473044157028198,3515.0,2026-09-03T12:53:22.653Z,3191.0,2129.0,SDSSi,Atira,,430.0,38.0,fix1,local,22.0127,0.0015,177.0,L40S (48 GB),2026-09-03 12:53:22.653000+00:00
hp3,L40S,"3.12.3 (main, Mar  3 2026, 12:15:18) [GCC 13.3.0]",py312_cuml_adaptive,profiler_cuml_adaptive_fix1,QHY600-3_SDSSi_2k,6.8,6.726435899734497,3515.0,2026-09-03T12:53:38.398Z,3191.0,2129.0,SDSSi,Atira,,430.0,38.0,fix1,local,22.0127,0.0015,177.0,L40S (48 GB),2026-09-03 12:53:38.398000+00:00
hp3,L40S,"3.12.3 (main, Mar  3 2026, 12:15:18) [GCC 13.3.0]",py312_cuml_adaptive,profiler_cuml_adaptive_fix1,QHY600-3_SDSSi_2k,6.8,6.577399730682373,3515.0,2026-09-03T12:53:54.603Z,3191.0,2129.0,SDSSi,Atira,,430.0,38.0,fix1,local,22.0127,0.0015,177.0,L40S (48 GB),2026-09-03 12:53:54.603000+00:00
hp3,L40S,"3.12.3 (main, Mar  3 2026, 12:15:18) [GCC 13.3.0]",py312_cuml_adaptive,profiler_cuml_adaptive_fix1,QHY600-3_SDSSi_2k,6.8,6.555126190185547,3515.0,2026-09-03T12:54:10.998Z,3191.0,2129.0,SDSSi,Atira,,430.0,38.0,fix1,local,22.0127,0.0015,177.0,L40S (48 GB),2026-09-03 12:54:10.998000+00:00
hp3,L40S,"3.12.3 (main, Mar  3 2026, 12:15:18) [GCC 13.3.0]",py312_cuml_adaptive,profiler_cuml_adaptive_fix1,QHY600-3_SDSSi_2k,6.8,6.622603893280029,3515.0,2026-09-03T12:54:26.912Z,3191.0,2129.0,SDSSi,Atira,,430.0,38.0,fix1,local,22.0127,0.0015,177.0,L40S (48 GB),2026-09-03 12:54:26.912000+00:00
hp3,L40S,"3.12.3 (main, Mar  3 2026, 12:15:18) [GCC 13.3.0]",py312_cuml_adaptive,profiler_cuml_adaptive_fix1,QHY600-3_SDSSi_2k,6.8,6.73914647102356,3515.0,2026-09-03T12:54:39.672Z,3191.0,2129.0,SDSSi,Atira,,430.0,39.0,fix1,local,22.0127,0.0015,177.0,L40S (48 GB),2026-09-03 12:54:39.672000+00:00
hp3,L40S,"3.12.3 (main, Mar  3 2026, 12:15:18) [GCC 13.3.0]",py312_cuml_adaptive,profiler_cuml_adaptive_fix1,QHY600-3_SDSSi_2k,6.8,5.93828010559082,3515.0,2026-09-03T12:54:55.090Z,3191.0,2129.0,SDSSi,Atira,,430.0,38.0,fix1,local,22.0127,0.0015,177.0,L40S (48 GB),2026-09-03 12:54:55.090000+00:00
hp3,L40S,"3.12.3 (main, Mar  3 2026, 12:15:18) [GCC 13.3.0]",py312_cuml_adaptive,profiler_cuml_adaptive_fix1,QHY600-3_SDSSi_2k,6.8,6.261146306991577,3515.0,2026-09-03T12:55:10.772Z,3191.0,2129.0,SDSSi,Atira,,430.0,38.0,fix1,local,22.0127,0.0015,177.0,L40S (48 GB),2026-09-03 12:55:10.772000+00:00
hp3,L40S,"3.12.3 (main, Mar  3 2026, 12:15:18) [GCC 13.3.0]",py312_cuml_adaptive,profiler_cuml_adaptive_fix1,QHY600-3_SDSSi_2k,6.8,6.684516906738281,3515.0,2026-09-03T12:55:27.809Z,3191.0,2129.0,SDSSi,Atira,,430.0,38.0,fix1,local,22.0127,0.0015,177.0,L40S (48 GB),2026-09-03 12:55:27.809000+00:00
hp3,L40S,"3.12.3 (main, Mar  3 2026, 12:15:18) [GCC 13.3.0]",py312_cuml_adaptive,profiler_cuml_adaptive_fix1,QHY600-3_SDSSi_2k,6.8,6.793229103088379,3718.0,2026-09-03T12:55:47.637Z,3191.0,2129.0,SDSSi,Atira,,430.0,38.0,fix1,local,22.0259,0.0019,178.0,L40S (48 GB),2026-09-03 12:55:47.637000+00:00
hp3,L40S,"3.12.3 (main, Mar  3 2026, 12:15:18) [GCC 13.3.0]",py312_cuml_adaptive,profiler_cuml_adaptive_fix1,QHY600-3_SDSSi_2k,6.8,6.348889589309692,3718.0,2026-09-03T12:56:03.352Z,3191.0,2129.0,SDSSi,Atira,,430.0,38.0,fix1,local,22.0259,0.0019,178.0,L40S (48 GB),2026-09-03 12:56:03.352000+00:00
hp3,L40S,"3.12.3 (main, Mar  3 2026, 12:15:18) [GCC 13.3.0]",py312_cuml_adaptive,profiler_cuml_adaptive_fix1,QHY600-3_SDSSi_2k,6.8,6.245810508728027,3718.0,2026-09-03T12:56:17.518Z,3191.0,2129.0,SDSSi,Atira,,430.0,38.0,fix1,local,22.0259,0.0019,178.0,L40S (48 GB),2026-09-03 12:56:17.518000+00:00
hp3,L40S,"3.12.3 (main, Mar  3 2026, 12:15:18) [GCC 13.3.0]",py312_cuml_adaptive,profiler_cuml_adaptive_fix1,QHY600-3_SDSSi_2k,6.8,6.479917764663696,3718.0,2026-09-03T12:56:34.050Z,3191.0,2129.0,SDSSi,Atira,,430.0,38.0,fix1,local,22.0259,0.0019,178.0,L40S (48 GB),2026-09-03 12:56:34.050000+00:00
hp3,L40S,"3.12.3 (main, Mar  3 2026, 12:15:18) [GCC 13.3.0]",py312_cuml_adaptive,profiler_cuml_adaptive_fix1,QHY600-3_SDSSi_2k,6.8,6.308500289916992,3718.0,2026-09-03T12:56:50.432Z,3191.0,2129.0,SDSSi,Atira,,430.0,38.0,fix1,local,22.0259,0.0019,178.0,L40S (48 GB),2026-09-03 12:56:50.432000+00:00
hp3,L40S,"3.12.3 (main, Mar  3 2026, 12:15:18) [GCC 13.3.0]",py312_cuml_adaptive,profiler_cuml_adaptive_fix1,QHY600-3_SDSSi_2k,6.8,6.354793310165405,3718.0,2026-09-03T12:57:06.095Z,3191.0,2129.0,SDSSi,Atira,,430.0,38.0,fix1,local,22.0259,0.0019,178.0,L40S (48 GB),2026-09-03 12:57:06.095000+00:00
hp3,L40S,"3.12.3 (main, Mar  3 2026, 12:15:18) [GCC 13.3.0]",py312_cuml_adaptive,profiler_cuml_adaptive_fix1,QHY600-3_SDSSi_2k,6.8,6.41788649559021,3718.0,2026-09-03T12:57:19.417Z,3191.0,2129.0,SDSSi,Atira,,430.0,39.0,fix1,local,22.0259,0.0019,178.0,L40S (48 GB),2026-09-03 12:57:19.417000+00:00
hp3,L40S,"3.12.3 (main, Mar  3 2026, 12:15:18) [GCC 13.3.0]",py312_cuml_adaptive,profiler_cuml_adaptive_fix1,QHY600-3_SDSSi_2k,6.8,6.282899856567383,3718.0,2026-09-03T12:57:35.723Z,3191.0,2129.0,SDSSi,Atira,,430.0,38.0,fix1,local,22.0259,0.0019,178.0,L40S (48 GB),2026-09-03 12:57:35.723000+00:00
hp3,L40S,"3.12.3 (main, Mar  3 2026, 12:15:18) [GCC 13.3.0]",py312_cuml_adaptive,profiler_cuml_adaptive_fix1,QHY600-3_SDSSi_2k,6.8,6.5122668743133545,3718.0,2026-09-03T12:57:52.032Z,3191.0,2129.0,SDSSi,Atira,,430.0,38.0,fix1,local,22.0259,0.0019,178.0,L40S (48 GB),2026-09-03 12:57:52.032000+00:00
hp3,L40S,"3.12.3 (main, Mar  3 2026, 12:15:18) [GCC 13.3.0]",py312_cuml_adaptive,profiler_cuml_adaptive_fix1,QHY600-3_SDSSi_2k,6.8,7.272710561752319,3718.0,2026-09-03T12:58:08.606Z,3191.0,2129.0,SDSSi,Atira,,430.0,38.0,fix1,local,22.0259,0.0019,178.0,L40S (48 GB),2026-09-03 12:58:08.606000+00:00
hp3,L40S,"3.12.3 (main, Mar  3 2026, 12:15:18) [GCC 13.3.0]",py312_cuml_adaptive,profiler_cuml_adaptive_fix1,QHY600-3_SDSSi_2k,6.8,6.740053653717041,3718.0,2026-09-03T12:58:22.843Z,3191.0,2129.0,SDSSi,Atira,,430.0,39.0,fix1,local,22.0259,0.0019,178.0,L40S (48 GB),2026-09-03 12:58:22.843000+00:00
hp3,L40S,"3.12.3 (main, Mar  3 2026, 12:15:18) [GCC 13.3.0]",py312_cuml_adaptive,profiler_cuml_adaptive_fix1,QHY600-3_SDSSi_2k,6.8,6.7943336963653564,3718.0,2026-09-03T12:58:39.988Z,3191.0,2129.0,SDSSi,Atira,,430.0,38.0,fix1,local,22.0259,0.0019,178.0,L40S (48 GB),2026-09-03 12:58:39.988000+00:00
hp3,L40S,"3.12.3 (main, Mar  3 2026, 12:15:18) [GCC 13.3.0]",py312_cuml_adaptive,profiler_cuml_adaptive_fix1,QHY600-3_SDSSi_2k,6.8,6.97507643699646,3534.0,2026-09-03T13:05:28.950Z,3191.0,2129.0,SDSSi,Atira,,430.0,38.0,fix1,local,22.0156,0.0018,170.0,L40S (48 GB),2026-09-03 13:05:28.950000+00:00
hp3,L40S,"3.12.3 (main, Mar  3 2026, 12:15:18) [GCC 13.3.0]",py312_cuml_adaptive,profiler_cuml_adaptive_fix1,QHY600-3_SDSSi_2k,6.8,7.356031179428101,3534.0,2026-09-03T13:05:42.053Z,3191.0,2129.0,SDSSi,Atira,,430.0,38.0,fix1,local,22.0156,0.0018,170.0,L40S (48 GB),2026-09-03 13:05:42.053000+00:00
hp3,L40S,"3.12.3 (main, Mar  3 2026, 12:15:18) [GCC 13.3.0]",py312_cuml_adaptive,profiler_cuml_adaptive_fix1,QHY600-3_SDSSi_2k,6.8,6.742836952209473,3534.0,2026-09-03T13:05:58.328Z,3191.0,2129.0,SDSSi,Atira,,430.0,38.0,fix1,local,22.0156,0.0018,170.0,L40S (48 GB),2026-09-03 13:05:58.328000+00:00
hp3,L40S,"3.12.3 (main, Mar  3 2026, 12:15:18) [GCC 13.3.0]",py312_cuml_adaptive,profiler_cuml_adaptive_fix1,QHY600-3_SDSSi_2k,6.8,7.578359365463257,3534.0,2026-09-03T13:06:16.303Z,3191.0,2129.0,SDSSi,Atira,,430.0,38.0,fix1,local,22.0156,0.0018,170.0,L40S (48 GB),2026-09-03 13:06:16.303000+00:00
hp3,L40S,"3.12.3 (main, Mar  3 2026, 12:15:18) [GCC 13.3.0]",py312_cuml_adaptive,profiler_cuml_adaptive_fix1,QHY600-3_SDSSi_2k,6.8,7.2670674324035645,3534.0,2026-09-03T13:06:32.930Z,3191.0,2129.0,SDSSi,Atira,,430.0,38.0,fix1,local,22.0156,0.0018,170.0,L40S (48 GB),2026-09-03 13:06:32.930000+00:00
hp3,L40S,"3.12.3 (main, Mar  3 2026, 12:15:18) [GCC 13.3.0]",py312_cuml_adaptive,profiler_cuml_adaptive_fix1,QHY600-3_SDSSi_2k,6.8,7.622205972671509,3534.0,2026-09-03T13:06:49.857Z,3191.0,2129.0,SDSSi,Atira,,430.0,38.0,fix1,local,22.0156,0.0018,170.0,L40S (48 GB),2026-09-03 13:06:49.857000+00:00
hp3,L40S,"3.12.3 (main, Mar  3 2026, 12:15:18) [GCC 13.3.0]",py312_cuml_adaptive,profiler_cuml_adaptive_fix1,QHY600-3_SDSSi_2k,6.8,7.042702436447144,3534.0,2026-09-03T13:07:03.737Z,3191.0,2129.0,SDSSi,Atira,,430.0,39.0,fix1,local,22.0156,0.0018,170.0,L40S (48 GB),2026-09-03 13:07:03.737000+00:00
hp3,L40S,"3.12.3 (main, Mar  3 2026, 12:15:18) [GCC 13.3.0]",py312_cuml_adaptive,profiler_cuml_adaptive_fix1,QHY600-3_SDSSi_2k,6.8,6.777740955352783,3534.0,2026-09-03T13:07:20.771Z,3191.0,2129.0,SDSSi,Atira,,430.0,39.0,fix1,local,22.0156,0.0018,170.0,L40S (48 GB),2026-09-03 13:07:20.771000+00:00
hp3,L40S,"3.12.3 (main, Mar  3 2026, 12:15:18) [GCC 13.3.0]",py312_cuml_adaptive,profiler_cuml_adaptive_fix1,QHY600-3_SDSSi_2k,6.8,7.8401312828063965,3534.0,2026-09-03T13:07:38.095Z,3191.0,2129.0,SDSSi,Atira,,430.0,38.0,fix1,local,22.0156,0.0018,170.0,L40S (48 GB),2026-09-03 13:07:38.095000+00:00
hp3,L40S,"3.12.3 (main, Mar  3 2026, 12:15:18) [GCC 13.3.0]",py312_cuml_adaptive,profiler_cuml_adaptive_fix1,QHY600-3_SDSSi_2k,6.8,7.073995351791382,3534.0,2026-09-03T13:07:54.541Z,3191.0,2129.0,SDSSi,Atira,,430.0,38.0,fix1,local,22.0156,0.0018,170.0,L40S (48 GB),2026-09-03 13:07:54.541000+00:00
hp3,L40S,"3.12.3 (main, Mar  3 2026, 12:15:18) [GCC 13.3.0]",py312_cuml_adaptive,profiler_cuml_adaptive_fix1,QHY600-3_SDSSi_2k,6.8,7.104147434234619,3534.0,2026-09-03T13:08:10.914Z,3191.0,2129.0,SDSSi,Atira,,430.0,39.0,fix1,local,22.0156,0.0018,170.0,L40S (48 GB),2026-09-03 13:08:10.914000+00:00
hp3,L40S,"3.12.3 (main, Mar  3 2026, 12:15:18) [GCC 13.3.0]",py312_cuml_adaptive,profiler_cuml_adaptive_fix1,QHY600-3_SDSSi_2k,6.8,7.582136154174805,3534.0,2026-09-03T13:08:30.027Z,3191.0,2129.0,SDSSi,Atira,,430.0,38.0,fix1,local,22.0156,0.0018,170.0,L40S (48 GB),2026-09-03 13:08:30.027000+00:00
hp3,L40S,"3.12.3 (main, Mar  3 2026, 12:15:18) [GCC 13.3.0]",py312_cuml_always,profiler_cuml_always_fix1,QHY600-4_Ha,15.3,10.43388295173645,601.0,2026-09-03T12:26:43.435Z,4787.0,3193.0,Ha,NGC2903,,430.0,39.0,fix1,local,19.4353,0.0724,9.0,L40S (48 GB),2026-09-03 12:26:43.435000+00:00
hp3,L40S,"3.12.3 (main, Mar  3 2026, 12:15:18) [GCC 13.3.0]",py312_cuml_always,profiler_cuml_always_fix1,QHY600-4_Ha,15.3,12.211240768432615,601.0,2026-09-03T12:27:05.256Z,4787.0,3193.0,Ha,NGC2903,,430.0,39.0,fix1,local,19.4353,0.0724,9.0,L40S (48 GB),2026-09-03 12:27:05.256000+00:00
hp3,L40S,"3.12.3 (main, Mar  3 2026, 12:15:18) [GCC 13.3.0]",py312_cuml_always,profiler_cuml_always_fix1,QHY600-4_Ha,15.3,12.32316279411316,601.0,2026-09-03T12:27:27.608Z,4787.0,3193.0,Ha,NGC2903,,430.0,39.0,fix1,local,19.4353,0.0724,9.0,L40S (48 GB),2026-09-03 12:27:27.608000+00:00
hp3,L40S,"3.12.3 (main, Mar  3 2026, 12:15:18) [GCC 13.3.0]",py312_cuml_always,profiler_cuml_always_fix1,QHY600-4_Ha,15.3,10.65351390838623,601.0,2026-09-03T12:27:45.331Z,4787.0,3193.0,Ha,NGC2903,,430.0,39.0,fix1,local,19.4353,0.0724,9.0,L40S (48 GB),2026-09-03 12:27:45.331000+00:00
hp3,L40S,"3.12.3 (main, Mar  3 2026, 12:15:18) [GCC 13.3.0]",py312_cuml_always,profiler_cuml_always_fix1,QHY600-4_Ha,15.3,12.098681688308716,601.0,2026-09-03T12:28:06.800Z,4787.0,3193.0,Ha,NGC2903,,430.0,39.0,fix1,local,19.4353,0.0724,9.0,L40S (48 GB),2026-09-03 12:28:06.800000+00:00
hp3,L40S,"3.12.3 (main, Mar  3 2026, 12:15:18) [GCC 13.3.0]",py312_cuml_always,profiler_cuml_always_fix1,QHY600-4_Ha,15.3,12.118777990341188,601.0,2026-09-03T12:28:29.098Z,4787.0,3193.0,Ha,NGC2903,,430.0,39.0,fix1,local,19.4353,0.0724,9.0,L40S (48 GB),2026-09-03 12:28:29.098000+00:00
hp3,L40S,"3.12.3 (main, Mar  3 2026, 12:15:18) [GCC 13.3.0]",py312_cuml_always,profiler_cuml_always_fix1,QHY600-4_Ha,15.3,9.912466287612917,601.0,2026-09-03T12:28:44.681Z,4787.0,3193.0,Ha,NGC2903,,430.0,40.0,fix1,local,19.4353,0.0724,9.0,L40S (48 GB),2026-09-03 12:28:44.681000+00:00
hp3,L40S,"3.12.3 (main, Mar  3 2026, 12:15:18) [GCC 13.3.0]",py312_cuml_always,profiler_cuml_always_fix1,QHY600-4_Ha,15.3,11.784844398498535,601.0,2026-09-03T12:29:05.754Z,4787.0,3193.0,Ha,NGC2903,,430.0,40.0,fix1,local,19.4353,0.0724,9.0,L40S (48 GB),2026-09-03 12:29:05.754000+00:00
hp3,L40S,"3.12.3 (main, Mar  3 2026, 12:15:18) [GCC 13.3.0]",py312_cuml_always,profiler_cuml_always_fix1,QHY600-4_Ha,15.3,11.65708827972412,601.0,2026-09-03T12:29:27.045Z,4787.0,3193.0,Ha,NGC2903,,430.0,40.0,fix1,local,19.4353,0.0724,9.0,L40S (48 GB),2026-09-03 12:29:27.045000+00:00
hp3,L40S,"3.12.3 (main, Mar  3 2026, 12:15:18) [GCC 13.3.0]",py312_cuml_always,profiler_cuml_always_fix1,QHY600-4_Ha,15.3,11.321496725082396,601.0,2026-09-03T12:29:46.066Z,4787.0,3193.0,Ha,NGC2903,,430.0,40.0,fix1,local,19.4353,0.0724,9.0,L40S (48 GB),2026-09-03 12:29:46.066000+00:00
hp3,L40S,"3.12.3 (main, Mar  3 2026, 12:15:18) [GCC 13.3.0]",py312_cuml_adaptive,profiler_cuml_adaptive_fix1,QHY600-4_Ha,15.3,9.033465385437012,601.0,2026-09-03T12:22:34.819Z,4787.0,3193.0,Ha,NGC2903,,430.0,39.0,fix1,local,19.4353,0.0724,9.0,L40S (48 GB),2026-09-03 12:22:34.819000+00:00
hp3,L40S,"3.12.3 (main, Mar  3 2026, 12:15:18) [GCC 13.3.0]",py312_cuml_adaptive,profiler_cuml_adaptive_fix1,QHY600-4_Ha,15.3,12.209049701690674,601.0,2026-09-03T12:22:56.883Z,4787.0,3193.0,Ha,NGC2903,,430.0,39.0,fix1,local,19.4353,0.0724,9.0,L40S (48 GB),2026-09-03 12:22:56.883000+00:00
hp3,L40S,"3.12.3 (main, Mar  3 2026, 12:15:18) [GCC 13.3.0]",py312_cuml_adaptive,profiler_cuml_adaptive_fix1,QHY600-4_Ha,15.3,11.991378784179688,601.0,2026-09-03T12:23:17.759Z,4787.0,3193.0,Ha,NGC2903,,430.0,39.0,fix1,local,19.4353,0.0724,9.0,L40S (48 GB),2026-09-03 12:23:17.759000+00:00
hp3,L40S,"3.12.3 (main, Mar  3 2026, 12:15:18) [GCC 13.3.0]",py312_cuml_adaptive,profiler_cuml_adaptive_fix1,QHY600-4_Ha,15.3,9.130829572677612,601.0,2026-09-03T12:23:36.096Z,4787.0,3193.0,Ha,NGC2903,,430.0,39.0,fix1,local,19.4353,0.0724,9.0,L40S (48 GB),2026-09-03 12:23:36.096000+00:00
hp3,L40S,"3.12.3 (main, Mar  3 2026, 12:15:18) [GCC 13.3.0]",py312_cuml_adaptive,profiler_cuml_adaptive_fix1,QHY600-4_Ha,15.3,11.826421737670898,601.0,2026-09-03T12:23:58.256Z,4787.0,3193.0,Ha,NGC2903,,430.0,39.0,fix1,local,19.4353,0.0724,9.0,L40S (48 GB),2026-09-03 12:23:58.256000+00:00
hp3,L40S,"3.12.3 (main, Mar  3 2026, 12:15:18) [GCC 13.3.0]",py312_cuml_adaptive,profiler_cuml_adaptive_fix1,QHY600-4_Ha,15.3,11.789130926132202,601.0,2026-09-03T12:24:17.401Z,4787.0,3193.0,Ha,NGC2903,,430.0,39.0,fix1,local,19.4353,0.0724,9.0,L40S (48 GB),2026-09-03 12:24:17.401000+00:00
hp3,L40S,"3.12.3 (main, Mar  3 2026, 12:15:18) [GCC 13.3.0]",py312_cuml_adaptive,profiler_cuml_adaptive_fix1,QHY600-4_Ha,15.3,11.456512212753296,601.0,2026-09-03T12:24:36.315Z,4787.0,3193.0,Ha,NGC2903,,430.0,39.0,fix1,local,19.4353,0.0724,9.0,L40S (48 GB),2026-09-03 12:24:36.315000+00:00
hp3,L40S,"3.12.3 (main, Mar  3 2026, 12:15:18) [GCC 13.3.0]",py312_cuml_adaptive,profiler_cuml_adaptive_fix1,QHY600-4_Ha,15.3,11.941529989242554,601.0,2026-09-03T12:24:57.487Z,4787.0,3193.0,Ha,NGC2903,,430.0,39.0,fix1,local,19.4353,0.0724,9.0,L40S (48 GB),2026-09-03 12:24:57.487000+00:00
hp3,L40S,"3.12.3 (main, Mar  3 2026, 12:15:18) [GCC 13.3.0]",py312_cuml_adaptive,profiler_cuml_adaptive_fix1,QHY600-4_Ha,15.3,11.632486820220947,601.0,2026-09-03T12:25:17.331Z,4787.0,3193.0,Ha,NGC2903,,430.0,39.0,fix1,local,19.4353,0.0724,9.0,L40S (48 GB),2026-09-03 12:25:17.331000+00:00
hp3,L40S,"3.12.3 (main, Mar  3 2026, 12:15:18) [GCC 13.3.0]",py312_cuml_adaptive,profiler_cuml_adaptive_fix1,QHY600-4_Ha,15.3,10.441277265548706,601.0,2026-09-03T12:25:36.894Z,4787.0,3193.0,Ha,NGC2903,,430.0,39.0,fix1,local,19.4353,0.0724,9.0,L40S (48 GB),2026-09-03 12:25:36.894000+00:00
hp3,L40S,"3.12.3 (main, Mar  3 2026, 12:15:18) [GCC 13.3.0]",py312_cuml_always,profiler_cuml_always_fix1,QHY600-4_Lum_2k,15.3,16.89913058280945,2938.0,2026-09-03T13:15:04.036Z,4787.0,3193.0,Lum,1620,,430.0,40.0,fix1,local,23.5036,0.0014,177.0,L40S (48 GB),2026-09-03 13:15:04.036000+00:00
hp3,L40S,"3.12.3 (main, Mar  3 2026, 12:15:18) [GCC 13.3.0]",py312_cuml_always,profiler_cuml_always_fix1,QHY600-4_Lum_2k,15.3,16.359392404556274,2938.0,2026-09-03T13:15:28.501Z,4787.0,3193.0,Lum,1620,,430.0,40.0,fix1,local,23.5036,0.0014,177.0,L40S (48 GB),2026-09-03 13:15:28.501000+00:00
hp3,L40S,"3.12.3 (main, Mar  3 2026, 12:15:18) [GCC 13.3.0]",py312_cuml_always,profiler_cuml_always_fix1,QHY600-4_Lum_2k,15.3,16.080004453659058,2938.0,2026-09-03T13:15:50.906Z,4787.0,3193.0,Lum,1620,,430.0,40.0,fix1,local,23.5036,0.0014,177.0,L40S (48 GB),2026-09-03 13:15:50.906000+00:00
hp3,L40S,"3.12.3 (main, Mar  3 2026, 12:15:18) [GCC 13.3.0]",py312_cuml_always,profiler_cuml_always_fix1,QHY600-4_Lum_2k,15.3,14.294860601425173,2938.0,2026-09-03T13:16:15.613Z,4787.0,3193.0,Lum,1620,,430.0,40.0,fix1,local,23.5036,0.0014,177.0,L40S (48 GB),2026-09-03 13:16:15.613000+00:00
hp3,L40S,"3.12.3 (main, Mar  3 2026, 12:15:18) [GCC 13.3.0]",py312_cuml_always,profiler_cuml_always_fix1,QHY600-4_Lum_2k,15.3,16.194854497909546,2938.0,2026-09-03T13:16:43.712Z,4787.0,3193.0,Lum,1620,,430.0,39.0,fix1,local,23.5036,0.0014,177.0,L40S (48 GB),2026-09-03 13:16:43.712000+00:00
hp3,L40S,"3.12.3 (main, Mar  3 2026, 12:15:18) [GCC 13.3.0]",py312_cuml_always,profiler_cuml_always_fix1,QHY600-4_Lum_2k,15.3,14.660795450210571,2938.0,2026-09-03T13:17:06.605Z,4787.0,3193.0,Lum,1620,,430.0,40.0,fix1,local,23.5036,0.0014,177.0,L40S (48 GB),2026-09-03 13:17:06.605000+00:00
hp3,L40S,"3.12.3 (main, Mar  3 2026, 12:15:18) [GCC 13.3.0]",py312_cuml_always,profiler_cuml_always_fix1,QHY600-4_Lum_2k,15.3,16.075021028518677,2938.0,2026-09-03T13:17:31.272Z,4787.0,3193.0,Lum,1620,,430.0,40.0,fix1,local,23.5036,0.0014,177.0,L40S (48 GB),2026-09-03 13:17:31.272000+00:00
hp3,L40S,"3.12.3 (main, Mar  3 2026, 12:15:18) [GCC 13.3.0]",py312_cuml_always,profiler_cuml_always_fix1,QHY600-4_Lum_2k,15.3,14.947810649871826,2938.0,2026-09-03T13:17:57.252Z,4787.0,3193.0,Lum,1620,,430.0,40.0,fix1,local,23.5036,0.0014,177.0,L40S (48 GB),2026-09-03 13:17:57.252000+00:00
hp3,L40S,"3.12.3 (main, Mar  3 2026, 12:15:18) [GCC 13.3.0]",py312_cuml_always,profiler_cuml_always_fix1,QHY600-4_Lum_2k,15.3,14.478235244750977,2938.0,2026-09-03T13:18:21.627Z,4787.0,3193.0,Lum,1620,,430.0,40.0,fix1,local,23.5036,0.0014,177.0,L40S (48 GB),2026-09-03 13:18:21.627000+00:00
hp3,L40S,"3.12.3 (main, Mar  3 2026, 12:15:18) [GCC 13.3.0]",py312_cuml_always,profiler_cuml_always_fix1,QHY600-4_Lum_2k,15.3,15.201821088790894,2938.0,2026-09-03T13:18:47.500Z,4787.0,3193.0,Lum,1620,,430.0,39.0,fix1,local,23.5036,0.0014,177.0,L40S (48 GB),2026-09-03 13:18:47.500000+00:00
hp3,L40S,"3.12.3 (main, Mar  3 2026, 12:15:18) [GCC 13.3.0]",py312_cuml_adaptive,profiler_cuml_adaptive_fix1,QHY600-4_Lum_2k,15.3,17.915587425231934,2938.0,2026-09-03T13:09:58.065Z,4787.0,3193.0,Lum,1620,,430.0,39.0,fix1,local,23.5036,0.0014,177.0,L40S (48 GB),2026-09-03 13:09:58.065000+00:00
hp3,L40S,"3.12.3 (main, Mar  3 2026, 12:15:18) [GCC 13.3.0]",py312_cuml_adaptive,profiler_cuml_adaptive_fix1,QHY600-4_Lum_2k,15.3,15.901368856430054,2938.0,2026-09-03T13:10:23.442Z,4787.0,3193.0,Lum,1620,,430.0,39.0,fix1,local,23.5036,0.0014,177.0,L40S (48 GB),2026-09-03 13:10:23.442000+00:00
hp3,L40S,"3.12.3 (main, Mar  3 2026, 12:15:18) [GCC 13.3.0]",py312_cuml_adaptive,profiler_cuml_adaptive_fix1,QHY600-4_Lum_2k,15.3,16.347005128860474,2938.0,2026-09-03T13:10:49.230Z,4787.0,3193.0,Lum,1620,,430.0,39.0,fix1,local,23.5036,0.0014,177.0,L40S (48 GB),2026-09-03 13:10:49.230000+00:00
hp3,L40S,"3.12.3 (main, Mar  3 2026, 12:15:18) [GCC 13.3.0]",py312_cuml_adaptive,profiler_cuml_adaptive_fix1,QHY600-4_Lum_2k,15.3,16.557574033737183,2938.0,2026-09-03T13:11:15.973Z,4787.0,3193.0,Lum,1620,,430.0,39.0,fix1,local,23.5036,0.0014,177.0,L40S (48 GB),2026-09-03 13:11:15.973000+00:00
hp3,L40S,"3.12.3 (main, Mar  3 2026, 12:15:18) [GCC 13.3.0]",py312_cuml_adaptive,profiler_cuml_adaptive_fix1,QHY600-4_Lum_2k,15.3,12.071897745132446,2938.0,2026-09-03T13:11:37.434Z,4787.0,3193.0,Lum,1620,,430.0,40.0,fix1,local,23.5036,0.0014,177.0,L40S (48 GB),2026-09-03 13:11:37.434000+00:00
hp3,L40S,"3.12.3 (main, Mar  3 2026, 12:15:18) [GCC 13.3.0]",py312_cuml_adaptive,profiler_cuml_adaptive_fix1,QHY600-4_Lum_2k,15.3,16.404398441314697,2938.0,2026-09-03T13:12:02.820Z,4787.0,3193.0,Lum,1620,,430.0,40.0,fix1,local,23.5036,0.0014,177.0,L40S (48 GB),2026-09-03 13:12:02.820000+00:00
hp3,L40S,"3.12.3 (main, Mar  3 2026, 12:15:18) [GCC 13.3.0]",py312_cuml_adaptive,profiler_cuml_adaptive_fix1,QHY600-4_Lum_2k,15.3,15.966651439666748,2938.0,2026-09-03T13:12:28.513Z,4787.0,3193.0,Lum,1620,,430.0,40.0,fix1,local,23.5036,0.0014,177.0,L40S (48 GB),2026-09-03 13:12:28.513000+00:00
hp3,L40S,"3.12.3 (main, Mar  3 2026, 12:15:18) [GCC 13.3.0]",py312_cuml_adaptive,profiler_cuml_adaptive_fix1,QHY600-4_Lum_2k,15.3,16.172017574310303,2938.0,2026-09-03T13:12:50.930Z,4787.0,3193.0,Lum,1620,,430.0,40.0,fix1,local,23.5036,0.0014,177.0,L40S (48 GB),2026-09-03 13:12:50.930000+00:00
hp3,L40S,"3.12.3 (main, Mar  3 2026, 12:15:18) [GCC 13.3.0]",py312_cuml_adaptive,profiler_cuml_adaptive_fix1,QHY600-4_Lum_2k,15.3,15.854711294174194,2938.0,2026-09-03T13:13:16.275Z,4787.0,3193.0,Lum,1620,,430.0,40.0,fix1,local,23.5036,0.0014,177.0,L40S (48 GB),2026-09-03 13:13:16.275000+00:00
hp3,L40S,"3.12.3 (main, Mar  3 2026, 12:15:18) [GCC 13.3.0]",py312_cuml_adaptive,profiler_cuml_adaptive_fix1,QHY600-4_Lum_2k,15.3,16.000540494918823,2938.0,2026-09-03T13:13:42.714Z,4787.0,3193.0,Lum,1620,,430.0,40.0,fix1,local,23.5036,0.0014,177.0,L40S (48 GB),2026-09-03 13:13:42.714000+00:00
hp3,L40S,"3.12.3 (main, Mar  3 2026, 12:15:18) [GCC 13.3.0]",py312_cuml_always,profiler_cuml_always_fix1,QHY600-4_SDSSg,15.3,12.203287601470947,307.0,2026-09-03T12:13:58.198Z,4787.0,3193.0,SDSSg,WASP-43-b,,430.0,39.0,fix1,local,22.8707,0.004,38.0,L40S (48 GB),2026-09-03 12:13:58.198000+00:00
hp3,L40S,"3.12.3 (main, Mar  3 2026, 12:15:18) [GCC 13.3.0]",py312_cuml_always,profiler_cuml_always_fix1,QHY600-4_SDSSg,15.3,9.838749408721924,307.0,2026-09-03T12:14:18.210Z,4787.0,3193.0,SDSSg,WASP-43-b,,430.0,39.0,fix1,local,22.8707,0.004,38.0,L40S (48 GB),2026-09-03 12:14:18.210000+00:00
hp3,L40S,"3.12.3 (main, Mar  3 2026, 12:15:18) [GCC 13.3.0]",py312_cuml_always,profiler_cuml_always_fix1,QHY600-4_SDSSg,15.3,9.597903966903688,307.0,2026-09-03T12:14:37.375Z,4787.0,3193.0,SDSSg,WASP-43-b,,430.0,39.0,fix1,local,22.8707,0.004,38.0,L40S (48 GB),2026-09-03 12:14:37.375000+00:00
hp3,L40S,"3.12.3 (main, Mar  3 2026, 12:15:18) [GCC 13.3.0]",py312_cuml_always,profiler_cuml_always_fix1,QHY600-4_SDSSg,15.3,12.464441061019896,307.0,2026-09-03T12:14:58.895Z,4787.0,3193.0,SDSSg,WASP-43-b,,430.0,39.0,fix1,local,22.8707,0.004,38.0,L40S (48 GB),2026-09-03 12:14:58.895000+00:00
hp3,L40S,"3.12.3 (main, Mar  3 2026, 12:15:18) [GCC 13.3.0]",py312_cuml_always,profiler_cuml_always_fix1,QHY600-4_SDSSg,15.3,11.07040286064148,307.0,2026-09-03T12:15:20.002Z,4787.0,3193.0,SDSSg,WASP-43-b,,430.0,39.0,fix1,local,22.8707,0.004,38.0,L40S (48 GB),2026-09-03 12:15:20.002000+00:00
hp3,L40S,"3.12.3 (main, Mar  3 2026, 12:15:18) [GCC 13.3.0]",py312_cuml_always,profiler_cuml_always_fix1,QHY600-4_SDSSg,15.3,12.650866985321043,307.0,2026-09-03T12:15:42.204Z,4787.0,3193.0,SDSSg,WASP-43-b,,430.0,39.0,fix1,local,22.8707,0.004,38.0,L40S (48 GB),2026-09-03 12:15:42.204000+00:00
hp3,L40S,"3.12.3 (main, Mar  3 2026, 12:15:18) [GCC 13.3.0]",py312_cuml_always,profiler_cuml_always_fix1,QHY600-4_SDSSg,15.3,12.711317300796509,307.0,2026-09-03T12:16:04.161Z,4787.0,3193.0,SDSSg,WASP-43-b,,430.0,39.0,fix1,local,22.8707,0.004,38.0,L40S (48 GB),2026-09-03 12:16:04.161000+00:00
hp3,L40S,"3.12.3 (main, Mar  3 2026, 12:15:18) [GCC 13.3.0]",py312_cuml_always,profiler_cuml_always_fix1,QHY600-4_SDSSg,15.3,12.705296754837036,307.0,2026-09-03T12:16:27.118Z,4787.0,3193.0,SDSSg,WASP-43-b,,430.0,39.0,fix1,local,22.8707,0.004,38.0,L40S (48 GB),2026-09-03 12:16:27.118000+00:00
hp3,L40S,"3.12.3 (main, Mar  3 2026, 12:15:18) [GCC 13.3.0]",py312_cuml_always,profiler_cuml_always_fix1,QHY600-4_SDSSg,15.3,12.92302417755127,307.0,2026-09-03T12:16:47.594Z,4787.0,3193.0,SDSSg,WASP-43-b,,430.0,39.0,fix1,local,22.8707,0.004,38.0,L40S (48 GB),2026-09-03 12:16:47.594000+00:00
hp3,L40S,"3.12.3 (main, Mar  3 2026, 12:15:18) [GCC 13.3.0]",py312_cuml_always,profiler_cuml_always_fix1,QHY600-4_SDSSg,15.3,12.964028120040894,307.0,2026-09-03T12:17:07.841Z,4787.0,3193.0,SDSSg,WASP-43-b,,430.0,40.0,fix1,local,22.8707,0.004,38.0,L40S (48 GB),2026-09-03 12:17:07.841000+00:00
hp3,L40S,"3.12.3 (main, Mar  3 2026, 12:15:18) [GCC 13.3.0]",py312_cuml_adaptive,profiler_cuml_adaptive_fix1,QHY600-4_SDSSg,15.3,12.740063428878784,307.0,2026-09-03T12:18:17.627Z,4787.0,3193.0,SDSSg,WASP-43-b,,430.0,39.0,fix1,local,22.8707,0.004,38.0,L40S (48 GB),2026-09-03 12:18:17.627000+00:00
hp3,L40S,"3.12.3 (main, Mar  3 2026, 12:15:18) [GCC 13.3.0]",py312_cuml_adaptive,profiler_cuml_adaptive_fix1,QHY600-4_SDSSg,15.3,12.531088829040527,307.0,2026-09-03T12:18:37.040Z,4787.0,3193.0,SDSSg,WASP-43-b,,430.0,39.0,fix1,local,22.8707,0.004,38.0,L40S (48 GB),2026-09-03 12:18:37.040000+00:00
hp3,L40S,"3.12.3 (main, Mar  3 2026, 12:15:18) [GCC 13.3.0]",py312_cuml_adaptive,profiler_cuml_adaptive_fix1,QHY600-4_SDSSg,15.3,12.829447269439695,307.0,2026-09-03T12:18:58.922Z,4787.0,3193.0,SDSSg,WASP-43-b,,430.0,39.0,fix1,local,22.8707,0.004,38.0,L40S (48 GB),2026-09-03 12:18:58.922000+00:00
hp3,L40S,"3.12.3 (main, Mar  3 2026, 12:15:18) [GCC 13.3.0]",py312_cuml_adaptive,profiler_cuml_adaptive_fix1,QHY600-4_SDSSg,15.3,12.577669858932495,307.0,2026-09-03T12:19:21.125Z,4787.0,3193.0,SDSSg,WASP-43-b,,430.0,39.0,fix1,local,22.8707,0.004,38.0,L40S (48 GB),2026-09-03 12:19:21.125000+00:00
hp3,L40S,"3.12.3 (main, Mar  3 2026, 12:15:18) [GCC 13.3.0]",py312_cuml_adaptive,profiler_cuml_adaptive_fix1,QHY600-4_SDSSg,15.3,13.140228033065796,307.0,2026-09-03T12:19:44.539Z,4787.0,3193.0,SDSSg,WASP-43-b,,430.0,39.0,fix1,local,22.8707,0.004,38.0,L40S (48 GB),2026-09-03 12:19:44.539000+00:00
hp3,L40S,"3.12.3 (main, Mar  3 2026, 12:15:18) [GCC 13.3.0]",py312_cuml_adaptive,profiler_cuml_adaptive_fix1,QHY600-4_SDSSg,15.3,11.898435115814207,307.0,2026-09-03T12:20:05.743Z,4787.0,3193.0,SDSSg,WASP-43-b,,430.0,39.0,fix1,local,22.8707,0.004,38.0,L40S (48 GB),2026-09-03 12:20:05.743000+00:00
hp3,L40S,"3.12.3 (main, Mar  3 2026, 12:15:18) [GCC 13.3.0]",py312_cuml_adaptive,profiler_cuml_adaptive_fix1,QHY600-4_SDSSg,15.3,12.292888402938845,307.0,2026-09-03T12:20:27.263Z,4787.0,3193.0,SDSSg,WASP-43-b,,430.0,39.0,fix1,local,22.8707,0.004,38.0,L40S (48 GB),2026-09-03 12:20:27.263000+00:00
hp3,L40S,"3.12.3 (main, Mar  3 2026, 12:15:18) [GCC 13.3.0]",py312_cuml_adaptive,profiler_cuml_adaptive_fix1,QHY600-4_SDSSg,15.3,12.849399089813232,307.0,2026-09-03T12:20:47.508Z,4787.0,3193.0,SDSSg,WASP-43-b,,430.0,40.0,fix1,local,22.8707,0.004,38.0,L40S (48 GB),2026-09-03 12:20:47.508000+00:00
hp3,L40S,"3.12.3 (main, Mar  3 2026, 12:15:18) [GCC 13.3.0]",py312_cuml_adaptive,profiler_cuml_adaptive_fix1,QHY600-4_SDSSg,15.3,11.945392847061155,307.0,2026-09-03T12:21:08.249Z,4787.0,3193.0,SDSSg,WASP-43-b,,430.0,40.0,fix1,local,22.8707,0.004,38.0,L40S (48 GB),2026-09-03 12:21:08.249000+00:00
hp3,L40S,"3.12.3 (main, Mar  3 2026, 12:15:18) [GCC 13.3.0]",py312_cuml_adaptive,profiler_cuml_adaptive_fix1,QHY600-4_SDSSg,15.3,12.790756225585938,307.0,2026-09-03T12:21:30.472Z,4787.0,3193.0,SDSSg,WASP-43-b,,430.0,40.0,fix1,local,22.8707,0.004,38.0,L40S (48 GB),2026-09-03 12:21:30.472000+00:00
hp3,L40S,"3.12.3 (main, Mar  3 2026, 12:15:18) [GCC 13.3.0]",py312_cuml_always,profiler_cuml_always_fix1,QHY600-4_SDSSg_4k,15.3,16.13516902923584,8294.0,2026-09-03T13:20:25.222Z,4787.0,3193.0,SDSSg,hermione,,430.0,40.0,fix1,local,22.8958,0.002,182.0,L40S (48 GB),2026-09-03 13:20:25.222000+00:00
hp3,L40S,"3.12.3 (main, Mar  3 2026, 12:15:18) [GCC 13.3.0]",py312_cuml_always,profiler_cuml_always_fix1,QHY600-4_SDSSg_4k,15.3,16.3392014503479,8294.0,2026-09-03T13:20:50.884Z,4787.0,3193.0,SDSSg,hermione,,430.0,40.0,fix1,local,22.8958,0.002,182.0,L40S (48 GB),2026-09-03 13:20:50.884000+00:00
hp3,L40S,"3.12.3 (main, Mar  3 2026, 12:15:18) [GCC 13.3.0]",py312_cuml_always,profiler_cuml_always_fix1,QHY600-4_SDSSg_4k,15.3,16.819883108139038,8294.0,2026-09-03T13:22:25.923Z,4787.0,3193.0,SDSSg,hermione,,430.0,40.0,fix1,local,22.8958,0.002,182.0,L40S (48 GB),2026-09-03 13:22:25.923000+00:00
hp3,L40S,"3.12.3 (main, Mar  3 2026, 12:15:18) [GCC 13.3.0]",py312_cuml_always,profiler_cuml_always_fix1,QHY600-4_SDSSg_4k,15.3,16.736395597457886,8294.0,2026-09-03T13:22:51.317Z,4787.0,3193.0,SDSSg,hermione,,430.0,40.0,fix1,local,22.8958,0.002,182.0,L40S (48 GB),2026-09-03 13:22:51.317000+00:00
hp3,L40S,"3.12.3 (main, Mar  3 2026, 12:15:18) [GCC 13.3.0]",py312_cuml_always,profiler_cuml_always_fix1,QHY600-4_SDSSg_4k,15.3,16.861215114593506,8294.0,2026-09-03T13:23:16.355Z,4787.0,3193.0,SDSSg,hermione,,430.0,40.0,fix1,local,22.8958,0.002,182.0,L40S (48 GB),2026-09-03 13:23:16.355000+00:00
hp3,L40S,"3.12.3 (main, Mar  3 2026, 12:15:18) [GCC 13.3.0]",py312_cuml_always,profiler_cuml_always_fix1,QHY600-4_SDSSg_4k,15.3,13.308836221694946,8294.0,2026-09-03T13:23:39.602Z,4787.0,3193.0,SDSSg,hermione,,430.0,40.0,fix1,local,22.8958,0.002,182.0,L40S (48 GB),2026-09-03 13:23:39.602000+00:00
hp3,L40S,"3.12.3 (main, Mar  3 2026, 12:15:18) [GCC 13.3.0]",py312_cuml_always,profiler_cuml_always_fix1,QHY600-4_SDSSg_4k,15.3,16.8224675655365,8294.0,2026-09-03T13:24:05.166Z,4787.0,3193.0,SDSSg,hermione,,430.0,40.0,fix1,local,22.8958,0.002,182.0,L40S (48 GB),2026-09-03 13:24:05.166000+00:00
hp3,L40S,"3.12.3 (main, Mar  3 2026, 12:15:18) [GCC 13.3.0]",py312_cuml_always,profiler_cuml_always_fix1,QHY600-4_SDSSg_4k,15.3,16.484612941741943,8294.0,2026-09-03T13:24:31.161Z,4787.0,3193.0,SDSSg,hermione,,430.0,39.0,fix1,local,22.8958,0.002,182.0,L40S (48 GB),2026-09-03 13:24:31.161000+00:00
hp3,L40S,"3.12.3 (main, Mar  3 2026, 12:15:18) [GCC 13.3.0]",py312_cuml_adaptive,profiler_cuml_adaptive_fix1,QHY600-4_SDSSg_4k,15.3,16.159186124801636,8294.0,2026-09-03T13:25:47.603Z,4787.0,3193.0,SDSSg,hermione,,430.0,40.0,fix1,local,22.8958,0.002,182.0,L40S (48 GB),2026-09-03 13:25:47.603000+00:00
hp3,L40S,"3.12.3 (main, Mar  3 2026, 12:15:18) [GCC 13.3.0]",py312_cuml_adaptive,profiler_cuml_adaptive_fix1,QHY600-4_SDSSg_4k,15.3,15.912193536758425,8294.0,2026-09-03T13:26:13.503Z,4787.0,3193.0,SDSSg,hermione,,430.0,39.0,fix1,local,22.8958,0.002,182.0,L40S (48 GB),2026-09-03 13:26:13.503000+00:00
hp3,L40S,"3.12.3 (main, Mar  3 2026, 12:15:18) [GCC 13.3.0]",py312_cuml_adaptive,profiler_cuml_adaptive_fix1,QHY600-4_SDSSg_4k,15.3,15.43661093711853,8294.0,2026-09-03T13:26:38.385Z,4787.0,3193.0,SDSSg,hermione,,430.0,40.0,fix1,local,22.8958,0.002,182.0,L40S (48 GB),2026-09-03 13:26:38.385000+00:00
hp3,L40S,"3.12.3 (main, Mar  3 2026, 12:15:18) [GCC 13.3.0]",py312_cuml_adaptive,profiler_cuml_adaptive_fix1,QHY600-4_SDSSg_4k,15.3,16.38060975074768,8294.0,2026-09-03T13:27:04.300Z,4787.0,3193.0,SDSSg,hermione,,430.0,40.0,fix1,local,22.8958,0.002,182.0,L40S (48 GB),2026-09-03 13:27:04.300000+00:00
hp3,L40S,"3.12.3 (main, Mar  3 2026, 12:15:18) [GCC 13.3.0]",py312_cuml_adaptive,profiler_cuml_adaptive_fix1,QHY600-4_SDSSg_4k,15.3,15.474708795547484,8294.0,2026-09-03T13:27:28.777Z,4787.0,3193.0,SDSSg,hermione,,430.0,40.0,fix1,local,22.8958,0.002,182.0,L40S (48 GB),2026-09-03 13:27:28.777000+00:00
hp3,L40S,"3.12.3 (main, Mar  3 2026, 12:15:18) [GCC 13.3.0]",py312_cuml_adaptive,profiler_cuml_adaptive_fix1,QHY600-4_SDSSg_4k,15.3,16.31494688987732,8294.0,2026-09-03T13:27:51.556Z,4787.0,3193.0,SDSSg,hermione,,430.0,40.0,fix1,local,22.8958,0.002,182.0,L40S (48 GB),2026-09-03 13:27:51.556000+00:00
hp3,L40S,"3.12.3 (main, Mar  3 2026, 12:15:18) [GCC 13.3.0]",py312_cuml_adaptive,profiler_cuml_adaptive_fix1,QHY600-4_SDSSg_4k,15.3,15.893945932388306,8294.0,2026-09-03T13:28:16.930Z,4787.0,3193.0,SDSSg,hermione,,430.0,40.0,fix1,local,22.8958,0.002,182.0,L40S (48 GB),2026-09-03 13:28:16.930000+00:00
hp3,L40S,"3.12.3 (main, Mar  3 2026, 12:15:18) [GCC 13.3.0]",py312_cuml_adaptive,profiler_cuml_adaptive_fix1,QHY600-4_SDSSg_4k,15.3,12.119974374771118,8294.0,2026-09-03T13:28:39.197Z,4787.0,3193.0,SDSSg,hermione,,430.0,40.0,fix1,local,22.8958,0.002,182.0,L40S (48 GB),2026-09-03 13:28:39.197000+00:00
hp3,L40S,"3.12.3 (main, Mar  3 2026, 12:15:18) [GCC 13.3.0]",py312_cuml_adaptive,profiler_cuml_adaptive_fix1,QHY600-4_SDSSg_4k,15.3,16.425084352493286,8294.0,2026-09-03T13:29:05.087Z,4787.0,3193.0,SDSSg,hermione,,430.0,40.0,fix1,local,22.8958,0.002,182.0,L40S (48 GB),2026-09-03 13:29:05.087000+00:00
hp3,L40S,"3.12.3 (main, Mar  3 2026, 12:15:18) [GCC 13.3.0]",py312_cuml_adaptive,profiler_cuml_adaptive_fix1,QHY600-4_SDSSg_4k,15.3,16.535653591156006,8294.0,2026-09-03T13:29:32.034Z,4787.0,3193.0,SDSSg,hermione,,430.0,39.0,fix1,local,22.8958,0.002,182.0,L40S (48 GB),2026-09-03 13:29:32.034000+00:00
hp3,L40S,"3.12.3 (main, Mar  3 2026, 12:15:18) [GCC 13.3.0]",py312_cuml_always,profiler_cuml_always_fix1,QHY600-4_SDSSi_10k,15.3,11.464249849319458,15759.0,2026-08-31T18:13:37.060Z,4787.0,3193.0,SDSSi,MAXIJ1820+070,,430.0,38.0,fix1,local,21.2206,0.0011,167.0,L40S (48 GB),2026-08-31 18:13:37.060000+00:00
hp3,L40S,"3.12.3 (main, Mar  3 2026, 12:15:18) [GCC 13.3.0]",py312_cuml_always,profiler_cuml_always_fix1,QHY600-4_SDSSi_10k,15.3,15.225247621536257,15759.0,2026-08-31T18:14:01.252Z,4787.0,3193.0,SDSSi,MAXIJ1820+070,,430.0,39.0,fix1,local,21.2206,0.0011,167.0,L40S (48 GB),2026-08-31 18:14:01.252000+00:00
hp3,L40S,"3.12.3 (main, Mar  3 2026, 12:15:18) [GCC 13.3.0]",py312_cuml_always,profiler_cuml_always_fix1,QHY600-4_SDSSi_10k,15.3,15.874524593353271,15759.0,2026-08-31T18:14:26.322Z,4787.0,3193.0,SDSSi,MAXIJ1820+070,,430.0,39.0,fix1,local,21.2206,0.0011,167.0,L40S (48 GB),2026-08-31 18:14:26.322000+00:00
hp3,L40S,"3.12.3 (main, Mar  3 2026, 12:15:18) [GCC 13.3.0]",py312_cuml_always,profiler_cuml_always_fix1,QHY600-4_SDSSi_10k,15.3,15.485350608825684,15759.0,2026-08-31T18:14:50.334Z,4787.0,3193.0,SDSSi,MAXIJ1820+070,,430.0,39.0,fix1,local,21.2206,0.0011,167.0,L40S (48 GB),2026-08-31 18:14:50.334000+00:00
hp3,L40S,"3.12.3 (main, Mar  3 2026, 12:15:18) [GCC 13.3.0]",py312_cuml_always,profiler_cuml_always_fix1,QHY600-4_SDSSi_10k,15.3,16.14026713371277,15759.0,2026-08-31T18:15:15.346Z,4787.0,3193.0,SDSSi,MAXIJ1820+070,,430.0,39.0,fix1,local,21.2206,0.0011,167.0,L40S (48 GB),2026-08-31 18:15:15.346000+00:00
hp3,L40S,"3.12.3 (main, Mar  3 2026, 12:15:18) [GCC 13.3.0]",py312_cuml_always,profiler_cuml_always_fix1,QHY600-4_SDSSi_10k,15.3,13.037595748901367,15759.0,2026-08-31T18:15:36.985Z,4787.0,3193.0,SDSSi,MAXIJ1820+070,,430.0,39.0,fix1,local,21.2206,0.0011,167.0,L40S (48 GB),2026-08-31 18:15:36.985000+00:00
hp3,L40S,"3.12.3 (main, Mar  3 2026, 12:15:18) [GCC 13.3.0]",py312_cuml_always,profiler_cuml_always_fix1,QHY600-4_SDSSi_10k,15.3,14.933349609375,15759.0,2026-08-31T18:16:02.020Z,4787.0,3193.0,SDSSi,MAXIJ1820+070,,430.0,39.0,fix1,local,21.2206,0.0011,167.0,L40S (48 GB),2026-08-31 18:16:02.020000+00:00
hp3,L40S,"3.12.3 (main, Mar  3 2026, 12:15:18) [GCC 13.3.0]",py312_cuml_always,profiler_cuml_always_fix1,QHY600-4_SDSSi_10k,15.3,14.285688638687134,15759.0,2026-08-31T18:16:25.275Z,4787.0,3193.0,SDSSi,MAXIJ1820+070,,430.0,39.0,fix1,local,21.2206,0.0011,167.0,L40S (48 GB),2026-08-31 18:16:25.275000+00:00
hp3,L40S,"3.12.3 (main, Mar  3 2026, 12:15:18) [GCC 13.3.0]",py312_cuml_always,profiler_cuml_always_fix1,QHY600-4_SDSSi_10k,15.3,14.787484169006348,15759.0,2026-08-31T18:16:48.924Z,4787.0,3193.0,SDSSi,MAXIJ1820+070,,430.0,39.0,fix1,local,21.2206,0.0011,167.0,L40S (48 GB),2026-08-31 18:16:48.924000+00:00
hp3,L40S,"3.12.3 (main, Mar  3 2026, 12:15:18) [GCC 13.3.0]",py312_cuml_always,profiler_cuml_always_fix1,QHY600-4_SDSSi_10k,15.3,14.536262035369871,15759.0,2026-08-31T18:17:13.292Z,4787.0,3193.0,SDSSi,MAXIJ1820+070,,430.0,39.0,fix1,local,21.2206,0.0011,167.0,L40S (48 GB),2026-08-31 18:17:13.292000+00:00
hp3,L40S,"3.12.3 (main, Mar  3 2026, 12:15:18) [GCC 13.3.0]",py312_cuml_adaptive,profiler_cuml_adaptive_fix1,QHY600-4_SDSSi_10k,15.3,15.187265634536743,15759.0,2026-08-31T16:03:13.669Z,4787.0,3193.0,SDSSi,MAXIJ1820+070,,430.0,39.0,fix1,local,21.2206,0.0011,167.0,L40S (48 GB),2026-08-31 16:03:13.669000+00:00
hp3,L40S,"3.12.3 (main, Mar  3 2026, 12:15:18) [GCC 13.3.0]",py312_cuml_adaptive,profiler_cuml_adaptive_fix1,QHY600-4_SDSSi_10k,15.3,15.059041976928713,15759.0,2026-08-31T16:03:37.110Z,4787.0,3193.0,SDSSi,MAXIJ1820+070,,430.0,40.0,fix1,local,21.2206,0.0011,167.0,L40S (48 GB),2026-08-31 16:03:37.110000+00:00
hp3,L40S,"3.12.3 (main, Mar  3 2026, 12:15:18) [GCC 13.3.0]",py312_cuml_adaptive,profiler_cuml_adaptive_fix1,QHY600-4_SDSSi_10k,15.3,14.768695831298828,15759.0,2026-08-31T16:04:00.774Z,4787.0,3193.0,SDSSi,MAXIJ1820+070,,430.0,40.0,fix1,local,21.2206,0.0011,167.0,L40S (48 GB),2026-08-31 16:04:00.774000+00:00
hp3,L40S,"3.12.3 (main, Mar  3 2026, 12:15:18) [GCC 13.3.0]",py312_cuml_adaptive,profiler_cuml_adaptive_fix1,QHY600-4_SDSSi_10k,15.3,15.010154247283936,15759.0,2026-08-31T16:04:24.499Z,4787.0,3193.0,SDSSi,MAXIJ1820+070,,430.0,40.0,fix1,local,21.2206,0.0011,167.0,L40S (48 GB),2026-08-31 16:04:24.499000+00:00
hp3,L40S,"3.12.3 (main, Mar  3 2026, 12:15:18) [GCC 13.3.0]",py312_cuml_adaptive,profiler_cuml_adaptive_fix1,QHY600-4_SDSSi_10k,15.3,14.20438027381897,15759.0,2026-08-31T16:04:48.253Z,4787.0,3193.0,SDSSi,MAXIJ1820+070,,430.0,40.0,fix1,local,21.2206,0.0011,167.0,L40S (48 GB),2026-08-31 16:04:48.253000+00:00
hp3,L40S,"3.12.3 (main, Mar  3 2026, 12:15:18) [GCC 13.3.0]",py312_cuml_adaptive,profiler_cuml_adaptive_fix1,QHY600-4_SDSSi_10k,15.3,14.020975828170776,15759.0,2026-08-31T16:05:11.073Z,4787.0,3193.0,SDSSi,MAXIJ1820+070,,430.0,40.0,fix1,local,21.2206,0.0011,167.0,L40S (48 GB),2026-08-31 16:05:11.073000+00:00
hp3,L40S,"3.12.3 (main, Mar  3 2026, 12:15:18) [GCC 13.3.0]",py312_cuml_adaptive,profiler_cuml_adaptive_fix1,QHY600-4_SDSSi_10k,15.3,14.502367734909058,15759.0,2026-08-31T16:05:34.335Z,4787.0,3193.0,SDSSi,MAXIJ1820+070,,430.0,40.0,fix1,local,21.2206,0.0011,167.0,L40S (48 GB),2026-08-31 16:05:34.335000+00:00
hp3,L40S,"3.12.3 (main, Mar  3 2026, 12:15:18) [GCC 13.3.0]",py312_cuml_adaptive,profiler_cuml_adaptive_fix1,QHY600-4_SDSSi_10k,15.3,14.30750560760498,15759.0,2026-08-31T16:05:57.997Z,4787.0,3193.0,SDSSi,MAXIJ1820+070,,430.0,40.0,fix1,local,21.2206,0.0011,167.0,L40S (48 GB),2026-08-31 16:05:57.997000+00:00
hp3,L40S,"3.12.3 (main, Mar  3 2026, 12:15:18) [GCC 13.3.0]",py312_cuml_adaptive,profiler_cuml_adaptive_fix1,QHY600-4_SDSSi_10k,15.3,14.879892110824583,15759.0,2026-08-31T16:06:21.717Z,4787.0,3193.0,SDSSi,MAXIJ1820+070,,430.0,40.0,fix1,local,21.2206,0.0011,167.0,L40S (48 GB),2026-08-31 16:06:21.717000+00:00
hp3,L40S,"3.12.3 (main, Mar  3 2026, 12:15:18) [GCC 13.3.0]",py312_cuml_adaptive,profiler_cuml_adaptive_fix1,QHY600-4_SDSSi_10k,15.3,15.688778638839722,15759.0,2026-08-31T16:06:44.211Z,4787.0,3193.0,SDSSi,MAXIJ1820+070,,430.0,40.0,fix1,local,21.2206,0.0011,167.0,L40S (48 GB),2026-08-31 16:06:44.211000+00:00
hp3,L40S,"3.12.3 (main, Mar  3 2026, 12:15:18) [GCC 13.3.0]",py312_cuml_adaptive,profiler_cuml_adaptive_fix1,QHY600-4_SDSSi_10k,15.3,16.08802080154419,15759.0,2026-08-31T16:07:10.184Z,4787.0,3193.0,SDSSi,MAXIJ1820+070,,430.0,40.0,fix1,local,21.2206,0.0011,167.0,L40S (48 GB),2026-08-31 16:07:10.184000+00:00
hp3,L40S,"3.12.3 (main, Mar  3 2026, 12:15:18) [GCC 13.3.0]",py312_cuml_adaptive,profiler_cuml_adaptive_fix1,QHY600-4_SDSSi_10k,15.3,15.64927339553833,15759.0,2026-08-31T16:07:34.503Z,4787.0,3193.0,SDSSi,MAXIJ1820+070,,430.0,40.0,fix1,local,21.2206,0.0011,167.0,L40S (48 GB),2026-08-31 16:07:34.503000+00:00
hp3,L40S,"3.12.3 (main, Mar  3 2026, 12:15:18) [GCC 13.3.0]",py312_cuml_adaptive,profiler_cuml_adaptive_fix1,QHY600-4_SDSSi_10k,15.3,14.850276231765749,15759.0,2026-08-31T16:07:58.116Z,4787.0,3193.0,SDSSi,MAXIJ1820+070,,430.0,40.0,fix1,local,21.2206,0.0011,167.0,L40S (48 GB),2026-08-31 16:07:58.116000+00:00
hp3,L40S,"3.12.3 (main, Mar  3 2026, 12:15:18) [GCC 13.3.0]",py312_cuml_adaptive,profiler_cuml_adaptive_fix1,QHY600-4_SDSSi_10k,15.3,15.483344078063965,15759.0,2026-08-31T16:08:23.409Z,4787.0,3193.0,SDSSi,MAXIJ1820+070,,430.0,40.0,fix1,local,21.2206,0.0011,167.0,L40S (48 GB),2026-08-31 16:08:23.409000+00:00
hp3,L40S,"3.12.3 (main, Mar  3 2026, 12:15:18) [GCC 13.3.0]",py312_cuml_adaptive,profiler_cuml_adaptive_fix1,QHY600-4_SDSSi_10k,15.3,15.13605260848999,15759.0,2026-08-31T16:08:47.437Z,4787.0,3193.0,SDSSi,MAXIJ1820+070,,430.0,40.0,fix1,local,21.2206,0.0011,167.0,L40S (48 GB),2026-08-31 16:08:47.437000+00:00
hp3,L40S,"3.12.3 (main, Mar  3 2026, 12:15:18) [GCC 13.3.0]",py312_cuml_adaptive,profiler_cuml_adaptive_fix1,QHY600-4_SDSSi_10k,15.3,15.496172666549684,15759.0,2026-08-31T16:09:11.660Z,4787.0,3193.0,SDSSi,MAXIJ1820+070,,430.0,40.0,fix1,local,21.2206,0.0011,167.0,L40S (48 GB),2026-08-31 16:09:11.660000+00:00
hp3,L40S,"3.12.3 (main, Mar  3 2026, 12:15:18) [GCC 13.3.0]",py312_cuml_adaptive,profiler_cuml_adaptive_fix1,QHY600-4_SDSSi_10k,15.3,15.143409490585327,15759.0,2026-08-31T16:09:34.706Z,4787.0,3193.0,SDSSi,MAXIJ1820+070,,430.0,40.0,fix1,local,21.2206,0.0011,167.0,L40S (48 GB),2026-08-31 16:09:34.706000+00:00
hp3,L40S,"3.12.3 (main, Mar  3 2026, 12:15:18) [GCC 13.3.0]",py312_cuml_adaptive,profiler_cuml_adaptive_fix1,QHY600-4_SDSSi_10k,15.3,15.557374000549316,15759.0,2026-08-31T16:09:59.051Z,4787.0,3193.0,SDSSi,MAXIJ1820+070,,430.0,40.0,fix1,local,21.2206,0.0011,167.0,L40S (48 GB),2026-08-31 16:09:59.051000+00:00
hp3,L40S,"3.12.3 (main, Mar  3 2026, 12:15:18) [GCC 13.3.0]",py312_cuml_adaptive,profiler_cuml_adaptive_fix1,QHY600-4_SDSSi_10k,15.3,15.058135509490969,15759.0,2026-08-31T16:10:22.997Z,4787.0,3193.0,SDSSi,MAXIJ1820+070,,430.0,40.0,fix1,local,21.2206,0.0011,167.0,L40S (48 GB),2026-08-31 16:10:22.997000+00:00
hp3,L40S,"3.12.3 (main, Mar  3 2026, 12:15:18) [GCC 13.3.0]",py312_cuml_adaptive,profiler_cuml_adaptive_fix1,QHY600-4_SDSSi_10k,15.3,15.62149691581726,15759.0,2026-08-31T16:11:15.079Z,4787.0,3193.0,SDSSi,MAXIJ1820+070,,430.0,40.0,fix1,local,21.2206,0.0011,167.0,L40S (48 GB),2026-08-31 16:11:15.079000+00:00
hp3,L40S,"3.12.3 (main, Mar  3 2026, 12:15:18) [GCC 13.3.0]",py312_cuml_adaptive,profiler_cuml_adaptive_fix1,QHY600-4_SDSSi_10k,15.3,14.638915538787842,15759.0,2026-08-31T16:11:37.361Z,4787.0,3193.0,SDSSi,MAXIJ1820+070,,430.0,40.0,fix1,local,21.2206,0.0011,167.0,L40S (48 GB),2026-08-31 16:11:37.361000+00:00
hp3,L40S,"3.12.3 (main, Mar  3 2026, 12:15:18) [GCC 13.3.0]",py312_cuml_adaptive,profiler_cuml_adaptive_fix1,QHY600-4_SDSSi_10k,15.3,15.773539781570436,15759.0,2026-08-31T16:12:02.928Z,4787.0,3193.0,SDSSi,MAXIJ1820+070,,430.0,40.0,fix1,local,21.2206,0.0011,167.0,L40S (48 GB),2026-08-31 16:12:02.928000+00:00
hp3,L40S,"3.12.3 (main, Mar  3 2026, 12:15:18) [GCC 13.3.0]",py312_cuml_always,profiler_cuml_always_fix1,QHY600-4_SDSSi_10k,15.3,16.757034063339233,15759.0,2026-09-03T13:36:02.913Z,4787.0,3193.0,SDSSi,MAXIJ1820+070,,430.0,39.0,fix1,local,21.2206,0.0011,167.0,L40S (48 GB),2026-09-03 13:36:02.913000+00:00
hp3,L40S,"3.12.3 (main, Mar  3 2026, 12:15:18) [GCC 13.3.0]",py312_cuml_always,profiler_cuml_always_fix1,QHY600-4_SDSSi_10k,15.3,15.797896385192873,15759.0,2026-09-03T13:36:56.482Z,4787.0,3193.0,SDSSi,MAXIJ1820+070,,430.0,40.0,fix1,local,21.2206,0.0011,167.0,L40S (48 GB),2026-09-03 13:36:56.482000+00:00
hp3,L40S,"3.12.3 (main, Mar  3 2026, 12:15:18) [GCC 13.3.0]",py312_cuml_always,profiler_cuml_always_fix1,QHY600-4_SDSSi_10k,15.3,15.522039890289308,15759.0,2026-09-03T13:37:21.119Z,4787.0,3193.0,SDSSi,MAXIJ1820+070,,430.0,40.0,fix1,local,21.2206,0.0011,167.0,L40S (48 GB),2026-09-03 13:37:21.119000+00:00
hp3,L40S,"3.12.3 (main, Mar  3 2026, 12:15:18) [GCC 13.3.0]",py312_cuml_always,profiler_cuml_always_fix1,QHY600-4_SDSSi_10k,15.3,16.068017721176147,15759.0,2026-09-03T13:37:47.619Z,4787.0,3193.0,SDSSi,MAXIJ1820+070,,430.0,40.0,fix1,local,21.2206,0.0011,167.0,L40S (48 GB),2026-09-03 13:37:47.619000+00:00
hp3,L40S,"3.12.3 (main, Mar  3 2026, 12:15:18) [GCC 13.3.0]",py312_cuml_always,profiler_cuml_always_fix1,QHY600-4_SDSSi_10k,15.3,16.467918395996094,15759.0,2026-09-03T13:38:11.534Z,4787.0,3193.0,SDSSi,MAXIJ1820+070,,430.0,40.0,fix1,local,21.2206,0.0011,167.0,L40S (48 GB),2026-09-03 13:38:11.534000+00:00
hp3,L40S,"3.12.3 (main, Mar  3 2026, 12:15:18) [GCC 13.3.0]",py312_cuml_always,profiler_cuml_always_fix1,QHY600-4_SDSSi_10k,15.3,17.424803972244263,15759.0,2026-09-03T13:38:38.369Z,4787.0,3193.0,SDSSi,MAXIJ1820+070,,430.0,40.0,fix1,local,21.2206,0.0011,167.0,L40S (48 GB),2026-09-03 13:38:38.369000+00:00
hp3,L40S,"3.12.3 (main, Mar  3 2026, 12:15:18) [GCC 13.3.0]",py312_cuml_always,profiler_cuml_always_fix1,QHY600-4_SDSSi_10k,15.3,15.752621412277222,15759.0,2026-09-03T13:39:04.590Z,4787.0,3193.0,SDSSi,MAXIJ1820+070,,430.0,40.0,fix1,local,21.2206,0.0011,167.0,L40S (48 GB),2026-09-03 13:39:04.590000+00:00
hp3,L40S,"3.12.3 (main, Mar  3 2026, 12:15:18) [GCC 13.3.0]",py312_cuml_always,profiler_cuml_always_fix1,QHY600-4_SDSSi_10k,15.3,16.845167875289917,15759.0,2026-09-03T13:39:30.584Z,4787.0,3193.0,SDSSi,MAXIJ1820+070,,430.0,40.0,fix1,local,21.2206,0.0011,167.0,L40S (48 GB),2026-09-03 13:39:30.584000+00:00
hp3,L40S,"3.12.3 (main, Mar  3 2026, 12:15:18) [GCC 13.3.0]",py312_cuml_always,profiler_cuml_always_fix1,QHY600-4_SDSSi_10k,15.3,15.457395792007446,15759.0,2026-09-03T13:39:55.489Z,4787.0,3193.0,SDSSi,MAXIJ1820+070,,430.0,40.0,fix1,local,21.2206,0.0011,167.0,L40S (48 GB),2026-09-03 13:39:55.489000+00:00
hp3,L40S,"3.12.3 (main, Mar  3 2026, 12:15:18) [GCC 13.3.0]",py312_cuml_adaptive,profiler_cuml_adaptive_fix1,QHY600-4_SDSSi_10k,15.3,15.059199810028076,15759.0,2026-09-03T13:30:54.950Z,4787.0,3193.0,SDSSi,MAXIJ1820+070,,430.0,40.0,fix1,local,21.2206,0.0011,167.0,L40S (48 GB),2026-09-03 13:30:54.950000+00:00
hp3,L40S,"3.12.3 (main, Mar  3 2026, 12:15:18) [GCC 13.3.0]",py312_cuml_adaptive,profiler_cuml_adaptive_fix1,QHY600-4_SDSSi_10k,15.3,15.182226419448853,15759.0,2026-09-03T13:31:20.485Z,4787.0,3193.0,SDSSi,MAXIJ1820+070,,430.0,39.0,fix1,local,21.2206,0.0011,167.0,L40S (48 GB),2026-09-03 13:31:20.485000+00:00
hp3,L40S,"3.12.3 (main, Mar  3 2026, 12:15:18) [GCC 13.3.0]",py312_cuml_adaptive,profiler_cuml_adaptive_fix1,QHY600-4_SDSSi_10k,15.3,15.13043975830078,15759.0,2026-09-03T13:31:44.959Z,4787.0,3193.0,SDSSi,MAXIJ1820+070,,430.0,40.0,fix1,local,21.2206,0.0011,167.0,L40S (48 GB),2026-09-03 13:31:44.959000+00:00
hp3,L40S,"3.12.3 (main, Mar  3 2026, 12:15:18) [GCC 13.3.0]",py312_cuml_adaptive,profiler_cuml_adaptive_fix1,QHY600-4_SDSSi_10k,15.3,14.538442611694336,15759.0,2026-09-03T13:32:08.644Z,4787.0,3193.0,SDSSi,MAXIJ1820+070,,430.0,40.0,fix1,local,21.2206,0.0011,167.0,L40S (48 GB),2026-09-03 13:32:08.644000+00:00
hp3,L40S,"3.12.3 (main, Mar  3 2026, 12:15:18) [GCC 13.3.0]",py312_cuml_adaptive,profiler_cuml_adaptive_fix1,QHY600-4_SDSSi_10k,15.3,15.579542875289915,15759.0,2026-09-03T13:32:33.371Z,4787.0,3193.0,SDSSi,MAXIJ1820+070,,430.0,40.0,fix1,local,21.2206,0.0011,167.0,L40S (48 GB),2026-09-03 13:32:33.371000+00:00
hp3,L40S,"3.12.3 (main, Mar  3 2026, 12:15:18) [GCC 13.3.0]",py312_cuml_adaptive,profiler_cuml_adaptive_fix1,QHY600-4_SDSSi_10k,15.3,14.777452945709229,15759.0,2026-09-03T13:32:57.691Z,4787.0,3193.0,SDSSi,MAXIJ1820+070,,430.0,40.0,fix1,local,21.2206,0.0011,167.0,L40S (48 GB),2026-09-03 13:32:57.691000+00:00
hp3,L40S,"3.12.3 (main, Mar  3 2026, 12:15:18) [GCC 13.3.0]",py312_cuml_adaptive,profiler_cuml_adaptive_fix1,QHY600-4_SDSSi_10k,15.3,15.431159734725952,15759.0,2026-09-03T13:33:22.923Z,4787.0,3193.0,SDSSi,MAXIJ1820+070,,430.0,40.0,fix1,local,21.2206,0.0011,167.0,L40S (48 GB),2026-09-03 13:33:22.923000+00:00
hp3,L40S,"3.12.3 (main, Mar  3 2026, 12:15:18) [GCC 13.3.0]",py312_cuml_adaptive,profiler_cuml_adaptive_fix1,QHY600-4_SDSSi_10k,15.3,15.5632963180542,15759.0,2026-09-03T13:33:49.004Z,4787.0,3193.0,SDSSi,MAXIJ1820+070,,430.0,40.0,fix1,local,21.2206,0.0011,167.0,L40S (48 GB),2026-09-03 13:33:49.004000+00:00
hp3,L40S,"3.12.3 (main, Mar  3 2026, 12:15:18) [GCC 13.3.0]",py312_cuml_adaptive,profiler_cuml_adaptive_fix1,QHY600-4_SDSSi_10k,15.3,15.50382661819458,15759.0,2026-09-03T13:34:14.323Z,4787.0,3193.0,SDSSi,MAXIJ1820+070,,430.0,40.0,fix1,local,21.2206,0.0011,167.0,L40S (48 GB),2026-09-03 13:34:14.323000+00:00
hp3,L40S,"3.12.3 (main, Mar  3 2026, 12:15:18) [GCC 13.3.0]",py312_cuml_adaptive,profiler_cuml_adaptive_fix1,QHY600-4_SDSSi_10k,15.3,16.176053762435913,15759.0,2026-09-03T13:34:40.101Z,4787.0,3193.0,SDSSi,MAXIJ1820+070,,430.0,40.0,fix1,local,21.2206,0.0011,167.0,L40S (48 GB),2026-09-03 13:34:40.101000+00:00
hp3,L40S,"3.12.3 (main, Mar  3 2026, 12:15:18) [GCC 13.3.0]",py312_cuml_always,profiler_cuml_always_fix1,iKon936_Lum,4.2,6.408563375473023,228.0,2026-09-03T12:01:06.852Z,2048.0,2048.0,Lum,C2025A6,,430.0,37.0,fix1,local,26.2298,0.0239,25.0,L40S (48 GB),2026-09-03 12:01:06.852000+00:00
hp3,L40S,"3.12.3 (main, Mar  3 2026, 12:15:18) [GCC 13.3.0]",py312_cuml_always,profiler_cuml_always_fix1,iKon936_Lum,4.2,5.9319281578063965,228.0,2026-09-03T12:01:22.758Z,2048.0,2048.0,Lum,C2025A6,,430.0,37.0,fix1,local,26.2298,0.0239,25.0,L40S (48 GB),2026-09-03 12:01:22.758000+00:00
hp3,L40S,"3.12.3 (main, Mar  3 2026, 12:15:18) [GCC 13.3.0]",py312_cuml_always,profiler_cuml_always_fix1,iKon936_Lum,4.2,5.913230419158936,228.0,2026-09-03T12:01:38.022Z,2048.0,2048.0,Lum,C2025A6,,430.0,37.0,fix1,local,26.2298,0.0239,25.0,L40S (48 GB),2026-09-03 12:01:38.022000+00:00
hp3,L40S,"3.12.3 (main, Mar  3 2026, 12:15:18) [GCC 13.3.0]",py312_cuml_always,profiler_cuml_always_fix1,iKon936_Lum,4.2,6.329318046569824,228.0,2026-09-03T12:01:53.534Z,2048.0,2048.0,Lum,C2025A6,,430.0,37.0,fix1,local,26.2298,0.0239,25.0,L40S (48 GB),2026-09-03 12:01:53.534000+00:00
hp3,L40S,"3.12.3 (main, Mar  3 2026, 12:15:18) [GCC 13.3.0]",py312_cuml_always,profiler_cuml_always_fix1,iKon936_Lum,4.2,6.131903648376465,228.0,2026-09-03T12:02:09.165Z,2048.0,2048.0,Lum,C2025A6,,430.0,37.0,fix1,local,26.2298,0.0239,25.0,L40S (48 GB),2026-09-03 12:02:09.165000+00:00
hp3,L40S,"3.12.3 (main, Mar  3 2026, 12:15:18) [GCC 13.3.0]",py312_cuml_always,profiler_cuml_always_fix1,iKon936_Lum,4.2,6.083002328872681,228.0,2026-09-03T12:02:25.324Z,2048.0,2048.0,Lum,C2025A6,,430.0,37.0,fix1,local,26.2298,0.0239,25.0,L40S (48 GB),2026-09-03 12:02:25.324000+00:00
hp3,L40S,"3.12.3 (main, Mar  3 2026, 12:15:18) [GCC 13.3.0]",py312_cuml_always,profiler_cuml_always_fix1,iKon936_Lum,4.2,6.039390325546265,228.0,2026-09-03T12:02:40.201Z,2048.0,2048.0,Lum,C2025A6,,430.0,37.0,fix1,local,26.2298,0.0239,25.0,L40S (48 GB),2026-09-03 12:02:40.201000+00:00
hp3,L40S,"3.12.3 (main, Mar  3 2026, 12:15:18) [GCC 13.3.0]",py312_cuml_always,profiler_cuml_always_fix1,iKon936_Lum,4.2,6.316505670547485,228.0,2026-09-03T12:02:55.897Z,2048.0,2048.0,Lum,C2025A6,,430.0,37.0,fix1,local,26.2298,0.0239,25.0,L40S (48 GB),2026-09-03 12:02:55.897000+00:00
hp3,L40S,"3.12.3 (main, Mar  3 2026, 12:15:18) [GCC 13.3.0]",py312_cuml_always,profiler_cuml_always_fix1,iKon936_Lum,4.2,6.134775638580322,228.0,2026-09-03T12:03:10.643Z,2048.0,2048.0,Lum,C2025A6,,430.0,37.0,fix1,local,26.2298,0.0239,25.0,L40S (48 GB),2026-09-03 12:03:10.643000+00:00
hp3,L40S,"3.12.3 (main, Mar  3 2026, 12:15:18) [GCC 13.3.0]",py312_cuml_always,profiler_cuml_always_fix1,iKon936_Lum,4.2,6.630571365356445,228.0,2026-09-03T12:03:27.456Z,2048.0,2048.0,Lum,C2025A6,,430.0,37.0,fix1,local,26.2298,0.0239,25.0,L40S (48 GB),2026-09-03 12:03:27.456000+00:00
hp3,L40S,"3.12.3 (main, Mar  3 2026, 12:15:18) [GCC 13.3.0]",py312_cuml_adaptive,profiler_cuml_adaptive_fix1,iKon936_Lum,4.2,6.221054553985596,228.0,2026-09-03T12:04:17.973Z,2048.0,2048.0,Lum,C2025A6,,430.0,37.0,fix1,local,26.2298,0.0239,25.0,L40S (48 GB),2026-09-03 12:04:17.973000+00:00
hp3,L40S,"3.12.3 (main, Mar  3 2026, 12:15:18) [GCC 13.3.0]",py312_cuml_adaptive,profiler_cuml_adaptive_fix1,iKon936_Lum,4.2,5.759936571121216,228.0,2026-09-03T12:04:33.696Z,2048.0,2048.0,Lum,C2025A6,,430.0,37.0,fix1,local,26.2298,0.0239,25.0,L40S (48 GB),2026-09-03 12:04:33.696000+00:00
hp3,L40S,"3.12.3 (main, Mar  3 2026, 12:15:18) [GCC 13.3.0]",py312_cuml_adaptive,profiler_cuml_adaptive_fix1,iKon936_Lum,4.2,6.317479372024536,228.0,2026-09-03T12:04:49.470Z,2048.0,2048.0,Lum,C2025A6,,430.0,37.0,fix1,local,26.2298,0.0239,25.0,L40S (48 GB),2026-09-03 12:04:49.470000+00:00
hp3,L40S,"3.12.3 (main, Mar  3 2026, 12:15:18) [GCC 13.3.0]",py312_cuml_adaptive,profiler_cuml_adaptive_fix1,iKon936_Lum,4.2,5.955469369888306,228.0,2026-09-03T12:05:03.469Z,2048.0,2048.0,Lum,C2025A6,,430.0,37.0,fix1,local,26.2298,0.0239,25.0,L40S (48 GB),2026-09-03 12:05:03.469000+00:00
hp3,L40S,"3.12.3 (main, Mar  3 2026, 12:15:18) [GCC 13.3.0]",py312_cuml_adaptive,profiler_cuml_adaptive_fix1,iKon936_Lum,4.2,6.320042133331299,228.0,2026-09-03T12:05:19.332Z,2048.0,2048.0,Lum,C2025A6,,430.0,37.0,fix1,local,26.2298,0.0239,25.0,L40S (48 GB),2026-09-03 12:05:19.332000+00:00
hp3,L40S,"3.12.3 (main, Mar  3 2026, 12:15:18) [GCC 13.3.0]",py312_cuml_adaptive,profiler_cuml_adaptive_fix1,iKon936_Lum,4.2,6.490919828414917,228.0,2026-09-03T12:05:35.825Z,2048.0,2048.0,Lum,C2025A6,,430.0,37.0,fix1,local,26.2298,0.0239,25.0,L40S (48 GB),2026-09-03 12:05:35.825000+00:00
hp3,L40S,"3.12.3 (main, Mar  3 2026, 12:15:18) [GCC 13.3.0]",py312_cuml_adaptive,profiler_cuml_adaptive_fix1,iKon936_Lum,4.2,6.579154968261719,228.0,2026-09-03T12:05:51.476Z,2048.0,2048.0,Lum,C2025A6,,430.0,37.0,fix1,local,26.2298,0.0239,25.0,L40S (48 GB),2026-09-03 12:05:51.476000+00:00
hp3,L40S,"3.12.3 (main, Mar  3 2026, 12:15:18) [GCC 13.3.0]",py312_cuml_adaptive,profiler_cuml_adaptive_fix1,iKon936_Lum,4.2,6.322309494018555,228.0,2026-09-03T12:06:06.652Z,2048.0,2048.0,Lum,C2025A6,,430.0,37.0,fix1,local,26.2298,0.0239,25.0,L40S (48 GB),2026-09-03 12:06:06.652000+00:00
hp3,L40S,"3.12.3 (main, Mar  3 2026, 12:15:18) [GCC 13.3.0]",py312_cuml_adaptive,profiler_cuml_adaptive_fix1,iKon936_Lum,4.2,5.980097055435181,228.0,2026-09-03T12:06:21.378Z,2048.0,2048.0,Lum,C2025A6,,430.0,37.0,fix1,local,26.2298,0.0239,25.0,L40S (48 GB),2026-09-03 12:06:21.378000+00:00
hp3,L40S,"3.12.3 (main, Mar  3 2026, 12:15:18) [GCC 13.3.0]",py312_cuml_adaptive,profiler_cuml_adaptive_fix1,iKon936_Lum,4.2,6.23243522644043,228.0,2026-09-03T12:06:37.756Z,2048.0,2048.0,Lum,C2025A6,,430.0,37.0,fix1,local,26.2298,0.0239,25.0,L40S (48 GB),2026-09-03 12:06:37.756000+00:00
hp3,L40S,"3.12.3 (main, Mar  3 2026, 12:15:18) [GCC 13.3.0]",py312_cuml_always,profiler_cuml_always_fix1,iKon936_SDSSg,4.2,5.481590509414673,279.0,2026-09-03T11:58:01.767Z,2048.0,2048.0,SDSSg,QSO0957+561,,430.0,36.0,fix1,local,25.3178,0.0147,24.0,L40S (48 GB),2026-09-03 11:58:01.767000+00:00
hp3,L40S,"3.12.3 (main, Mar  3 2026, 12:15:18) [GCC 13.3.0]",py312_cuml_always,profiler_cuml_always_fix1,iKon936_SDSSg,4.2,5.4649693965911865,279.0,2026-09-03T11:58:16.472Z,2048.0,2048.0,SDSSg,QSO0957+561,,430.0,36.0,fix1,local,25.3178,0.0147,24.0,L40S (48 GB),2026-09-03 11:58:16.472000+00:00
hp3,L40S,"3.12.3 (main, Mar  3 2026, 12:15:18) [GCC 13.3.0]",py312_cuml_always,profiler_cuml_always_fix1,iKon936_SDSSg,4.2,5.628610849380493,279.0,2026-09-03T11:58:31.349Z,2048.0,2048.0,SDSSg,QSO0957+561,,430.0,37.0,fix1,local,25.3178,0.0147,24.0,L40S (48 GB),2026-09-03 11:58:31.349000+00:00
hp3,L40S,"3.12.3 (main, Mar  3 2026, 12:15:18) [GCC 13.3.0]",py312_cuml_always,profiler_cuml_always_fix1,iKon936_SDSSg,4.2,5.535556316375732,279.0,2026-09-03T11:58:46.446Z,2048.0,2048.0,SDSSg,QSO0957+561,,430.0,37.0,fix1,local,25.3178,0.0147,24.0,L40S (48 GB),2026-09-03 11:58:46.446000+00:00
hp3,L40S,"3.12.3 (main, Mar  3 2026, 12:15:18) [GCC 13.3.0]",py312_cuml_always,profiler_cuml_always_fix1,iKon936_SDSSg,4.2,5.793448448181152,279.0,2026-09-03T11:59:01.895Z,2048.0,2048.0,SDSSg,QSO0957+561,,430.0,37.0,fix1,local,25.3178,0.0147,24.0,L40S (48 GB),2026-09-03 11:59:01.895000+00:00
hp3,L40S,"3.12.3 (main, Mar  3 2026, 12:15:18) [GCC 13.3.0]",py312_cuml_always,profiler_cuml_always_fix1,iKon936_SDSSg,4.2,6.008465528488159,279.0,2026-09-03T11:59:17.390Z,2048.0,2048.0,SDSSg,QSO0957+561,,430.0,37.0,fix1,local,25.3178,0.0147,24.0,L40S (48 GB),2026-09-03 11:59:17.390000+00:00
hp3,L40S,"3.12.3 (main, Mar  3 2026, 12:15:18) [GCC 13.3.0]",py312_cuml_always,profiler_cuml_always_fix1,iKon936_SDSSg,4.2,5.449686765670776,279.0,2026-09-03T11:59:29.946Z,2048.0,2048.0,SDSSg,QSO0957+561,,430.0,37.0,fix1,local,25.3178,0.0147,24.0,L40S (48 GB),2026-09-03 11:59:29.946000+00:00
hp3,L40S,"3.12.3 (main, Mar  3 2026, 12:15:18) [GCC 13.3.0]",py312_cuml_always,profiler_cuml_always_fix1,iKon936_SDSSg,4.2,5.930384159088135,279.0,2026-09-03T11:59:45.131Z,2048.0,2048.0,SDSSg,QSO0957+561,,430.0,37.0,fix1,local,25.3178,0.0147,24.0,L40S (48 GB),2026-09-03 11:59:45.131000+00:00
hp3,L40S,"3.12.3 (main, Mar  3 2026, 12:15:18) [GCC 13.3.0]",py312_cuml_always,profiler_cuml_always_fix1,iKon936_SDSSg,4.2,6.356463193893433,279.0,2026-09-03T12:00:00.705Z,2048.0,2048.0,SDSSg,QSO0957+561,,430.0,37.0,fix1,local,25.3178,0.0147,24.0,L40S (48 GB),2026-09-03 12:00:00.705000+00:00
hp3,L40S,"3.12.3 (main, Mar  3 2026, 12:15:18) [GCC 13.3.0]",py312_cuml_always,profiler_cuml_always_fix1,iKon936_SDSSg,4.2,5.784664869308472,279.0,2026-09-03T12:00:16.484Z,2048.0,2048.0,SDSSg,QSO0957+561,,430.0,37.0,fix1,local,25.3178,0.0147,24.0,L40S (48 GB),2026-09-03 12:00:16.484000+00:00
hp3,L40S,"3.12.3 (main, Mar  3 2026, 12:15:18) [GCC 13.3.0]",py312_cuml_adaptive,profiler_cuml_adaptive_fix1,iKon936_SDSSg,4.2,5.43830943107605,279.0,2026-09-03T11:54:59.613Z,2048.0,2048.0,SDSSg,QSO0957+561,,430.0,34.0,fix1,local,25.3178,0.0147,24.0,L40S (48 GB),2026-09-03 11:54:59.613000+00:00
hp3,L40S,"3.12.3 (main, Mar  3 2026, 12:15:18) [GCC 13.3.0]",py312_cuml_adaptive,profiler_cuml_adaptive_fix1,iKon936_SDSSg,4.2,5.736778497695923,279.0,2026-09-03T11:55:14.738Z,2048.0,2048.0,SDSSg,QSO0957+561,,430.0,34.0,fix1,local,25.3178,0.0147,24.0,L40S (48 GB),2026-09-03 11:55:14.738000+00:00
hp3,L40S,"3.12.3 (main, Mar  3 2026, 12:15:18) [GCC 13.3.0]",py312_cuml_adaptive,profiler_cuml_adaptive_fix1,iKon936_SDSSg,4.2,5.761075019836426,279.0,2026-09-03T11:55:30.412Z,2048.0,2048.0,SDSSg,QSO0957+561,,430.0,35.0,fix1,local,25.3178,0.0147,24.0,L40S (48 GB),2026-09-03 11:55:30.412000+00:00
hp3,L40S,"3.12.3 (main, Mar  3 2026, 12:15:18) [GCC 13.3.0]",py312_cuml_adaptive,profiler_cuml_adaptive_fix1,iKon936_SDSSg,4.2,5.928000926971436,279.0,2026-09-03T11:55:45.975Z,2048.0,2048.0,SDSSg,QSO0957+561,,430.0,35.0,fix1,local,25.3178,0.0147,24.0,L40S (48 GB),2026-09-03 11:55:45.975000+00:00
hp3,L40S,"3.12.3 (main, Mar  3 2026, 12:15:18) [GCC 13.3.0]",py312_cuml_adaptive,profiler_cuml_adaptive_fix1,iKon936_SDSSg,4.2,5.066349506378174,279.0,2026-09-03T11:56:00.296Z,2048.0,2048.0,SDSSg,QSO0957+561,,430.0,35.0,fix1,local,25.3178,0.0147,24.0,L40S (48 GB),2026-09-03 11:56:00.296000+00:00
hp3,L40S,"3.12.3 (main, Mar  3 2026, 12:15:18) [GCC 13.3.0]",py312_cuml_adaptive,profiler_cuml_adaptive_fix1,iKon936_SDSSg,4.2,5.202125072479248,279.0,2026-09-03T11:56:15.033Z,2048.0,2048.0,SDSSg,QSO0957+561,,430.0,35.0,fix1,local,25.3178,0.0147,24.0,L40S (48 GB),2026-09-03 11:56:15.033000+00:00
hp3,L40S,"3.12.3 (main, Mar  3 2026, 12:15:18) [GCC 13.3.0]",py312_cuml_adaptive,profiler_cuml_adaptive_fix1,iKon936_SDSSg,4.2,5.086584329605103,279.0,2026-09-03T11:56:29.327Z,2048.0,2048.0,SDSSg,QSO0957+561,,430.0,36.0,fix1,local,25.3178,0.0147,24.0,L40S (48 GB),2026-09-03 11:56:29.327000+00:00
hp3,L40S,"3.12.3 (main, Mar  3 2026, 12:15:18) [GCC 13.3.0]",py312_cuml_adaptive,profiler_cuml_adaptive_fix1,iKon936_SDSSg,4.2,5.492361068725586,279.0,2026-09-03T11:56:43.095Z,2048.0,2048.0,SDSSg,QSO0957+561,,430.0,36.0,fix1,local,25.3178,0.0147,24.0,L40S (48 GB),2026-09-03 11:56:43.095000+00:00
hp3,L40S,"3.12.3 (main, Mar  3 2026, 12:15:18) [GCC 13.3.0]",py312_cuml_adaptive,profiler_cuml_adaptive_fix1,iKon936_SDSSg,4.2,5.150265693664551,279.0,2026-09-03T11:56:57.446Z,2048.0,2048.0,SDSSg,QSO0957+561,,430.0,36.0,fix1,local,25.3178,0.0147,24.0,L40S (48 GB),2026-09-03 11:56:57.446000+00:00
hp3,L40S,"3.12.3 (main, Mar  3 2026, 12:15:18) [GCC 13.3.0]",py312_cuml_adaptive,profiler_cuml_adaptive_fix1,iKon936_SDSSg,4.2,5.0891053676605225,279.0,2026-09-03T11:57:11.704Z,2048.0,2048.0,SDSSg,QSO0957+561,,430.0,36.0,fix1,local,25.3178,0.0147,24.0,L40S (48 GB),2026-09-03 11:57:11.704000+00:00
lenovo_tttserver,A100-SXM4-80GB,"3.12.3 (main, Mar  3 2026, 12:15:18) [GCC 13.3.0]",py312_cuml_always,profiler_cuml_always_fix1,QHY411-1_Lum_bin2,37.8,9.212929487228394,354.0,2026-09-03T12:24:51.906Z,7100.0,5325.0,Lum,2012QD8,,424.0,41.0,fix1,local,23.1794,0.0111,15.0,A100 (80 GB),2026-09-03 12:24:51.906000+00:00
lenovo_tttserver,A100-SXM4-80GB,"3.12.3 (main, Mar  3 2026, 12:15:18) [GCC 13.3.0]",py312_cuml_always,profiler_cuml_always_fix1,QHY411-1_Lum_bin2,37.8,8.553997039794922,354.0,2026-09-03T12:25:07.872Z,7100.0,5325.0,Lum,2012QD8,,424.0,42.0,fix1,local,23.1794,0.0111,15.0,A100 (80 GB),2026-09-03 12:25:07.872000+00:00
lenovo_tttserver,A100-SXM4-80GB,"3.12.3 (main, Mar  3 2026, 12:15:18) [GCC 13.3.0]",py312_cuml_always,profiler_cuml_always_fix1,QHY411-1_Lum_bin2,37.8,8.818415880203247,354.0,2026-09-03T12:25:23.353Z,7100.0,5325.0,Lum,2012QD8,,424.0,42.0,fix1,local,23.1794,0.0111,15.0,A100 (80 GB),2026-09-03 12:25:23.353000+00:00
lenovo_tttserver,A100-SXM4-80GB,"3.12.3 (main, Mar  3 2026, 12:15:18) [GCC 13.3.0]",py312_cuml_always,profiler_cuml_always_fix1,QHY411-1_Lum_bin2,37.8,9.326844453811646,354.0,2026-09-03T12:25:40.311Z,7100.0,5325.0,Lum,2012QD8,,424.0,42.0,fix1,local,23.1794,0.0111,15.0,A100 (80 GB),2026-09-03 12:25:40.311000+00:00
lenovo_tttserver,A100-SXM4-80GB,"3.12.3 (main, Mar  3 2026, 12:15:18) [GCC 13.3.0]",py312_cuml_always,profiler_cuml_always_fix1,QHY411-1_Lum_bin2,37.8,9.14387321472168,354.0,2026-09-03T12:25:57.019Z,7100.0,5325.0,Lum,2012QD8,,424.0,42.0,fix1,local,23.1794,0.0111,15.0,A100 (80 GB),2026-09-03 12:25:57.019000+00:00
lenovo_tttserver,A100-SXM4-80GB,"3.12.3 (main, Mar  3 2026, 12:15:18) [GCC 13.3.0]",py312_cuml_always,profiler_cuml_always_fix1,QHY411-1_Lum_bin2,37.8,8.389897346496582,354.0,2026-09-03T12:26:12.420Z,7100.0,5325.0,Lum,2012QD8,,424.0,42.0,fix1,local,23.1794,0.0111,15.0,A100 (80 GB),2026-09-03 12:26:12.420000+00:00
lenovo_tttserver,A100-SXM4-80GB,"3.12.3 (main, Mar  3 2026, 12:15:18) [GCC 13.3.0]",py312_cuml_always,profiler_cuml_always_fix1,QHY411-1_Lum_bin2,37.8,9.022693157196043,354.0,2026-09-03T12:26:28.750Z,7100.0,5325.0,Lum,2012QD8,,424.0,42.0,fix1,local,23.1794,0.0111,15.0,A100 (80 GB),2026-09-03 12:26:28.750000+00:00
lenovo_tttserver,A100-SXM4-80GB,"3.12.3 (main, Mar  3 2026, 12:15:18) [GCC 13.3.0]",py312_cuml_always,profiler_cuml_always_fix1,QHY411-1_Lum_bin2,37.8,8.882402181625366,354.0,2026-09-03T12:26:44.798Z,7100.0,5325.0,Lum,2012QD8,,424.0,42.0,fix1,local,23.1794,0.0111,15.0,A100 (80 GB),2026-09-03 12:26:44.798000+00:00
lenovo_tttserver,A100-SXM4-80GB,"3.12.3 (main, Mar  3 2026, 12:15:18) [GCC 13.3.0]",py312_cuml_always,profiler_cuml_always_fix1,QHY411-1_Lum_bin2,37.8,8.997475624084473,354.0,2026-09-03T12:27:01.420Z,7100.0,5325.0,Lum,2012QD8,,424.0,42.0,fix1,local,23.1794,0.0111,15.0,A100 (80 GB),2026-09-03 12:27:01.420000+00:00
lenovo_tttserver,A100-SXM4-80GB,"3.12.3 (main, Mar  3 2026, 12:15:18) [GCC 13.3.0]",py312_cuml_always,profiler_cuml_always_fix1,QHY411-1_Lum_bin2,37.8,8.303925275802612,354.0,2026-09-03T12:27:17.083Z,7100.0,5325.0,Lum,2012QD8,,424.0,42.0,fix1,local,23.1794,0.0111,15.0,A100 (80 GB),2026-09-03 12:27:17.083000+00:00
lenovo_tttserver,A100-SXM4-80GB,"3.12.3 (main, Mar  3 2026, 12:15:18) [GCC 13.3.0]",py312_cuml_adaptive,profiler_cuml_adaptive_fix1,QHY411-1_Lum_bin2,37.8,8.479145288467407,354.0,2026-09-03T12:28:09.569Z,7100.0,5325.0,Lum,2012QD8,,424.0,42.0,fix1,local,23.1794,0.0111,15.0,A100 (80 GB),2026-09-03 12:28:09.569000+00:00
lenovo_tttserver,A100-SXM4-80GB,"3.12.3 (main, Mar  3 2026, 12:15:18) [GCC 13.3.0]",py312_cuml_adaptive,profiler_cuml_adaptive_fix1,QHY411-1_Lum_bin2,37.8,9.995742321014404,354.0,2026-09-03T12:28:27.164Z,7100.0,5325.0,Lum,2012QD8,,424.0,42.0,fix1,local,23.1794,0.0111,15.0,A100 (80 GB),2026-09-03 12:28:27.164000+00:00
lenovo_tttserver,A100-SXM4-80GB,"3.12.3 (main, Mar  3 2026, 12:15:18) [GCC 13.3.0]",py312_cuml_adaptive,profiler_cuml_adaptive_fix1,QHY411-1_Lum_bin2,37.8,8.863675117492676,354.0,2026-09-03T12:28:43.152Z,7100.0,5325.0,Lum,2012QD8,,424.0,42.0,fix1,local,23.1794,0.0111,15.0,A100 (80 GB),2026-09-03 12:28:43.152000+00:00
lenovo_tttserver,A100-SXM4-80GB,"3.12.3 (main, Mar  3 2026, 12:15:18) [GCC 13.3.0]",py312_cuml_adaptive,profiler_cuml_adaptive_fix1,QHY411-1_Lum_bin2,37.8,7.896450996398926,354.0,2026-09-03T12:28:58.726Z,7100.0,5325.0,Lum,2012QD8,,424.0,42.0,fix1,local,23.1794,0.0111,15.0,A100 (80 GB),2026-09-03 12:28:58.726000+00:00
lenovo_tttserver,A100-SXM4-80GB,"3.12.3 (main, Mar  3 2026, 12:15:18) [GCC 13.3.0]",py312_cuml_adaptive,profiler_cuml_adaptive_fix1,QHY411-1_Lum_bin2,37.8,8.402515888214111,354.0,2026-09-03T12:29:14.856Z,7100.0,5325.0,Lum,2012QD8,,424.0,42.0,fix1,local,23.1794,0.0111,15.0,A100 (80 GB),2026-09-03 12:29:14.856000+00:00
lenovo_tttserver,A100-SXM4-80GB,"3.12.3 (main, Mar  3 2026, 12:15:18) [GCC 13.3.0]",py312_cuml_adaptive,profiler_cuml_adaptive_fix1,QHY411-1_Lum_bin2,37.8,8.978046178817749,354.0,2026-09-03T12:29:30.945Z,7100.0,5325.0,Lum,2012QD8,,424.0,42.0,fix1,local,23.1794,0.0111,15.0,A100 (80 GB),2026-09-03 12:29:30.945000+00:00
lenovo_tttserver,A100-SXM4-80GB,"3.12.3 (main, Mar  3 2026, 12:15:18) [GCC 13.3.0]",py312_cuml_adaptive,profiler_cuml_adaptive_fix1,QHY411-1_Lum_bin2,37.8,8.288143634796143,354.0,2026-09-03T12:29:46.612Z,7100.0,5325.0,Lum,2012QD8,,424.0,42.0,fix1,local,23.1794,0.0111,15.0,A100 (80 GB),2026-09-03 12:29:46.612000+00:00
lenovo_tttserver,A100-SXM4-80GB,"3.12.3 (main, Mar  3 2026, 12:15:18) [GCC 13.3.0]",py312_cuml_adaptive,profiler_cuml_adaptive_fix1,QHY411-1_Lum_bin2,37.8,8.2963228225708,354.0,2026-09-03T12:30:02.040Z,7100.0,5325.0,Lum,2012QD8,,424.0,42.0,fix1,local,23.1794,0.0111,15.0,A100 (80 GB),2026-09-03 12:30:02.040000+00:00
lenovo_tttserver,A100-SXM4-80GB,"3.12.3 (main, Mar  3 2026, 12:15:18) [GCC 13.3.0]",py312_cuml_adaptive,profiler_cuml_adaptive_fix1,QHY411-1_Lum_bin2,37.8,8.720014333724976,354.0,2026-09-03T12:30:18.661Z,7100.0,5325.0,Lum,2012QD8,,424.0,42.0,fix1,local,23.1794,0.0111,15.0,A100 (80 GB),2026-09-03 12:30:18.661000+00:00
lenovo_tttserver,A100-SXM4-80GB,"3.12.3 (main, Mar  3 2026, 12:15:18) [GCC 13.3.0]",py312_cuml_adaptive,profiler_cuml_adaptive_fix1,QHY411-1_Lum_bin2,37.8,8.586552381515503,354.0,2026-09-03T12:30:34.411Z,7100.0,5325.0,Lum,2012QD8,,424.0,42.0,fix1,local,23.1794,0.0111,15.0,A100 (80 GB),2026-09-03 12:30:34.411000+00:00
lenovo_tttserver,A100-SXM4-80GB,"3.12.3 (main, Mar  3 2026, 12:15:18) [GCC 13.3.0]",py312_cuml_always,profiler_cuml_always_fix1,QHY411-1_Lum_full,151.2,28.89519453048706,808.0,2026-09-03T17:13:21.349Z,14200.0,10650.0,Lum,2025PR1,,424.0,47.0,fix1,local,24.5578,0.0088,58.0,A100 (80 GB),2026-09-03 17:13:21.349000+00:00
lenovo_tttserver,A100-SXM4-80GB,"3.12.3 (main, Mar  3 2026, 12:15:18) [GCC 13.3.0]",py312_cuml_always,profiler_cuml_always_fix1,QHY411-1_Lum_full,151.2,29.124512434005737,808.0,2026-09-03T17:13:57.089Z,14200.0,10650.0,Lum,2025PR1,,424.0,47.0,fix1,local,24.5578,0.0088,58.0,A100 (80 GB),2026-09-03 17:13:57.089000+00:00
lenovo_tttserver,A100-SXM4-80GB,"3.12.3 (main, Mar  3 2026, 12:15:18) [GCC 13.3.0]",py312_cuml_always,profiler_cuml_always_fix1,QHY411-1_Lum_full,151.2,29.017812490463257,808.0,2026-09-03T17:14:33.178Z,14200.0,10650.0,Lum,2025PR1,,424.0,46.0,fix1,local,24.5578,0.0088,58.0,A100 (80 GB),2026-09-03 17:14:33.178000+00:00
lenovo_tttserver,A100-SXM4-80GB,"3.12.3 (main, Mar  3 2026, 12:15:18) [GCC 13.3.0]",py312_cuml_always,profiler_cuml_always_fix1,QHY411-1_Lum_full,151.2,28.778951168060303,808.0,2026-09-03T17:15:08.717Z,14200.0,10650.0,Lum,2025PR1,,424.0,46.0,fix1,local,24.5578,0.0088,58.0,A100 (80 GB),2026-09-03 17:15:08.717000+00:00
lenovo_tttserver,A100-SXM4-80GB,"3.12.3 (main, Mar  3 2026, 12:15:18) [GCC 13.3.0]",py312_cuml_always,profiler_cuml_always_fix1,QHY411-1_Lum_full,151.2,28.79344630241394,808.0,2026-09-03T17:15:44.789Z,14200.0,10650.0,Lum,2025PR1,,424.0,46.0,fix1,local,24.5578,0.0088,58.0,A100 (80 GB),2026-09-03 17:15:44.789000+00:00
lenovo_tttserver,A100-SXM4-80GB,"3.12.3 (main, Mar  3 2026, 12:15:18) [GCC 13.3.0]",py312_cuml_always,profiler_cuml_always_fix1,QHY411-1_Lum_full,151.2,29.375190496444706,808.0,2026-09-03T17:16:21.001Z,14200.0,10650.0,Lum,2025PR1,,424.0,46.0,fix1,local,24.5578,0.0088,58.0,A100 (80 GB),2026-09-03 17:16:21.001000+00:00
lenovo_tttserver,A100-SXM4-80GB,"3.12.3 (main, Mar  3 2026, 12:15:18) [GCC 13.3.0]",py312_cuml_always,profiler_cuml_always_fix1,QHY411-1_Lum_full,151.2,29.088698387146,808.0,2026-09-03T17:16:57.250Z,14200.0,10650.0,Lum,2025PR1,,424.0,47.0,fix1,local,24.5578,0.0088,58.0,A100 (80 GB),2026-09-03 17:16:57.250000+00:00
lenovo_tttserver,A100-SXM4-80GB,"3.12.3 (main, Mar  3 2026, 12:15:18) [GCC 13.3.0]",py312_cuml_always,profiler_cuml_always_fix1,QHY411-1_Lum_full,151.2,28.95042538642884,808.0,2026-09-03T17:17:32.757Z,14200.0,10650.0,Lum,2025PR1,,424.0,47.0,fix1,local,24.5578,0.0088,58.0,A100 (80 GB),2026-09-03 17:17:32.757000+00:00
lenovo_tttserver,A100-SXM4-80GB,"3.12.3 (main, Mar  3 2026, 12:15:18) [GCC 13.3.0]",py312_cuml_always,profiler_cuml_always_fix1,QHY411-1_Lum_full,151.2,29.076139211654663,808.0,2026-09-03T17:18:09.038Z,14200.0,10650.0,Lum,2025PR1,,424.0,47.0,fix1,local,24.5578,0.0088,58.0,A100 (80 GB),2026-09-03 17:18:09.038000+00:00
lenovo_tttserver,A100-SXM4-80GB,"3.12.3 (main, Mar  3 2026, 12:15:18) [GCC 13.3.0]",py312_cuml_always,profiler_cuml_always_fix1,QHY411-1_Lum_full,151.2,29.214200735092163,808.0,2026-09-03T17:18:45.090Z,14200.0,10650.0,Lum,2025PR1,,424.0,46.0,fix1,local,24.5578,0.0088,58.0,A100 (80 GB),2026-09-03 17:18:45.090000+00:00
lenovo_tttserver,A100-SXM4-80GB,"3.12.3 (main, Mar  3 2026, 12:15:18) [GCC 13.3.0]",py312_cuml_adaptive,profiler_cuml_adaptive_fix1,QHY411-1_Lum_full,151.2,28.893457174301147,808.0,2026-09-03T17:06:05.951Z,14200.0,10650.0,Lum,2025PR1,,424.0,44.0,fix1,local,24.5578,0.0088,58.0,A100 (80 GB),2026-09-03 17:06:05.951000+00:00
lenovo_tttserver,A100-SXM4-80GB,"3.12.3 (main, Mar  3 2026, 12:15:18) [GCC 13.3.0]",py312_cuml_adaptive,profiler_cuml_adaptive_fix1,QHY411-1_Lum_full,151.2,28.971722841262817,808.0,2026-09-03T17:06:41.554Z,14200.0,10650.0,Lum,2025PR1,,424.0,45.0,fix1,local,24.5578,0.0088,58.0,A100 (80 GB),2026-09-03 17:06:41.554000+00:00
lenovo_tttserver,A100-SXM4-80GB,"3.12.3 (main, Mar  3 2026, 12:15:18) [GCC 13.3.0]",py312_cuml_adaptive,profiler_cuml_adaptive_fix1,QHY411-1_Lum_full,151.2,28.91800117492676,808.0,2026-09-03T17:07:17.530Z,14200.0,10650.0,Lum,2025PR1,,424.0,45.0,fix1,local,24.5578,0.0088,58.0,A100 (80 GB),2026-09-03 17:07:17.530000+00:00
lenovo_tttserver,A100-SXM4-80GB,"3.12.3 (main, Mar  3 2026, 12:15:18) [GCC 13.3.0]",py312_cuml_adaptive,profiler_cuml_adaptive_fix1,QHY411-1_Lum_full,151.2,29.278666019439697,808.0,2026-09-03T17:07:53.751Z,14200.0,10650.0,Lum,2025PR1,,424.0,46.0,fix1,local,24.5578,0.0088,58.0,A100 (80 GB),2026-09-03 17:07:53.751000+00:00
lenovo_tttserver,A100-SXM4-80GB,"3.12.3 (main, Mar  3 2026, 12:15:18) [GCC 13.3.0]",py312_cuml_adaptive,profiler_cuml_adaptive_fix1,QHY411-1_Lum_full,151.2,29.023003578186035,808.0,2026-09-03T17:08:29.997Z,14200.0,10650.0,Lum,2025PR1,,424.0,46.0,fix1,local,24.5578,0.0088,58.0,A100 (80 GB),2026-09-03 17:08:29.997000+00:00
lenovo_tttserver,A100-SXM4-80GB,"3.12.3 (main, Mar  3 2026, 12:15:18) [GCC 13.3.0]",py312_cuml_adaptive,profiler_cuml_adaptive_fix1,QHY411-1_Lum_full,151.2,29.08909726142884,808.0,2026-09-03T17:09:05.582Z,14200.0,10650.0,Lum,2025PR1,,424.0,46.0,fix1,local,24.5578,0.0088,58.0,A100 (80 GB),2026-09-03 17:09:05.582000+00:00
lenovo_tttserver,A100-SXM4-80GB,"3.12.3 (main, Mar  3 2026, 12:15:18) [GCC 13.3.0]",py312_cuml_adaptive,profiler_cuml_adaptive_fix1,QHY411-1_Lum_full,151.2,29.29999804496765,808.0,2026-09-03T17:09:42.118Z,14200.0,10650.0,Lum,2025PR1,,424.0,46.0,fix1,local,24.5578,0.0088,58.0,A100 (80 GB),2026-09-03 17:09:42.118000+00:00
lenovo_tttserver,A100-SXM4-80GB,"3.12.3 (main, Mar  3 2026, 12:15:18) [GCC 13.3.0]",py312_cuml_adaptive,profiler_cuml_adaptive_fix1,QHY411-1_Lum_full,151.2,29.26447176933289,808.0,2026-09-03T17:10:18.113Z,14200.0,10650.0,Lum,2025PR1,,424.0,46.0,fix1,local,24.5578,0.0088,58.0,A100 (80 GB),2026-09-03 17:10:18.113000+00:00
lenovo_tttserver,A100-SXM4-80GB,"3.12.3 (main, Mar  3 2026, 12:15:18) [GCC 13.3.0]",py312_cuml_adaptive,profiler_cuml_adaptive_fix1,QHY411-1_Lum_full,151.2,29.94735956192017,808.0,2026-09-03T17:10:55.328Z,14200.0,10650.0,Lum,2025PR1,,424.0,46.0,fix1,local,24.5578,0.0088,58.0,A100 (80 GB),2026-09-03 17:10:55.328000+00:00
lenovo_tttserver,A100-SXM4-80GB,"3.12.3 (main, Mar  3 2026, 12:15:18) [GCC 13.3.0]",py312_cuml_adaptive,profiler_cuml_adaptive_fix1,QHY411-1_Lum_full,151.2,28.67829966545105,808.0,2026-09-03T17:11:30.856Z,14200.0,10650.0,Lum,2025PR1,,424.0,47.0,fix1,local,24.5578,0.0088,58.0,A100 (80 GB),2026-09-03 17:11:30.856000+00:00
lenovo_tttserver,A100-SXM4-80GB,"3.12.3 (main, Mar  3 2026, 12:15:18) [GCC 13.3.0]",py312_cuml_always,profiler_cuml_always_fix1,QHY411-1_SDSSg_2k,37.8,18.80708622932434,4754.0,2026-09-03T13:19:07.678Z,7100.0,5325.0,SDSSg,Eugenia,,424.0,43.0,fix1,local,22.4726,0.0024,193.0,A100 (80 GB),2026-09-03 13:19:07.678000+00:00
lenovo_tttserver,A100-SXM4-80GB,"3.12.3 (main, Mar  3 2026, 12:15:18) [GCC 13.3.0]",py312_cuml_always,profiler_cuml_always_fix1,QHY411-1_SDSSg_2k,37.8,17.66155457496643,4754.0,2026-09-03T13:19:32.499Z,7100.0,5325.0,SDSSg,Eugenia,,424.0,43.0,fix1,local,22.4726,0.0024,193.0,A100 (80 GB),2026-09-03 13:19:32.499000+00:00
lenovo_tttserver,A100-SXM4-80GB,"3.12.3 (main, Mar  3 2026, 12:15:18) [GCC 13.3.0]",py312_cuml_always,profiler_cuml_always_fix1,QHY411-1_SDSSg_2k,37.8,17.313435792922974,4754.0,2026-09-03T13:19:56.251Z,7100.0,5325.0,SDSSg,Eugenia,,424.0,44.0,fix1,local,22.4726,0.0024,193.0,A100 (80 GB),2026-09-03 13:19:56.251000+00:00
lenovo_tttserver,A100-SXM4-80GB,"3.12.3 (main, Mar  3 2026, 12:15:18) [GCC 13.3.0]",py312_cuml_always,profiler_cuml_always_fix1,QHY411-1_SDSSg_2k,37.8,18.284759998321533,4754.0,2026-09-03T13:20:21.225Z,7100.0,5325.0,SDSSg,Eugenia,,424.0,44.0,fix1,local,22.4726,0.0024,193.0,A100 (80 GB),2026-09-03 13:20:21.225000+00:00
lenovo_tttserver,A100-SXM4-80GB,"3.12.3 (main, Mar  3 2026, 12:15:18) [GCC 13.3.0]",py312_cuml_always,profiler_cuml_always_fix1,QHY411-1_SDSSg_2k,37.8,17.451793909072876,4754.0,2026-09-03T13:20:45.571Z,7100.0,5325.0,SDSSg,Eugenia,,424.0,43.0,fix1,local,22.4726,0.0024,193.0,A100 (80 GB),2026-09-03 13:20:45.571000+00:00
lenovo_tttserver,A100-SXM4-80GB,"3.12.3 (main, Mar  3 2026, 12:15:18) [GCC 13.3.0]",py312_cuml_always,profiler_cuml_always_fix1,QHY411-1_SDSSg_2k,37.8,18.07520365715027,4754.0,2026-09-03T13:21:10.131Z,7100.0,5325.0,SDSSg,Eugenia,,424.0,44.0,fix1,local,22.4726,0.0024,193.0,A100 (80 GB),2026-09-03 13:21:10.131000+00:00
lenovo_tttserver,A100-SXM4-80GB,"3.12.3 (main, Mar  3 2026, 12:15:18) [GCC 13.3.0]",py312_cuml_always,profiler_cuml_always_fix1,QHY411-1_SDSSg_2k,37.8,17.336221933364868,4754.0,2026-09-03T13:21:34.319Z,7100.0,5325.0,SDSSg,Eugenia,,424.0,44.0,fix1,local,22.4726,0.0024,193.0,A100 (80 GB),2026-09-03 13:21:34.319000+00:00
lenovo_tttserver,A100-SXM4-80GB,"3.12.3 (main, Mar  3 2026, 12:15:18) [GCC 13.3.0]",py312_cuml_always,profiler_cuml_always_fix1,QHY411-1_SDSSg_2k,37.8,18.80909562110901,4754.0,2026-09-03T13:22:00.176Z,7100.0,5325.0,SDSSg,Eugenia,,424.0,44.0,fix1,local,22.4726,0.0024,193.0,A100 (80 GB),2026-09-03 13:22:00.176000+00:00
lenovo_tttserver,A100-SXM4-80GB,"3.12.3 (main, Mar  3 2026, 12:15:18) [GCC 13.3.0]",py312_cuml_always,profiler_cuml_always_fix1,QHY411-1_SDSSg_2k,37.8,17.7396399974823,4754.0,2026-09-03T13:22:24.466Z,7100.0,5325.0,SDSSg,Eugenia,,424.0,44.0,fix1,local,22.4726,0.0024,193.0,A100 (80 GB),2026-09-03 13:22:24.466000+00:00
lenovo_tttserver,A100-SXM4-80GB,"3.12.3 (main, Mar  3 2026, 12:15:18) [GCC 13.3.0]",py312_cuml_always,profiler_cuml_always_fix1,QHY411-1_SDSSg_2k,37.8,18.110027313232425,4754.0,2026-09-03T13:22:49.115Z,7100.0,5325.0,SDSSg,Eugenia,,424.0,44.0,fix1,local,22.4726,0.0024,193.0,A100 (80 GB),2026-09-03 13:22:49.115000+00:00
lenovo_tttserver,A100-SXM4-80GB,"3.12.3 (main, Mar  3 2026, 12:15:18) [GCC 13.3.0]",py312_cuml_always,profiler_cuml_always_fix1,QHY411-1_SDSSg_2k,37.8,19.706389904022217,3977.0,2026-09-03T13:33:18.159Z,7100.0,5325.0,SDSSg,Eugenia,,424.0,43.0,fix1,local,22.4233,0.0021,193.0,A100 (80 GB),2026-09-03 13:33:18.159000+00:00
lenovo_tttserver,A100-SXM4-80GB,"3.12.3 (main, Mar  3 2026, 12:15:18) [GCC 13.3.0]",py312_cuml_always,profiler_cuml_always_fix1,QHY411-1_SDSSg_2k,37.8,19.15195727348328,3977.0,2026-09-03T13:33:45.196Z,7100.0,5325.0,SDSSg,Eugenia,,424.0,43.0,fix1,local,22.4233,0.0021,193.0,A100 (80 GB),2026-09-03 13:33:45.196000+00:00
lenovo_tttserver,A100-SXM4-80GB,"3.12.3 (main, Mar  3 2026, 12:15:18) [GCC 13.3.0]",py312_cuml_always,profiler_cuml_always_fix1,QHY411-1_SDSSg_2k,37.8,19.78270387649536,3977.0,2026-09-03T13:34:11.974Z,7100.0,5325.0,SDSSg,Eugenia,,424.0,44.0,fix1,local,22.4233,0.0021,193.0,A100 (80 GB),2026-09-03 13:34:11.974000+00:00
lenovo_tttserver,A100-SXM4-80GB,"3.12.3 (main, Mar  3 2026, 12:15:18) [GCC 13.3.0]",py312_cuml_always,profiler_cuml_always_fix1,QHY411-1_SDSSg_2k,37.8,19.93281364440918,3977.0,2026-09-03T13:34:40.335Z,7100.0,5325.0,SDSSg,Eugenia,,424.0,44.0,fix1,local,22.4233,0.0021,193.0,A100 (80 GB),2026-09-03 13:34:40.335000+00:00
lenovo_tttserver,A100-SXM4-80GB,"3.12.3 (main, Mar  3 2026, 12:15:18) [GCC 13.3.0]",py312_cuml_always,profiler_cuml_always_fix1,QHY411-1_SDSSg_2k,37.8,19.613942623138428,3977.0,2026-09-03T13:35:07.032Z,7100.0,5325.0,SDSSg,Eugenia,,424.0,44.0,fix1,local,22.4233,0.0021,193.0,A100 (80 GB),2026-09-03 13:35:07.032000+00:00
lenovo_tttserver,A100-SXM4-80GB,"3.12.3 (main, Mar  3 2026, 12:15:18) [GCC 13.3.0]",py312_cuml_always,profiler_cuml_always_fix1,QHY411-1_SDSSg_2k,37.8,19.994415283203125,3977.0,2026-09-03T13:35:35.187Z,7100.0,5325.0,SDSSg,Eugenia,,424.0,44.0,fix1,local,22.4233,0.0021,193.0,A100 (80 GB),2026-09-03 13:35:35.187000+00:00
lenovo_tttserver,A100-SXM4-80GB,"3.12.3 (main, Mar  3 2026, 12:15:18) [GCC 13.3.0]",py312_cuml_always,profiler_cuml_always_fix1,QHY411-1_SDSSg_2k,37.8,19.95812511444092,3977.0,2026-09-03T13:36:03.013Z,7100.0,5325.0,SDSSg,Eugenia,,424.0,44.0,fix1,local,22.4233,0.0021,193.0,A100 (80 GB),2026-09-03 13:36:03.013000+00:00
lenovo_tttserver,A100-SXM4-80GB,"3.12.3 (main, Mar  3 2026, 12:15:18) [GCC 13.3.0]",py312_cuml_always,profiler_cuml_always_fix1,QHY411-1_SDSSg_2k,37.8,20.460750341415405,3977.0,2026-09-03T13:36:30.790Z,7100.0,5325.0,SDSSg,Eugenia,,424.0,44.0,fix1,local,22.4233,0.0021,193.0,A100 (80 GB),2026-09-03 13:36:30.790000+00:00
lenovo_tttserver,A100-SXM4-80GB,"3.12.3 (main, Mar  3 2026, 12:15:18) [GCC 13.3.0]",py312_cuml_always,profiler_cuml_always_fix1,QHY411-1_SDSSg_2k,37.8,18.38247299194336,3977.0,2026-09-03T13:36:56.686Z,7100.0,5325.0,SDSSg,Eugenia,,424.0,44.0,fix1,local,22.4233,0.0021,193.0,A100 (80 GB),2026-09-03 13:36:56.686000+00:00
lenovo_tttserver,A100-SXM4-80GB,"3.12.3 (main, Mar  3 2026, 12:15:18) [GCC 13.3.0]",py312_cuml_always,profiler_cuml_always_fix1,QHY411-1_SDSSg_2k,37.8,19.30099558830261,3977.0,2026-09-03T13:37:23.591Z,7100.0,5325.0,SDSSg,Eugenia,,424.0,44.0,fix1,local,22.4233,0.0021,193.0,A100 (80 GB),2026-09-03 13:37:23.591000+00:00
lenovo_tttserver,A100-SXM4-80GB,"3.12.3 (main, Mar  3 2026, 12:15:18) [GCC 13.3.0]",py312_cuml_always,profiler_cuml_always_fix1,QHY411-1_SDSSg_2k,37.8,18.215025186538696,3977.0,2026-09-03T13:37:49.485Z,7100.0,5325.0,SDSSg,Eugenia,,424.0,44.0,fix1,local,22.4233,0.0021,193.0,A100 (80 GB),2026-09-03 13:37:49.485000+00:00
lenovo_tttserver,A100-SXM4-80GB,"3.12.3 (main, Mar  3 2026, 12:15:18) [GCC 13.3.0]",py312_cuml_always,profiler_cuml_always_fix1,QHY411-1_SDSSg_2k,37.8,19.08622574806213,3977.0,2026-09-03T13:38:16.289Z,7100.0,5325.0,SDSSg,Eugenia,,424.0,44.0,fix1,local,22.4233,0.0021,193.0,A100 (80 GB),2026-09-03 13:38:16.289000+00:00
lenovo_tttserver,A100-SXM4-80GB,"3.12.3 (main, Mar  3 2026, 12:15:18) [GCC 13.3.0]",py312_cuml_adaptive,profiler_cuml_adaptive_fix1,QHY411-1_SDSSg_2k,37.8,18.249186515808105,4754.0,2026-09-03T13:24:07.170Z,7100.0,5325.0,SDSSg,Eugenia,,424.0,44.0,fix1,local,22.4726,0.0024,193.0,A100 (80 GB),2026-09-03 13:24:07.170000+00:00
lenovo_tttserver,A100-SXM4-80GB,"3.12.3 (main, Mar  3 2026, 12:15:18) [GCC 13.3.0]",py312_cuml_adaptive,profiler_cuml_adaptive_fix1,QHY411-1_SDSSg_2k,37.8,18.19124436378479,4754.0,2026-09-03T13:24:32.751Z,7100.0,5325.0,SDSSg,Eugenia,,424.0,44.0,fix1,local,22.4726,0.0024,193.0,A100 (80 GB),2026-09-03 13:24:32.751000+00:00
lenovo_tttserver,A100-SXM4-80GB,"3.12.3 (main, Mar  3 2026, 12:15:18) [GCC 13.3.0]",py312_cuml_adaptive,profiler_cuml_adaptive_fix1,QHY411-1_SDSSg_2k,37.8,17.419114112854004,4754.0,2026-09-03T13:24:56.926Z,7100.0,5325.0,SDSSg,Eugenia,,424.0,44.0,fix1,local,22.4726,0.0024,193.0,A100 (80 GB),2026-09-03 13:24:56.926000+00:00
lenovo_tttserver,A100-SXM4-80GB,"3.12.3 (main, Mar  3 2026, 12:15:18) [GCC 13.3.0]",py312_cuml_adaptive,profiler_cuml_adaptive_fix1,QHY411-1_SDSSg_2k,37.8,18.229224681854248,4754.0,2026-09-03T13:25:21.941Z,7100.0,5325.0,SDSSg,Eugenia,,424.0,44.0,fix1,local,22.4726,0.0024,193.0,A100 (80 GB),2026-09-03 13:25:21.941000+00:00
lenovo_tttserver,A100-SXM4-80GB,"3.12.3 (main, Mar  3 2026, 12:15:18) [GCC 13.3.0]",py312_cuml_adaptive,profiler_cuml_adaptive_fix1,QHY411-1_SDSSg_2k,37.8,17.55274796485901,4754.0,2026-09-03T13:25:46.855Z,7100.0,5325.0,SDSSg,Eugenia,,424.0,44.0,fix1,local,22.4726,0.0024,193.0,A100 (80 GB),2026-09-03 13:25:46.855000+00:00
lenovo_tttserver,A100-SXM4-80GB,"3.12.3 (main, Mar  3 2026, 12:15:18) [GCC 13.3.0]",py312_cuml_adaptive,profiler_cuml_adaptive_fix1,QHY411-1_SDSSg_2k,37.8,18.32020473480225,4754.0,2026-09-03T13:26:11.806Z,7100.0,5325.0,SDSSg,Eugenia,,424.0,44.0,fix1,local,22.4726,0.0024,193.0,A100 (80 GB),2026-09-03 13:26:11.806000+00:00
lenovo_tttserver,A100-SXM4-80GB,"3.12.3 (main, Mar  3 2026, 12:15:18) [GCC 13.3.0]",py312_cuml_adaptive,profiler_cuml_adaptive_fix1,QHY411-1_SDSSg_2k,37.8,18.47660231590271,4754.0,2026-09-03T13:26:36.984Z,7100.0,5325.0,SDSSg,Eugenia,,424.0,44.0,fix1,local,22.4726,0.0024,193.0,A100 (80 GB),2026-09-03 13:26:36.984000+00:00
lenovo_tttserver,A100-SXM4-80GB,"3.12.3 (main, Mar  3 2026, 12:15:18) [GCC 13.3.0]",py312_cuml_adaptive,profiler_cuml_adaptive_fix1,QHY411-1_SDSSg_2k,37.8,17.979076862335205,4754.0,2026-09-03T13:27:02.108Z,7100.0,5325.0,SDSSg,Eugenia,,424.0,44.0,fix1,local,22.4726,0.0024,193.0,A100 (80 GB),2026-09-03 13:27:02.108000+00:00
lenovo_tttserver,A100-SXM4-80GB,"3.12.3 (main, Mar  3 2026, 12:15:18) [GCC 13.3.0]",py312_cuml_adaptive,profiler_cuml_adaptive_fix1,QHY411-1_SDSSg_2k,37.8,17.793498754501343,4754.0,2026-09-03T13:27:26.484Z,7100.0,5325.0,SDSSg,Eugenia,,424.0,44.0,fix1,local,22.4726,0.0024,193.0,A100 (80 GB),2026-09-03 13:27:26.484000+00:00
lenovo_tttserver,A100-SXM4-80GB,"3.12.3 (main, Mar  3 2026, 12:15:18) [GCC 13.3.0]",py312_cuml_adaptive,profiler_cuml_adaptive_fix1,QHY411-1_SDSSg_2k,37.8,17.987304210662842,4754.0,2026-09-03T13:27:50.943Z,7100.0,5325.0,SDSSg,Eugenia,,424.0,44.0,fix1,local,22.4726,0.0024,193.0,A100 (80 GB),2026-09-03 13:27:50.943000+00:00
lenovo_tttserver,A100-SXM4-80GB,"3.12.3 (main, Mar  3 2026, 12:15:18) [GCC 13.3.0]",py312_cuml_adaptive,profiler_cuml_adaptive_fix1,QHY411-1_SDSSg_2k,37.8,16.892670392990112,3977.0,2026-09-03T13:28:18.475Z,7100.0,5325.0,SDSSg,Eugenia,,424.0,43.0,fix1,local,22.4233,0.0021,193.0,A100 (80 GB),2026-09-03 13:28:18.475000+00:00
lenovo_tttserver,A100-SXM4-80GB,"3.12.3 (main, Mar  3 2026, 12:15:18) [GCC 13.3.0]",py312_cuml_adaptive,profiler_cuml_adaptive_fix1,QHY411-1_SDSSg_2k,37.8,16.540249586105347,3977.0,2026-09-03T13:28:41.642Z,7100.0,5325.0,SDSSg,Eugenia,,424.0,44.0,fix1,local,22.4233,0.0021,193.0,A100 (80 GB),2026-09-03 13:28:41.642000+00:00
lenovo_tttserver,A100-SXM4-80GB,"3.12.3 (main, Mar  3 2026, 12:15:18) [GCC 13.3.0]",py312_cuml_adaptive,profiler_cuml_adaptive_fix1,QHY411-1_SDSSg_2k,37.8,17.602362632751465,3977.0,2026-09-03T13:29:06.226Z,7100.0,5325.0,SDSSg,Eugenia,,424.0,44.0,fix1,local,22.4233,0.0021,193.0,A100 (80 GB),2026-09-03 13:29:06.226000+00:00
lenovo_tttserver,A100-SXM4-80GB,"3.12.3 (main, Mar  3 2026, 12:15:18) [GCC 13.3.0]",py312_cuml_adaptive,profiler_cuml_adaptive_fix1,QHY411-1_SDSSg_2k,37.8,17.51732349395752,3977.0,2026-09-03T13:29:32.222Z,7100.0,5325.0,SDSSg,Eugenia,,424.0,44.0,fix1,local,22.4233,0.0021,193.0,A100 (80 GB),2026-09-03 13:29:32.222000+00:00
lenovo_tttserver,A100-SXM4-80GB,"3.12.3 (main, Mar  3 2026, 12:15:18) [GCC 13.3.0]",py312_cuml_adaptive,profiler_cuml_adaptive_fix1,QHY411-1_SDSSg_2k,37.8,16.84345817565918,3977.0,2026-09-03T13:29:55.975Z,7100.0,5325.0,SDSSg,Eugenia,,424.0,43.0,fix1,local,22.4233,0.0021,193.0,A100 (80 GB),2026-09-03 13:29:55.975000+00:00
lenovo_tttserver,A100-SXM4-80GB,"3.12.3 (main, Mar  3 2026, 12:15:18) [GCC 13.3.0]",py312_cuml_adaptive,profiler_cuml_adaptive_fix1,QHY411-1_SDSSg_2k,37.8,16.855058908462524,3977.0,2026-09-03T13:30:19.397Z,7100.0,5325.0,SDSSg,Eugenia,,424.0,44.0,fix1,local,22.4233,0.0021,193.0,A100 (80 GB),2026-09-03 13:30:19.397000+00:00
lenovo_tttserver,A100-SXM4-80GB,"3.12.3 (main, Mar  3 2026, 12:15:18) [GCC 13.3.0]",py312_cuml_adaptive,profiler_cuml_adaptive_fix1,QHY411-1_SDSSg_2k,37.8,17.919236183166504,3977.0,2026-09-03T13:30:45.344Z,7100.0,5325.0,SDSSg,Eugenia,,424.0,43.0,fix1,local,22.4233,0.0021,193.0,A100 (80 GB),2026-09-03 13:30:45.344000+00:00
lenovo_tttserver,A100-SXM4-80GB,"3.12.3 (main, Mar  3 2026, 12:15:18) [GCC 13.3.0]",py312_cuml_adaptive,profiler_cuml_adaptive_fix1,QHY411-1_SDSSg_2k,37.8,16.43763494491577,3977.0,2026-09-03T13:31:08.548Z,7100.0,5325.0,SDSSg,Eugenia,,424.0,44.0,fix1,local,22.4233,0.0021,193.0,A100 (80 GB),2026-09-03 13:31:08.548000+00:00
lenovo_tttserver,A100-SXM4-80GB,"3.12.3 (main, Mar  3 2026, 12:15:18) [GCC 13.3.0]",py312_cuml_adaptive,profiler_cuml_adaptive_fix1,QHY411-1_SDSSg_2k,37.8,16.916868925094604,3977.0,2026-09-03T13:31:32.124Z,7100.0,5325.0,SDSSg,Eugenia,,424.0,44.0,fix1,local,22.4233,0.0021,193.0,A100 (80 GB),2026-09-03 13:31:32.124000+00:00
lenovo_tttserver,A100-SXM4-80GB,"3.12.3 (main, Mar  3 2026, 12:15:18) [GCC 13.3.0]",py312_cuml_adaptive,profiler_cuml_adaptive_fix1,QHY411-1_SDSSg_2k,37.8,17.666195154190063,3977.0,2026-09-03T13:31:57.679Z,7100.0,5325.0,SDSSg,Eugenia,,424.0,43.0,fix1,local,22.4233,0.0021,193.0,A100 (80 GB),2026-09-03 13:31:57.679000+00:00
lenovo_tttserver,A100-SXM4-80GB,"3.12.3 (main, Mar  3 2026, 12:15:18) [GCC 13.3.0]",py312_cuml_adaptive,profiler_cuml_adaptive_fix1,QHY411-1_SDSSg_2k,37.8,17.12186098098755,3977.0,2026-09-03T13:32:22.108Z,7100.0,5325.0,SDSSg,Eugenia,,424.0,43.0,fix1,local,22.4233,0.0021,193.0,A100 (80 GB),2026-09-03 13:32:22.108000+00:00
lenovo_tttserver,A100-SXM4-80GB,"3.12.3 (main, Mar  3 2026, 12:15:18) [GCC 13.3.0]",py312_cuml_adaptive,profiler_cuml_adaptive_fix1,QHY411-1_SDSSg_2k,37.8,17.871066331863403,3977.0,2026-09-03T13:32:46.608Z,7100.0,5325.0,SDSSg,Eugenia,,424.0,44.0,fix1,local,22.4233,0.0021,193.0,A100 (80 GB),2026-09-03 13:32:46.608000+00:00
lenovo_tttserver,A100-SXM4-80GB,"3.12.3 (main, Mar  3 2026, 12:15:18) [GCC 13.3.0]",py312_cuml_always,profiler_cuml_always_fix1,QHY411-1_SDSSi_bin2,37.8,8.788942337036133,621.0,2026-09-03T12:34:52.261Z,7100.0,5325.0,SDSSi,GaiaDR33534005919872722560,,424.0,42.0,fix1,local,21.0036,0.0082,34.0,A100 (80 GB),2026-09-03 12:34:52.261000+00:00
lenovo_tttserver,A100-SXM4-80GB,"3.12.3 (main, Mar  3 2026, 12:15:18) [GCC 13.3.0]",py312_cuml_always,profiler_cuml_always_fix1,QHY411-1_SDSSi_bin2,37.8,9.48715615272522,621.0,2026-09-03T12:35:08.924Z,7100.0,5325.0,SDSSi,GaiaDR33534005919872722560,,424.0,42.0,fix1,local,21.0036,0.0082,34.0,A100 (80 GB),2026-09-03 12:35:08.924000+00:00
lenovo_tttserver,A100-SXM4-80GB,"3.12.3 (main, Mar  3 2026, 12:15:18) [GCC 13.3.0]",py312_cuml_always,profiler_cuml_always_fix1,QHY411-1_SDSSi_bin2,37.8,9.608635425567629,621.0,2026-09-03T12:35:25.815Z,7100.0,5325.0,SDSSi,GaiaDR33534005919872722560,,424.0,42.0,fix1,local,21.0036,0.0082,34.0,A100 (80 GB),2026-09-03 12:35:25.815000+00:00
lenovo_tttserver,A100-SXM4-80GB,"3.12.3 (main, Mar  3 2026, 12:15:18) [GCC 13.3.0]",py312_cuml_always,profiler_cuml_always_fix1,QHY411-1_SDSSi_bin2,37.8,9.06695795059204,621.0,2026-09-03T12:35:41.962Z,7100.0,5325.0,SDSSi,GaiaDR33534005919872722560,,424.0,42.0,fix1,local,21.0036,0.0082,34.0,A100 (80 GB),2026-09-03 12:35:41.962000+00:00
lenovo_tttserver,A100-SXM4-80GB,"3.12.3 (main, Mar  3 2026, 12:15:18) [GCC 13.3.0]",py312_cuml_always,profiler_cuml_always_fix1,QHY411-1_SDSSi_bin2,37.8,8.99377179145813,621.0,2026-09-03T12:35:57.880Z,7100.0,5325.0,SDSSi,GaiaDR33534005919872722560,,424.0,42.0,fix1,local,21.0036,0.0082,34.0,A100 (80 GB),2026-09-03 12:35:57.880000+00:00
lenovo_tttserver,A100-SXM4-80GB,"3.12.3 (main, Mar  3 2026, 12:15:18) [GCC 13.3.0]",py312_cuml_always,profiler_cuml_always_fix1,QHY411-1_SDSSi_bin2,37.8,9.795714855194092,621.0,2026-09-03T12:36:14.701Z,7100.0,5325.0,SDSSi,GaiaDR33534005919872722560,,424.0,42.0,fix1,local,21.0036,0.0082,34.0,A100 (80 GB),2026-09-03 12:36:14.701000+00:00
lenovo_tttserver,A100-SXM4-80GB,"3.12.3 (main, Mar  3 2026, 12:15:18) [GCC 13.3.0]",py312_cuml_always,profiler_cuml_always_fix1,QHY411-1_SDSSi_bin2,37.8,9.44561529159546,621.0,2026-09-03T12:36:31.206Z,7100.0,5325.0,SDSSi,GaiaDR33534005919872722560,,424.0,42.0,fix1,local,21.0036,0.0082,34.0,A100 (80 GB),2026-09-03 12:36:31.206000+00:00
lenovo_tttserver,A100-SXM4-80GB,"3.12.3 (main, Mar  3 2026, 12:15:18) [GCC 13.3.0]",py312_cuml_always,profiler_cuml_always_fix1,QHY411-1_SDSSi_bin2,37.8,8.819803953170776,621.0,2026-09-03T12:36:46.811Z,7100.0,5325.0,SDSSi,GaiaDR33534005919872722560,,424.0,42.0,fix1,local,21.0036,0.0082,34.0,A100 (80 GB),2026-09-03 12:36:46.811000+00:00
lenovo_tttserver,A100-SXM4-80GB,"3.12.3 (main, Mar  3 2026, 12:15:18) [GCC 13.3.0]",py312_cuml_always,profiler_cuml_always_fix1,QHY411-1_SDSSi_bin2,37.8,9.094277620315552,621.0,2026-09-03T12:37:02.953Z,7100.0,5325.0,SDSSi,GaiaDR33534005919872722560,,424.0,42.0,fix1,local,21.0036,0.0082,34.0,A100 (80 GB),2026-09-03 12:37:02.953000+00:00
lenovo_tttserver,A100-SXM4-80GB,"3.12.3 (main, Mar  3 2026, 12:15:18) [GCC 13.3.0]",py312_cuml_always,profiler_cuml_always_fix1,QHY411-1_SDSSi_bin2,37.8,8.789910554885864,621.0,2026-09-03T12:37:18.278Z,7100.0,5325.0,SDSSi,GaiaDR33534005919872722560,,424.0,43.0,fix1,local,21.0036,0.0082,34.0,A100 (80 GB),2026-09-03 12:37:18.278000+00:00
lenovo_tttserver,A100-SXM4-80GB,"3.12.3 (main, Mar  3 2026, 12:15:18) [GCC 13.3.0]",py312_cuml_adaptive,profiler_cuml_adaptive_fix1,QHY411-1_SDSSi_bin2,37.8,9.684078931808472,621.0,2026-09-03T12:31:29.440Z,7100.0,5325.0,SDSSi,GaiaDR33534005919872722560,,424.0,42.0,fix1,local,21.0036,0.0082,34.0,A100 (80 GB),2026-09-03 12:31:29.440000+00:00
lenovo_tttserver,A100-SXM4-80GB,"3.12.3 (main, Mar  3 2026, 12:15:18) [GCC 13.3.0]",py312_cuml_adaptive,profiler_cuml_adaptive_fix1,QHY411-1_SDSSi_bin2,37.8,8.9972083568573,621.0,2026-09-03T12:31:45.325Z,7100.0,5325.0,SDSSi,GaiaDR33534005919872722560,,424.0,42.0,fix1,local,21.0036,0.0082,34.0,A100 (80 GB),2026-09-03 12:31:45.325000+00:00
lenovo_tttserver,A100-SXM4-80GB,"3.12.3 (main, Mar  3 2026, 12:15:18) [GCC 13.3.0]",py312_cuml_adaptive,profiler_cuml_adaptive_fix1,QHY411-1_SDSSi_bin2,37.8,9.381182193756104,621.0,2026-09-03T12:32:01.822Z,7100.0,5325.0,SDSSi,GaiaDR33534005919872722560,,424.0,42.0,fix1,local,21.0036,0.0082,34.0,A100 (80 GB),2026-09-03 12:32:01.822000+00:00
lenovo_tttserver,A100-SXM4-80GB,"3.12.3 (main, Mar  3 2026, 12:15:18) [GCC 13.3.0]",py312_cuml_adaptive,profiler_cuml_adaptive_fix1,QHY411-1_SDSSi_bin2,37.8,9.20683979988098,621.0,2026-09-03T12:32:18.028Z,7100.0,5325.0,SDSSi,GaiaDR33534005919872722560,,424.0,42.0,fix1,local,21.0036,0.0082,34.0,A100 (80 GB),2026-09-03 12:32:18.028000+00:00
lenovo_tttserver,A100-SXM4-80GB,"3.12.3 (main, Mar  3 2026, 12:15:18) [GCC 13.3.0]",py312_cuml_adaptive,profiler_cuml_adaptive_fix1,QHY411-1_SDSSi_bin2,37.8,8.795814037322998,621.0,2026-09-03T12:32:34.365Z,7100.0,5325.0,SDSSi,GaiaDR33534005919872722560,,424.0,42.0,fix1,local,21.0036,0.0082,34.0,A100 (80 GB),2026-09-03 12:32:34.365000+00:00
lenovo_tttserver,A100-SXM4-80GB,"3.12.3 (main, Mar  3 2026, 12:15:18) [GCC 13.3.0]",py312_cuml_adaptive,profiler_cuml_adaptive_fix1,QHY411-1_SDSSi_bin2,37.8,9.531884670257568,621.0,2026-09-03T12:32:51.051Z,7100.0,5325.0,SDSSi,GaiaDR33534005919872722560,,424.0,42.0,fix1,local,21.0036,0.0082,34.0,A100 (80 GB),2026-09-03 12:32:51.051000+00:00
lenovo_tttserver,A100-SXM4-80GB,"3.12.3 (main, Mar  3 2026, 12:15:18) [GCC 13.3.0]",py312_cuml_adaptive,profiler_cuml_adaptive_fix1,QHY411-1_SDSSi_bin2,37.8,10.358195304870604,621.0,2026-09-03T12:33:08.508Z,7100.0,5325.0,SDSSi,GaiaDR33534005919872722560,,424.0,42.0,fix1,local,21.0036,0.0082,34.0,A100 (80 GB),2026-09-03 12:33:08.508000+00:00
lenovo_tttserver,A100-SXM4-80GB,"3.12.3 (main, Mar  3 2026, 12:15:18) [GCC 13.3.0]",py312_cuml_adaptive,profiler_cuml_adaptive_fix1,QHY411-1_SDSSi_bin2,37.8,9.752963304519652,621.0,2026-09-03T12:33:25.569Z,7100.0,5325.0,SDSSi,GaiaDR33534005919872722560,,424.0,42.0,fix1,local,21.0036,0.0082,34.0,A100 (80 GB),2026-09-03 12:33:25.569000+00:00
lenovo_tttserver,A100-SXM4-80GB,"3.12.3 (main, Mar  3 2026, 12:15:18) [GCC 13.3.0]",py312_cuml_adaptive,profiler_cuml_adaptive_fix1,QHY411-1_SDSSi_bin2,37.8,9.697595119476318,621.0,2026-09-03T12:33:42.861Z,7100.0,5325.0,SDSSi,GaiaDR33534005919872722560,,424.0,42.0,fix1,local,21.0036,0.0082,34.0,A100 (80 GB),2026-09-03 12:33:42.861000+00:00
lenovo_tttserver,A100-SXM4-80GB,"3.12.3 (main, Mar  3 2026, 12:15:18) [GCC 13.3.0]",py312_cuml_adaptive,profiler_cuml_adaptive_fix1,QHY411-1_SDSSi_bin2,37.8,10.072988033294678,621.0,2026-09-03T12:34:00.109Z,7100.0,5325.0,SDSSi,GaiaDR33534005919872722560,,424.0,42.0,fix1,local,21.0036,0.0082,34.0,A100 (80 GB),2026-09-03 12:34:00.109000+00:00
lenovo_tttserver,A100-SXM4-80GB,"3.12.3 (main, Mar  3 2026, 12:15:18) [GCC 13.3.0]",py312_cuml_always,profiler_cuml_always_fix1,QHY411-1_SDSSr_7k,37.8,24.446176052093502,12832.0,2026-09-03T13:40:51.260Z,7100.0,5325.0,SDSSr,V445Pup-griz,,424.0,44.0,fix1,local,21.7986,0.0022,168.0,A100 (80 GB),2026-09-03 13:40:51.260000+00:00
lenovo_tttserver,A100-SXM4-80GB,"3.12.3 (main, Mar  3 2026, 12:15:18) [GCC 13.3.0]",py312_cuml_always,profiler_cuml_always_fix1,QHY411-1_SDSSr_7k,37.8,22.855359315872192,12832.0,2026-09-03T13:41:22.167Z,7100.0,5325.0,SDSSr,V445Pup-griz,,424.0,44.0,fix1,local,21.7986,0.0022,168.0,A100 (80 GB),2026-09-03 13:41:22.167000+00:00
lenovo_tttserver,A100-SXM4-80GB,"3.12.3 (main, Mar  3 2026, 12:15:18) [GCC 13.3.0]",py312_cuml_always,profiler_cuml_always_fix1,QHY411-1_SDSSr_7k,37.8,27.50058889389038,12832.0,2026-09-03T13:41:56.704Z,7100.0,5325.0,SDSSr,V445Pup-griz,,424.0,44.0,fix1,local,21.7986,0.0022,168.0,A100 (80 GB),2026-09-03 13:41:56.704000+00:00
lenovo_tttserver,A100-SXM4-80GB,"3.12.3 (main, Mar  3 2026, 12:15:18) [GCC 13.3.0]",py312_cuml_always,profiler_cuml_always_fix1,QHY411-1_SDSSr_7k,37.8,24.148114681243896,12832.0,2026-09-03T13:42:28.794Z,7100.0,5325.0,SDSSr,V445Pup-griz,,424.0,44.0,fix1,local,21.7986,0.0022,168.0,A100 (80 GB),2026-09-03 13:42:28.794000+00:00
lenovo_tttserver,A100-SXM4-80GB,"3.12.3 (main, Mar  3 2026, 12:15:18) [GCC 13.3.0]",py312_cuml_always,profiler_cuml_always_fix1,QHY411-1_SDSSr_7k,37.8,28.346983671188354,12832.0,2026-09-03T13:43:05.510Z,7100.0,5325.0,SDSSr,V445Pup-griz,,424.0,44.0,fix1,local,21.7986,0.0022,168.0,A100 (80 GB),2026-09-03 13:43:05.510000+00:00
lenovo_tttserver,A100-SXM4-80GB,"3.12.3 (main, Mar  3 2026, 12:15:18) [GCC 13.3.0]",py312_cuml_always,profiler_cuml_always_fix1,QHY411-1_SDSSr_7k,37.8,27.026164054870605,12832.0,2026-09-03T13:43:41.268Z,7100.0,5325.0,SDSSr,V445Pup-griz,,424.0,43.0,fix1,local,21.7986,0.0022,168.0,A100 (80 GB),2026-09-03 13:43:41.268000+00:00
lenovo_tttserver,A100-SXM4-80GB,"3.12.3 (main, Mar  3 2026, 12:15:18) [GCC 13.3.0]",py312_cuml_always,profiler_cuml_always_fix1,QHY411-1_SDSSr_7k,37.8,25.53151130676269,12832.0,2026-09-03T13:44:14.399Z,7100.0,5325.0,SDSSr,V445Pup-griz,,424.0,43.0,fix1,local,21.7986,0.0022,168.0,A100 (80 GB),2026-09-03 13:44:14.399000+00:00
lenovo_tttserver,A100-SXM4-80GB,"3.12.3 (main, Mar  3 2026, 12:15:18) [GCC 13.3.0]",py312_cuml_always,profiler_cuml_always_fix1,QHY411-1_SDSSr_7k,37.8,23.68377494812012,12832.0,2026-09-03T13:44:45.660Z,7100.0,5325.0,SDSSr,V445Pup-griz,,424.0,44.0,fix1,local,21.7986,0.0022,168.0,A100 (80 GB),2026-09-03 13:44:45.660000+00:00
lenovo_tttserver,A100-SXM4-80GB,"3.12.3 (main, Mar  3 2026, 12:15:18) [GCC 13.3.0]",py312_cuml_always,profiler_cuml_always_fix1,QHY411-1_SDSSr_7k,37.8,26.115073204040527,12832.0,2026-09-03T13:45:19.445Z,7100.0,5325.0,SDSSr,V445Pup-griz,,424.0,44.0,fix1,local,21.7986,0.0022,168.0,A100 (80 GB),2026-09-03 13:45:19.445000+00:00
lenovo_tttserver,A100-SXM4-80GB,"3.12.3 (main, Mar  3 2026, 12:15:18) [GCC 13.3.0]",py312_cuml_adaptive,profiler_cuml_adaptive_fix1,QHY411-1_SDSSr_7k,37.8,23.68004846572876,12832.0,2026-09-03T13:47:00.123Z,7100.0,5325.0,SDSSr,V445Pup-griz,,424.0,44.0,fix1,local,21.7986,0.0022,168.0,A100 (80 GB),2026-09-03 13:47:00.123000+00:00
lenovo_tttserver,A100-SXM4-80GB,"3.12.3 (main, Mar  3 2026, 12:15:18) [GCC 13.3.0]",py312_cuml_adaptive,profiler_cuml_adaptive_fix1,QHY411-1_SDSSr_7k,37.8,24.30513882637024,12832.0,2026-09-03T13:47:31.702Z,7100.0,5325.0,SDSSr,V445Pup-griz,,424.0,44.0,fix1,local,21.7986,0.0022,168.0,A100 (80 GB),2026-09-03 13:47:31.702000+00:00
lenovo_tttserver,A100-SXM4-80GB,"3.12.3 (main, Mar  3 2026, 12:15:18) [GCC 13.3.0]",py312_cuml_adaptive,profiler_cuml_adaptive_fix1,QHY411-1_SDSSr_7k,37.8,23.44120502471924,12832.0,2026-09-03T13:48:03.161Z,7100.0,5325.0,SDSSr,V445Pup-griz,,424.0,44.0,fix1,local,21.7986,0.0022,168.0,A100 (80 GB),2026-09-03 13:48:03.161000+00:00
lenovo_tttserver,A100-SXM4-80GB,"3.12.3 (main, Mar  3 2026, 12:15:18) [GCC 13.3.0]",py312_cuml_adaptive,profiler_cuml_adaptive_fix1,QHY411-1_SDSSr_7k,37.8,24.5168514251709,12832.0,2026-09-03T13:49:10.389Z,7100.0,5325.0,SDSSr,V445Pup-griz,,424.0,44.0,fix1,local,21.7986,0.0022,168.0,A100 (80 GB),2026-09-03 13:49:10.389000+00:00
lenovo_tttserver,A100-SXM4-80GB,"3.12.3 (main, Mar  3 2026, 12:15:18) [GCC 13.3.0]",py312_cuml_adaptive,profiler_cuml_adaptive_fix1,QHY411-1_SDSSr_7k,37.8,23.85301160812378,12832.0,2026-09-03T13:49:42.263Z,7100.0,5325.0,SDSSr,V445Pup-griz,,424.0,44.0,fix1,local,21.7986,0.0022,168.0,A100 (80 GB),2026-09-03 13:49:42.263000+00:00
lenovo_tttserver,A100-SXM4-80GB,"3.12.3 (main, Mar  3 2026, 12:15:18) [GCC 13.3.0]",py312_cuml_adaptive,profiler_cuml_adaptive_fix1,QHY411-1_SDSSr_7k,37.8,24.718599557876587,12832.0,2026-09-03T13:50:52.387Z,7100.0,5325.0,SDSSr,V445Pup-griz,,424.0,44.0,fix1,local,21.7986,0.0022,168.0,A100 (80 GB),2026-09-03 13:50:52.387000+00:00
lenovo_tttserver,A100-SXM4-80GB,"3.12.3 (main, Mar  3 2026, 12:15:18) [GCC 13.3.0]",py312_cuml_adaptive,profiler_cuml_adaptive_fix1,QHY411-1_SDSSr_7k,37.8,24.13428378105164,12832.0,2026-09-03T13:52:01.857Z,7100.0,5325.0,SDSSr,V445Pup-griz,,424.0,44.0,fix1,local,21.7986,0.0022,168.0,A100 (80 GB),2026-09-03 13:52:01.857000+00:00
lenovo_tttserver,A100-SXM4-80GB,"3.12.3 (main, Mar  3 2026, 12:15:18) [GCC 13.3.0]",py312_cuml_always,profiler_cuml_always_fix1,QHY411-3_Lum_131k,151.2,38.41488862037659,134206.0,2026-08-31T16:17:04.692Z,14200.0,10650.0,Lum,C2025N1,,424.0,43.0,fix1,local,25.1677,0.0013,184.0,A100 (80 GB),2026-08-31 16:17:04.692000+00:00
lenovo_tttserver,A100-SXM4-80GB,"3.12.3 (main, Mar  3 2026, 12:15:18) [GCC 13.3.0]",py312_cuml_always,profiler_cuml_always_fix1,QHY411-3_Lum_131k,151.2,36.58340549468994,134206.0,2026-08-31T16:17:48.817Z,14200.0,10650.0,Lum,C2025N1,,424.0,44.0,fix1,local,25.1677,0.0013,184.0,A100 (80 GB),2026-08-31 16:17:48.817000+00:00
lenovo_tttserver,A100-SXM4-80GB,"3.12.3 (main, Mar  3 2026, 12:15:18) [GCC 13.3.0]",py312_cuml_always,profiler_cuml_always_fix1,QHY411-3_Lum_131k,151.2,39.423927545547485,134206.0,2026-08-31T16:18:34.549Z,14200.0,10650.0,Lum,C2025N1,,424.0,44.0,fix1,local,25.1677,0.0013,184.0,A100 (80 GB),2026-08-31 16:18:34.549000+00:00
lenovo_tttserver,A100-SXM4-80GB,"3.12.3 (main, Mar  3 2026, 12:15:18) [GCC 13.3.0]",py312_cuml_always,profiler_cuml_always_fix1,QHY411-3_Lum_131k,151.2,36.05470085144043,134206.0,2026-08-31T16:19:17.695Z,14200.0,10650.0,Lum,C2025N1,,424.0,43.0,fix1,local,25.1677,0.0013,184.0,A100 (80 GB),2026-08-31 16:19:17.695000+00:00
lenovo_tttserver,A100-SXM4-80GB,"3.12.3 (main, Mar  3 2026, 12:15:18) [GCC 13.3.0]",py312_cuml_always,profiler_cuml_always_fix1,QHY411-3_Lum_131k,151.2,38.012237787246704,134206.0,2026-08-31T16:20:01.904Z,14200.0,10650.0,Lum,C2025N1,,424.0,44.0,fix1,local,25.1677,0.0013,184.0,A100 (80 GB),2026-08-31 16:20:01.904000+00:00
lenovo_tttserver,A100-SXM4-80GB,"3.12.3 (main, Mar  3 2026, 12:15:18) [GCC 13.3.0]",py312_cuml_always,profiler_cuml_always_fix1,QHY411-3_Lum_131k,151.2,35.79426026344299,134206.0,2026-08-31T16:20:45.415Z,14200.0,10650.0,Lum,C2025N1,,424.0,43.0,fix1,local,25.1677,0.0013,184.0,A100 (80 GB),2026-08-31 16:20:45.415000+00:00
lenovo_tttserver,A100-SXM4-80GB,"3.12.3 (main, Mar  3 2026, 12:15:18) [GCC 13.3.0]",py312_cuml_always,profiler_cuml_always_fix1,QHY411-3_Lum_131k,151.2,38.54923105239868,134206.0,2026-08-31T16:21:30.364Z,14200.0,10650.0,Lum,C2025N1,,424.0,43.0,fix1,local,25.1677,0.0013,184.0,A100 (80 GB),2026-08-31 16:21:30.364000+00:00
lenovo_tttserver,A100-SXM4-80GB,"3.12.3 (main, Mar  3 2026, 12:15:18) [GCC 13.3.0]",py312_cuml_always,profiler_cuml_always_fix1,QHY411-3_Lum_131k,151.2,36.68647122383118,134206.0,2026-08-31T16:22:15.260Z,14200.0,10650.0,Lum,C2025N1,,424.0,43.0,fix1,local,25.1677,0.0013,184.0,A100 (80 GB),2026-08-31 16:22:15.260000+00:00
lenovo_tttserver,A100-SXM4-80GB,"3.12.3 (main, Mar  3 2026, 12:15:18) [GCC 13.3.0]",py312_cuml_always,profiler_cuml_always_fix1,QHY411-3_Lum_131k,151.2,39.938539266586304,134206.0,2026-08-31T16:23:01.872Z,14200.0,10650.0,Lum,C2025N1,,424.0,44.0,fix1,local,25.1677,0.0013,184.0,A100 (80 GB),2026-08-31 16:23:01.872000+00:00
lenovo_tttserver,A100-SXM4-80GB,"3.12.3 (main, Mar  3 2026, 12:15:18) [GCC 13.3.0]",py312_cuml_always,profiler_cuml_always_fix1,QHY411-3_Lum_131k,151.2,36.13944435119629,134206.0,2026-08-31T16:23:45.720Z,14200.0,10650.0,Lum,C2025N1,,424.0,43.0,fix1,local,25.1677,0.0013,184.0,A100 (80 GB),2026-08-31 16:23:45.720000+00:00
lenovo_tttserver,A100-SXM4-80GB,"3.12.3 (main, Mar  3 2026, 12:15:18) [GCC 13.3.0]",py312_cuml_adaptive,profiler_cuml_adaptive_fix1,QHY411-3_Lum_131k,151.2,41.23617196083069,134206.0,2026-08-31T15:49:50.196Z,14200.0,10650.0,Lum,C2025N1,,424.0,43.0,fix1,local,25.1677,0.0013,184.0,A100 (80 GB),2026-08-31 15:49:50.196000+00:00
lenovo_tttserver,A100-SXM4-80GB,"3.12.3 (main, Mar  3 2026, 12:15:18) [GCC 13.3.0]",py312_cuml_adaptive,profiler_cuml_adaptive_fix1,QHY411-3_Lum_131k,151.2,42.81928396224976,134206.0,2026-08-31T15:50:40.031Z,14200.0,10650.0,Lum,C2025N1,,424.0,43.0,fix1,local,25.1677,0.0013,184.0,A100 (80 GB),2026-08-31 15:50:40.031000+00:00
lenovo_tttserver,A100-SXM4-80GB,"3.12.3 (main, Mar  3 2026, 12:15:18) [GCC 13.3.0]",py312_cuml_adaptive,profiler_cuml_adaptive_fix1,QHY411-3_Lum_131k,151.2,41.516769886016846,134206.0,2026-08-31T15:51:29.920Z,14200.0,10650.0,Lum,C2025N1,,424.0,43.0,fix1,local,25.1677,0.0013,184.0,A100 (80 GB),2026-08-31 15:51:29.920000+00:00
lenovo_tttserver,A100-SXM4-80GB,"3.12.3 (main, Mar  3 2026, 12:15:18) [GCC 13.3.0]",py312_cuml_adaptive,profiler_cuml_adaptive_fix1,QHY411-3_Lum_131k,151.2,39.94119715690613,134206.0,2026-08-31T15:52:17.290Z,14200.0,10650.0,Lum,C2025N1,,424.0,43.0,fix1,local,25.1677,0.0013,184.0,A100 (80 GB),2026-08-31 15:52:17.290000+00:00
lenovo_tttserver,A100-SXM4-80GB,"3.12.3 (main, Mar  3 2026, 12:15:18) [GCC 13.3.0]",py312_cuml_adaptive,profiler_cuml_adaptive_fix1,QHY411-3_Lum_131k,151.2,41.21472454071045,134206.0,2026-08-31T15:53:05.631Z,14200.0,10650.0,Lum,C2025N1,,424.0,44.0,fix1,local,25.1677,0.0013,184.0,A100 (80 GB),2026-08-31 15:53:05.631000+00:00
lenovo_tttserver,A100-SXM4-80GB,"3.12.3 (main, Mar  3 2026, 12:15:18) [GCC 13.3.0]",py312_cuml_adaptive,profiler_cuml_adaptive_fix1,QHY411-3_Lum_131k,151.2,40.47830939292908,134206.0,2026-08-31T15:53:54.335Z,14200.0,10650.0,Lum,C2025N1,,424.0,43.0,fix1,local,25.1677,0.0013,184.0,A100 (80 GB),2026-08-31 15:53:54.335000+00:00
lenovo_tttserver,A100-SXM4-80GB,"3.12.3 (main, Mar  3 2026, 12:15:18) [GCC 13.3.0]",py312_cuml_adaptive,profiler_cuml_adaptive_fix1,QHY411-3_Lum_131k,151.2,41.005011796951294,134206.0,2026-08-31T15:54:42.638Z,14200.0,10650.0,Lum,C2025N1,,424.0,44.0,fix1,local,25.1677,0.0013,184.0,A100 (80 GB),2026-08-31 15:54:42.638000+00:00
lenovo_tttserver,A100-SXM4-80GB,"3.12.3 (main, Mar  3 2026, 12:15:18) [GCC 13.3.0]",py312_cuml_adaptive,profiler_cuml_adaptive_fix1,QHY411-3_Lum_131k,151.2,41.77936625480652,134206.0,2026-08-31T15:55:32.812Z,14200.0,10650.0,Lum,C2025N1,,424.0,44.0,fix1,local,25.1677,0.0013,184.0,A100 (80 GB),2026-08-31 15:55:32.812000+00:00
lenovo_tttserver,A100-SXM4-80GB,"3.12.3 (main, Mar  3 2026, 12:15:18) [GCC 13.3.0]",py312_cuml_adaptive,profiler_cuml_adaptive_fix1,QHY411-3_Lum_131k,151.2,40.527119159698486,134206.0,2026-08-31T15:56:20.866Z,14200.0,10650.0,Lum,C2025N1,,424.0,44.0,fix1,local,25.1677,0.0013,184.0,A100 (80 GB),2026-08-31 15:56:20.866000+00:00
lenovo_tttserver,A100-SXM4-80GB,"3.12.3 (main, Mar  3 2026, 12:15:18) [GCC 13.3.0]",py312_cuml_adaptive,profiler_cuml_adaptive_fix1,QHY411-3_Lum_131k,151.2,42.02488803863525,134206.0,2026-08-31T15:57:10.154Z,14200.0,10650.0,Lum,C2025N1,,424.0,44.0,fix1,local,25.1677,0.0013,184.0,A100 (80 GB),2026-08-31 15:57:10.154000+00:00
lenovo_tttserver,A100-SXM4-80GB,"3.12.3 (main, Mar  3 2026, 12:15:18) [GCC 13.3.0]",py312_cuml_adaptive,profiler_cuml_adaptive_fix1,QHY411-3_Lum_131k,151.2,41.01573395729065,134206.0,2026-08-31T15:57:59.580Z,14200.0,10650.0,Lum,C2025N1,,424.0,43.0,fix1,local,25.1677,0.0013,184.0,A100 (80 GB),2026-08-31 15:57:59.580000+00:00
lenovo_tttserver,A100-SXM4-80GB,"3.12.3 (main, Mar  3 2026, 12:15:18) [GCC 13.3.0]",py312_cuml_adaptive,profiler_cuml_adaptive_fix1,QHY411-3_Lum_131k,151.2,41.7918004989624,134206.0,2026-08-31T15:58:48.342Z,14200.0,10650.0,Lum,C2025N1,,424.0,44.0,fix1,local,25.1677,0.0013,184.0,A100 (80 GB),2026-08-31 15:58:48.342000+00:00
lenovo_tttserver,A100-SXM4-80GB,"3.12.3 (main, Mar  3 2026, 12:15:18) [GCC 13.3.0]",py312_cuml_adaptive,profiler_cuml_adaptive_fix1,QHY411-3_Lum_131k,151.2,42.037086725234985,134206.0,2026-08-31T15:59:37.288Z,14200.0,10650.0,Lum,C2025N1,,424.0,44.0,fix1,local,25.1677,0.0013,184.0,A100 (80 GB),2026-08-31 15:59:37.288000+00:00
lenovo_tttserver,A100-SXM4-80GB,"3.12.3 (main, Mar  3 2026, 12:15:18) [GCC 13.3.0]",py312_cuml_adaptive,profiler_cuml_adaptive_fix1,QHY411-3_Lum_131k,151.2,41.948800563812256,134206.0,2026-08-31T16:00:26.603Z,14200.0,10650.0,Lum,C2025N1,,424.0,43.0,fix1,local,25.1677,0.0013,184.0,A100 (80 GB),2026-08-31 16:00:26.603000+00:00
lenovo_tttserver,A100-SXM4-80GB,"3.12.3 (main, Mar  3 2026, 12:15:18) [GCC 13.3.0]",py312_cuml_adaptive,profiler_cuml_adaptive_fix1,QHY411-3_Lum_131k,151.2,40.57159328460693,134206.0,2026-08-31T16:01:14.714Z,14200.0,10650.0,Lum,C2025N1,,424.0,43.0,fix1,local,25.1677,0.0013,184.0,A100 (80 GB),2026-08-31 16:01:14.714000+00:00
lenovo_tttserver,A100-SXM4-80GB,"3.12.3 (main, Mar  3 2026, 12:15:18) [GCC 13.3.0]",py312_cuml_adaptive,profiler_cuml_adaptive_fix1,QHY411-3_Lum_131k,151.2,41.12255263328552,134206.0,2026-08-31T16:02:04.497Z,14200.0,10650.0,Lum,C2025N1,,424.0,43.0,fix1,local,25.1677,0.0013,184.0,A100 (80 GB),2026-08-31 16:02:04.497000+00:00
lenovo_tttserver,A100-SXM4-80GB,"3.12.3 (main, Mar  3 2026, 12:15:18) [GCC 13.3.0]",py312_cuml_adaptive,profiler_cuml_adaptive_fix1,QHY411-3_Lum_131k,151.2,40.92972612380981,134206.0,2026-08-31T16:02:52.998Z,14200.0,10650.0,Lum,C2025N1,,424.0,43.0,fix1,local,25.1677,0.0013,184.0,A100 (80 GB),2026-08-31 16:02:52.998000+00:00
lenovo_tttserver,A100-SXM4-80GB,"3.12.3 (main, Mar  3 2026, 12:15:18) [GCC 13.3.0]",py312_cuml_adaptive,profiler_cuml_adaptive_fix1,QHY411-3_Lum_131k,151.2,44.85113000869751,134206.0,2026-08-31T16:03:45.362Z,14200.0,10650.0,Lum,C2025N1,,424.0,43.0,fix1,local,25.1677,0.0013,184.0,A100 (80 GB),2026-08-31 16:03:45.362000+00:00
lenovo_tttserver,A100-SXM4-80GB,"3.12.3 (main, Mar  3 2026, 12:15:18) [GCC 13.3.0]",py312_cuml_adaptive,profiler_cuml_adaptive_fix1,QHY411-3_Lum_131k,151.2,40.66090512275696,134206.0,2026-08-31T16:04:33.769Z,14200.0,10650.0,Lum,C2025N1,,424.0,43.0,fix1,local,25.1677,0.0013,184.0,A100 (80 GB),2026-08-31 16:04:33.769000+00:00
lenovo_tttserver,A100-SXM4-80GB,"3.12.3 (main, Mar  3 2026, 12:15:18) [GCC 13.3.0]",py312_cuml_adaptive,profiler_cuml_adaptive_fix1,QHY411-3_Lum_131k,151.2,40.143399238586426,134206.0,2026-08-31T16:05:21.075Z,14200.0,10650.0,Lum,C2025N1,,424.0,43.0,fix1,local,25.1677,0.0013,184.0,A100 (80 GB),2026-08-31 16:05:21.075000+00:00
lenovo_tttserver,A100-SXM4-80GB,"3.12.3 (main, Mar  3 2026, 12:15:18) [GCC 13.3.0]",py312_cuml_adaptive,profiler_cuml_adaptive_fix1,QHY411-3_Lum_131k,151.2,40.18152046203613,134206.0,2026-08-31T16:06:08.616Z,14200.0,10650.0,Lum,C2025N1,,424.0,43.0,fix1,local,25.1677,0.0013,184.0,A100 (80 GB),2026-08-31 16:06:08.616000+00:00
lenovo_tttserver,A100-SXM4-80GB,"3.12.3 (main, Mar  3 2026, 12:15:18) [GCC 13.3.0]",py312_cuml_adaptive,profiler_cuml_adaptive_fix1,QHY411-3_Lum_131k,151.2,45.19666290283203,134206.0,2026-08-31T16:07:01.121Z,14200.0,10650.0,Lum,C2025N1,,424.0,43.0,fix1,local,25.1677,0.0013,184.0,A100 (80 GB),2026-08-31 16:07:01.121000+00:00
lenovo_tttserver,A100-SXM4-80GB,"3.12.3 (main, Mar  3 2026, 12:15:18) [GCC 13.3.0]",py312_cuml_always,profiler_cuml_always_fix1,QHY411-3_Lum_131k,151.2,39.2213830947876,134206.0,2026-09-03T17:58:16.683Z,14200.0,10650.0,Lum,C2025N1,,424.0,43.0,fix1,local,25.1677,0.0013,184.0,A100 (80 GB),2026-09-03 17:58:16.683000+00:00
lenovo_tttserver,A100-SXM4-80GB,"3.12.3 (main, Mar  3 2026, 12:15:18) [GCC 13.3.0]",py312_cuml_always,profiler_cuml_always_fix1,QHY411-3_Lum_131k,151.2,42.06011343002319,134206.0,2026-09-03T17:59:06.605Z,14200.0,10650.0,Lum,C2025N1,,424.0,43.0,fix1,local,25.1677,0.0013,184.0,A100 (80 GB),2026-09-03 17:59:06.605000+00:00
lenovo_tttserver,A100-SXM4-80GB,"3.12.3 (main, Mar  3 2026, 12:15:18) [GCC 13.3.0]",py312_cuml_always,profiler_cuml_always_fix1,QHY411-3_Lum_131k,151.2,40.27187275886536,134206.0,2026-09-03T17:59:54.345Z,14200.0,10650.0,Lum,C2025N1,,424.0,43.0,fix1,local,25.1677,0.0013,184.0,A100 (80 GB),2026-09-03 17:59:54.345000+00:00
lenovo_tttserver,A100-SXM4-80GB,"3.12.3 (main, Mar  3 2026, 12:15:18) [GCC 13.3.0]",py312_cuml_always,profiler_cuml_always_fix1,QHY411-3_Lum_131k,151.2,39.81247234344482,134206.0,2026-09-03T18:00:42.796Z,14200.0,10650.0,Lum,C2025N1,,424.0,43.0,fix1,local,25.1677,0.0013,184.0,A100 (80 GB),2026-09-03 18:00:42.796000+00:00
lenovo_tttserver,A100-SXM4-80GB,"3.12.3 (main, Mar  3 2026, 12:15:18) [GCC 13.3.0]",py312_cuml_always,profiler_cuml_always_fix1,QHY411-3_Lum_131k,151.2,42.2557852268219,134206.0,2026-09-03T18:01:32.640Z,14200.0,10650.0,Lum,C2025N1,,424.0,43.0,fix1,local,25.1677,0.0013,184.0,A100 (80 GB),2026-09-03 18:01:32.640000+00:00
lenovo_tttserver,A100-SXM4-80GB,"3.12.3 (main, Mar  3 2026, 12:15:18) [GCC 13.3.0]",py312_cuml_always,profiler_cuml_always_fix1,QHY411-3_Lum_131k,151.2,39.828508138656616,134206.0,2026-09-03T18:02:20.978Z,14200.0,10650.0,Lum,C2025N1,,424.0,43.0,fix1,local,25.1677,0.0013,184.0,A100 (80 GB),2026-09-03 18:02:20.978000+00:00
lenovo_tttserver,A100-SXM4-80GB,"3.12.3 (main, Mar  3 2026, 12:15:18) [GCC 13.3.0]",py312_cuml_always,profiler_cuml_always_fix1,QHY411-3_Lum_131k,151.2,41.07423734664917,134206.0,2026-09-03T18:03:09.946Z,14200.0,10650.0,Lum,C2025N1,,424.0,43.0,fix1,local,25.1677,0.0013,184.0,A100 (80 GB),2026-09-03 18:03:09.946000+00:00
lenovo_tttserver,A100-SXM4-80GB,"3.12.3 (main, Mar  3 2026, 12:15:18) [GCC 13.3.0]",py312_cuml_adaptive,profiler_cuml_adaptive_fix1,QHY411-3_Lum_131k,151.2,38.678388595581055,134206.0,2026-09-03T18:05:35.494Z,14200.0,10650.0,Lum,C2025N1,,424.0,43.0,fix1,local,25.1677,0.0013,184.0,A100 (80 GB),2026-09-03 18:05:35.494000+00:00
lenovo_tttserver,A100-SXM4-80GB,"3.12.3 (main, Mar  3 2026, 12:15:18) [GCC 13.3.0]",py312_cuml_adaptive,profiler_cuml_adaptive_fix1,QHY411-3_Lum_131k,151.2,40.30869483947754,134206.0,2026-09-03T18:06:23.090Z,14200.0,10650.0,Lum,C2025N1,,424.0,43.0,fix1,local,25.1677,0.0013,184.0,A100 (80 GB),2026-09-03 18:06:23.090000+00:00
lenovo_tttserver,A100-SXM4-80GB,"3.12.3 (main, Mar  3 2026, 12:15:18) [GCC 13.3.0]",py312_cuml_adaptive,profiler_cuml_adaptive_fix1,QHY411-3_Lum_131k,151.2,39.64840435981751,134206.0,2026-09-03T18:07:11.126Z,14200.0,10650.0,Lum,C2025N1,,424.0,43.0,fix1,local,25.1677,0.0013,184.0,A100 (80 GB),2026-09-03 18:07:11.126000+00:00
lenovo_tttserver,A100-SXM4-80GB,"3.12.3 (main, Mar  3 2026, 12:15:18) [GCC 13.3.0]",py312_cuml_adaptive,profiler_cuml_adaptive_fix1,QHY411-3_Lum_131k,151.2,41.171581506729126,134206.0,2026-09-03T18:07:59.709Z,14200.0,10650.0,Lum,C2025N1,,424.0,43.0,fix1,local,25.1677,0.0013,184.0,A100 (80 GB),2026-09-03 18:07:59.709000+00:00
lenovo_tttserver,A100-SXM4-80GB,"3.12.3 (main, Mar  3 2026, 12:15:18) [GCC 13.3.0]",py312_cuml_adaptive,profiler_cuml_adaptive_fix1,QHY411-3_Lum_131k,151.2,43.55564045906067,134206.0,2026-09-03T18:08:51.916Z,14200.0,10650.0,Lum,C2025N1,,424.0,43.0,fix1,local,25.1677,0.0013,184.0,A100 (80 GB),2026-09-03 18:08:51.916000+00:00
lenovo_tttserver,A100-SXM4-80GB,"3.12.3 (main, Mar  3 2026, 12:15:18) [GCC 13.3.0]",py312_cuml_adaptive,profiler_cuml_adaptive_fix1,QHY411-3_Lum_131k,151.2,40.23499298095703,134206.0,2026-09-03T18:09:40.856Z,14200.0,10650.0,Lum,C2025N1,,424.0,43.0,fix1,local,25.1677,0.0013,184.0,A100 (80 GB),2026-09-03 18:09:40.856000+00:00
lenovo_tttserver,A100-SXM4-80GB,"3.12.3 (main, Mar  3 2026, 12:15:18) [GCC 13.3.0]",py312_cuml_adaptive,profiler_cuml_adaptive_fix1,QHY411-3_Lum_131k,151.2,40.89103007316589,134206.0,2026-09-03T18:10:30.373Z,14200.0,10650.0,Lum,C2025N1,,424.0,43.0,fix1,local,25.1677,0.0013,184.0,A100 (80 GB),2026-09-03 18:10:30.373000+00:00
lenovo_tttserver,A100-SXM4-80GB,"3.12.3 (main, Mar  3 2026, 12:15:18) [GCC 13.3.0]",py312_cuml_adaptive,profiler_cuml_adaptive_fix1,QHY411-3_Lum_131k,151.2,40.48617482185364,134206.0,2026-09-03T18:11:18.588Z,14200.0,10650.0,Lum,C2025N1,,424.0,43.0,fix1,local,25.1677,0.0013,184.0,A100 (80 GB),2026-09-03 18:11:18.588000+00:00
lenovo_tttserver,A100-SXM4-80GB,"3.12.3 (main, Mar  3 2026, 12:15:18) [GCC 13.3.0]",py312_cuml_adaptive,profiler_cuml_adaptive_fix1,QHY411-3_Lum_131k,151.2,39.16014909744263,134206.0,2026-09-03T18:12:05.401Z,14200.0,10650.0,Lum,C2025N1,,424.0,43.0,fix1,local,25.1677,0.0013,184.0,A100 (80 GB),2026-09-03 18:12:05.401000+00:00
lenovo_tttserver,A100-SXM4-80GB,"3.12.3 (main, Mar  3 2026, 12:15:18) [GCC 13.3.0]",py312_cuml_adaptive,profiler_cuml_adaptive_fix1,QHY411-3_Lum_131k,151.2,39.73887348175049,134206.0,2026-09-03T18:12:53.324Z,14200.0,10650.0,Lum,C2025N1,,424.0,43.0,fix1,local,25.1677,0.0013,184.0,A100 (80 GB),2026-09-03 18:12:53.324000+00:00
lenovo_tttserver,A100-SXM4-80GB,"3.12.3 (main, Mar  3 2026, 12:15:18) [GCC 13.3.0]",py312_cuml_always,profiler_cuml_always_fix1,QHY411-3_Lum_full,151.2,27.74807333946228,18712.0,2026-09-03T17:22:40.345Z,14200.0,10650.0,Lum,24P,,424.0,44.0,fix1,local,25.2253,0.0011,191.0,A100 (80 GB),2026-09-03 17:22:40.345000+00:00
lenovo_tttserver,A100-SXM4-80GB,"3.12.3 (main, Mar  3 2026, 12:15:18) [GCC 13.3.0]",py312_cuml_always,profiler_cuml_always_fix1,QHY411-3_Lum_full,151.2,27.15027093887329,18712.0,2026-09-03T17:23:14.622Z,14200.0,10650.0,Lum,24P,,424.0,44.0,fix1,local,25.2253,0.0011,191.0,A100 (80 GB),2026-09-03 17:23:14.622000+00:00
lenovo_tttserver,A100-SXM4-80GB,"3.12.3 (main, Mar  3 2026, 12:15:18) [GCC 13.3.0]",py312_cuml_always,profiler_cuml_always_fix1,QHY411-3_Lum_full,151.2,27.64110326766968,18712.0,2026-09-03T17:23:49.710Z,14200.0,10650.0,Lum,24P,,424.0,44.0,fix1,local,25.2253,0.0011,191.0,A100 (80 GB),2026-09-03 17:23:49.710000+00:00
lenovo_tttserver,A100-SXM4-80GB,"3.12.3 (main, Mar  3 2026, 12:15:18) [GCC 13.3.0]",py312_cuml_always,profiler_cuml_always_fix1,QHY411-3_Lum_full,151.2,30.21287679672241,18712.0,2026-09-03T17:24:28.355Z,14200.0,10650.0,Lum,24P,,424.0,44.0,fix1,local,25.2253,0.0011,191.0,A100 (80 GB),2026-09-03 17:24:28.355000+00:00
lenovo_tttserver,A100-SXM4-80GB,"3.12.3 (main, Mar  3 2026, 12:15:18) [GCC 13.3.0]",py312_cuml_always,profiler_cuml_always_fix1,QHY411-3_Lum_full,151.2,30.48040533065796,18712.0,2026-09-03T17:25:07.117Z,14200.0,10650.0,Lum,24P,,424.0,44.0,fix1,local,25.2253,0.0011,191.0,A100 (80 GB),2026-09-03 17:25:07.117000+00:00
lenovo_tttserver,A100-SXM4-80GB,"3.12.3 (main, Mar  3 2026, 12:15:18) [GCC 13.3.0]",py312_cuml_always,profiler_cuml_always_fix1,QHY411-3_Lum_full,151.2,28.64826774597168,18712.0,2026-09-03T17:25:43.460Z,14200.0,10650.0,Lum,24P,,424.0,44.0,fix1,local,25.2253,0.0011,191.0,A100 (80 GB),2026-09-03 17:25:43.460000+00:00
lenovo_tttserver,A100-SXM4-80GB,"3.12.3 (main, Mar  3 2026, 12:15:18) [GCC 13.3.0]",py312_cuml_always,profiler_cuml_always_fix1,QHY411-3_Lum_full,151.2,31.04508900642395,18712.0,2026-09-03T17:26:22.470Z,14200.0,10650.0,Lum,24P,,424.0,44.0,fix1,local,25.2253,0.0011,191.0,A100 (80 GB),2026-09-03 17:26:22.470000+00:00
lenovo_tttserver,A100-SXM4-80GB,"3.12.3 (main, Mar  3 2026, 12:15:18) [GCC 13.3.0]",py312_cuml_always,profiler_cuml_always_fix1,QHY411-3_Lum_full,151.2,29.504064798355103,18712.0,2026-09-03T17:27:00.284Z,14200.0,10650.0,Lum,24P,,424.0,44.0,fix1,local,25.2253,0.0011,191.0,A100 (80 GB),2026-09-03 17:27:00.284000+00:00
lenovo_tttserver,A100-SXM4-80GB,"3.12.3 (main, Mar  3 2026, 12:15:18) [GCC 13.3.0]",py312_cuml_always,profiler_cuml_always_fix1,QHY411-3_Lum_full,151.2,28.30877184867859,18712.0,2026-09-03T17:27:37.832Z,14200.0,10650.0,Lum,24P,,424.0,43.0,fix1,local,25.2253,0.0011,191.0,A100 (80 GB),2026-09-03 17:27:37.832000+00:00
lenovo_tttserver,A100-SXM4-80GB,"3.12.3 (main, Mar  3 2026, 12:15:18) [GCC 13.3.0]",py312_cuml_adaptive,profiler_cuml_adaptive_fix1,QHY411-3_Lum_full,151.2,28.37070083618164,18712.0,2026-09-03T17:29:34.340Z,14200.0,10650.0,Lum,24P,,424.0,43.0,fix1,local,25.2253,0.0011,191.0,A100 (80 GB),2026-09-03 17:29:34.340000+00:00
lenovo_tttserver,A100-SXM4-80GB,"3.12.3 (main, Mar  3 2026, 12:15:18) [GCC 13.3.0]",py312_cuml_adaptive,profiler_cuml_adaptive_fix1,QHY411-3_Lum_full,151.2,30.55400443077088,18712.0,2026-09-03T17:30:13.446Z,14200.0,10650.0,Lum,24P,,424.0,43.0,fix1,local,25.2253,0.0011,191.0,A100 (80 GB),2026-09-03 17:30:13.446000+00:00
lenovo_tttserver,A100-SXM4-80GB,"3.12.3 (main, Mar  3 2026, 12:15:18) [GCC 13.3.0]",py312_cuml_adaptive,profiler_cuml_adaptive_fix1,QHY411-3_Lum_full,151.2,30.476052045822144,18712.0,2026-09-03T17:30:51.686Z,14200.0,10650.0,Lum,24P,,424.0,43.0,fix1,local,25.2253,0.0011,191.0,A100 (80 GB),2026-09-03 17:30:51.686000+00:00
lenovo_tttserver,A100-SXM4-80GB,"3.12.3 (main, Mar  3 2026, 12:15:18) [GCC 13.3.0]",py312_cuml_adaptive,profiler_cuml_adaptive_fix1,QHY411-3_Lum_full,151.2,29.478932857513428,18712.0,2026-09-03T17:31:30.139Z,14200.0,10650.0,Lum,24P,,424.0,43.0,fix1,local,25.2253,0.0011,191.0,A100 (80 GB),2026-09-03 17:31:30.139000+00:00
lenovo_tttserver,A100-SXM4-80GB,"3.12.3 (main, Mar  3 2026, 12:15:18) [GCC 13.3.0]",py312_cuml_adaptive,profiler_cuml_adaptive_fix1,QHY411-3_Lum_full,151.2,29.96264171600341,18712.0,2026-09-03T17:32:07.974Z,14200.0,10650.0,Lum,24P,,424.0,43.0,fix1,local,25.2253,0.0011,191.0,A100 (80 GB),2026-09-03 17:32:07.974000+00:00
lenovo_tttserver,A100-SXM4-80GB,"3.12.3 (main, Mar  3 2026, 12:15:18) [GCC 13.3.0]",py312_cuml_adaptive,profiler_cuml_adaptive_fix1,QHY411-3_Lum_full,151.2,29.629208087921143,18712.0,2026-09-03T17:32:44.853Z,14200.0,10650.0,Lum,24P,,424.0,43.0,fix1,local,25.2253,0.0011,191.0,A100 (80 GB),2026-09-03 17:32:44.853000+00:00
lenovo_tttserver,A100-SXM4-80GB,"3.12.3 (main, Mar  3 2026, 12:15:18) [GCC 13.3.0]",py312_cuml_adaptive,profiler_cuml_adaptive_fix1,QHY411-3_Lum_full,151.2,28.147546529769897,18712.0,2026-09-03T17:33:21.664Z,14200.0,10650.0,Lum,24P,,424.0,43.0,fix1,local,25.2253,0.0011,191.0,A100 (80 GB),2026-09-03 17:33:21.664000+00:00
lenovo_tttserver,A100-SXM4-80GB,"3.12.3 (main, Mar  3 2026, 12:15:18) [GCC 13.3.0]",py312_cuml_adaptive,profiler_cuml_adaptive_fix1,QHY411-3_Lum_full,151.2,31.2814998626709,18712.0,2026-09-03T17:34:00.902Z,14200.0,10650.0,Lum,24P,,424.0,43.0,fix1,local,25.2253,0.0011,191.0,A100 (80 GB),2026-09-03 17:34:00.902000+00:00
lenovo_tttserver,A100-SXM4-80GB,"3.12.3 (main, Mar  3 2026, 12:15:18) [GCC 13.3.0]",py312_cuml_adaptive,profiler_cuml_adaptive_fix1,QHY411-3_Lum_full,151.2,29.664913415908813,18712.0,2026-09-03T17:34:38.200Z,14200.0,10650.0,Lum,24P,,424.0,43.0,fix1,local,25.2253,0.0011,191.0,A100 (80 GB),2026-09-03 17:34:38.200000+00:00
lenovo_tttserver,A100-SXM4-80GB,"3.12.3 (main, Mar  3 2026, 12:15:18) [GCC 13.3.0]",py312_cuml_adaptive,profiler_cuml_adaptive_fix1,QHY411-3_Lum_full,151.2,28.337980270385746,18712.0,2026-09-03T17:35:15.169Z,14200.0,10650.0,Lum,24P,,424.0,43.0,fix1,local,25.2253,0.0011,191.0,A100 (80 GB),2026-09-03 17:35:15.169000+00:00
lenovo_tttserver,A100-SXM4-80GB,"3.12.3 (main, Mar  3 2026, 12:15:18) [GCC 13.3.0]",py312_cuml_always,profiler_cuml_always_fix1,QHY411-3_SDSSg_10k,151.2,26.856577396392822,10168.0,2026-09-03T14:01:54.131Z,14200.0,10650.0,SDSSg,M106,,424.0,44.0,fix1,local,24.5599,0.0017,141.0,A100 (80 GB),2026-09-03 14:01:54.131000+00:00
lenovo_tttserver,A100-SXM4-80GB,"3.12.3 (main, Mar  3 2026, 12:15:18) [GCC 13.3.0]",py312_cuml_always,profiler_cuml_always_fix1,QHY411-3_SDSSg_10k,151.2,26.31241464614868,10168.0,2026-09-03T14:02:28.004Z,14200.0,10650.0,SDSSg,M106,,424.0,44.0,fix1,local,24.5599,0.0017,141.0,A100 (80 GB),2026-09-03 14:02:28.004000+00:00
lenovo_tttserver,A100-SXM4-80GB,"3.12.3 (main, Mar  3 2026, 12:15:18) [GCC 13.3.0]",py312_cuml_always,profiler_cuml_always_fix1,QHY411-3_SDSSg_10k,151.2,26.710059881210327,10168.0,2026-09-03T14:03:02.750Z,14200.0,10650.0,SDSSg,M106,,424.0,44.0,fix1,local,24.5599,0.0017,141.0,A100 (80 GB),2026-09-03 14:03:02.750000+00:00
lenovo_tttserver,A100-SXM4-80GB,"3.12.3 (main, Mar  3 2026, 12:15:18) [GCC 13.3.0]",py312_cuml_always,profiler_cuml_always_fix1,QHY411-3_SDSSg_10k,151.2,26.481407403945923,10168.0,2026-09-03T14:04:19.165Z,14200.0,10650.0,SDSSg,M106,,424.0,44.0,fix1,local,24.5599,0.0017,141.0,A100 (80 GB),2026-09-03 14:04:19.165000+00:00
lenovo_tttserver,A100-SXM4-80GB,"3.12.3 (main, Mar  3 2026, 12:15:18) [GCC 13.3.0]",py312_cuml_always,profiler_cuml_always_fix1,QHY411-3_SDSSg_10k,151.2,24.4771990776062,10168.0,2026-09-03T14:08:56.560Z,14200.0,10650.0,SDSSg,M106,,424.0,44.0,fix1,local,24.5599,0.0017,141.0,A100 (80 GB),2026-09-03 14:08:56.560000+00:00
lenovo_tttserver,A100-SXM4-80GB,"3.12.3 (main, Mar  3 2026, 12:15:18) [GCC 13.3.0]",py312_cuml_always,profiler_cuml_always_fix1,QHY411-3_SDSSg_10k,151.2,26.447874784469604,10168.0,2026-09-03T14:09:30.454Z,14200.0,10650.0,SDSSg,M106,,424.0,44.0,fix1,local,24.5599,0.0017,141.0,A100 (80 GB),2026-09-03 14:09:30.454000+00:00
lenovo_tttserver,A100-SXM4-80GB,"3.12.3 (main, Mar  3 2026, 12:15:18) [GCC 13.3.0]",py312_cuml_always,profiler_cuml_always_fix1,QHY411-3_SDSSg_10k,151.2,25.31775593757629,10168.0,2026-09-03T14:10:44.626Z,14200.0,10650.0,SDSSg,M106,,424.0,44.0,fix1,local,24.5599,0.0017,141.0,A100 (80 GB),2026-09-03 14:10:44.626000+00:00
lenovo_tttserver,A100-SXM4-80GB,"3.12.3 (main, Mar  3 2026, 12:15:18) [GCC 13.3.0]",py312_cuml_adaptive,profiler_cuml_adaptive_fix1,QHY411-3_SDSSg_10k,151.2,26.73426914215088,10168.0,2026-09-03T13:54:44.192Z,14200.0,10650.0,SDSSg,M106,,424.0,44.0,fix1,local,24.5599,0.0017,141.0,A100 (80 GB),2026-09-03 13:54:44.192000+00:00
lenovo_tttserver,A100-SXM4-80GB,"3.12.3 (main, Mar  3 2026, 12:15:18) [GCC 13.3.0]",py312_cuml_adaptive,profiler_cuml_adaptive_fix1,QHY411-3_SDSSg_10k,151.2,25.654258012771606,10168.0,2026-09-03T13:55:16.508Z,14200.0,10650.0,SDSSg,M106,,424.0,44.0,fix1,local,24.5599,0.0017,141.0,A100 (80 GB),2026-09-03 13:55:16.508000+00:00
lenovo_tttserver,A100-SXM4-80GB,"3.12.3 (main, Mar  3 2026, 12:15:18) [GCC 13.3.0]",py312_cuml_adaptive,profiler_cuml_adaptive_fix1,QHY411-3_SDSSg_10k,151.2,27.729841470718384,10168.0,2026-09-03T13:55:52.320Z,14200.0,10650.0,SDSSg,M106,,424.0,44.0,fix1,local,24.5599,0.0017,141.0,A100 (80 GB),2026-09-03 13:55:52.320000+00:00
lenovo_tttserver,A100-SXM4-80GB,"3.12.3 (main, Mar  3 2026, 12:15:18) [GCC 13.3.0]",py312_cuml_adaptive,profiler_cuml_adaptive_fix1,QHY411-3_SDSSg_10k,151.2,27.39685440063477,10168.0,2026-09-03T13:56:28.476Z,14200.0,10650.0,SDSSg,M106,,424.0,44.0,fix1,local,24.5599,0.0017,141.0,A100 (80 GB),2026-09-03 13:56:28.476000+00:00
lenovo_tttserver,A100-SXM4-80GB,"3.12.3 (main, Mar  3 2026, 12:15:18) [GCC 13.3.0]",py312_cuml_adaptive,profiler_cuml_adaptive_fix1,QHY411-3_SDSSg_10k,151.2,28.26605582237244,10168.0,2026-09-03T13:57:05.362Z,14200.0,10650.0,SDSSg,M106,,424.0,44.0,fix1,local,24.5599,0.0017,141.0,A100 (80 GB),2026-09-03 13:57:05.362000+00:00
lenovo_tttserver,A100-SXM4-80GB,"3.12.3 (main, Mar  3 2026, 12:15:18) [GCC 13.3.0]",py312_cuml_adaptive,profiler_cuml_adaptive_fix1,QHY411-3_SDSSg_10k,151.2,27.667465686798096,10168.0,2026-09-03T13:57:40.949Z,14200.0,10650.0,SDSSg,M106,,424.0,44.0,fix1,local,24.5599,0.0017,141.0,A100 (80 GB),2026-09-03 13:57:40.949000+00:00
lenovo_tttserver,A100-SXM4-80GB,"3.12.3 (main, Mar  3 2026, 12:15:18) [GCC 13.3.0]",py312_cuml_adaptive,profiler_cuml_adaptive_fix1,QHY411-3_SDSSg_10k,151.2,28.08115005493164,10168.0,2026-09-03T13:58:17.096Z,14200.0,10650.0,SDSSg,M106,,424.0,44.0,fix1,local,24.5599,0.0017,141.0,A100 (80 GB),2026-09-03 13:58:17.096000+00:00
lenovo_tttserver,A100-SXM4-80GB,"3.12.3 (main, Mar  3 2026, 12:15:18) [GCC 13.3.0]",py312_cuml_adaptive,profiler_cuml_adaptive_fix1,QHY411-3_SDSSg_10k,151.2,28.231611728668213,10168.0,2026-09-03T13:58:53.680Z,14200.0,10650.0,SDSSg,M106,,424.0,44.0,fix1,local,24.5599,0.0017,141.0,A100 (80 GB),2026-09-03 13:58:53.680000+00:00
lenovo_tttserver,A100-SXM4-80GB,"3.12.3 (main, Mar  3 2026, 12:15:18) [GCC 13.3.0]",py312_cuml_adaptive,profiler_cuml_adaptive_fix1,QHY411-3_SDSSg_10k,151.2,27.902654886245728,10168.0,2026-09-03T13:59:29.403Z,14200.0,10650.0,SDSSg,M106,,424.0,44.0,fix1,local,24.5599,0.0017,141.0,A100 (80 GB),2026-09-03 13:59:29.403000+00:00
lenovo_tttserver,A100-SXM4-80GB,"3.12.3 (main, Mar  3 2026, 12:15:18) [GCC 13.3.0]",py312_cuml_adaptive,profiler_cuml_adaptive_fix1,QHY411-3_SDSSg_10k,151.2,27.60253620147705,10168.0,2026-09-03T14:00:05.312Z,14200.0,10650.0,SDSSg,M106,,424.0,44.0,fix1,local,24.5599,0.0017,141.0,A100 (80 GB),2026-09-03 14:00:05.312000+00:00
lenovo_tttserver,A100-SXM4-80GB,"3.12.3 (main, Mar  3 2026, 12:15:18) [GCC 13.3.0]",py312_cuml_always,profiler_cuml_always_fix1,QHY411-3_SDSSr_19k,151.2,27.39422106742859,19492.0,2026-09-03T14:15:56.511Z,14200.0,10650.0,SDSSr,NGC2683,,424.0,44.0,fix1,local,24.0561,0.0013,187.0,A100 (80 GB),2026-09-03 14:15:56.511000+00:00
lenovo_tttserver,A100-SXM4-80GB,"3.12.3 (main, Mar  3 2026, 12:15:18) [GCC 13.3.0]",py312_cuml_always,profiler_cuml_always_fix1,QHY411-3_SDSSr_19k,151.2,27.14063167572021,19492.0,2026-09-03T14:16:30.631Z,14200.0,10650.0,SDSSr,NGC2683,,424.0,44.0,fix1,local,24.0561,0.0013,187.0,A100 (80 GB),2026-09-03 14:16:30.631000+00:00
lenovo_tttserver,A100-SXM4-80GB,"3.12.3 (main, Mar  3 2026, 12:15:18) [GCC 13.3.0]",py312_cuml_always,profiler_cuml_always_fix1,QHY411-3_SDSSr_19k,151.2,26.865100383758545,19492.0,2026-09-03T14:17:04.392Z,14200.0,10650.0,SDSSr,NGC2683,,424.0,44.0,fix1,local,24.0561,0.0013,187.0,A100 (80 GB),2026-09-03 14:17:04.392000+00:00
lenovo_tttserver,A100-SXM4-80GB,"3.12.3 (main, Mar  3 2026, 12:15:18) [GCC 13.3.0]",py312_cuml_always,profiler_cuml_always_fix1,QHY411-3_SDSSr_19k,151.2,27.476232290267944,19492.0,2026-09-03T14:17:38.303Z,14200.0,10650.0,SDSSr,NGC2683,,424.0,44.0,fix1,local,24.0561,0.0013,187.0,A100 (80 GB),2026-09-03 14:17:38.303000+00:00
lenovo_tttserver,A100-SXM4-80GB,"3.12.3 (main, Mar  3 2026, 12:15:18) [GCC 13.3.0]",py312_cuml_always,profiler_cuml_always_fix1,QHY411-3_SDSSr_19k,151.2,27.91111469268799,19492.0,2026-09-03T14:18:13.832Z,14200.0,10650.0,SDSSr,NGC2683,,424.0,44.0,fix1,local,24.0561,0.0013,187.0,A100 (80 GB),2026-09-03 14:18:13.832000+00:00
lenovo_tttserver,A100-SXM4-80GB,"3.12.3 (main, Mar  3 2026, 12:15:18) [GCC 13.3.0]",py312_cuml_always,profiler_cuml_always_fix1,QHY411-3_SDSSr_19k,151.2,28.01063108444214,19492.0,2026-09-03T14:18:48.704Z,14200.0,10650.0,SDSSr,NGC2683,,424.0,45.0,fix1,local,24.0561,0.0013,187.0,A100 (80 GB),2026-09-03 14:18:48.704000+00:00
lenovo_tttserver,A100-SXM4-80GB,"3.12.3 (main, Mar  3 2026, 12:15:18) [GCC 13.3.0]",py312_cuml_always,profiler_cuml_always_fix1,QHY411-3_SDSSr_19k,151.2,27.7763466835022,19492.0,2026-09-03T14:19:23.552Z,14200.0,10650.0,SDSSr,NGC2683,,424.0,44.0,fix1,local,24.0561,0.0013,187.0,A100 (80 GB),2026-09-03 14:19:23.552000+00:00
lenovo_tttserver,A100-SXM4-80GB,"3.12.3 (main, Mar  3 2026, 12:15:18) [GCC 13.3.0]",py312_cuml_adaptive,profiler_cuml_adaptive_fix1,QHY411-3_SDSSr_19k,151.2,26.55906367301941,19492.0,2026-09-03T14:21:09.909Z,14200.0,10650.0,SDSSr,NGC2683,,424.0,44.0,fix1,local,24.0561,0.0013,187.0,A100 (80 GB),2026-09-03 14:21:09.909000+00:00
lenovo_tttserver,A100-SXM4-80GB,"3.12.3 (main, Mar  3 2026, 12:15:18) [GCC 13.3.0]",py312_cuml_adaptive,profiler_cuml_adaptive_fix1,QHY411-3_SDSSr_19k,151.2,27.01486611366272,19492.0,2026-09-03T14:21:44.424Z,14200.0,10650.0,SDSSr,NGC2683,,424.0,44.0,fix1,local,24.0561,0.0013,187.0,A100 (80 GB),2026-09-03 14:21:44.424000+00:00
lenovo_tttserver,A100-SXM4-80GB,"3.12.3 (main, Mar  3 2026, 12:15:18) [GCC 13.3.0]",py312_cuml_adaptive,profiler_cuml_adaptive_fix1,QHY411-3_SDSSr_19k,151.2,27.348881006240845,19492.0,2026-09-03T14:22:18.248Z,14200.0,10650.0,SDSSr,NGC2683,,424.0,45.0,fix1,local,24.0561,0.0013,187.0,A100 (80 GB),2026-09-03 14:22:18.248000+00:00
lenovo_tttserver,A100-SXM4-80GB,"3.12.3 (main, Mar  3 2026, 12:15:18) [GCC 13.3.0]",py312_cuml_adaptive,profiler_cuml_adaptive_fix1,QHY411-3_SDSSr_19k,151.2,27.765092372894287,19492.0,2026-09-03T14:22:53.091Z,14200.0,10650.0,SDSSr,NGC2683,,424.0,44.0,fix1,local,24.0561,0.0013,187.0,A100 (80 GB),2026-09-03 14:22:53.091000+00:00
lenovo_tttserver,A100-SXM4-80GB,"3.12.3 (main, Mar  3 2026, 12:15:18) [GCC 13.3.0]",py312_cuml_adaptive,profiler_cuml_adaptive_fix1,QHY411-3_SDSSr_19k,151.2,28.107813119888306,19492.0,2026-09-03T14:23:27.679Z,14200.0,10650.0,SDSSr,NGC2683,,424.0,45.0,fix1,local,24.0561,0.0013,187.0,A100 (80 GB),2026-09-03 14:23:27.679000+00:00
lenovo_tttserver,A100-SXM4-80GB,"3.12.3 (main, Mar  3 2026, 12:15:18) [GCC 13.3.0]",py312_cuml_adaptive,profiler_cuml_adaptive_fix1,QHY411-3_SDSSr_19k,151.2,26.66198468208313,19492.0,2026-09-03T14:24:01.865Z,14200.0,10650.0,SDSSr,NGC2683,,424.0,44.0,fix1,local,24.0561,0.0013,187.0,A100 (80 GB),2026-09-03 14:24:01.865000+00:00
lenovo_tttserver,A100-SXM4-80GB,"3.12.3 (main, Mar  3 2026, 12:15:18) [GCC 13.3.0]",py312_cuml_adaptive,profiler_cuml_adaptive_fix1,QHY411-3_SDSSr_19k,151.2,28.22249174118042,19492.0,2026-09-03T14:24:36.521Z,14200.0,10650.0,SDSSr,NGC2683,,424.0,45.0,fix1,local,24.0561,0.0013,187.0,A100 (80 GB),2026-09-03 14:24:36.521000+00:00
lenovo_tttserver,A100-SXM4-80GB,"3.12.3 (main, Mar  3 2026, 12:15:18) [GCC 13.3.0]",py312_cuml_adaptive,profiler_cuml_adaptive_fix1,QHY411-3_SDSSr_19k,151.2,26.44488954544068,19492.0,2026-09-03T14:25:10.224Z,14200.0,10650.0,SDSSr,NGC2683,,424.0,45.0,fix1,local,24.0561,0.0013,187.0,A100 (80 GB),2026-09-03 14:25:10.224000+00:00
lenovo_tttserver,A100-SXM4-80GB,"3.12.3 (main, Mar  3 2026, 12:15:18) [GCC 13.3.0]",py312_cuml_adaptive,profiler_cuml_adaptive_fix1,QHY411-3_SDSSr_19k,151.2,26.37297439575196,19492.0,2026-09-03T14:25:43.261Z,14200.0,10650.0,SDSSr,NGC2683,,424.0,45.0,fix1,local,24.0561,0.0013,187.0,A100 (80 GB),2026-09-03 14:25:43.261000+00:00
lenovo_tttserver,A100-SXM4-80GB,"3.12.3 (main, Mar  3 2026, 12:15:18) [GCC 13.3.0]",py312_cuml_adaptive,profiler_cuml_adaptive_fix1,QHY411-3_SDSSr_19k,151.2,29.02530598640442,19492.0,2026-09-03T14:26:19.358Z,14200.0,10650.0,SDSSr,NGC2683,,424.0,45.0,fix1,local,24.0561,0.0013,187.0,A100 (80 GB),2026-09-03 14:26:19.358000+00:00
lenovo_tttserver,A100-SXM4-80GB,"3.12.3 (main, Mar  3 2026, 12:15:18) [GCC 13.3.0]",py312_cuml_always,profiler_cuml_always_fix1,QHY411-3_SDSSr_full,151.2,28.624123334884644,15390.0,2026-09-03T17:45:03.871Z,14200.0,10650.0,SDSSr,M81,,424.0,43.0,fix1,local,24.0872,0.0011,184.0,A100 (80 GB),2026-09-03 17:45:03.871000+00:00
lenovo_tttserver,A100-SXM4-80GB,"3.12.3 (main, Mar  3 2026, 12:15:18) [GCC 13.3.0]",py312_cuml_always,profiler_cuml_always_fix1,QHY411-3_SDSSr_full,151.2,30.35687708854676,15390.0,2026-09-03T17:45:43.110Z,14200.0,10650.0,SDSSr,M81,,424.0,43.0,fix1,local,24.0872,0.0011,184.0,A100 (80 GB),2026-09-03 17:45:43.110000+00:00
lenovo_tttserver,A100-SXM4-80GB,"3.12.3 (main, Mar  3 2026, 12:15:18) [GCC 13.3.0]",py312_cuml_always,profiler_cuml_always_fix1,QHY411-3_SDSSr_full,151.2,30.053411960601807,15390.0,2026-09-03T17:46:21.745Z,14200.0,10650.0,SDSSr,M81,,424.0,43.0,fix1,local,24.0872,0.0011,184.0,A100 (80 GB),2026-09-03 17:46:21.745000+00:00
lenovo_tttserver,A100-SXM4-80GB,"3.12.3 (main, Mar  3 2026, 12:15:18) [GCC 13.3.0]",py312_cuml_always,profiler_cuml_always_fix1,QHY411-3_SDSSr_full,151.2,28.019571542739868,15390.0,2026-09-03T17:46:56.631Z,14200.0,10650.0,SDSSr,M81,,424.0,43.0,fix1,local,24.0872,0.0011,184.0,A100 (80 GB),2026-09-03 17:46:56.631000+00:00
lenovo_tttserver,A100-SXM4-80GB,"3.12.3 (main, Mar  3 2026, 12:15:18) [GCC 13.3.0]",py312_cuml_always,profiler_cuml_always_fix1,QHY411-3_SDSSr_full,151.2,29.258687496185303,15390.0,2026-09-03T17:47:34.461Z,14200.0,10650.0,SDSSr,M81,,424.0,43.0,fix1,local,24.0872,0.0011,184.0,A100 (80 GB),2026-09-03 17:47:34.461000+00:00
lenovo_tttserver,A100-SXM4-80GB,"3.12.3 (main, Mar  3 2026, 12:15:18) [GCC 13.3.0]",py312_cuml_always,profiler_cuml_always_fix1,QHY411-3_SDSSr_full,151.2,30.24932217597961,15390.0,2026-09-03T17:48:12.423Z,14200.0,10650.0,SDSSr,M81,,424.0,43.0,fix1,local,24.0872,0.0011,184.0,A100 (80 GB),2026-09-03 17:48:12.423000+00:00
lenovo_tttserver,A100-SXM4-80GB,"3.12.3 (main, Mar  3 2026, 12:15:18) [GCC 13.3.0]",py312_cuml_always,profiler_cuml_always_fix1,QHY411-3_SDSSr_full,151.2,28.19945359230041,15390.0,2026-09-03T17:48:48.622Z,14200.0,10650.0,SDSSr,M81,,424.0,43.0,fix1,local,24.0872,0.0011,184.0,A100 (80 GB),2026-09-03 17:48:48.622000+00:00
lenovo_tttserver,A100-SXM4-80GB,"3.12.3 (main, Mar  3 2026, 12:15:18) [GCC 13.3.0]",py312_cuml_always,profiler_cuml_always_fix1,QHY411-3_SDSSr_full,151.2,29.79754877090454,15390.0,2026-09-03T17:49:26.554Z,14200.0,10650.0,SDSSr,M81,,424.0,43.0,fix1,local,24.0872,0.0011,184.0,A100 (80 GB),2026-09-03 17:49:26.554000+00:00
lenovo_tttserver,A100-SXM4-80GB,"3.12.3 (main, Mar  3 2026, 12:15:18) [GCC 13.3.0]",py312_cuml_always,profiler_cuml_always_fix1,QHY411-3_SDSSr_full,151.2,29.84198021888733,15390.0,2026-09-03T17:50:04.810Z,14200.0,10650.0,SDSSr,M81,,424.0,43.0,fix1,local,24.0872,0.0011,184.0,A100 (80 GB),2026-09-03 17:50:04.810000+00:00
lenovo_tttserver,A100-SXM4-80GB,"3.12.3 (main, Mar  3 2026, 12:15:18) [GCC 13.3.0]",py312_cuml_always,profiler_cuml_always_fix1,QHY411-3_SDSSr_full,151.2,28.930415868759155,15390.0,2026-09-03T17:50:41.519Z,14200.0,10650.0,SDSSr,M81,,424.0,43.0,fix1,local,24.0872,0.0011,184.0,A100 (80 GB),2026-09-03 17:50:41.519000+00:00
lenovo_tttserver,A100-SXM4-80GB,"3.12.3 (main, Mar  3 2026, 12:15:18) [GCC 13.3.0]",py312_cuml_adaptive,profiler_cuml_adaptive_fix1,QHY411-3_SDSSr_full,151.2,28.52349805831909,15390.0,2026-09-03T17:37:18.566Z,14200.0,10650.0,SDSSr,M81,,424.0,43.0,fix1,local,24.0872,0.0011,184.0,A100 (80 GB),2026-09-03 17:37:18.566000+00:00
lenovo_tttserver,A100-SXM4-80GB,"3.12.3 (main, Mar  3 2026, 12:15:18) [GCC 13.3.0]",py312_cuml_adaptive,profiler_cuml_adaptive_fix1,QHY411-3_SDSSr_full,151.2,31.22294449806213,15390.0,2026-09-03T17:37:57.828Z,14200.0,10650.0,SDSSr,M81,,424.0,43.0,fix1,local,24.0872,0.0011,184.0,A100 (80 GB),2026-09-03 17:37:57.828000+00:00
lenovo_tttserver,A100-SXM4-80GB,"3.12.3 (main, Mar  3 2026, 12:15:18) [GCC 13.3.0]",py312_cuml_adaptive,profiler_cuml_adaptive_fix1,QHY411-3_SDSSr_full,151.2,30.01123714447021,15390.0,2026-09-03T17:38:35.962Z,14200.0,10650.0,SDSSr,M81,,424.0,43.0,fix1,local,24.0872,0.0011,184.0,A100 (80 GB),2026-09-03 17:38:35.962000+00:00
lenovo_tttserver,A100-SXM4-80GB,"3.12.3 (main, Mar  3 2026, 12:15:18) [GCC 13.3.0]",py312_cuml_adaptive,profiler_cuml_adaptive_fix1,QHY411-3_SDSSr_full,151.2,28.600552320480347,15390.0,2026-09-03T17:39:12.416Z,14200.0,10650.0,SDSSr,M81,,424.0,43.0,fix1,local,24.0872,0.0011,184.0,A100 (80 GB),2026-09-03 17:39:12.416000+00:00
lenovo_tttserver,A100-SXM4-80GB,"3.12.3 (main, Mar  3 2026, 12:15:18) [GCC 13.3.0]",py312_cuml_adaptive,profiler_cuml_adaptive_fix1,QHY411-3_SDSSr_full,151.2,29.647685050964355,15390.0,2026-09-03T17:39:50.831Z,14200.0,10650.0,SDSSr,M81,,424.0,43.0,fix1,local,24.0872,0.0011,184.0,A100 (80 GB),2026-09-03 17:39:50.831000+00:00
lenovo_tttserver,A100-SXM4-80GB,"3.12.3 (main, Mar  3 2026, 12:15:18) [GCC 13.3.0]",py312_cuml_adaptive,profiler_cuml_adaptive_fix1,QHY411-3_SDSSr_full,151.2,29.850221872329712,15390.0,2026-09-03T17:41:17.559Z,14200.0,10650.0,SDSSr,M81,,424.0,43.0,fix1,local,24.0872,0.0011,184.0,A100 (80 GB),2026-09-03 17:41:17.559000+00:00
lenovo_tttserver,A100-SXM4-80GB,"3.12.3 (main, Mar  3 2026, 12:15:18) [GCC 13.3.0]",py312_cuml_adaptive,profiler_cuml_adaptive_fix1,QHY411-3_SDSSr_full,151.2,29.533043146133423,15390.0,2026-09-03T17:41:55.029Z,14200.0,10650.0,SDSSr,M81,,424.0,43.0,fix1,local,24.0872,0.0011,184.0,A100 (80 GB),2026-09-03 17:41:55.029000+00:00
lenovo_tttserver,A100-SXM4-80GB,"3.12.3 (main, Mar  3 2026, 12:15:18) [GCC 13.3.0]",py312_cuml_adaptive,profiler_cuml_adaptive_fix1,QHY411-3_SDSSr_full,151.2,30.2773380279541,15390.0,2026-09-03T17:42:33.214Z,14200.0,10650.0,SDSSr,M81,,424.0,43.0,fix1,local,24.0872,0.0011,184.0,A100 (80 GB),2026-09-03 17:42:33.214000+00:00
lenovo_tttserver,A100-SXM4-80GB,"3.12.3 (main, Mar  3 2026, 12:15:18) [GCC 13.3.0]",py312_cuml_adaptive,profiler_cuml_adaptive_fix1,QHY411-3_SDSSr_full,151.2,28.78092217445373,15390.0,2026-09-03T17:43:09.113Z,14200.0,10650.0,SDSSr,M81,,424.0,43.0,fix1,local,24.0872,0.0011,184.0,A100 (80 GB),2026-09-03 17:43:09.113000+00:00
lenovo_tttserver,A100-SXM4-80GB,"3.12.3 (main, Mar  3 2026, 12:15:18) [GCC 13.3.0]",py312_cuml_always,profiler_cuml_always_fix1,QHY600-3_Lum,6.8,6.498594284057617,8093.0,2026-09-03T12:08:56.187Z,3191.0,2129.0,Lum,C2025R2,,424.0,41.0,fix1,local,26.8056,0.0082,8.0,A100 (80 GB),2026-09-03 12:08:56.187000+00:00
lenovo_tttserver,A100-SXM4-80GB,"3.12.3 (main, Mar  3 2026, 12:15:18) [GCC 13.3.0]",py312_cuml_always,profiler_cuml_always_fix1,QHY600-3_Lum,6.8,7.501942873001099,8093.0,2026-09-03T12:09:11.334Z,3191.0,2129.0,Lum,C2025R2,,424.0,41.0,fix1,local,26.8056,0.0082,8.0,A100 (80 GB),2026-09-03 12:09:11.334000+00:00
lenovo_tttserver,A100-SXM4-80GB,"3.12.3 (main, Mar  3 2026, 12:15:18) [GCC 13.3.0]",py312_cuml_always,profiler_cuml_always_fix1,QHY600-3_Lum,6.8,7.012089252471924,8093.0,2026-09-03T12:09:26.974Z,3191.0,2129.0,Lum,C2025R2,,424.0,41.0,fix1,local,26.8056,0.0082,8.0,A100 (80 GB),2026-09-03 12:09:26.974000+00:00
lenovo_tttserver,A100-SXM4-80GB,"3.12.3 (main, Mar  3 2026, 12:15:18) [GCC 13.3.0]",py312_cuml_always,profiler_cuml_always_fix1,QHY600-3_Lum,6.8,7.310235023498535,8093.0,2026-09-03T12:09:41.460Z,3191.0,2129.0,Lum,C2025R2,,424.0,41.0,fix1,local,26.8056,0.0082,8.0,A100 (80 GB),2026-09-03 12:09:41.460000+00:00
lenovo_tttserver,A100-SXM4-80GB,"3.12.3 (main, Mar  3 2026, 12:15:18) [GCC 13.3.0]",py312_cuml_always,profiler_cuml_always_fix1,QHY600-3_Lum,6.8,7.724335670471191,8093.0,2026-09-03T12:09:56.501Z,3191.0,2129.0,Lum,C2025R2,,424.0,41.0,fix1,local,26.8056,0.0082,8.0,A100 (80 GB),2026-09-03 12:09:56.501000+00:00
lenovo_tttserver,A100-SXM4-80GB,"3.12.3 (main, Mar  3 2026, 12:15:18) [GCC 13.3.0]",py312_cuml_always,profiler_cuml_always_fix1,QHY600-3_Lum,6.8,6.8948609828948975,8093.0,2026-09-03T12:10:11.230Z,3191.0,2129.0,Lum,C2025R2,,424.0,41.0,fix1,local,26.8056,0.0082,8.0,A100 (80 GB),2026-09-03 12:10:11.230000+00:00
lenovo_tttserver,A100-SXM4-80GB,"3.12.3 (main, Mar  3 2026, 12:15:18) [GCC 13.3.0]",py312_cuml_always,profiler_cuml_always_fix1,QHY600-3_Lum,6.8,7.498326778411865,8093.0,2026-09-03T12:10:26.565Z,3191.0,2129.0,Lum,C2025R2,,424.0,41.0,fix1,local,26.8056,0.0082,8.0,A100 (80 GB),2026-09-03 12:10:26.565000+00:00
lenovo_tttserver,A100-SXM4-80GB,"3.12.3 (main, Mar  3 2026, 12:15:18) [GCC 13.3.0]",py312_cuml_always,profiler_cuml_always_fix1,QHY600-3_Lum,6.8,7.668213844299316,8093.0,2026-09-03T12:10:42.445Z,3191.0,2129.0,Lum,C2025R2,,424.0,41.0,fix1,local,26.8056,0.0082,8.0,A100 (80 GB),2026-09-03 12:10:42.445000+00:00
lenovo_tttserver,A100-SXM4-80GB,"3.12.3 (main, Mar  3 2026, 12:15:18) [GCC 13.3.0]",py312_cuml_always,profiler_cuml_always_fix1,QHY600-3_Lum,6.8,7.719560623168945,8093.0,2026-09-03T12:10:57.161Z,3191.0,2129.0,Lum,C2025R2,,424.0,41.0,fix1,local,26.8056,0.0082,8.0,A100 (80 GB),2026-09-03 12:10:57.161000+00:00
lenovo_tttserver,A100-SXM4-80GB,"3.12.3 (main, Mar  3 2026, 12:15:18) [GCC 13.3.0]",py312_cuml_always,profiler_cuml_always_fix1,QHY600-3_Lum,6.8,7.750925779342651,8093.0,2026-09-03T12:11:12.246Z,3191.0,2129.0,Lum,C2025R2,,424.0,41.0,fix1,local,26.8056,0.0082,8.0,A100 (80 GB),2026-09-03 12:11:12.246000+00:00
lenovo_tttserver,A100-SXM4-80GB,"3.12.3 (main, Mar  3 2026, 12:15:18) [GCC 13.3.0]",py312_cuml_adaptive,profiler_cuml_adaptive_fix1,QHY600-3_Lum,6.8,7.29423713684082,8093.0,2026-09-03T12:05:55.977Z,3191.0,2129.0,Lum,C2025R2,,424.0,41.0,fix1,local,26.8056,0.0082,8.0,A100 (80 GB),2026-09-03 12:05:55.977000+00:00
lenovo_tttserver,A100-SXM4-80GB,"3.12.3 (main, Mar  3 2026, 12:15:18) [GCC 13.3.0]",py312_cuml_adaptive,profiler_cuml_adaptive_fix1,QHY600-3_Lum,6.8,7.0253212451934814,8093.0,2026-09-03T12:06:10.311Z,3191.0,2129.0,Lum,C2025R2,,424.0,41.0,fix1,local,26.8056,0.0082,8.0,A100 (80 GB),2026-09-03 12:06:10.311000+00:00
lenovo_tttserver,A100-SXM4-80GB,"3.12.3 (main, Mar  3 2026, 12:15:18) [GCC 13.3.0]",py312_cuml_adaptive,profiler_cuml_adaptive_fix1,QHY600-3_Lum,6.8,6.636104106903076,8093.0,2026-09-03T12:06:23.541Z,3191.0,2129.0,Lum,C2025R2,,424.0,41.0,fix1,local,26.8056,0.0082,8.0,A100 (80 GB),2026-09-03 12:06:23.541000+00:00
lenovo_tttserver,A100-SXM4-80GB,"3.12.3 (main, Mar  3 2026, 12:15:18) [GCC 13.3.0]",py312_cuml_adaptive,profiler_cuml_adaptive_fix1,QHY600-3_Lum,6.8,7.645764589309692,8093.0,2026-09-03T12:06:38.020Z,3191.0,2129.0,Lum,C2025R2,,424.0,42.0,fix1,local,26.8056,0.0082,8.0,A100 (80 GB),2026-09-03 12:06:38.020000+00:00
lenovo_tttserver,A100-SXM4-80GB,"3.12.3 (main, Mar  3 2026, 12:15:18) [GCC 13.3.0]",py312_cuml_adaptive,profiler_cuml_adaptive_fix1,QHY600-3_Lum,6.8,7.826264381408691,8093.0,2026-09-03T12:06:53.539Z,3191.0,2129.0,Lum,C2025R2,,424.0,41.0,fix1,local,26.8056,0.0082,8.0,A100 (80 GB),2026-09-03 12:06:53.539000+00:00
lenovo_tttserver,A100-SXM4-80GB,"3.12.3 (main, Mar  3 2026, 12:15:18) [GCC 13.3.0]",py312_cuml_adaptive,profiler_cuml_adaptive_fix1,QHY600-3_Lum,6.8,7.677675724029541,8093.0,2026-09-03T12:07:08.677Z,3191.0,2129.0,Lum,C2025R2,,424.0,41.0,fix1,local,26.8056,0.0082,8.0,A100 (80 GB),2026-09-03 12:07:08.677000+00:00
lenovo_tttserver,A100-SXM4-80GB,"3.12.3 (main, Mar  3 2026, 12:15:18) [GCC 13.3.0]",py312_cuml_adaptive,profiler_cuml_adaptive_fix1,QHY600-3_Lum,6.8,6.648751735687256,8093.0,2026-09-03T12:07:22.875Z,3191.0,2129.0,Lum,C2025R2,,424.0,41.0,fix1,local,26.8056,0.0082,8.0,A100 (80 GB),2026-09-03 12:07:22.875000+00:00
lenovo_tttserver,A100-SXM4-80GB,"3.12.3 (main, Mar  3 2026, 12:15:18) [GCC 13.3.0]",py312_cuml_adaptive,profiler_cuml_adaptive_fix1,QHY600-3_Lum,6.8,7.313978433609009,8093.0,2026-09-03T12:07:37.287Z,3191.0,2129.0,Lum,C2025R2,,424.0,41.0,fix1,local,26.8056,0.0082,8.0,A100 (80 GB),2026-09-03 12:07:37.287000+00:00
lenovo_tttserver,A100-SXM4-80GB,"3.12.3 (main, Mar  3 2026, 12:15:18) [GCC 13.3.0]",py312_cuml_adaptive,profiler_cuml_adaptive_fix1,QHY600-3_Lum,6.8,8.025853395462036,8093.0,2026-09-03T12:07:52.947Z,3191.0,2129.0,Lum,C2025R2,,424.0,41.0,fix1,local,26.8056,0.0082,8.0,A100 (80 GB),2026-09-03 12:07:52.947000+00:00
lenovo_tttserver,A100-SXM4-80GB,"3.12.3 (main, Mar  3 2026, 12:15:18) [GCC 13.3.0]",py312_cuml_always,profiler_cuml_always_fix1,QHY600-3_SDSSi_2k,6.8,7.520918369293213,3515.0,2026-09-03T12:38:05.248Z,3191.0,2129.0,SDSSi,Atira,,424.0,42.0,fix1,local,22.0127,0.0015,177.0,A100 (80 GB),2026-09-03 12:38:05.248000+00:00
lenovo_tttserver,A100-SXM4-80GB,"3.12.3 (main, Mar  3 2026, 12:15:18) [GCC 13.3.0]",py312_cuml_always,profiler_cuml_always_fix1,QHY600-3_SDSSi_2k,6.8,7.555299520492554,3515.0,2026-09-03T12:38:19.352Z,3191.0,2129.0,SDSSi,Atira,,424.0,42.0,fix1,local,22.0127,0.0015,177.0,A100 (80 GB),2026-09-03 12:38:19.352000+00:00
lenovo_tttserver,A100-SXM4-80GB,"3.12.3 (main, Mar  3 2026, 12:15:18) [GCC 13.3.0]",py312_cuml_always,profiler_cuml_always_fix1,QHY600-3_SDSSi_2k,6.8,7.5319437980651855,3515.0,2026-09-03T12:38:33.350Z,3191.0,2129.0,SDSSi,Atira,,424.0,42.0,fix1,local,22.0127,0.0015,177.0,A100 (80 GB),2026-09-03 12:38:33.350000+00:00
lenovo_tttserver,A100-SXM4-80GB,"3.12.3 (main, Mar  3 2026, 12:15:18) [GCC 13.3.0]",py312_cuml_always,profiler_cuml_always_fix1,QHY600-3_SDSSi_2k,6.8,7.24585223197937,3515.0,2026-09-03T12:38:47.191Z,3191.0,2129.0,SDSSi,Atira,,424.0,42.0,fix1,local,22.0127,0.0015,177.0,A100 (80 GB),2026-09-03 12:38:47.191000+00:00
lenovo_tttserver,A100-SXM4-80GB,"3.12.3 (main, Mar  3 2026, 12:15:18) [GCC 13.3.0]",py312_cuml_always,profiler_cuml_always_fix1,QHY600-3_SDSSi_2k,6.8,6.652508974075317,3515.0,2026-09-03T12:39:00.532Z,3191.0,2129.0,SDSSi,Atira,,424.0,42.0,fix1,local,22.0127,0.0015,177.0,A100 (80 GB),2026-09-03 12:39:00.532000+00:00
lenovo_tttserver,A100-SXM4-80GB,"3.12.3 (main, Mar  3 2026, 12:15:18) [GCC 13.3.0]",py312_cuml_always,profiler_cuml_always_fix1,QHY600-3_SDSSi_2k,6.8,7.034923791885376,3515.0,2026-09-03T12:39:15.413Z,3191.0,2129.0,SDSSi,Atira,,424.0,42.0,fix1,local,22.0127,0.0015,177.0,A100 (80 GB),2026-09-03 12:39:15.413000+00:00
lenovo_tttserver,A100-SXM4-80GB,"3.12.3 (main, Mar  3 2026, 12:15:18) [GCC 13.3.0]",py312_cuml_always,profiler_cuml_always_fix1,QHY600-3_SDSSi_2k,6.8,7.565519094467163,3515.0,2026-09-03T12:39:29.807Z,3191.0,2129.0,SDSSi,Atira,,424.0,42.0,fix1,local,22.0127,0.0015,177.0,A100 (80 GB),2026-09-03 12:39:29.807000+00:00
lenovo_tttserver,A100-SXM4-80GB,"3.12.3 (main, Mar  3 2026, 12:15:18) [GCC 13.3.0]",py312_cuml_always,profiler_cuml_always_fix1,QHY600-3_SDSSi_2k,6.8,7.438925504684448,3515.0,2026-09-03T12:39:45.416Z,3191.0,2129.0,SDSSi,Atira,,424.0,42.0,fix1,local,22.0127,0.0015,177.0,A100 (80 GB),2026-09-03 12:39:45.416000+00:00
lenovo_tttserver,A100-SXM4-80GB,"3.12.3 (main, Mar  3 2026, 12:15:18) [GCC 13.3.0]",py312_cuml_always,profiler_cuml_always_fix1,QHY600-3_SDSSi_2k,6.8,7.509772539138794,3515.0,2026-09-03T12:39:59.881Z,3191.0,2129.0,SDSSi,Atira,,424.0,42.0,fix1,local,22.0127,0.0015,177.0,A100 (80 GB),2026-09-03 12:39:59.881000+00:00
lenovo_tttserver,A100-SXM4-80GB,"3.12.3 (main, Mar  3 2026, 12:15:18) [GCC 13.3.0]",py312_cuml_always,profiler_cuml_always_fix1,QHY600-3_SDSSi_2k,6.8,6.737404108047485,3515.0,2026-09-03T12:40:13.592Z,3191.0,2129.0,SDSSi,Atira,,424.0,42.0,fix1,local,22.0127,0.0015,177.0,A100 (80 GB),2026-09-03 12:40:13.592000+00:00
lenovo_tttserver,A100-SXM4-80GB,"3.12.3 (main, Mar  3 2026, 12:15:18) [GCC 13.3.0]",py312_cuml_always,profiler_cuml_always_fix1,QHY600-3_SDSSi_2k,6.8,6.54923677444458,3718.0,2026-09-03T12:46:09.423Z,3191.0,2129.0,SDSSi,Atira,,424.0,42.0,fix1,local,22.0259,0.0019,178.0,A100 (80 GB),2026-09-03 12:46:09.423000+00:00
lenovo_tttserver,A100-SXM4-80GB,"3.12.3 (main, Mar  3 2026, 12:15:18) [GCC 13.3.0]",py312_cuml_always,profiler_cuml_always_fix1,QHY600-3_SDSSi_2k,6.8,6.567822217941284,3718.0,2026-09-03T12:46:23.068Z,3191.0,2129.0,SDSSi,Atira,,424.0,42.0,fix1,local,22.0259,0.0019,178.0,A100 (80 GB),2026-09-03 12:46:23.068000+00:00
lenovo_tttserver,A100-SXM4-80GB,"3.12.3 (main, Mar  3 2026, 12:15:18) [GCC 13.3.0]",py312_cuml_always,profiler_cuml_always_fix1,QHY600-3_SDSSi_2k,6.8,6.468762636184692,3718.0,2026-09-03T12:46:36.157Z,3191.0,2129.0,SDSSi,Atira,,424.0,43.0,fix1,local,22.0259,0.0019,178.0,A100 (80 GB),2026-09-03 12:46:36.157000+00:00
lenovo_tttserver,A100-SXM4-80GB,"3.12.3 (main, Mar  3 2026, 12:15:18) [GCC 13.3.0]",py312_cuml_always,profiler_cuml_always_fix1,QHY600-3_SDSSi_2k,6.8,6.892126798629761,3718.0,2026-09-03T12:46:49.626Z,3191.0,2129.0,SDSSi,Atira,,424.0,43.0,fix1,local,22.0259,0.0019,178.0,A100 (80 GB),2026-09-03 12:46:49.626000+00:00
lenovo_tttserver,A100-SXM4-80GB,"3.12.3 (main, Mar  3 2026, 12:15:18) [GCC 13.3.0]",py312_cuml_always,profiler_cuml_always_fix1,QHY600-3_SDSSi_2k,6.8,6.826170444488525,3718.0,2026-09-03T12:47:03.026Z,3191.0,2129.0,SDSSi,Atira,,424.0,42.0,fix1,local,22.0259,0.0019,178.0,A100 (80 GB),2026-09-03 12:47:03.026000+00:00
lenovo_tttserver,A100-SXM4-80GB,"3.12.3 (main, Mar  3 2026, 12:15:18) [GCC 13.3.0]",py312_cuml_always,profiler_cuml_always_fix1,QHY600-3_SDSSi_2k,6.8,7.161316394805908,3718.0,2026-09-03T12:47:16.683Z,3191.0,2129.0,SDSSi,Atira,,424.0,43.0,fix1,local,22.0259,0.0019,178.0,A100 (80 GB),2026-09-03 12:47:16.683000+00:00
lenovo_tttserver,A100-SXM4-80GB,"3.12.3 (main, Mar  3 2026, 12:15:18) [GCC 13.3.0]",py312_cuml_always,profiler_cuml_always_fix1,QHY600-3_SDSSi_2k,6.8,7.125517129898071,3718.0,2026-09-03T12:47:30.780Z,3191.0,2129.0,SDSSi,Atira,,424.0,42.0,fix1,local,22.0259,0.0019,178.0,A100 (80 GB),2026-09-03 12:47:30.780000+00:00
lenovo_tttserver,A100-SXM4-80GB,"3.12.3 (main, Mar  3 2026, 12:15:18) [GCC 13.3.0]",py312_cuml_always,profiler_cuml_always_fix1,QHY600-3_SDSSi_2k,6.8,6.421873092651367,3718.0,2026-09-03T12:47:43.638Z,3191.0,2129.0,SDSSi,Atira,,424.0,43.0,fix1,local,22.0259,0.0019,178.0,A100 (80 GB),2026-09-03 12:47:43.638000+00:00
lenovo_tttserver,A100-SXM4-80GB,"3.12.3 (main, Mar  3 2026, 12:15:18) [GCC 13.3.0]",py312_cuml_always,profiler_cuml_always_fix1,QHY600-3_SDSSi_2k,6.8,6.603338718414307,3718.0,2026-09-03T12:47:56.963Z,3191.0,2129.0,SDSSi,Atira,,424.0,43.0,fix1,local,22.0259,0.0019,178.0,A100 (80 GB),2026-09-03 12:47:56.963000+00:00
lenovo_tttserver,A100-SXM4-80GB,"3.12.3 (main, Mar  3 2026, 12:15:18) [GCC 13.3.0]",py312_cuml_always,profiler_cuml_always_fix1,QHY600-3_SDSSi_2k,6.8,6.889060020446777,3718.0,2026-09-03T12:48:10.442Z,3191.0,2129.0,SDSSi,Atira,,424.0,43.0,fix1,local,22.0259,0.0019,178.0,A100 (80 GB),2026-09-03 12:48:10.442000+00:00
lenovo_tttserver,A100-SXM4-80GB,"3.12.3 (main, Mar  3 2026, 12:15:18) [GCC 13.3.0]",py312_cuml_always,profiler_cuml_always_fix1,QHY600-3_SDSSi_2k,6.8,6.404953718185425,3718.0,2026-09-03T12:48:23.432Z,3191.0,2129.0,SDSSi,Atira,,424.0,42.0,fix1,local,22.0259,0.0019,178.0,A100 (80 GB),2026-09-03 12:48:23.432000+00:00
lenovo_tttserver,A100-SXM4-80GB,"3.12.3 (main, Mar  3 2026, 12:15:18) [GCC 13.3.0]",py312_cuml_always,profiler_cuml_always_fix1,QHY600-3_SDSSi_2k,6.8,6.970124244689941,3718.0,2026-09-03T12:48:37.862Z,3191.0,2129.0,SDSSi,Atira,,424.0,42.0,fix1,local,22.0259,0.0019,178.0,A100 (80 GB),2026-09-03 12:48:37.862000+00:00
lenovo_tttserver,A100-SXM4-80GB,"3.12.3 (main, Mar  3 2026, 12:15:18) [GCC 13.3.0]",py312_cuml_always,profiler_cuml_always_fix1,QHY600-3_SDSSi_2k,6.8,7.078585863113403,3534.0,2026-09-03T12:48:54.711Z,3191.0,2129.0,SDSSi,Atira,,424.0,42.0,fix1,local,22.0156,0.0018,170.0,A100 (80 GB),2026-09-03 12:48:54.711000+00:00
lenovo_tttserver,A100-SXM4-80GB,"3.12.3 (main, Mar  3 2026, 12:15:18) [GCC 13.3.0]",py312_cuml_always,profiler_cuml_always_fix1,QHY600-3_SDSSi_2k,6.8,7.042847394943237,3534.0,2026-09-03T12:49:08.487Z,3191.0,2129.0,SDSSi,Atira,,424.0,42.0,fix1,local,22.0156,0.0018,170.0,A100 (80 GB),2026-09-03 12:49:08.487000+00:00
lenovo_tttserver,A100-SXM4-80GB,"3.12.3 (main, Mar  3 2026, 12:15:18) [GCC 13.3.0]",py312_cuml_always,profiler_cuml_always_fix1,QHY600-3_SDSSi_2k,6.8,7.290168285369873,3534.0,2026-09-03T12:49:22.314Z,3191.0,2129.0,SDSSi,Atira,,424.0,43.0,fix1,local,22.0156,0.0018,170.0,A100 (80 GB),2026-09-03 12:49:22.314000+00:00
lenovo_tttserver,A100-SXM4-80GB,"3.12.3 (main, Mar  3 2026, 12:15:18) [GCC 13.3.0]",py312_cuml_always,profiler_cuml_always_fix1,QHY600-3_SDSSi_2k,6.8,6.662224054336548,3534.0,2026-09-03T12:49:35.467Z,3191.0,2129.0,SDSSi,Atira,,424.0,43.0,fix1,local,22.0156,0.0018,170.0,A100 (80 GB),2026-09-03 12:49:35.467000+00:00
lenovo_tttserver,A100-SXM4-80GB,"3.12.3 (main, Mar  3 2026, 12:15:18) [GCC 13.3.0]",py312_cuml_always,profiler_cuml_always_fix1,QHY600-3_SDSSi_2k,6.8,6.597309589385986,3534.0,2026-09-03T12:49:49.492Z,3191.0,2129.0,SDSSi,Atira,,424.0,42.0,fix1,local,22.0156,0.0018,170.0,A100 (80 GB),2026-09-03 12:49:49.492000+00:00
lenovo_tttserver,A100-SXM4-80GB,"3.12.3 (main, Mar  3 2026, 12:15:18) [GCC 13.3.0]",py312_cuml_always,profiler_cuml_always_fix1,QHY600-3_SDSSi_2k,6.8,6.799797773361206,3534.0,2026-09-03T12:50:02.724Z,3191.0,2129.0,SDSSi,Atira,,424.0,43.0,fix1,local,22.0156,0.0018,170.0,A100 (80 GB),2026-09-03 12:50:02.724000+00:00
lenovo_tttserver,A100-SXM4-80GB,"3.12.3 (main, Mar  3 2026, 12:15:18) [GCC 13.3.0]",py312_cuml_always,profiler_cuml_always_fix1,QHY600-3_SDSSi_2k,6.8,6.295681238174439,3534.0,2026-09-03T12:50:15.508Z,3191.0,2129.0,SDSSi,Atira,,424.0,43.0,fix1,local,22.0156,0.0018,170.0,A100 (80 GB),2026-09-03 12:50:15.508000+00:00
lenovo_tttserver,A100-SXM4-80GB,"3.12.3 (main, Mar  3 2026, 12:15:18) [GCC 13.3.0]",py312_cuml_always,profiler_cuml_always_fix1,QHY600-3_SDSSi_2k,6.8,7.287091255187988,3534.0,2026-09-03T12:50:30.087Z,3191.0,2129.0,SDSSi,Atira,,424.0,43.0,fix1,local,22.0156,0.0018,170.0,A100 (80 GB),2026-09-03 12:50:30.087000+00:00
lenovo_tttserver,A100-SXM4-80GB,"3.12.3 (main, Mar  3 2026, 12:15:18) [GCC 13.3.0]",py312_cuml_always,profiler_cuml_always_fix1,QHY600-3_SDSSi_2k,6.8,7.496625900268555,3534.0,2026-09-03T12:50:44.239Z,3191.0,2129.0,SDSSi,Atira,,424.0,43.0,fix1,local,22.0156,0.0018,170.0,A100 (80 GB),2026-09-03 12:50:44.239000+00:00
lenovo_tttserver,A100-SXM4-80GB,"3.12.3 (main, Mar  3 2026, 12:15:18) [GCC 13.3.0]",py312_cuml_always,profiler_cuml_always_fix1,QHY600-3_SDSSi_2k,6.8,7.814378976821899,3534.0,2026-09-03T12:50:59.615Z,3191.0,2129.0,SDSSi,Atira,,424.0,43.0,fix1,local,22.0156,0.0018,170.0,A100 (80 GB),2026-09-03 12:50:59.615000+00:00
lenovo_tttserver,A100-SXM4-80GB,"3.12.3 (main, Mar  3 2026, 12:15:18) [GCC 13.3.0]",py312_cuml_always,profiler_cuml_always_fix1,QHY600-3_SDSSi_2k,6.8,7.582202196121216,3534.0,2026-09-03T12:51:13.760Z,3191.0,2129.0,SDSSi,Atira,,424.0,43.0,fix1,local,22.0156,0.0018,170.0,A100 (80 GB),2026-09-03 12:51:13.760000+00:00
lenovo_tttserver,A100-SXM4-80GB,"3.12.3 (main, Mar  3 2026, 12:15:18) [GCC 13.3.0]",py312_cuml_always,profiler_cuml_always_fix1,QHY600-3_SDSSi_2k,6.8,8.03925108909607,3534.0,2026-09-03T12:51:28.772Z,3191.0,2129.0,SDSSi,Atira,,424.0,43.0,fix1,local,22.0156,0.0018,170.0,A100 (80 GB),2026-09-03 12:51:28.772000+00:00
lenovo_tttserver,A100-SXM4-80GB,"3.12.3 (main, Mar  3 2026, 12:15:18) [GCC 13.3.0]",py312_cuml_adaptive,profiler_cuml_adaptive_fix1,QHY600-3_SDSSi_2k,6.8,8.11372709274292,3515.0,2026-09-03T12:40:59.208Z,3191.0,2129.0,SDSSi,Atira,,424.0,42.0,fix1,local,22.0127,0.0015,177.0,A100 (80 GB),2026-09-03 12:40:59.208000+00:00
lenovo_tttserver,A100-SXM4-80GB,"3.12.3 (main, Mar  3 2026, 12:15:18) [GCC 13.3.0]",py312_cuml_adaptive,profiler_cuml_adaptive_fix1,QHY600-3_SDSSi_2k,6.8,7.518119812011719,3515.0,2026-09-03T12:41:13.827Z,3191.0,2129.0,SDSSi,Atira,,424.0,42.0,fix1,local,22.0127,0.0015,177.0,A100 (80 GB),2026-09-03 12:41:13.827000+00:00
lenovo_tttserver,A100-SXM4-80GB,"3.12.3 (main, Mar  3 2026, 12:15:18) [GCC 13.3.0]",py312_cuml_adaptive,profiler_cuml_adaptive_fix1,QHY600-3_SDSSi_2k,6.8,7.519648313522339,3515.0,2026-09-03T12:41:27.860Z,3191.0,2129.0,SDSSi,Atira,,424.0,43.0,fix1,local,22.0127,0.0015,177.0,A100 (80 GB),2026-09-03 12:41:27.860000+00:00
lenovo_tttserver,A100-SXM4-80GB,"3.12.3 (main, Mar  3 2026, 12:15:18) [GCC 13.3.0]",py312_cuml_adaptive,profiler_cuml_adaptive_fix1,QHY600-3_SDSSi_2k,6.8,7.200788497924805,3515.0,2026-09-03T12:41:41.850Z,3191.0,2129.0,SDSSi,Atira,,424.0,43.0,fix1,local,22.0127,0.0015,177.0,A100 (80 GB),2026-09-03 12:41:41.850000+00:00
lenovo_tttserver,A100-SXM4-80GB,"3.12.3 (main, Mar  3 2026, 12:15:18) [GCC 13.3.0]",py312_cuml_adaptive,profiler_cuml_adaptive_fix1,QHY600-3_SDSSi_2k,6.8,7.063365459442139,3515.0,2026-09-03T12:41:55.475Z,3191.0,2129.0,SDSSi,Atira,,424.0,43.0,fix1,local,22.0127,0.0015,177.0,A100 (80 GB),2026-09-03 12:41:55.475000+00:00
lenovo_tttserver,A100-SXM4-80GB,"3.12.3 (main, Mar  3 2026, 12:15:18) [GCC 13.3.0]",py312_cuml_adaptive,profiler_cuml_adaptive_fix1,QHY600-3_SDSSi_2k,6.8,7.251278638839722,3515.0,2026-09-03T12:42:09.273Z,3191.0,2129.0,SDSSi,Atira,,424.0,42.0,fix1,local,22.0127,0.0015,177.0,A100 (80 GB),2026-09-03 12:42:09.273000+00:00
lenovo_tttserver,A100-SXM4-80GB,"3.12.3 (main, Mar  3 2026, 12:15:18) [GCC 13.3.0]",py312_cuml_adaptive,profiler_cuml_adaptive_fix1,QHY600-3_SDSSi_2k,6.8,7.428545236587524,3515.0,2026-09-03T12:42:23.222Z,3191.0,2129.0,SDSSi,Atira,,424.0,42.0,fix1,local,22.0127,0.0015,177.0,A100 (80 GB),2026-09-03 12:42:23.222000+00:00
lenovo_tttserver,A100-SXM4-80GB,"3.12.3 (main, Mar  3 2026, 12:15:18) [GCC 13.3.0]",py312_cuml_adaptive,profiler_cuml_adaptive_fix1,QHY600-3_SDSSi_2k,6.8,7.513449192047119,3515.0,2026-09-03T12:42:37.559Z,3191.0,2129.0,SDSSi,Atira,,424.0,42.0,fix1,local,22.0127,0.0015,177.0,A100 (80 GB),2026-09-03 12:42:37.559000+00:00
lenovo_tttserver,A100-SXM4-80GB,"3.12.3 (main, Mar  3 2026, 12:15:18) [GCC 13.3.0]",py312_cuml_adaptive,profiler_cuml_adaptive_fix1,QHY600-3_SDSSi_2k,6.8,7.809977054595947,3515.0,2026-09-03T12:42:52.252Z,3191.0,2129.0,SDSSi,Atira,,424.0,42.0,fix1,local,22.0127,0.0015,177.0,A100 (80 GB),2026-09-03 12:42:52.252000+00:00
lenovo_tttserver,A100-SXM4-80GB,"3.12.3 (main, Mar  3 2026, 12:15:18) [GCC 13.3.0]",py312_cuml_adaptive,profiler_cuml_adaptive_fix1,QHY600-3_SDSSi_2k,6.8,7.690814256668091,3515.0,2026-09-03T12:43:06.798Z,3191.0,2129.0,SDSSi,Atira,,424.0,42.0,fix1,local,22.0127,0.0015,177.0,A100 (80 GB),2026-09-03 12:43:06.798000+00:00
lenovo_tttserver,A100-SXM4-80GB,"3.12.3 (main, Mar  3 2026, 12:15:18) [GCC 13.3.0]",py312_cuml_adaptive,profiler_cuml_adaptive_fix1,QHY600-3_SDSSi_2k,6.8,7.087705612182617,3718.0,2026-09-03T12:43:23.383Z,3191.0,2129.0,SDSSi,Atira,,424.0,42.0,fix1,local,22.0259,0.0019,178.0,A100 (80 GB),2026-09-03 12:43:23.383000+00:00
lenovo_tttserver,A100-SXM4-80GB,"3.12.3 (main, Mar  3 2026, 12:15:18) [GCC 13.3.0]",py312_cuml_adaptive,profiler_cuml_adaptive_fix1,QHY600-3_SDSSi_2k,6.8,6.439057111740112,3718.0,2026-09-03T12:43:36.186Z,3191.0,2129.0,SDSSi,Atira,,424.0,42.0,fix1,local,22.0259,0.0019,178.0,A100 (80 GB),2026-09-03 12:43:36.186000+00:00
lenovo_tttserver,A100-SXM4-80GB,"3.12.3 (main, Mar  3 2026, 12:15:18) [GCC 13.3.0]",py312_cuml_adaptive,profiler_cuml_adaptive_fix1,QHY600-3_SDSSi_2k,6.8,7.312645673751831,3718.0,2026-09-03T12:43:50.130Z,3191.0,2129.0,SDSSi,Atira,,424.0,42.0,fix1,local,22.0259,0.0019,178.0,A100 (80 GB),2026-09-03 12:43:50.130000+00:00
lenovo_tttserver,A100-SXM4-80GB,"3.12.3 (main, Mar  3 2026, 12:15:18) [GCC 13.3.0]",py312_cuml_adaptive,profiler_cuml_adaptive_fix1,QHY600-3_SDSSi_2k,6.8,7.019858360290527,3718.0,2026-09-03T12:44:04.396Z,3191.0,2129.0,SDSSi,Atira,,424.0,42.0,fix1,local,22.0259,0.0019,178.0,A100 (80 GB),2026-09-03 12:44:04.396000+00:00
lenovo_tttserver,A100-SXM4-80GB,"3.12.3 (main, Mar  3 2026, 12:15:18) [GCC 13.3.0]",py312_cuml_adaptive,profiler_cuml_adaptive_fix1,QHY600-3_SDSSi_2k,6.8,6.47240138053894,3718.0,2026-09-03T12:44:17.601Z,3191.0,2129.0,SDSSi,Atira,,424.0,43.0,fix1,local,22.0259,0.0019,178.0,A100 (80 GB),2026-09-03 12:44:17.601000+00:00
lenovo_tttserver,A100-SXM4-80GB,"3.12.3 (main, Mar  3 2026, 12:15:18) [GCC 13.3.0]",py312_cuml_adaptive,profiler_cuml_adaptive_fix1,QHY600-3_SDSSi_2k,6.8,6.175633192062378,3718.0,2026-09-03T12:44:30.205Z,3191.0,2129.0,SDSSi,Atira,,424.0,42.0,fix1,local,22.0259,0.0019,178.0,A100 (80 GB),2026-09-03 12:44:30.205000+00:00
lenovo_tttserver,A100-SXM4-80GB,"3.12.3 (main, Mar  3 2026, 12:15:18) [GCC 13.3.0]",py312_cuml_adaptive,profiler_cuml_adaptive_fix1,QHY600-3_SDSSi_2k,6.8,6.712893009185791,3718.0,2026-09-03T12:44:43.625Z,3191.0,2129.0,SDSSi,Atira,,424.0,42.0,fix1,local,22.0259,0.0019,178.0,A100 (80 GB),2026-09-03 12:44:43.625000+00:00
lenovo_tttserver,A100-SXM4-80GB,"3.12.3 (main, Mar  3 2026, 12:15:18) [GCC 13.3.0]",py312_cuml_adaptive,profiler_cuml_adaptive_fix1,QHY600-3_SDSSi_2k,6.8,7.654077529907227,3718.0,2026-09-03T12:44:57.856Z,3191.0,2129.0,SDSSi,Atira,,424.0,43.0,fix1,local,22.0259,0.0019,178.0,A100 (80 GB),2026-09-03 12:44:57.856000+00:00
lenovo_tttserver,A100-SXM4-80GB,"3.12.3 (main, Mar  3 2026, 12:15:18) [GCC 13.3.0]",py312_cuml_adaptive,profiler_cuml_adaptive_fix1,QHY600-3_SDSSi_2k,6.8,6.894014835357666,3718.0,2026-09-03T12:45:11.791Z,3191.0,2129.0,SDSSi,Atira,,424.0,42.0,fix1,local,22.0259,0.0019,178.0,A100 (80 GB),2026-09-03 12:45:11.791000+00:00
lenovo_tttserver,A100-SXM4-80GB,"3.12.3 (main, Mar  3 2026, 12:15:18) [GCC 13.3.0]",py312_cuml_adaptive,profiler_cuml_adaptive_fix1,QHY600-3_SDSSi_2k,6.8,6.3570396900177,3718.0,2026-09-03T12:45:24.750Z,3191.0,2129.0,SDSSi,Atira,,424.0,43.0,fix1,local,22.0259,0.0019,178.0,A100 (80 GB),2026-09-03 12:45:24.750000+00:00
lenovo_tttserver,A100-SXM4-80GB,"3.12.3 (main, Mar  3 2026, 12:15:18) [GCC 13.3.0]",py312_cuml_adaptive,profiler_cuml_adaptive_fix1,QHY600-3_SDSSi_2k,6.8,7.220125675201416,3718.0,2026-09-03T12:45:38.712Z,3191.0,2129.0,SDSSi,Atira,,424.0,43.0,fix1,local,22.0259,0.0019,178.0,A100 (80 GB),2026-09-03 12:45:38.712000+00:00
lenovo_tttserver,A100-SXM4-80GB,"3.12.3 (main, Mar  3 2026, 12:15:18) [GCC 13.3.0]",py312_cuml_adaptive,profiler_cuml_adaptive_fix1,QHY600-3_SDSSi_2k,6.8,6.987710952758789,3718.0,2026-09-03T12:45:52.396Z,3191.0,2129.0,SDSSi,Atira,,424.0,43.0,fix1,local,22.0259,0.0019,178.0,A100 (80 GB),2026-09-03 12:45:52.396000+00:00
lenovo_tttserver,A100-SXM4-80GB,"3.12.3 (main, Mar  3 2026, 12:15:18) [GCC 13.3.0]",py312_cuml_adaptive,profiler_cuml_adaptive_fix1,QHY600-3_SDSSi_2k,6.8,6.823405742645264,3534.0,2026-09-03T12:51:45.499Z,3191.0,2129.0,SDSSi,Atira,,424.0,42.0,fix1,local,22.0156,0.0018,170.0,A100 (80 GB),2026-09-03 12:51:45.499000+00:00
lenovo_tttserver,A100-SXM4-80GB,"3.12.3 (main, Mar  3 2026, 12:15:18) [GCC 13.3.0]",py312_cuml_adaptive,profiler_cuml_adaptive_fix1,QHY600-3_SDSSi_2k,6.8,6.640108108520508,3534.0,2026-09-03T12:51:59.271Z,3191.0,2129.0,SDSSi,Atira,,424.0,43.0,fix1,local,22.0156,0.0018,170.0,A100 (80 GB),2026-09-03 12:51:59.271000+00:00
lenovo_tttserver,A100-SXM4-80GB,"3.12.3 (main, Mar  3 2026, 12:15:18) [GCC 13.3.0]",py312_cuml_adaptive,profiler_cuml_adaptive_fix1,QHY600-3_SDSSi_2k,6.8,6.7296223640441895,3534.0,2026-09-03T12:52:12.602Z,3191.0,2129.0,SDSSi,Atira,,424.0,43.0,fix1,local,22.0156,0.0018,170.0,A100 (80 GB),2026-09-03 12:52:12.602000+00:00
lenovo_tttserver,A100-SXM4-80GB,"3.12.3 (main, Mar  3 2026, 12:15:18) [GCC 13.3.0]",py312_cuml_adaptive,profiler_cuml_adaptive_fix1,QHY600-3_SDSSi_2k,6.8,7.48520040512085,3534.0,2026-09-03T12:52:26.615Z,3191.0,2129.0,SDSSi,Atira,,424.0,43.0,fix1,local,22.0156,0.0018,170.0,A100 (80 GB),2026-09-03 12:52:26.615000+00:00
lenovo_tttserver,A100-SXM4-80GB,"3.12.3 (main, Mar  3 2026, 12:15:18) [GCC 13.3.0]",py312_cuml_adaptive,profiler_cuml_adaptive_fix1,QHY600-3_SDSSi_2k,6.8,7.123078346252441,3534.0,2026-09-03T12:52:40.762Z,3191.0,2129.0,SDSSi,Atira,,424.0,43.0,fix1,local,22.0156,0.0018,170.0,A100 (80 GB),2026-09-03 12:52:40.762000+00:00
lenovo_tttserver,A100-SXM4-80GB,"3.12.3 (main, Mar  3 2026, 12:15:18) [GCC 13.3.0]",py312_cuml_adaptive,profiler_cuml_adaptive_fix1,QHY600-3_SDSSi_2k,6.8,7.145027160644531,3534.0,2026-09-03T12:52:54.229Z,3191.0,2129.0,SDSSi,Atira,,424.0,43.0,fix1,local,22.0156,0.0018,170.0,A100 (80 GB),2026-09-03 12:52:54.229000+00:00
lenovo_tttserver,A100-SXM4-80GB,"3.12.3 (main, Mar  3 2026, 12:15:18) [GCC 13.3.0]",py312_cuml_adaptive,profiler_cuml_adaptive_fix1,QHY600-3_SDSSi_2k,6.8,6.583498477935791,3534.0,2026-09-03T12:53:07.653Z,3191.0,2129.0,SDSSi,Atira,,424.0,43.0,fix1,local,22.0156,0.0018,170.0,A100 (80 GB),2026-09-03 12:53:07.653000+00:00
lenovo_tttserver,A100-SXM4-80GB,"3.12.3 (main, Mar  3 2026, 12:15:18) [GCC 13.3.0]",py312_cuml_adaptive,profiler_cuml_adaptive_fix1,QHY600-3_SDSSi_2k,6.8,7.169633388519287,3534.0,2026-09-03T12:53:21.592Z,3191.0,2129.0,SDSSi,Atira,,424.0,43.0,fix1,local,22.0156,0.0018,170.0,A100 (80 GB),2026-09-03 12:53:21.592000+00:00
lenovo_tttserver,A100-SXM4-80GB,"3.12.3 (main, Mar  3 2026, 12:15:18) [GCC 13.3.0]",py312_cuml_adaptive,profiler_cuml_adaptive_fix1,QHY600-3_SDSSi_2k,6.8,6.3696064949035645,3534.0,2026-09-03T12:53:34.399Z,3191.0,2129.0,SDSSi,Atira,,424.0,43.0,fix1,local,22.0156,0.0018,170.0,A100 (80 GB),2026-09-03 12:53:34.399000+00:00
lenovo_tttserver,A100-SXM4-80GB,"3.12.3 (main, Mar  3 2026, 12:15:18) [GCC 13.3.0]",py312_cuml_adaptive,profiler_cuml_adaptive_fix1,QHY600-3_SDSSi_2k,6.8,7.999361753463745,3534.0,2026-09-03T12:53:48.882Z,3191.0,2129.0,SDSSi,Atira,,424.0,43.0,fix1,local,22.0156,0.0018,170.0,A100 (80 GB),2026-09-03 12:53:48.882000+00:00
lenovo_tttserver,A100-SXM4-80GB,"3.12.3 (main, Mar  3 2026, 12:15:18) [GCC 13.3.0]",py312_cuml_adaptive,profiler_cuml_adaptive_fix1,QHY600-3_SDSSi_2k,6.8,7.031193733215332,3534.0,2026-09-03T12:54:02.683Z,3191.0,2129.0,SDSSi,Atira,,424.0,43.0,fix1,local,22.0156,0.0018,170.0,A100 (80 GB),2026-09-03 12:54:02.683000+00:00
lenovo_tttserver,A100-SXM4-80GB,"3.12.3 (main, Mar  3 2026, 12:15:18) [GCC 13.3.0]",py312_cuml_adaptive,profiler_cuml_adaptive_fix1,QHY600-3_SDSSi_2k,6.8,7.036815881729126,3534.0,2026-09-03T12:54:17.346Z,3191.0,2129.0,SDSSi,Atira,,424.0,43.0,fix1,local,22.0156,0.0018,170.0,A100 (80 GB),2026-09-03 12:54:17.346000+00:00
lenovo_tttserver,A100-SXM4-80GB,"3.12.3 (main, Mar  3 2026, 12:15:18) [GCC 13.3.0]",py312_cuml_always,profiler_cuml_always_fix1,QHY600-4_Ha,15.3,8.693016052246094,601.0,2026-09-03T12:21:38.808Z,4787.0,3193.0,Ha,NGC2903,,424.0,41.0,fix1,local,19.4353,0.0724,9.0,A100 (80 GB),2026-09-03 12:21:38.808000+00:00
lenovo_tttserver,A100-SXM4-80GB,"3.12.3 (main, Mar  3 2026, 12:15:18) [GCC 13.3.0]",py312_cuml_always,profiler_cuml_always_fix1,QHY600-4_Ha,15.3,7.506090879440308,601.0,2026-09-03T12:21:53.804Z,4787.0,3193.0,Ha,NGC2903,,424.0,41.0,fix1,local,19.4353,0.0724,9.0,A100 (80 GB),2026-09-03 12:21:53.804000+00:00
lenovo_tttserver,A100-SXM4-80GB,"3.12.3 (main, Mar  3 2026, 12:15:18) [GCC 13.3.0]",py312_cuml_always,profiler_cuml_always_fix1,QHY600-4_Ha,15.3,8.12951135635376,601.0,2026-09-03T12:22:09.064Z,4787.0,3193.0,Ha,NGC2903,,424.0,41.0,fix1,local,19.4353,0.0724,9.0,A100 (80 GB),2026-09-03 12:22:09.064000+00:00
lenovo_tttserver,A100-SXM4-80GB,"3.12.3 (main, Mar  3 2026, 12:15:18) [GCC 13.3.0]",py312_cuml_always,profiler_cuml_always_fix1,QHY600-4_Ha,15.3,7.712927579879761,601.0,2026-09-03T12:22:24.173Z,4787.0,3193.0,Ha,NGC2903,,424.0,41.0,fix1,local,19.4353,0.0724,9.0,A100 (80 GB),2026-09-03 12:22:24.173000+00:00
lenovo_tttserver,A100-SXM4-80GB,"3.12.3 (main, Mar  3 2026, 12:15:18) [GCC 13.3.0]",py312_cuml_always,profiler_cuml_always_fix1,QHY600-4_Ha,15.3,7.762227535247803,601.0,2026-09-03T12:22:39.697Z,4787.0,3193.0,Ha,NGC2903,,424.0,41.0,fix1,local,19.4353,0.0724,9.0,A100 (80 GB),2026-09-03 12:22:39.697000+00:00
lenovo_tttserver,A100-SXM4-80GB,"3.12.3 (main, Mar  3 2026, 12:15:18) [GCC 13.3.0]",py312_cuml_always,profiler_cuml_always_fix1,QHY600-4_Ha,15.3,8.094016075134277,601.0,2026-09-03T12:22:54.849Z,4787.0,3193.0,Ha,NGC2903,,424.0,41.0,fix1,local,19.4353,0.0724,9.0,A100 (80 GB),2026-09-03 12:22:54.849000+00:00
lenovo_tttserver,A100-SXM4-80GB,"3.12.3 (main, Mar  3 2026, 12:15:18) [GCC 13.3.0]",py312_cuml_always,profiler_cuml_always_fix1,QHY600-4_Ha,15.3,9.053126573562622,601.0,2026-09-03T12:23:11.403Z,4787.0,3193.0,Ha,NGC2903,,424.0,41.0,fix1,local,19.4353,0.0724,9.0,A100 (80 GB),2026-09-03 12:23:11.403000+00:00
lenovo_tttserver,A100-SXM4-80GB,"3.12.3 (main, Mar  3 2026, 12:15:18) [GCC 13.3.0]",py312_cuml_always,profiler_cuml_always_fix1,QHY600-4_Ha,15.3,8.300232887268066,601.0,2026-09-03T12:23:26.992Z,4787.0,3193.0,Ha,NGC2903,,424.0,41.0,fix1,local,19.4353,0.0724,9.0,A100 (80 GB),2026-09-03 12:23:26.992000+00:00
lenovo_tttserver,A100-SXM4-80GB,"3.12.3 (main, Mar  3 2026, 12:15:18) [GCC 13.3.0]",py312_cuml_always,profiler_cuml_always_fix1,QHY600-4_Ha,15.3,7.082942008972168,601.0,2026-09-03T12:23:41.424Z,4787.0,3193.0,Ha,NGC2903,,424.0,41.0,fix1,local,19.4353,0.0724,9.0,A100 (80 GB),2026-09-03 12:23:41.424000+00:00
lenovo_tttserver,A100-SXM4-80GB,"3.12.3 (main, Mar  3 2026, 12:15:18) [GCC 13.3.0]",py312_cuml_always,profiler_cuml_always_fix1,QHY600-4_Ha,15.3,7.534832715988159,601.0,2026-09-03T12:23:55.793Z,4787.0,3193.0,Ha,NGC2903,,424.0,42.0,fix1,local,19.4353,0.0724,9.0,A100 (80 GB),2026-09-03 12:23:55.793000+00:00
lenovo_tttserver,A100-SXM4-80GB,"3.12.3 (main, Mar  3 2026, 12:15:18) [GCC 13.3.0]",py312_cuml_adaptive,profiler_cuml_adaptive_fix1,QHY600-4_Ha,15.3,8.882911682128906,601.0,2026-09-03T12:18:48.201Z,4787.0,3193.0,Ha,NGC2903,,424.0,41.0,fix1,local,19.4353,0.0724,9.0,A100 (80 GB),2026-09-03 12:18:48.201000+00:00
lenovo_tttserver,A100-SXM4-80GB,"3.12.3 (main, Mar  3 2026, 12:15:18) [GCC 13.3.0]",py312_cuml_adaptive,profiler_cuml_adaptive_fix1,QHY600-4_Ha,15.3,7.519194602966309,601.0,2026-09-03T12:19:02.965Z,4787.0,3193.0,Ha,NGC2903,,424.0,41.0,fix1,local,19.4353,0.0724,9.0,A100 (80 GB),2026-09-03 12:19:02.965000+00:00
lenovo_tttserver,A100-SXM4-80GB,"3.12.3 (main, Mar  3 2026, 12:15:18) [GCC 13.3.0]",py312_cuml_adaptive,profiler_cuml_adaptive_fix1,QHY600-4_Ha,15.3,7.458411693572998,601.0,2026-09-03T12:19:17.539Z,4787.0,3193.0,Ha,NGC2903,,424.0,41.0,fix1,local,19.4353,0.0724,9.0,A100 (80 GB),2026-09-03 12:19:17.539000+00:00
lenovo_tttserver,A100-SXM4-80GB,"3.12.3 (main, Mar  3 2026, 12:15:18) [GCC 13.3.0]",py312_cuml_adaptive,profiler_cuml_adaptive_fix1,QHY600-4_Ha,15.3,7.847469806671143,601.0,2026-09-03T12:19:32.220Z,4787.0,3193.0,Ha,NGC2903,,424.0,41.0,fix1,local,19.4353,0.0724,9.0,A100 (80 GB),2026-09-03 12:19:32.220000+00:00
lenovo_tttserver,A100-SXM4-80GB,"3.12.3 (main, Mar  3 2026, 12:15:18) [GCC 13.3.0]",py312_cuml_adaptive,profiler_cuml_adaptive_fix1,QHY600-4_Ha,15.3,7.647656202316284,601.0,2026-09-03T12:19:46.908Z,4787.0,3193.0,Ha,NGC2903,,424.0,41.0,fix1,local,19.4353,0.0724,9.0,A100 (80 GB),2026-09-03 12:19:46.908000+00:00
lenovo_tttserver,A100-SXM4-80GB,"3.12.3 (main, Mar  3 2026, 12:15:18) [GCC 13.3.0]",py312_cuml_adaptive,profiler_cuml_adaptive_fix1,QHY600-4_Ha,15.3,8.27074384689331,601.0,2026-09-03T12:20:01.925Z,4787.0,3193.0,Ha,NGC2903,,424.0,41.0,fix1,local,19.4353,0.0724,9.0,A100 (80 GB),2026-09-03 12:20:01.925000+00:00
lenovo_tttserver,A100-SXM4-80GB,"3.12.3 (main, Mar  3 2026, 12:15:18) [GCC 13.3.0]",py312_cuml_adaptive,profiler_cuml_adaptive_fix1,QHY600-4_Ha,15.3,8.309976577758789,601.0,2026-09-03T12:20:17.090Z,4787.0,3193.0,Ha,NGC2903,,424.0,41.0,fix1,local,19.4353,0.0724,9.0,A100 (80 GB),2026-09-03 12:20:17.090000+00:00
lenovo_tttserver,A100-SXM4-80GB,"3.12.3 (main, Mar  3 2026, 12:15:18) [GCC 13.3.0]",py312_cuml_adaptive,profiler_cuml_adaptive_fix1,QHY600-4_Ha,15.3,8.239343166351318,601.0,2026-09-03T12:20:33.016Z,4787.0,3193.0,Ha,NGC2903,,424.0,41.0,fix1,local,19.4353,0.0724,9.0,A100 (80 GB),2026-09-03 12:20:33.016000+00:00
lenovo_tttserver,A100-SXM4-80GB,"3.12.3 (main, Mar  3 2026, 12:15:18) [GCC 13.3.0]",py312_cuml_adaptive,profiler_cuml_adaptive_fix1,QHY600-4_Ha,15.3,8.537290811538696,601.0,2026-09-03T12:20:49.359Z,4787.0,3193.0,Ha,NGC2903,,424.0,41.0,fix1,local,19.4353,0.0724,9.0,A100 (80 GB),2026-09-03 12:20:49.359000+00:00
lenovo_tttserver,A100-SXM4-80GB,"3.12.3 (main, Mar  3 2026, 12:15:18) [GCC 13.3.0]",py312_cuml_always,profiler_cuml_always_fix1,QHY600-4_Lum_2k,15.3,11.600724935531616,2938.0,2026-09-03T12:59:00.113Z,4787.0,3193.0,Lum,1620,,424.0,43.0,fix1,local,23.5036,0.0014,177.0,A100 (80 GB),2026-09-03 12:59:00.113000+00:00
lenovo_tttserver,A100-SXM4-80GB,"3.12.3 (main, Mar  3 2026, 12:15:18) [GCC 13.3.0]",py312_cuml_always,profiler_cuml_always_fix1,QHY600-4_Lum_2k,15.3,11.746347904205322,2938.0,2026-09-03T12:59:18.287Z,4787.0,3193.0,Lum,1620,,424.0,43.0,fix1,local,23.5036,0.0014,177.0,A100 (80 GB),2026-09-03 12:59:18.287000+00:00
lenovo_tttserver,A100-SXM4-80GB,"3.12.3 (main, Mar  3 2026, 12:15:18) [GCC 13.3.0]",py312_cuml_always,profiler_cuml_always_fix1,QHY600-4_Lum_2k,15.3,11.540396451950071,2938.0,2026-09-03T12:59:36.831Z,4787.0,3193.0,Lum,1620,,424.0,43.0,fix1,local,23.5036,0.0014,177.0,A100 (80 GB),2026-09-03 12:59:36.831000+00:00
lenovo_tttserver,A100-SXM4-80GB,"3.12.3 (main, Mar  3 2026, 12:15:18) [GCC 13.3.0]",py312_cuml_always,profiler_cuml_always_fix1,QHY600-4_Lum_2k,15.3,11.329614162445068,2938.0,2026-09-03T12:59:54.693Z,4787.0,3193.0,Lum,1620,,424.0,43.0,fix1,local,23.5036,0.0014,177.0,A100 (80 GB),2026-09-03 12:59:54.693000+00:00
lenovo_tttserver,A100-SXM4-80GB,"3.12.3 (main, Mar  3 2026, 12:15:18) [GCC 13.3.0]",py312_cuml_always,profiler_cuml_always_fix1,QHY600-4_Lum_2k,15.3,11.645543336868286,2938.0,2026-09-03T13:00:12.903Z,4787.0,3193.0,Lum,1620,,424.0,43.0,fix1,local,23.5036,0.0014,177.0,A100 (80 GB),2026-09-03 13:00:12.903000+00:00
lenovo_tttserver,A100-SXM4-80GB,"3.12.3 (main, Mar  3 2026, 12:15:18) [GCC 13.3.0]",py312_cuml_always,profiler_cuml_always_fix1,QHY600-4_Lum_2k,15.3,11.075886011123655,2938.0,2026-09-03T13:00:31.221Z,4787.0,3193.0,Lum,1620,,424.0,44.0,fix1,local,23.5036,0.0014,177.0,A100 (80 GB),2026-09-03 13:00:31.221000+00:00
lenovo_tttserver,A100-SXM4-80GB,"3.12.3 (main, Mar  3 2026, 12:15:18) [GCC 13.3.0]",py312_cuml_always,profiler_cuml_always_fix1,QHY600-4_Lum_2k,15.3,12.06947898864746,2938.0,2026-09-03T13:00:49.812Z,4787.0,3193.0,Lum,1620,,424.0,43.0,fix1,local,23.5036,0.0014,177.0,A100 (80 GB),2026-09-03 13:00:49.812000+00:00
lenovo_tttserver,A100-SXM4-80GB,"3.12.3 (main, Mar  3 2026, 12:15:18) [GCC 13.3.0]",py312_cuml_always,profiler_cuml_always_fix1,QHY600-4_Lum_2k,15.3,11.997323036193848,2938.0,2026-09-03T13:01:08.464Z,4787.0,3193.0,Lum,1620,,424.0,43.0,fix1,local,23.5036,0.0014,177.0,A100 (80 GB),2026-09-03 13:01:08.464000+00:00
lenovo_tttserver,A100-SXM4-80GB,"3.12.3 (main, Mar  3 2026, 12:15:18) [GCC 13.3.0]",py312_cuml_always,profiler_cuml_always_fix1,QHY600-4_Lum_2k,15.3,11.825652599334717,2938.0,2026-09-03T13:01:46.584Z,4787.0,3193.0,Lum,1620,,424.0,43.0,fix1,local,23.5036,0.0014,177.0,A100 (80 GB),2026-09-03 13:01:46.584000+00:00
lenovo_tttserver,A100-SXM4-80GB,"3.12.3 (main, Mar  3 2026, 12:15:18) [GCC 13.3.0]",py312_cuml_adaptive,profiler_cuml_adaptive_fix1,QHY600-4_Lum_2k,15.3,11.273089170455933,2938.0,2026-09-03T12:55:16.143Z,4787.0,3193.0,Lum,1620,,424.0,43.0,fix1,local,23.5036,0.0014,177.0,A100 (80 GB),2026-09-03 12:55:16.143000+00:00
lenovo_tttserver,A100-SXM4-80GB,"3.12.3 (main, Mar  3 2026, 12:15:18) [GCC 13.3.0]",py312_cuml_adaptive,profiler_cuml_adaptive_fix1,QHY600-4_Lum_2k,15.3,12.142749786376951,2938.0,2026-09-03T12:55:35.100Z,4787.0,3193.0,Lum,1620,,424.0,43.0,fix1,local,23.5036,0.0014,177.0,A100 (80 GB),2026-09-03 12:55:35.100000+00:00
lenovo_tttserver,A100-SXM4-80GB,"3.12.3 (main, Mar  3 2026, 12:15:18) [GCC 13.3.0]",py312_cuml_adaptive,profiler_cuml_adaptive_fix1,QHY600-4_Lum_2k,15.3,11.637777090072632,2938.0,2026-09-03T12:55:53.312Z,4787.0,3193.0,Lum,1620,,424.0,43.0,fix1,local,23.5036,0.0014,177.0,A100 (80 GB),2026-09-03 12:55:53.312000+00:00
lenovo_tttserver,A100-SXM4-80GB,"3.12.3 (main, Mar  3 2026, 12:15:18) [GCC 13.3.0]",py312_cuml_adaptive,profiler_cuml_adaptive_fix1,QHY600-4_Lum_2k,15.3,11.955500602722168,2938.0,2026-09-03T12:56:12.067Z,4787.0,3193.0,Lum,1620,,424.0,43.0,fix1,local,23.5036,0.0014,177.0,A100 (80 GB),2026-09-03 12:56:12.067000+00:00
lenovo_tttserver,A100-SXM4-80GB,"3.12.3 (main, Mar  3 2026, 12:15:18) [GCC 13.3.0]",py312_cuml_adaptive,profiler_cuml_adaptive_fix1,QHY600-4_Lum_2k,15.3,11.63630723953247,2938.0,2026-09-03T12:56:30.374Z,4787.0,3193.0,Lum,1620,,424.0,43.0,fix1,local,23.5036,0.0014,177.0,A100 (80 GB),2026-09-03 12:56:30.374000+00:00
lenovo_tttserver,A100-SXM4-80GB,"3.12.3 (main, Mar  3 2026, 12:15:18) [GCC 13.3.0]",py312_cuml_adaptive,profiler_cuml_adaptive_fix1,QHY600-4_Lum_2k,15.3,11.453884363174438,2938.0,2026-09-03T12:56:48.737Z,4787.0,3193.0,Lum,1620,,424.0,43.0,fix1,local,23.5036,0.0014,177.0,A100 (80 GB),2026-09-03 12:56:48.737000+00:00
lenovo_tttserver,A100-SXM4-80GB,"3.12.3 (main, Mar  3 2026, 12:15:18) [GCC 13.3.0]",py312_cuml_adaptive,profiler_cuml_adaptive_fix1,QHY600-4_Lum_2k,15.3,11.648316860198976,2938.0,2026-09-03T12:57:06.827Z,4787.0,3193.0,Lum,1620,,424.0,43.0,fix1,local,23.5036,0.0014,177.0,A100 (80 GB),2026-09-03 12:57:06.827000+00:00
lenovo_tttserver,A100-SXM4-80GB,"3.12.3 (main, Mar  3 2026, 12:15:18) [GCC 13.3.0]",py312_cuml_adaptive,profiler_cuml_adaptive_fix1,QHY600-4_Lum_2k,15.3,11.463573932647703,2938.0,2026-09-03T12:57:25.088Z,4787.0,3193.0,Lum,1620,,424.0,43.0,fix1,local,23.5036,0.0014,177.0,A100 (80 GB),2026-09-03 12:57:25.088000+00:00
lenovo_tttserver,A100-SXM4-80GB,"3.12.3 (main, Mar  3 2026, 12:15:18) [GCC 13.3.0]",py312_cuml_adaptive,profiler_cuml_adaptive_fix1,QHY600-4_Lum_2k,15.3,11.441630840301514,2938.0,2026-09-03T12:57:43.088Z,4787.0,3193.0,Lum,1620,,424.0,43.0,fix1,local,23.5036,0.0014,177.0,A100 (80 GB),2026-09-03 12:57:43.088000+00:00
lenovo_tttserver,A100-SXM4-80GB,"3.12.3 (main, Mar  3 2026, 12:15:18) [GCC 13.3.0]",py312_cuml_adaptive,profiler_cuml_adaptive_fix1,QHY600-4_Lum_2k,15.3,12.6100754737854,2938.0,2026-09-03T12:58:02.701Z,4787.0,3193.0,Lum,1620,,424.0,43.0,fix1,local,23.5036,0.0014,177.0,A100 (80 GB),2026-09-03 12:58:02.701000+00:00
lenovo_tttserver,A100-SXM4-80GB,"3.12.3 (main, Mar  3 2026, 12:15:18) [GCC 13.3.0]",py312_cuml_always,profiler_cuml_always_fix1,QHY600-4_SDSSg,15.3,8.755250930786133,307.0,2026-09-03T12:12:05.272Z,4787.0,3193.0,SDSSg,WASP-43-b,,424.0,41.0,fix1,local,22.8707,0.004,38.0,A100 (80 GB),2026-09-03 12:12:05.272000+00:00
lenovo_tttserver,A100-SXM4-80GB,"3.12.3 (main, Mar  3 2026, 12:15:18) [GCC 13.3.0]",py312_cuml_always,profiler_cuml_always_fix1,QHY600-4_SDSSg,15.3,8.665269613265991,307.0,2026-09-03T12:12:21.912Z,4787.0,3193.0,SDSSg,WASP-43-b,,424.0,41.0,fix1,local,22.8707,0.004,38.0,A100 (80 GB),2026-09-03 12:12:21.912000+00:00
lenovo_tttserver,A100-SXM4-80GB,"3.12.3 (main, Mar  3 2026, 12:15:18) [GCC 13.3.0]",py312_cuml_always,profiler_cuml_always_fix1,QHY600-4_SDSSg,15.3,8.351056814193726,307.0,2026-09-03T12:12:37.373Z,4787.0,3193.0,SDSSg,WASP-43-b,,424.0,41.0,fix1,local,22.8707,0.004,38.0,A100 (80 GB),2026-09-03 12:12:37.373000+00:00
lenovo_tttserver,A100-SXM4-80GB,"3.12.3 (main, Mar  3 2026, 12:15:18) [GCC 13.3.0]",py312_cuml_always,profiler_cuml_always_fix1,QHY600-4_SDSSg,15.3,8.49833869934082,307.0,2026-09-03T12:12:53.337Z,4787.0,3193.0,SDSSg,WASP-43-b,,424.0,41.0,fix1,local,22.8707,0.004,38.0,A100 (80 GB),2026-09-03 12:12:53.337000+00:00
lenovo_tttserver,A100-SXM4-80GB,"3.12.3 (main, Mar  3 2026, 12:15:18) [GCC 13.3.0]",py312_cuml_always,profiler_cuml_always_fix1,QHY600-4_SDSSg,15.3,8.805301666259766,307.0,2026-09-03T12:13:09.420Z,4787.0,3193.0,SDSSg,WASP-43-b,,424.0,41.0,fix1,local,22.8707,0.004,38.0,A100 (80 GB),2026-09-03 12:13:09.420000+00:00
lenovo_tttserver,A100-SXM4-80GB,"3.12.3 (main, Mar  3 2026, 12:15:18) [GCC 13.3.0]",py312_cuml_always,profiler_cuml_always_fix1,QHY600-4_SDSSg,15.3,8.634351253509521,307.0,2026-09-03T12:13:24.911Z,4787.0,3193.0,SDSSg,WASP-43-b,,424.0,41.0,fix1,local,22.8707,0.004,38.0,A100 (80 GB),2026-09-03 12:13:24.911000+00:00
lenovo_tttserver,A100-SXM4-80GB,"3.12.3 (main, Mar  3 2026, 12:15:18) [GCC 13.3.0]",py312_cuml_always,profiler_cuml_always_fix1,QHY600-4_SDSSg,15.3,8.133716106414795,307.0,2026-09-03T12:13:56.998Z,4787.0,3193.0,SDSSg,WASP-43-b,,424.0,41.0,fix1,local,22.8707,0.004,38.0,A100 (80 GB),2026-09-03 12:13:56.998000+00:00
lenovo_tttserver,A100-SXM4-80GB,"3.12.3 (main, Mar  3 2026, 12:15:18) [GCC 13.3.0]",py312_cuml_always,profiler_cuml_always_fix1,QHY600-4_SDSSg,15.3,8.643047332763672,307.0,2026-09-03T12:14:12.430Z,4787.0,3193.0,SDSSg,WASP-43-b,,424.0,41.0,fix1,local,22.8707,0.004,38.0,A100 (80 GB),2026-09-03 12:14:12.430000+00:00
lenovo_tttserver,A100-SXM4-80GB,"3.12.3 (main, Mar  3 2026, 12:15:18) [GCC 13.3.0]",py312_cuml_always,profiler_cuml_always_fix1,QHY600-4_SDSSg,15.3,8.511126041412354,307.0,2026-09-03T12:14:27.939Z,4787.0,3193.0,SDSSg,WASP-43-b,,424.0,41.0,fix1,local,22.8707,0.004,38.0,A100 (80 GB),2026-09-03 12:14:27.939000+00:00
lenovo_tttserver,A100-SXM4-80GB,"3.12.3 (main, Mar  3 2026, 12:15:18) [GCC 13.3.0]",py312_cuml_adaptive,profiler_cuml_adaptive_fix1,QHY600-4_SDSSg,15.3,7.835656881332397,307.0,2026-09-03T12:15:16.704Z,4787.0,3193.0,SDSSg,WASP-43-b,,424.0,41.0,fix1,local,22.8707,0.004,38.0,A100 (80 GB),2026-09-03 12:15:16.704000+00:00
lenovo_tttserver,A100-SXM4-80GB,"3.12.3 (main, Mar  3 2026, 12:15:18) [GCC 13.3.0]",py312_cuml_adaptive,profiler_cuml_adaptive_fix1,QHY600-4_SDSSg,15.3,8.762601137161255,307.0,2026-09-03T12:15:32.481Z,4787.0,3193.0,SDSSg,WASP-43-b,,424.0,41.0,fix1,local,22.8707,0.004,38.0,A100 (80 GB),2026-09-03 12:15:32.481000+00:00
lenovo_tttserver,A100-SXM4-80GB,"3.12.3 (main, Mar  3 2026, 12:15:18) [GCC 13.3.0]",py312_cuml_adaptive,profiler_cuml_adaptive_fix1,QHY600-4_SDSSg,15.3,8.624525308609009,307.0,2026-09-03T12:15:48.104Z,4787.0,3193.0,SDSSg,WASP-43-b,,424.0,41.0,fix1,local,22.8707,0.004,38.0,A100 (80 GB),2026-09-03 12:15:48.104000+00:00
lenovo_tttserver,A100-SXM4-80GB,"3.12.3 (main, Mar  3 2026, 12:15:18) [GCC 13.3.0]",py312_cuml_adaptive,profiler_cuml_adaptive_fix1,QHY600-4_SDSSg,15.3,8.917563676834106,307.0,2026-09-03T12:16:04.868Z,4787.0,3193.0,SDSSg,WASP-43-b,,424.0,41.0,fix1,local,22.8707,0.004,38.0,A100 (80 GB),2026-09-03 12:16:04.868000+00:00
lenovo_tttserver,A100-SXM4-80GB,"3.12.3 (main, Mar  3 2026, 12:15:18) [GCC 13.3.0]",py312_cuml_adaptive,profiler_cuml_adaptive_fix1,QHY600-4_SDSSg,15.3,9.75729775428772,307.0,2026-09-03T12:16:22.110Z,4787.0,3193.0,SDSSg,WASP-43-b,,424.0,41.0,fix1,local,22.8707,0.004,38.0,A100 (80 GB),2026-09-03 12:16:22.110000+00:00
lenovo_tttserver,A100-SXM4-80GB,"3.12.3 (main, Mar  3 2026, 12:15:18) [GCC 13.3.0]",py312_cuml_adaptive,profiler_cuml_adaptive_fix1,QHY600-4_SDSSg,15.3,9.307226181030272,307.0,2026-09-03T12:16:38.567Z,4787.0,3193.0,SDSSg,WASP-43-b,,424.0,41.0,fix1,local,22.8707,0.004,38.0,A100 (80 GB),2026-09-03 12:16:38.567000+00:00
lenovo_tttserver,A100-SXM4-80GB,"3.12.3 (main, Mar  3 2026, 12:15:18) [GCC 13.3.0]",py312_cuml_adaptive,profiler_cuml_adaptive_fix1,QHY600-4_SDSSg,15.3,7.77297306060791,307.0,2026-09-03T12:16:52.877Z,4787.0,3193.0,SDSSg,WASP-43-b,,424.0,41.0,fix1,local,22.8707,0.004,38.0,A100 (80 GB),2026-09-03 12:16:52.877000+00:00
lenovo_tttserver,A100-SXM4-80GB,"3.12.3 (main, Mar  3 2026, 12:15:18) [GCC 13.3.0]",py312_cuml_adaptive,profiler_cuml_adaptive_fix1,QHY600-4_SDSSg,15.3,8.76096224784851,307.0,2026-09-03T12:17:09.389Z,4787.0,3193.0,SDSSg,WASP-43-b,,424.0,41.0,fix1,local,22.8707,0.004,38.0,A100 (80 GB),2026-09-03 12:17:09.389000+00:00
lenovo_tttserver,A100-SXM4-80GB,"3.12.3 (main, Mar  3 2026, 12:15:18) [GCC 13.3.0]",py312_cuml_adaptive,profiler_cuml_adaptive_fix1,QHY600-4_SDSSg,15.3,8.022258043289185,307.0,2026-09-03T12:17:24.144Z,4787.0,3193.0,SDSSg,WASP-43-b,,424.0,41.0,fix1,local,22.8707,0.004,38.0,A100 (80 GB),2026-09-03 12:17:24.144000+00:00
lenovo_tttserver,A100-SXM4-80GB,"3.12.3 (main, Mar  3 2026, 12:15:18) [GCC 13.3.0]",py312_cuml_adaptive,profiler_cuml_adaptive_fix1,QHY600-4_SDSSg,15.3,7.809881925582886,307.0,2026-09-03T12:17:38.745Z,4787.0,3193.0,SDSSg,WASP-43-b,,424.0,41.0,fix1,local,22.8707,0.004,38.0,A100 (80 GB),2026-09-03 12:17:38.745000+00:00
lenovo_tttserver,A100-SXM4-80GB,"3.12.3 (main, Mar  3 2026, 12:15:18) [GCC 13.3.0]",py312_cuml_always,profiler_cuml_always_fix1,QHY600-4_SDSSg_4k,15.3,11.951274871826172,8294.0,2026-09-03T13:02:59.695Z,4787.0,3193.0,SDSSg,hermione,,424.0,43.0,fix1,local,22.8958,0.002,182.0,A100 (80 GB),2026-09-03 13:02:59.695000+00:00
lenovo_tttserver,A100-SXM4-80GB,"3.12.3 (main, Mar  3 2026, 12:15:18) [GCC 13.3.0]",py312_cuml_always,profiler_cuml_always_fix1,QHY600-4_SDSSg_4k,15.3,12.664188861846924,8294.0,2026-09-03T13:03:19.038Z,4787.0,3193.0,SDSSg,hermione,,424.0,43.0,fix1,local,22.8958,0.002,182.0,A100 (80 GB),2026-09-03 13:03:19.038000+00:00
lenovo_tttserver,A100-SXM4-80GB,"3.12.3 (main, Mar  3 2026, 12:15:18) [GCC 13.3.0]",py312_cuml_always,profiler_cuml_always_fix1,QHY600-4_SDSSg_4k,15.3,12.891199350357056,8294.0,2026-09-03T13:03:38.739Z,4787.0,3193.0,SDSSg,hermione,,424.0,43.0,fix1,local,22.8958,0.002,182.0,A100 (80 GB),2026-09-03 13:03:38.739000+00:00
lenovo_tttserver,A100-SXM4-80GB,"3.12.3 (main, Mar  3 2026, 12:15:18) [GCC 13.3.0]",py312_cuml_always,profiler_cuml_always_fix1,QHY600-4_SDSSg_4k,15.3,12.491165161132812,8294.0,2026-09-03T13:03:57.846Z,4787.0,3193.0,SDSSg,hermione,,424.0,43.0,fix1,local,22.8958,0.002,182.0,A100 (80 GB),2026-09-03 13:03:57.846000+00:00
lenovo_tttserver,A100-SXM4-80GB,"3.12.3 (main, Mar  3 2026, 12:15:18) [GCC 13.3.0]",py312_cuml_always,profiler_cuml_always_fix1,QHY600-4_SDSSg_4k,15.3,12.210737466812134,8294.0,2026-09-03T13:04:17.163Z,4787.0,3193.0,SDSSg,hermione,,424.0,43.0,fix1,local,22.8958,0.002,182.0,A100 (80 GB),2026-09-03 13:04:17.163000+00:00
lenovo_tttserver,A100-SXM4-80GB,"3.12.3 (main, Mar  3 2026, 12:15:18) [GCC 13.3.0]",py312_cuml_always,profiler_cuml_always_fix1,QHY600-4_SDSSg_4k,15.3,12.62557291984558,8294.0,2026-09-03T13:04:36.225Z,4787.0,3193.0,SDSSg,hermione,,424.0,43.0,fix1,local,22.8958,0.002,182.0,A100 (80 GB),2026-09-03 13:04:36.225000+00:00
lenovo_tttserver,A100-SXM4-80GB,"3.12.3 (main, Mar  3 2026, 12:15:18) [GCC 13.3.0]",py312_cuml_always,profiler_cuml_always_fix1,QHY600-4_SDSSg_4k,15.3,13.15523076057434,8294.0,2026-09-03T13:04:56.045Z,4787.0,3193.0,SDSSg,hermione,,424.0,43.0,fix1,local,22.8958,0.002,182.0,A100 (80 GB),2026-09-03 13:04:56.045000+00:00
lenovo_tttserver,A100-SXM4-80GB,"3.12.3 (main, Mar  3 2026, 12:15:18) [GCC 13.3.0]",py312_cuml_always,profiler_cuml_always_fix1,QHY600-4_SDSSg_4k,15.3,13.074377059936523,8294.0,2026-09-03T13:05:16.176Z,4787.0,3193.0,SDSSg,hermione,,424.0,43.0,fix1,local,22.8958,0.002,182.0,A100 (80 GB),2026-09-03 13:05:16.176000+00:00
lenovo_tttserver,A100-SXM4-80GB,"3.12.3 (main, Mar  3 2026, 12:15:18) [GCC 13.3.0]",py312_cuml_always,profiler_cuml_always_fix1,QHY600-4_SDSSg_4k,15.3,12.516332626342772,8294.0,2026-09-03T13:05:35.782Z,4787.0,3193.0,SDSSg,hermione,,424.0,43.0,fix1,local,22.8958,0.002,182.0,A100 (80 GB),2026-09-03 13:05:35.782000+00:00
lenovo_tttserver,A100-SXM4-80GB,"3.12.3 (main, Mar  3 2026, 12:15:18) [GCC 13.3.0]",py312_cuml_always,profiler_cuml_always_fix1,QHY600-4_SDSSg_4k,15.3,12.880836725234984,8294.0,2026-09-03T13:05:55.595Z,4787.0,3193.0,SDSSg,hermione,,424.0,43.0,fix1,local,22.8958,0.002,182.0,A100 (80 GB),2026-09-03 13:05:55.595000+00:00
lenovo_tttserver,A100-SXM4-80GB,"3.12.3 (main, Mar  3 2026, 12:15:18) [GCC 13.3.0]",py312_cuml_adaptive,profiler_cuml_adaptive_fix1,QHY600-4_SDSSg_4k,15.3,12.56618356704712,8294.0,2026-09-03T13:06:57.604Z,4787.0,3193.0,SDSSg,hermione,,424.0,43.0,fix1,local,22.8958,0.002,182.0,A100 (80 GB),2026-09-03 13:06:57.604000+00:00
lenovo_tttserver,A100-SXM4-80GB,"3.12.3 (main, Mar  3 2026, 12:15:18) [GCC 13.3.0]",py312_cuml_adaptive,profiler_cuml_adaptive_fix1,QHY600-4_SDSSg_4k,15.3,12.068453788757324,8294.0,2026-09-03T13:07:16.148Z,4787.0,3193.0,SDSSg,hermione,,424.0,43.0,fix1,local,22.8958,0.002,182.0,A100 (80 GB),2026-09-03 13:07:16.148000+00:00
lenovo_tttserver,A100-SXM4-80GB,"3.12.3 (main, Mar  3 2026, 12:15:18) [GCC 13.3.0]",py312_cuml_adaptive,profiler_cuml_adaptive_fix1,QHY600-4_SDSSg_4k,15.3,12.761342525482178,8294.0,2026-09-03T13:07:35.235Z,4787.0,3193.0,SDSSg,hermione,,424.0,43.0,fix1,local,22.8958,0.002,182.0,A100 (80 GB),2026-09-03 13:07:35.235000+00:00
lenovo_tttserver,A100-SXM4-80GB,"3.12.3 (main, Mar  3 2026, 12:15:18) [GCC 13.3.0]",py312_cuml_adaptive,profiler_cuml_adaptive_fix1,QHY600-4_SDSSg_4k,15.3,12.268111228942873,8294.0,2026-09-03T13:07:54.652Z,4787.0,3193.0,SDSSg,hermione,,424.0,43.0,fix1,local,22.8958,0.002,182.0,A100 (80 GB),2026-09-03 13:07:54.652000+00:00
lenovo_tttserver,A100-SXM4-80GB,"3.12.3 (main, Mar  3 2026, 12:15:18) [GCC 13.3.0]",py312_cuml_adaptive,profiler_cuml_adaptive_fix1,QHY600-4_SDSSg_4k,15.3,12.019569158554075,8294.0,2026-09-03T13:08:12.937Z,4787.0,3193.0,SDSSg,hermione,,424.0,43.0,fix1,local,22.8958,0.002,182.0,A100 (80 GB),2026-09-03 13:08:12.937000+00:00
lenovo_tttserver,A100-SXM4-80GB,"3.12.3 (main, Mar  3 2026, 12:15:18) [GCC 13.3.0]",py312_cuml_adaptive,profiler_cuml_adaptive_fix1,QHY600-4_SDSSg_4k,15.3,12.3783540725708,8294.0,2026-09-03T13:08:32.290Z,4787.0,3193.0,SDSSg,hermione,,424.0,43.0,fix1,local,22.8958,0.002,182.0,A100 (80 GB),2026-09-03 13:08:32.290000+00:00
lenovo_tttserver,A100-SXM4-80GB,"3.12.3 (main, Mar  3 2026, 12:15:18) [GCC 13.3.0]",py312_cuml_adaptive,profiler_cuml_adaptive_fix1,QHY600-4_SDSSg_4k,15.3,12.079244136810305,8294.0,2026-09-03T13:08:50.896Z,4787.0,3193.0,SDSSg,hermione,,424.0,43.0,fix1,local,22.8958,0.002,182.0,A100 (80 GB),2026-09-03 13:08:50.896000+00:00
lenovo_tttserver,A100-SXM4-80GB,"3.12.3 (main, Mar  3 2026, 12:15:18) [GCC 13.3.0]",py312_cuml_adaptive,profiler_cuml_adaptive_fix1,QHY600-4_SDSSg_4k,15.3,12.41669464111328,8294.0,2026-09-03T13:09:09.623Z,4787.0,3193.0,SDSSg,hermione,,424.0,43.0,fix1,local,22.8958,0.002,182.0,A100 (80 GB),2026-09-03 13:09:09.623000+00:00
lenovo_tttserver,A100-SXM4-80GB,"3.12.3 (main, Mar  3 2026, 12:15:18) [GCC 13.3.0]",py312_cuml_adaptive,profiler_cuml_adaptive_fix1,QHY600-4_SDSSg_4k,15.3,12.492273330688477,8294.0,2026-09-03T13:09:29.076Z,4787.0,3193.0,SDSSg,hermione,,424.0,43.0,fix1,local,22.8958,0.002,182.0,A100 (80 GB),2026-09-03 13:09:29.076000+00:00
lenovo_tttserver,A100-SXM4-80GB,"3.12.3 (main, Mar  3 2026, 12:15:18) [GCC 13.3.0]",py312_cuml_adaptive,profiler_cuml_adaptive_fix1,QHY600-4_SDSSg_4k,15.3,12.196948289871216,8294.0,2026-09-03T13:09:48.724Z,4787.0,3193.0,SDSSg,hermione,,424.0,43.0,fix1,local,22.8958,0.002,182.0,A100 (80 GB),2026-09-03 13:09:48.724000+00:00
lenovo_tttserver,A100-SXM4-80GB,"3.12.3 (main, Mar  3 2026, 12:15:18) [GCC 13.3.0]",py312_cuml_always,profiler_cuml_always_fix1,QHY600-4_SDSSi_10k,15.3,11.22783374786377,15759.0,2026-08-31T16:11:22.693Z,4787.0,3193.0,SDSSi,MAXIJ1820+070,,424.0,43.0,fix1,local,21.2206,0.0011,167.0,A100 (80 GB),2026-08-31 16:11:22.693000+00:00
lenovo_tttserver,A100-SXM4-80GB,"3.12.3 (main, Mar  3 2026, 12:15:18) [GCC 13.3.0]",py312_cuml_always,profiler_cuml_always_fix1,QHY600-4_SDSSi_10k,15.3,11.596063375473022,15759.0,2026-08-31T16:11:42.082Z,4787.0,3193.0,SDSSi,MAXIJ1820+070,,424.0,43.0,fix1,local,21.2206,0.0011,167.0,A100 (80 GB),2026-08-31 16:11:42.082000+00:00
lenovo_tttserver,A100-SXM4-80GB,"3.12.3 (main, Mar  3 2026, 12:15:18) [GCC 13.3.0]",py312_cuml_always,profiler_cuml_always_fix1,QHY600-4_SDSSi_10k,15.3,12.752154350280762,15759.0,2026-08-31T16:12:01.334Z,4787.0,3193.0,SDSSi,MAXIJ1820+070,,424.0,43.0,fix1,local,21.2206,0.0011,167.0,A100 (80 GB),2026-08-31 16:12:01.334000+00:00
lenovo_tttserver,A100-SXM4-80GB,"3.12.3 (main, Mar  3 2026, 12:15:18) [GCC 13.3.0]",py312_cuml_always,profiler_cuml_always_fix1,QHY600-4_SDSSi_10k,15.3,11.48744010925293,15759.0,2026-08-31T16:12:19.509Z,4787.0,3193.0,SDSSi,MAXIJ1820+070,,424.0,44.0,fix1,local,21.2206,0.0011,167.0,A100 (80 GB),2026-08-31 16:12:19.509000+00:00
lenovo_tttserver,A100-SXM4-80GB,"3.12.3 (main, Mar  3 2026, 12:15:18) [GCC 13.3.0]",py312_cuml_always,profiler_cuml_always_fix1,QHY600-4_SDSSi_10k,15.3,12.265738725662231,15759.0,2026-08-31T16:12:38.741Z,4787.0,3193.0,SDSSi,MAXIJ1820+070,,424.0,44.0,fix1,local,21.2206,0.0011,167.0,A100 (80 GB),2026-08-31 16:12:38.741000+00:00
lenovo_tttserver,A100-SXM4-80GB,"3.12.3 (main, Mar  3 2026, 12:15:18) [GCC 13.3.0]",py312_cuml_always,profiler_cuml_always_fix1,QHY600-4_SDSSi_10k,15.3,12.007474660873411,15759.0,2026-08-31T16:12:57.326Z,4787.0,3193.0,SDSSi,MAXIJ1820+070,,424.0,44.0,fix1,local,21.2206,0.0011,167.0,A100 (80 GB),2026-08-31 16:12:57.326000+00:00
lenovo_tttserver,A100-SXM4-80GB,"3.12.3 (main, Mar  3 2026, 12:15:18) [GCC 13.3.0]",py312_cuml_always,profiler_cuml_always_fix1,QHY600-4_SDSSi_10k,15.3,12.003268241882324,15759.0,2026-08-31T16:13:15.541Z,4787.0,3193.0,SDSSi,MAXIJ1820+070,,424.0,44.0,fix1,local,21.2206,0.0011,167.0,A100 (80 GB),2026-08-31 16:13:15.541000+00:00
lenovo_tttserver,A100-SXM4-80GB,"3.12.3 (main, Mar  3 2026, 12:15:18) [GCC 13.3.0]",py312_cuml_always,profiler_cuml_always_fix1,QHY600-4_SDSSi_10k,15.3,11.927791118621826,15759.0,2026-08-31T16:13:34.880Z,4787.0,3193.0,SDSSi,MAXIJ1820+070,,424.0,44.0,fix1,local,21.2206,0.0011,167.0,A100 (80 GB),2026-08-31 16:13:34.880000+00:00
lenovo_tttserver,A100-SXM4-80GB,"3.12.3 (main, Mar  3 2026, 12:15:18) [GCC 13.3.0]",py312_cuml_always,profiler_cuml_always_fix1,QHY600-4_SDSSi_10k,15.3,11.78088927268982,15759.0,2026-08-31T16:13:53.270Z,4787.0,3193.0,SDSSi,MAXIJ1820+070,,424.0,44.0,fix1,local,21.2206,0.0011,167.0,A100 (80 GB),2026-08-31 16:13:53.270000+00:00
lenovo_tttserver,A100-SXM4-80GB,"3.12.3 (main, Mar  3 2026, 12:15:18) [GCC 13.3.0]",py312_cuml_adaptive,profiler_cuml_adaptive_fix1,QHY600-4_SDSSi_10k,15.3,12.513224601745604,15759.0,2026-08-31T14:30:39.774Z,4787.0,3193.0,SDSSi,MAXIJ1820+070,,424.0,43.0,fix1,local,21.2206,0.0011,167.0,A100 (80 GB),2026-08-31 14:30:39.774000+00:00
lenovo_tttserver,A100-SXM4-80GB,"3.12.3 (main, Mar  3 2026, 12:15:18) [GCC 13.3.0]",py312_cuml_adaptive,profiler_cuml_adaptive_fix1,QHY600-4_SDSSi_10k,15.3,11.913630485534668,15759.0,2026-08-31T14:31:00.195Z,4787.0,3193.0,SDSSi,MAXIJ1820+070,,424.0,43.0,fix1,local,21.2206,0.0011,167.0,A100 (80 GB),2026-08-31 14:31:00.195000+00:00
lenovo_tttserver,A100-SXM4-80GB,"3.12.3 (main, Mar  3 2026, 12:15:18) [GCC 13.3.0]",py312_cuml_adaptive,profiler_cuml_adaptive_fix1,QHY600-4_SDSSi_10k,15.3,11.721599817276,15759.0,2026-08-31T14:31:18.718Z,4787.0,3193.0,SDSSi,MAXIJ1820+070,,424.0,43.0,fix1,local,21.2206,0.0011,167.0,A100 (80 GB),2026-08-31 14:31:18.718000+00:00
lenovo_tttserver,A100-SXM4-80GB,"3.12.3 (main, Mar  3 2026, 12:15:18) [GCC 13.3.0]",py312_cuml_adaptive,profiler_cuml_adaptive_fix1,QHY600-4_SDSSi_10k,15.3,12.13525390625,15759.0,2026-08-31T14:31:38.363Z,4787.0,3193.0,SDSSi,MAXIJ1820+070,,424.0,44.0,fix1,local,21.2206,0.0011,167.0,A100 (80 GB),2026-08-31 14:31:38.363000+00:00
lenovo_tttserver,A100-SXM4-80GB,"3.12.3 (main, Mar  3 2026, 12:15:18) [GCC 13.3.0]",py312_cuml_adaptive,profiler_cuml_adaptive_fix1,QHY600-4_SDSSi_10k,15.3,11.431923627853394,15759.0,2026-08-31T14:31:56.767Z,4787.0,3193.0,SDSSi,MAXIJ1820+070,,424.0,43.0,fix1,local,21.2206,0.0011,167.0,A100 (80 GB),2026-08-31 14:31:56.767000+00:00
lenovo_tttserver,A100-SXM4-80GB,"3.12.3 (main, Mar  3 2026, 12:15:18) [GCC 13.3.0]",py312_cuml_adaptive,profiler_cuml_adaptive_fix1,QHY600-4_SDSSi_10k,15.3,11.086123943328856,15759.0,2026-08-31T14:32:15.672Z,4787.0,3193.0,SDSSi,MAXIJ1820+070,,424.0,43.0,fix1,local,21.2206,0.0011,167.0,A100 (80 GB),2026-08-31 14:32:15.672000+00:00
lenovo_tttserver,A100-SXM4-80GB,"3.12.3 (main, Mar  3 2026, 12:15:18) [GCC 13.3.0]",py312_cuml_adaptive,profiler_cuml_adaptive_fix1,QHY600-4_SDSSi_10k,15.3,11.883575677871704,15759.0,2026-08-31T14:32:34.607Z,4787.0,3193.0,SDSSi,MAXIJ1820+070,,424.0,43.0,fix1,local,21.2206,0.0011,167.0,A100 (80 GB),2026-08-31 14:32:34.607000+00:00
lenovo_tttserver,A100-SXM4-80GB,"3.12.3 (main, Mar  3 2026, 12:15:18) [GCC 13.3.0]",py312_cuml_adaptive,profiler_cuml_adaptive_fix1,QHY600-4_SDSSi_10k,15.3,11.769360065460203,15759.0,2026-08-31T14:32:52.574Z,4787.0,3193.0,SDSSi,MAXIJ1820+070,,424.0,44.0,fix1,local,21.2206,0.0011,167.0,A100 (80 GB),2026-08-31 14:32:52.574000+00:00
lenovo_tttserver,A100-SXM4-80GB,"3.12.3 (main, Mar  3 2026, 12:15:18) [GCC 13.3.0]",py312_cuml_adaptive,profiler_cuml_adaptive_fix1,QHY600-4_SDSSi_10k,15.3,11.002640724182127,15759.0,2026-08-31T14:33:10.146Z,4787.0,3193.0,SDSSi,MAXIJ1820+070,,424.0,43.0,fix1,local,21.2206,0.0011,167.0,A100 (80 GB),2026-08-31 14:33:10.146000+00:00
lenovo_tttserver,A100-SXM4-80GB,"3.12.3 (main, Mar  3 2026, 12:15:18) [GCC 13.3.0]",py312_cuml_adaptive,profiler_cuml_adaptive_fix1,QHY600-4_SDSSi_10k,15.3,10.64655900001526,15759.0,2026-08-31T14:33:27.733Z,4787.0,3193.0,SDSSi,MAXIJ1820+070,,424.0,43.0,fix1,local,21.2206,0.0011,167.0,A100 (80 GB),2026-08-31 14:33:27.733000+00:00
lenovo_tttserver,A100-SXM4-80GB,"3.12.3 (main, Mar  3 2026, 12:15:18) [GCC 13.3.0]",py312_cuml_adaptive,profiler_cuml_adaptive_fix1,QHY600-4_SDSSi_10k,15.3,11.928802251815796,15759.0,2026-08-31T14:33:45.804Z,4787.0,3193.0,SDSSi,MAXIJ1820+070,,424.0,44.0,fix1,local,21.2206,0.0011,167.0,A100 (80 GB),2026-08-31 14:33:45.804000+00:00
lenovo_tttserver,A100-SXM4-80GB,"3.12.3 (main, Mar  3 2026, 12:15:18) [GCC 13.3.0]",py312_cuml_adaptive,profiler_cuml_adaptive_fix1,QHY600-4_SDSSi_10k,15.3,12.20122766494751,15759.0,2026-08-31T14:34:04.876Z,4787.0,3193.0,SDSSi,MAXIJ1820+070,,424.0,44.0,fix1,local,21.2206,0.0011,167.0,A100 (80 GB),2026-08-31 14:34:04.876000+00:00
lenovo_tttserver,A100-SXM4-80GB,"3.12.3 (main, Mar  3 2026, 12:15:18) [GCC 13.3.0]",py312_cuml_adaptive,profiler_cuml_adaptive_fix1,QHY600-4_SDSSi_10k,15.3,10.953579187393188,15759.0,2026-08-31T14:34:21.815Z,4787.0,3193.0,SDSSi,MAXIJ1820+070,,424.0,44.0,fix1,local,21.2206,0.0011,167.0,A100 (80 GB),2026-08-31 14:34:21.815000+00:00
lenovo_tttserver,A100-SXM4-80GB,"3.12.3 (main, Mar  3 2026, 12:15:18) [GCC 13.3.0]",py312_cuml_adaptive,profiler_cuml_adaptive_fix1,QHY600-4_SDSSi_10k,15.3,11.171108722686768,15759.0,2026-08-31T14:34:40.324Z,4787.0,3193.0,SDSSi,MAXIJ1820+070,,424.0,44.0,fix1,local,21.2206,0.0011,167.0,A100 (80 GB),2026-08-31 14:34:40.324000+00:00
lenovo_tttserver,A100-SXM4-80GB,"3.12.3 (main, Mar  3 2026, 12:15:18) [GCC 13.3.0]",py312_cuml_adaptive,profiler_cuml_adaptive_fix1,QHY600-4_SDSSi_10k,15.3,10.197190761566162,15759.0,2026-08-31T14:34:56.591Z,4787.0,3193.0,SDSSi,MAXIJ1820+070,,424.0,44.0,fix1,local,21.2206,0.0011,167.0,A100 (80 GB),2026-08-31 14:34:56.591000+00:00
lenovo_tttserver,A100-SXM4-80GB,"3.12.3 (main, Mar  3 2026, 12:15:18) [GCC 13.3.0]",py312_cuml_adaptive,profiler_cuml_adaptive_fix1,QHY600-4_SDSSi_10k,15.3,12.336270570755005,15759.0,2026-08-31T14:35:15.611Z,4787.0,3193.0,SDSSi,MAXIJ1820+070,,424.0,44.0,fix1,local,21.2206,0.0011,167.0,A100 (80 GB),2026-08-31 14:35:15.611000+00:00
lenovo_tttserver,A100-SXM4-80GB,"3.12.3 (main, Mar  3 2026, 12:15:18) [GCC 13.3.0]",py312_cuml_adaptive,profiler_cuml_adaptive_fix1,QHY600-4_SDSSi_10k,15.3,11.594081401824951,15759.0,2026-08-31T14:35:33.377Z,4787.0,3193.0,SDSSi,MAXIJ1820+070,,424.0,44.0,fix1,local,21.2206,0.0011,167.0,A100 (80 GB),2026-08-31 14:35:33.377000+00:00
lenovo_tttserver,A100-SXM4-80GB,"3.12.3 (main, Mar  3 2026, 12:15:18) [GCC 13.3.0]",py312_cuml_adaptive,profiler_cuml_adaptive_fix1,QHY600-4_SDSSi_10k,15.3,11.008204698562622,15759.0,2026-08-31T14:35:51.599Z,4787.0,3193.0,SDSSi,MAXIJ1820+070,,424.0,44.0,fix1,local,21.2206,0.0011,167.0,A100 (80 GB),2026-08-31 14:35:51.599000+00:00
lenovo_tttserver,A100-SXM4-80GB,"3.12.3 (main, Mar  3 2026, 12:15:18) [GCC 13.3.0]",py312_cuml_adaptive,profiler_cuml_adaptive_fix1,QHY600-4_SDSSi_10k,15.3,11.425543308258057,15759.0,2026-08-31T14:36:09.142Z,4787.0,3193.0,SDSSi,MAXIJ1820+070,,424.0,44.0,fix1,local,21.2206,0.0011,167.0,A100 (80 GB),2026-08-31 14:36:09.142000+00:00
lenovo_tttserver,A100-SXM4-80GB,"3.12.3 (main, Mar  3 2026, 12:15:18) [GCC 13.3.0]",py312_cuml_adaptive,profiler_cuml_adaptive_fix1,QHY600-4_SDSSi_10k,15.3,11.579509019851685,15759.0,2026-08-31T14:36:27.420Z,4787.0,3193.0,SDSSi,MAXIJ1820+070,,424.0,44.0,fix1,local,21.2206,0.0011,167.0,A100 (80 GB),2026-08-31 14:36:27.420000+00:00
lenovo_tttserver,A100-SXM4-80GB,"3.12.3 (main, Mar  3 2026, 12:15:18) [GCC 13.3.0]",py312_cuml_adaptive,profiler_cuml_adaptive_fix1,QHY600-4_SDSSi_10k,15.3,10.84553360939026,15759.0,2026-08-31T14:36:45.188Z,4787.0,3193.0,SDSSi,MAXIJ1820+070,,424.0,44.0,fix1,local,21.2206,0.0011,167.0,A100 (80 GB),2026-08-31 14:36:45.188000+00:00
lenovo_tttserver,A100-SXM4-80GB,"3.12.3 (main, Mar  3 2026, 12:15:18) [GCC 13.3.0]",py312_cuml_adaptive,profiler_cuml_adaptive_fix1,QHY600-4_SDSSi_10k,15.3,11.523618698120115,15759.0,2026-08-31T14:37:04.060Z,4787.0,3193.0,SDSSi,MAXIJ1820+070,,424.0,43.0,fix1,local,21.2206,0.0011,167.0,A100 (80 GB),2026-08-31 14:37:04.060000+00:00
lenovo_tttserver,A100-SXM4-80GB,"3.12.3 (main, Mar  3 2026, 12:15:18) [GCC 13.3.0]",py312_cuml_adaptive,profiler_cuml_adaptive_fix1,QHY600-4_SDSSi_10k,15.3,11.148293733596802,15759.0,2026-08-31T14:37:21.045Z,4787.0,3193.0,SDSSi,MAXIJ1820+070,,424.0,44.0,fix1,local,21.2206,0.0011,167.0,A100 (80 GB),2026-08-31 14:37:21.045000+00:00
lenovo_tttserver,A100-SXM4-80GB,"3.12.3 (main, Mar  3 2026, 12:15:18) [GCC 13.3.0]",py312_cuml_always,profiler_cuml_always_fix1,QHY600-4_SDSSi_10k,15.3,11.352817296981812,15759.0,2026-09-03T13:14:56.483Z,4787.0,3193.0,SDSSi,MAXIJ1820+070,,424.0,43.0,fix1,local,21.2206,0.0011,167.0,A100 (80 GB),2026-09-03 13:14:56.483000+00:00
lenovo_tttserver,A100-SXM4-80GB,"3.12.3 (main, Mar  3 2026, 12:15:18) [GCC 13.3.0]",py312_cuml_always,profiler_cuml_always_fix1,QHY600-4_SDSSi_10k,15.3,10.770328044891356,15759.0,2026-09-03T13:15:13.860Z,4787.0,3193.0,SDSSi,MAXIJ1820+070,,424.0,43.0,fix1,local,21.2206,0.0011,167.0,A100 (80 GB),2026-09-03 13:15:13.860000+00:00
lenovo_tttserver,A100-SXM4-80GB,"3.12.3 (main, Mar  3 2026, 12:15:18) [GCC 13.3.0]",py312_cuml_always,profiler_cuml_always_fix1,QHY600-4_SDSSi_10k,15.3,10.771546840667725,15759.0,2026-09-03T13:15:31.106Z,4787.0,3193.0,SDSSi,MAXIJ1820+070,,424.0,43.0,fix1,local,21.2206,0.0011,167.0,A100 (80 GB),2026-09-03 13:15:31.106000+00:00
lenovo_tttserver,A100-SXM4-80GB,"3.12.3 (main, Mar  3 2026, 12:15:18) [GCC 13.3.0]",py312_cuml_always,profiler_cuml_always_fix1,QHY600-4_SDSSi_10k,15.3,11.33547830581665,15759.0,2026-09-03T13:15:49.175Z,4787.0,3193.0,SDSSi,MAXIJ1820+070,,424.0,43.0,fix1,local,21.2206,0.0011,167.0,A100 (80 GB),2026-09-03 13:15:49.175000+00:00
lenovo_tttserver,A100-SXM4-80GB,"3.12.3 (main, Mar  3 2026, 12:15:18) [GCC 13.3.0]",py312_cuml_always,profiler_cuml_always_fix1,QHY600-4_SDSSi_10k,15.3,11.037803649902344,15759.0,2026-09-03T13:16:07.061Z,4787.0,3193.0,SDSSi,MAXIJ1820+070,,424.0,43.0,fix1,local,21.2206,0.0011,167.0,A100 (80 GB),2026-09-03 13:16:07.061000+00:00
lenovo_tttserver,A100-SXM4-80GB,"3.12.3 (main, Mar  3 2026, 12:15:18) [GCC 13.3.0]",py312_cuml_always,profiler_cuml_always_fix1,QHY600-4_SDSSi_10k,15.3,11.113006591796877,15759.0,2026-09-03T13:16:32.268Z,4787.0,3193.0,SDSSi,MAXIJ1820+070,,424.0,43.0,fix1,local,21.2206,0.0011,167.0,A100 (80 GB),2026-09-03 13:16:32.268000+00:00
lenovo_tttserver,A100-SXM4-80GB,"3.12.3 (main, Mar  3 2026, 12:15:18) [GCC 13.3.0]",py312_cuml_always,profiler_cuml_always_fix1,QHY600-4_SDSSi_10k,15.3,11.158193826675417,15759.0,2026-09-03T13:16:50.231Z,4787.0,3193.0,SDSSi,MAXIJ1820+070,,424.0,43.0,fix1,local,21.2206,0.0011,167.0,A100 (80 GB),2026-09-03 13:16:50.231000+00:00
lenovo_tttserver,A100-SXM4-80GB,"3.12.3 (main, Mar  3 2026, 12:15:18) [GCC 13.3.0]",py312_cuml_always,profiler_cuml_always_fix1,QHY600-4_SDSSi_10k,15.3,11.113396644592283,15759.0,2026-09-03T13:17:07.748Z,4787.0,3193.0,SDSSi,MAXIJ1820+070,,424.0,43.0,fix1,local,21.2206,0.0011,167.0,A100 (80 GB),2026-09-03 13:17:07.748000+00:00
lenovo_tttserver,A100-SXM4-80GB,"3.12.3 (main, Mar  3 2026, 12:15:18) [GCC 13.3.0]",py312_cuml_always,profiler_cuml_always_fix1,QHY600-4_SDSSi_10k,15.3,10.6680166721344,15759.0,2026-09-03T13:17:24.741Z,4787.0,3193.0,SDSSi,MAXIJ1820+070,,424.0,43.0,fix1,local,21.2206,0.0011,167.0,A100 (80 GB),2026-09-03 13:17:24.741000+00:00
lenovo_tttserver,A100-SXM4-80GB,"3.12.3 (main, Mar  3 2026, 12:15:18) [GCC 13.3.0]",py312_cuml_always,profiler_cuml_always_fix1,QHY600-4_SDSSi_10k,15.3,10.311866998672484,15759.0,2026-09-03T13:17:43.466Z,4787.0,3193.0,SDSSi,MAXIJ1820+070,,424.0,43.0,fix1,local,21.2206,0.0011,167.0,A100 (80 GB),2026-09-03 13:17:43.466000+00:00
lenovo_tttserver,A100-SXM4-80GB,"3.12.3 (main, Mar  3 2026, 12:15:18) [GCC 13.3.0]",py312_cuml_adaptive,profiler_cuml_adaptive_fix1,QHY600-4_SDSSi_10k,15.3,12.538012742996216,15759.0,2026-09-03T13:11:16.459Z,4787.0,3193.0,SDSSi,MAXIJ1820+070,,424.0,43.0,fix1,local,21.2206,0.0011,167.0,A100 (80 GB),2026-09-03 13:11:16.459000+00:00
lenovo_tttserver,A100-SXM4-80GB,"3.12.3 (main, Mar  3 2026, 12:15:18) [GCC 13.3.0]",py312_cuml_adaptive,profiler_cuml_adaptive_fix1,QHY600-4_SDSSi_10k,15.3,10.82970905303955,15759.0,2026-09-03T13:11:34.060Z,4787.0,3193.0,SDSSi,MAXIJ1820+070,,424.0,43.0,fix1,local,21.2206,0.0011,167.0,A100 (80 GB),2026-09-03 13:11:34.060000+00:00
lenovo_tttserver,A100-SXM4-80GB,"3.12.3 (main, Mar  3 2026, 12:15:18) [GCC 13.3.0]",py312_cuml_adaptive,profiler_cuml_adaptive_fix1,QHY600-4_SDSSi_10k,15.3,11.64048457145691,15759.0,2026-09-03T13:12:14.100Z,4787.0,3193.0,SDSSi,MAXIJ1820+070,,424.0,43.0,fix1,local,21.2206,0.0011,167.0,A100 (80 GB),2026-09-03 13:12:14.100000+00:00
lenovo_tttserver,A100-SXM4-80GB,"3.12.3 (main, Mar  3 2026, 12:15:18) [GCC 13.3.0]",py312_cuml_adaptive,profiler_cuml_adaptive_fix1,QHY600-4_SDSSi_10k,15.3,11.391649961471558,15759.0,2026-09-03T13:12:54.189Z,4787.0,3193.0,SDSSi,MAXIJ1820+070,,424.0,43.0,fix1,local,21.2206,0.0011,167.0,A100 (80 GB),2026-09-03 13:12:54.189000+00:00
lenovo_tttserver,A100-SXM4-80GB,"3.12.3 (main, Mar  3 2026, 12:15:18) [GCC 13.3.0]",py312_cuml_adaptive,profiler_cuml_adaptive_fix1,QHY600-4_SDSSi_10k,15.3,12.238791465759276,15759.0,2026-09-03T13:13:36.585Z,4787.0,3193.0,SDSSi,MAXIJ1820+070,,424.0,43.0,fix1,local,21.2206,0.0011,167.0,A100 (80 GB),2026-09-03 13:13:36.585000+00:00
lenovo_tttserver,A100-SXM4-80GB,"3.12.3 (main, Mar  3 2026, 12:15:18) [GCC 13.3.0]",py312_cuml_adaptive,profiler_cuml_adaptive_fix1,QHY600-4_SDSSi_10k,15.3,11.284712791442873,15759.0,2026-09-03T13:13:54.650Z,4787.0,3193.0,SDSSi,MAXIJ1820+070,,424.0,43.0,fix1,local,21.2206,0.0011,167.0,A100 (80 GB),2026-09-03 13:13:54.650000+00:00
lenovo_tttserver,A100-SXM4-80GB,"3.12.3 (main, Mar  3 2026, 12:15:18) [GCC 13.3.0]",py312_cuml_always,profiler_cuml_always_fix1,iKon936_Lum,4.2,6.592996597290039,228.0,2026-09-03T12:00:27.695Z,2048.0,2048.0,Lum,C2025A6,,424.0,41.0,fix1,local,26.2298,0.0239,25.0,A100 (80 GB),2026-09-03 12:00:27.695000+00:00
lenovo_tttserver,A100-SXM4-80GB,"3.12.3 (main, Mar  3 2026, 12:15:18) [GCC 13.3.0]",py312_cuml_always,profiler_cuml_always_fix1,iKon936_Lum,4.2,6.726262807846069,228.0,2026-09-03T12:00:41.398Z,2048.0,2048.0,Lum,C2025A6,,424.0,41.0,fix1,local,26.2298,0.0239,25.0,A100 (80 GB),2026-09-03 12:00:41.398000+00:00
lenovo_tttserver,A100-SXM4-80GB,"3.12.3 (main, Mar  3 2026, 12:15:18) [GCC 13.3.0]",py312_cuml_always,profiler_cuml_always_fix1,iKon936_Lum,4.2,6.799656629562378,228.0,2026-09-03T12:00:55.174Z,2048.0,2048.0,Lum,C2025A6,,424.0,41.0,fix1,local,26.2298,0.0239,25.0,A100 (80 GB),2026-09-03 12:00:55.174000+00:00
lenovo_tttserver,A100-SXM4-80GB,"3.12.3 (main, Mar  3 2026, 12:15:18) [GCC 13.3.0]",py312_cuml_always,profiler_cuml_always_fix1,iKon936_Lum,4.2,6.217867374420166,228.0,2026-09-03T12:01:22.810Z,2048.0,2048.0,Lum,C2025A6,,424.0,41.0,fix1,local,26.2298,0.0239,25.0,A100 (80 GB),2026-09-03 12:01:22.810000+00:00
lenovo_tttserver,A100-SXM4-80GB,"3.12.3 (main, Mar  3 2026, 12:15:18) [GCC 13.3.0]",py312_cuml_always,profiler_cuml_always_fix1,iKon936_Lum,4.2,6.813704490661621,228.0,2026-09-03T12:01:36.001Z,2048.0,2048.0,Lum,C2025A6,,424.0,41.0,fix1,local,26.2298,0.0239,25.0,A100 (80 GB),2026-09-03 12:01:36.001000+00:00
lenovo_tttserver,A100-SXM4-80GB,"3.12.3 (main, Mar  3 2026, 12:15:18) [GCC 13.3.0]",py312_cuml_always,profiler_cuml_always_fix1,iKon936_Lum,4.2,6.697515249252319,228.0,2026-09-03T12:01:49.856Z,2048.0,2048.0,Lum,C2025A6,,424.0,41.0,fix1,local,26.2298,0.0239,25.0,A100 (80 GB),2026-09-03 12:01:49.856000+00:00
lenovo_tttserver,A100-SXM4-80GB,"3.12.3 (main, Mar  3 2026, 12:15:18) [GCC 13.3.0]",py312_cuml_always,profiler_cuml_always_fix1,iKon936_Lum,4.2,6.764007091522217,228.0,2026-09-03T12:02:03.705Z,2048.0,2048.0,Lum,C2025A6,,424.0,41.0,fix1,local,26.2298,0.0239,25.0,A100 (80 GB),2026-09-03 12:02:03.705000+00:00
lenovo_tttserver,A100-SXM4-80GB,"3.12.3 (main, Mar  3 2026, 12:15:18) [GCC 13.3.0]",py312_cuml_always,profiler_cuml_always_fix1,iKon936_Lum,4.2,6.279135465621948,228.0,2026-09-03T12:02:17.243Z,2048.0,2048.0,Lum,C2025A6,,424.0,41.0,fix1,local,26.2298,0.0239,25.0,A100 (80 GB),2026-09-03 12:02:17.243000+00:00
lenovo_tttserver,A100-SXM4-80GB,"3.12.3 (main, Mar  3 2026, 12:15:18) [GCC 13.3.0]",py312_cuml_always,profiler_cuml_always_fix1,iKon936_Lum,4.2,6.702893257141113,228.0,2026-09-03T12:02:30.838Z,2048.0,2048.0,Lum,C2025A6,,424.0,41.0,fix1,local,26.2298,0.0239,25.0,A100 (80 GB),2026-09-03 12:02:30.838000+00:00
lenovo_tttserver,A100-SXM4-80GB,"3.12.3 (main, Mar  3 2026, 12:15:18) [GCC 13.3.0]",py312_cuml_adaptive,profiler_cuml_adaptive_fix1,iKon936_Lum,4.2,7.26110577583313,228.0,2026-09-03T12:03:14.689Z,2048.0,2048.0,Lum,C2025A6,,424.0,41.0,fix1,local,26.2298,0.0239,25.0,A100 (80 GB),2026-09-03 12:03:14.689000+00:00
lenovo_tttserver,A100-SXM4-80GB,"3.12.3 (main, Mar  3 2026, 12:15:18) [GCC 13.3.0]",py312_cuml_adaptive,profiler_cuml_adaptive_fix1,iKon936_Lum,4.2,6.970587491989136,228.0,2026-09-03T12:03:28.926Z,2048.0,2048.0,Lum,C2025A6,,424.0,41.0,fix1,local,26.2298,0.0239,25.0,A100 (80 GB),2026-09-03 12:03:28.926000+00:00
lenovo_tttserver,A100-SXM4-80GB,"3.12.3 (main, Mar  3 2026, 12:15:18) [GCC 13.3.0]",py312_cuml_adaptive,profiler_cuml_adaptive_fix1,iKon936_Lum,4.2,5.993040561676025,228.0,2026-09-03T12:03:41.721Z,2048.0,2048.0,Lum,C2025A6,,424.0,41.0,fix1,local,26.2298,0.0239,25.0,A100 (80 GB),2026-09-03 12:03:41.721000+00:00
lenovo_tttserver,A100-SXM4-80GB,"3.12.3 (main, Mar  3 2026, 12:15:18) [GCC 13.3.0]",py312_cuml_adaptive,profiler_cuml_adaptive_fix1,iKon936_Lum,4.2,5.814270973205566,228.0,2026-09-03T12:03:53.849Z,2048.0,2048.0,Lum,C2025A6,,424.0,41.0,fix1,local,26.2298,0.0239,25.0,A100 (80 GB),2026-09-03 12:03:53.849000+00:00
lenovo_tttserver,A100-SXM4-80GB,"3.12.3 (main, Mar  3 2026, 12:15:18) [GCC 13.3.0]",py312_cuml_adaptive,profiler_cuml_adaptive_fix1,iKon936_Lum,4.2,6.348611116409302,228.0,2026-09-03T12:04:06.862Z,2048.0,2048.0,Lum,C2025A6,,424.0,41.0,fix1,local,26.2298,0.0239,25.0,A100 (80 GB),2026-09-03 12:04:06.862000+00:00
lenovo_tttserver,A100-SXM4-80GB,"3.12.3 (main, Mar  3 2026, 12:15:18) [GCC 13.3.0]",py312_cuml_adaptive,profiler_cuml_adaptive_fix1,iKon936_Lum,4.2,6.116845369338989,228.0,2026-09-03T12:04:19.635Z,2048.0,2048.0,Lum,C2025A6,,424.0,41.0,fix1,local,26.2298,0.0239,25.0,A100 (80 GB),2026-09-03 12:04:19.635000+00:00
lenovo_tttserver,A100-SXM4-80GB,"3.12.3 (main, Mar  3 2026, 12:15:18) [GCC 13.3.0]",py312_cuml_adaptive,profiler_cuml_adaptive_fix1,iKon936_Lum,4.2,5.866610527038574,228.0,2026-09-03T12:04:32.423Z,2048.0,2048.0,Lum,C2025A6,,424.0,41.0,fix1,local,26.2298,0.0239,25.0,A100 (80 GB),2026-09-03 12:04:32.423000+00:00
lenovo_tttserver,A100-SXM4-80GB,"3.12.3 (main, Mar  3 2026, 12:15:18) [GCC 13.3.0]",py312_cuml_adaptive,profiler_cuml_adaptive_fix1,iKon936_Lum,4.2,6.366362810134888,228.0,2026-09-03T12:04:45.292Z,2048.0,2048.0,Lum,C2025A6,,424.0,41.0,fix1,local,26.2298,0.0239,25.0,A100 (80 GB),2026-09-03 12:04:45.292000+00:00
lenovo_tttserver,A100-SXM4-80GB,"3.12.3 (main, Mar  3 2026, 12:15:18) [GCC 13.3.0]",py312_cuml_adaptive,profiler_cuml_adaptive_fix1,iKon936_Lum,4.2,6.55850625038147,228.0,2026-09-03T12:04:58.343Z,2048.0,2048.0,Lum,C2025A6,,424.0,41.0,fix1,local,26.2298,0.0239,25.0,A100 (80 GB),2026-09-03 12:04:58.343000+00:00
lenovo_tttserver,A100-SXM4-80GB,"3.12.3 (main, Mar  3 2026, 12:15:18) [GCC 13.3.0]",py312_cuml_adaptive,profiler_cuml_adaptive_fix1,iKon936_Lum,4.2,5.84222936630249,228.0,2026-09-03T12:05:10.445Z,2048.0,2048.0,Lum,C2025A6,,424.0,41.0,fix1,local,26.2298,0.0239,25.0,A100 (80 GB),2026-09-03 12:05:10.445000+00:00
lenovo_tttserver,A100-SXM4-80GB,"3.12.3 (main, Mar  3 2026, 12:15:18) [GCC 13.3.0]",py312_cuml_always,profiler_cuml_always_fix1,iKon936_SDSSg,4.2,6.569523096084595,279.0,2026-09-03T11:57:42.001Z,2048.0,2048.0,SDSSg,QSO0957+561,,424.0,41.0,fix1,local,25.3178,0.0147,24.0,A100 (80 GB),2026-09-03 11:57:42.001000+00:00
lenovo_tttserver,A100-SXM4-80GB,"3.12.3 (main, Mar  3 2026, 12:15:18) [GCC 13.3.0]",py312_cuml_always,profiler_cuml_always_fix1,iKon936_SDSSg,4.2,7.22570013999939,279.0,2026-09-03T11:57:56.258Z,2048.0,2048.0,SDSSg,QSO0957+561,,424.0,41.0,fix1,local,25.3178,0.0147,24.0,A100 (80 GB),2026-09-03 11:57:56.258000+00:00
lenovo_tttserver,A100-SXM4-80GB,"3.12.3 (main, Mar  3 2026, 12:15:18) [GCC 13.3.0]",py312_cuml_always,profiler_cuml_always_fix1,iKon936_SDSSg,4.2,6.531840562820435,279.0,2026-09-03T11:58:10.015Z,2048.0,2048.0,SDSSg,QSO0957+561,,424.0,41.0,fix1,local,25.3178,0.0147,24.0,A100 (80 GB),2026-09-03 11:58:10.015000+00:00
lenovo_tttserver,A100-SXM4-80GB,"3.12.3 (main, Mar  3 2026, 12:15:18) [GCC 13.3.0]",py312_cuml_always,profiler_cuml_always_fix1,iKon936_SDSSg,4.2,5.892503499984741,279.0,2026-09-03T11:58:22.723Z,2048.0,2048.0,SDSSg,QSO0957+561,,424.0,41.0,fix1,local,25.3178,0.0147,24.0,A100 (80 GB),2026-09-03 11:58:22.723000+00:00
lenovo_tttserver,A100-SXM4-80GB,"3.12.3 (main, Mar  3 2026, 12:15:18) [GCC 13.3.0]",py312_cuml_always,profiler_cuml_always_fix1,iKon936_SDSSg,4.2,6.386786699295044,279.0,2026-09-03T11:58:36.498Z,2048.0,2048.0,SDSSg,QSO0957+561,,424.0,41.0,fix1,local,25.3178,0.0147,24.0,A100 (80 GB),2026-09-03 11:58:36.498000+00:00
lenovo_tttserver,A100-SXM4-80GB,"3.12.3 (main, Mar  3 2026, 12:15:18) [GCC 13.3.0]",py312_cuml_always,profiler_cuml_always_fix1,iKon936_SDSSg,4.2,6.726680517196655,279.0,2026-09-03T11:58:50.135Z,2048.0,2048.0,SDSSg,QSO0957+561,,424.0,41.0,fix1,local,25.3178,0.0147,24.0,A100 (80 GB),2026-09-03 11:58:50.135000+00:00
lenovo_tttserver,A100-SXM4-80GB,"3.12.3 (main, Mar  3 2026, 12:15:18) [GCC 13.3.0]",py312_cuml_always,profiler_cuml_always_fix1,iKon936_SDSSg,4.2,6.040272951126099,279.0,2026-09-03T11:59:03.274Z,2048.0,2048.0,SDSSg,QSO0957+561,,424.0,41.0,fix1,local,25.3178,0.0147,24.0,A100 (80 GB),2026-09-03 11:59:03.274000+00:00
lenovo_tttserver,A100-SXM4-80GB,"3.12.3 (main, Mar  3 2026, 12:15:18) [GCC 13.3.0]",py312_cuml_always,profiler_cuml_always_fix1,iKon936_SDSSg,4.2,6.511746883392334,279.0,2026-09-03T11:59:16.657Z,2048.0,2048.0,SDSSg,QSO0957+561,,424.0,41.0,fix1,local,25.3178,0.0147,24.0,A100 (80 GB),2026-09-03 11:59:16.657000+00:00
lenovo_tttserver,A100-SXM4-80GB,"3.12.3 (main, Mar  3 2026, 12:15:18) [GCC 13.3.0]",py312_cuml_always,profiler_cuml_always_fix1,iKon936_SDSSg,4.2,6.29666805267334,279.0,2026-09-03T11:59:29.737Z,2048.0,2048.0,SDSSg,QSO0957+561,,424.0,41.0,fix1,local,25.3178,0.0147,24.0,A100 (80 GB),2026-09-03 11:59:29.737000+00:00
lenovo_tttserver,A100-SXM4-80GB,"3.12.3 (main, Mar  3 2026, 12:15:18) [GCC 13.3.0]",py312_cuml_always,profiler_cuml_always_fix1,iKon936_SDSSg,4.2,6.658964157104492,279.0,2026-09-03T11:59:43.155Z,2048.0,2048.0,SDSSg,QSO0957+561,,424.0,41.0,fix1,local,25.3178,0.0147,24.0,A100 (80 GB),2026-09-03 11:59:43.155000+00:00
lenovo_tttserver,A100-SXM4-80GB,"3.12.3 (main, Mar  3 2026, 12:15:18) [GCC 13.3.0]",py312_cuml_adaptive,profiler_cuml_adaptive_fix1,iKon936_SDSSg,4.2,7.037380695343018,279.0,2026-09-03T11:54:59.494Z,2048.0,2048.0,SDSSg,QSO0957+561,,424.0,40.0,fix1,local,25.3178,0.0147,24.0,A100 (80 GB),2026-09-03 11:54:59.494000+00:00
lenovo_tttserver,A100-SXM4-80GB,"3.12.3 (main, Mar  3 2026, 12:15:18) [GCC 13.3.0]",py312_cuml_adaptive,profiler_cuml_adaptive_fix1,iKon936_SDSSg,4.2,6.696399688720703,279.0,2026-09-03T11:55:13.285Z,2048.0,2048.0,SDSSg,QSO0957+561,,424.0,40.0,fix1,local,25.3178,0.0147,24.0,A100 (80 GB),2026-09-03 11:55:13.285000+00:00
lenovo_tttserver,A100-SXM4-80GB,"3.12.3 (main, Mar  3 2026, 12:15:18) [GCC 13.3.0]",py312_cuml_adaptive,profiler_cuml_adaptive_fix1,iKon936_SDSSg,4.2,6.338374614715576,279.0,2026-09-03T11:55:26.964Z,2048.0,2048.0,SDSSg,QSO0957+561,,424.0,40.0,fix1,local,25.3178,0.0147,24.0,A100 (80 GB),2026-09-03 11:55:26.964000+00:00
lenovo_tttserver,A100-SXM4-80GB,"3.12.3 (main, Mar  3 2026, 12:15:18) [GCC 13.3.0]",py312_cuml_adaptive,profiler_cuml_adaptive_fix1,iKon936_SDSSg,4.2,6.3354575634002686,279.0,2026-09-03T11:55:40.152Z,2048.0,2048.0,SDSSg,QSO0957+561,,424.0,40.0,fix1,local,25.3178,0.0147,24.0,A100 (80 GB),2026-09-03 11:55:40.152000+00:00
lenovo_tttserver,A100-SXM4-80GB,"3.12.3 (main, Mar  3 2026, 12:15:18) [GCC 13.3.0]",py312_cuml_adaptive,profiler_cuml_adaptive_fix1,iKon936_SDSSg,4.2,6.463746786117554,279.0,2026-09-03T11:55:53.463Z,2048.0,2048.0,SDSSg,QSO0957+561,,424.0,41.0,fix1,local,25.3178,0.0147,24.0,A100 (80 GB),2026-09-03 11:55:53.463000+00:00
lenovo_tttserver,A100-SXM4-80GB,"3.12.3 (main, Mar  3 2026, 12:15:18) [GCC 13.3.0]",py312_cuml_adaptive,profiler_cuml_adaptive_fix1,iKon936_SDSSg,4.2,5.861299276351929,279.0,2026-09-03T11:56:06.240Z,2048.0,2048.0,SDSSg,QSO0957+561,,424.0,41.0,fix1,local,25.3178,0.0147,24.0,A100 (80 GB),2026-09-03 11:56:06.240000+00:00
lenovo_tttserver,A100-SXM4-80GB,"3.12.3 (main, Mar  3 2026, 12:15:18) [GCC 13.3.0]",py312_cuml_adaptive,profiler_cuml_adaptive_fix1,iKon936_SDSSg,4.2,6.017473936080933,279.0,2026-09-03T11:56:18.879Z,2048.0,2048.0,SDSSg,QSO0957+561,,424.0,41.0,fix1,local,25.3178,0.0147,24.0,A100 (80 GB),2026-09-03 11:56:18.879000+00:00
lenovo_tttserver,A100-SXM4-80GB,"3.12.3 (main, Mar  3 2026, 12:15:18) [GCC 13.3.0]",py312_cuml_adaptive,profiler_cuml_adaptive_fix1,iKon936_SDSSg,4.2,6.328873634338379,279.0,2026-09-03T11:56:32.793Z,2048.0,2048.0,SDSSg,QSO0957+561,,424.0,41.0,fix1,local,25.3178,0.0147,24.0,A100 (80 GB),2026-09-03 11:56:32.793000+00:00
lenovo_tttserver,A100-SXM4-80GB,"3.12.3 (main, Mar  3 2026, 12:15:18) [GCC 13.3.0]",py312_cuml_adaptive,profiler_cuml_adaptive_fix1,iKon936_SDSSg,4.2,5.915340423583984,279.0,2026-09-03T11:56:45.577Z,2048.0,2048.0,SDSSg,QSO0957+561,,424.0,41.0,fix1,local,25.3178,0.0147,24.0,A100 (80 GB),2026-09-03 11:56:45.577000+00:00
lenovo_tttserver,A100-SXM4-80GB,"3.12.3 (main, Mar  3 2026, 12:15:18) [GCC 13.3.0]",py312_cuml_adaptive,profiler_cuml_adaptive_fix1,iKon936_SDSSg,4.2,6.304571866989136,279.0,2026-09-03T11:56:58.953Z,2048.0,2048.0,SDSSg,QSO0957+561,,424.0,41.0,fix1,local,25.3178,0.0147,24.0,A100 (80 GB),2026-09-03 11:56:58.953000+00:00
