machine,gpu_name,python_ver,profiler_label,environment,image_label,mp,execution_time,n_sources_detected,timestamp,naxis1,naxis2,filter,object,gpu_mem_total,gpu_mem_used,gpu_temp,remeasure_round,catalog_backend,zp,ezp,catnstar,gpu_label,ts
azken,H100 PCIe,"3.8.10 (default, Nov 22 2023, 10:22:35) 
[GCC 9.4.0]",py38_baseline,profiler_py38_fix1,QHY411-1_Lum_bin2,37.8,12.81325078010559,354.0,2026-08-31T13:05:43.331Z,7100.0,5325.0,Lum,2012QD8,,3557.0,65.0,fix1,local,23.1794,0.0111,15.0,H100 (80 GB),2026-08-31 13:05:43.331000+00:00
azken,H100 PCIe,"3.8.10 (default, Nov 22 2023, 10:22:35) 
[GCC 9.4.0]",py38_baseline,profiler_py38_fix1,QHY411-1_Lum_bin2,37.8,13.144749879837036,354.0,2026-08-31T13:06:01.546Z,7100.0,5325.0,Lum,2012QD8,,458.0,64.0,fix1,local,23.1794,0.0111,15.0,H100 (80 GB),2026-08-31 13:06:01.546000+00:00
azken,H100 PCIe,"3.8.10 (default, Nov 22 2023, 10:22:35) 
[GCC 9.4.0]",py38_baseline,profiler_py38_fix1,QHY411-1_Lum_bin2,37.8,12.068437099456789,354.0,2026-08-31T13:06:01.639Z,7100.0,5325.0,Lum,2012QD8,,2225.0,65.0,fix1,local,23.1794,0.0111,15.0,H100 (80 GB),2026-08-31 13:06:01.639000+00:00
azken,H100 PCIe,"3.8.10 (default, Nov 22 2023, 10:22:35) 
[GCC 9.4.0]",py38_baseline,profiler_py38_fix1,QHY411-1_Lum_bin2,37.8,13.101568222045898,354.0,2026-08-31T13:06:19.678Z,7100.0,5325.0,Lum,2012QD8,,911.0,64.0,fix1,local,23.1794,0.0111,15.0,H100 (80 GB),2026-08-31 13:06:19.678000+00:00
azken,H100 PCIe,"3.8.10 (default, Nov 22 2023, 10:22:35) 
[GCC 9.4.0]",py38_baseline,profiler_py38_fix1,QHY411-1_Lum_bin2,37.8,13.599919080734251,354.0,2026-08-31T13:06:19.774Z,7100.0,5325.0,Lum,2012QD8,,458.0,64.0,fix1,local,23.1794,0.0111,15.0,H100 (80 GB),2026-08-31 13:06:19.774000+00:00
azken,H100 PCIe,"3.8.10 (default, Nov 22 2023, 10:22:35) 
[GCC 9.4.0]",py38_baseline,profiler_py38_fix1,QHY411-1_Lum_bin2,37.8,12.594672679901125,354.0,2026-08-31T13:06:37.401Z,7100.0,5325.0,Lum,2012QD8,,458.0,64.0,fix1,local,23.1794,0.0111,15.0,H100 (80 GB),2026-08-31 13:06:37.401000+00:00
azken,H100 PCIe,"3.8.10 (default, Nov 22 2023, 10:22:35) 
[GCC 9.4.0]",py38_baseline,profiler_py38_fix1,QHY411-1_Lum_bin2,37.8,13.710774183273315,354.0,2026-08-31T13:06:39.222Z,7100.0,5325.0,Lum,2012QD8,,1935.0,65.0,fix1,local,23.1794,0.0111,15.0,H100 (80 GB),2026-08-31 13:06:39.222000+00:00
azken,H100 PCIe,"3.8.10 (default, Nov 22 2023, 10:22:35) 
[GCC 9.4.0]",py38_baseline,profiler_py38_fix1,QHY411-1_Lum_bin2,37.8,13.256041765213013,354.0,2026-08-31T13:06:55.091Z,7100.0,5325.0,Lum,2012QD8,,458.0,66.0,fix1,local,23.1794,0.0111,15.0,H100 (80 GB),2026-08-31 13:06:55.091000+00:00
azken,H100 PCIe,"3.8.10 (default, Nov 22 2023, 10:22:35) 
[GCC 9.4.0]",py38_baseline,profiler_py38_fix1,QHY411-1_Lum_bin2,37.8,11.98058581352234,354.0,2026-08-31T13:06:55.621Z,7100.0,5325.0,Lum,2012QD8,,5109.0,67.0,fix1,local,23.1794,0.0111,15.0,H100 (80 GB),2026-08-31 13:06:55.621000+00:00
azken,H100 PCIe,"3.8.10 (default, Nov 22 2023, 10:22:35) 
[GCC 9.4.0]",py38_baseline,profiler_py38_fix1,QHY411-1_Lum_bin2,37.8,12.415391206741331,354.0,2026-08-31T13:07:13.263Z,7100.0,5325.0,Lum,2012QD8,,458.0,64.0,fix1,local,23.1794,0.0111,15.0,H100 (80 GB),2026-08-31 13:07:13.263000+00:00
azken,H100 PCIe,"3.8.10 (default, Nov 22 2023, 10:22:35) 
[GCC 9.4.0]",py38_baseline,profiler_py38_fix1,QHY411-1_Lum_bin2,37.8,12.249049425125122,354.0,2026-08-31T13:07:13.704Z,7100.0,5325.0,Lum,2012QD8,,1935.0,65.0,fix1,local,23.1794,0.0111,15.0,H100 (80 GB),2026-08-31 13:07:13.704000+00:00
azken,H100 PCIe,"3.8.10 (default, Nov 22 2023, 10:22:35) 
[GCC 9.4.0]",py38_baseline,profiler_py38_fix1,QHY411-1_Lum_bin2,37.8,11.320680618286133,354.0,2026-08-31T13:07:30.124Z,7100.0,5325.0,Lum,2012QD8,,458.0,63.0,fix1,local,23.1794,0.0111,15.0,H100 (80 GB),2026-08-31 13:07:30.124000+00:00
azken,H100 PCIe,"3.8.10 (default, Nov 22 2023, 10:22:35) 
[GCC 9.4.0]",py38_baseline,profiler_py38_fix1,QHY411-1_Lum_bin2,37.8,12.296630144119264,354.0,2026-08-31T13:07:31.397Z,7100.0,5325.0,Lum,2012QD8,,1057.0,64.0,fix1,local,23.1794,0.0111,15.0,H100 (80 GB),2026-08-31 13:07:31.397000+00:00
azken,H100 PCIe,"3.8.10 (default, Nov 22 2023, 10:22:35) 
[GCC 9.4.0]",py38_baseline,profiler_py38_fix1,QHY411-1_Lum_bin2,37.8,13.167936086654665,354.0,2026-08-31T13:07:49.054Z,7100.0,5325.0,Lum,2012QD8,,458.0,64.0,fix1,local,23.1794,0.0111,15.0,H100 (80 GB),2026-08-31 13:07:49.054000+00:00
azken,H100 PCIe,"3.8.10 (default, Nov 22 2023, 10:22:35) 
[GCC 9.4.0]",py38_baseline,profiler_py38_fix1,QHY411-1_Lum_bin2,37.8,14.258687257766724,354.0,2026-08-31T13:07:50.568Z,7100.0,5325.0,Lum,2012QD8,,1057.0,64.0,fix1,local,23.1794,0.0111,15.0,H100 (80 GB),2026-08-31 13:07:50.568000+00:00
azken,H100 PCIe,"3.8.10 (default, Nov 22 2023, 10:22:35) 
[GCC 9.4.0]",py38_baseline,profiler_py38_fix1,QHY411-1_Lum_bin2,37.8,13.538684606552124,354.0,2026-08-31T13:08:07.925Z,7100.0,5325.0,Lum,2012QD8,,458.0,64.0,fix1,local,23.1794,0.0111,15.0,H100 (80 GB),2026-08-31 13:08:07.925000+00:00
azken,H100 PCIe,"3.8.10 (default, Nov 22 2023, 10:22:35) 
[GCC 9.4.0]",py38_baseline,profiler_py38_fix1,QHY411-1_Lum_bin2,37.8,12.036993980407717,354.0,2026-08-31T13:08:07.931Z,7100.0,5325.0,Lum,2012QD8,,1791.0,65.0,fix1,local,23.1794,0.0111,15.0,H100 (80 GB),2026-08-31 13:08:07.931000+00:00
azken,H100 PCIe,"3.8.10 (default, Nov 22 2023, 10:22:35) 
[GCC 9.4.0]",py38_baseline,profiler_py38_fix1,QHY411-1_Lum_bin2,37.8,12.166098833084106,354.0,2026-08-31T13:08:25.135Z,7100.0,5325.0,Lum,2012QD8,,458.0,64.0,fix1,local,23.1794,0.0111,15.0,H100 (80 GB),2026-08-31 13:08:25.135000+00:00
azken,H100 PCIe,"3.8.10 (default, Nov 22 2023, 10:22:35) 
[GCC 9.4.0]",py38_baseline,profiler_py38_fix1,QHY411-1_Lum_bin2,37.8,12.508699655532835,354.0,2026-08-31T13:08:25.768Z,7100.0,5325.0,Lum,2012QD8,,1057.0,64.0,fix1,local,23.1794,0.0111,15.0,H100 (80 GB),2026-08-31 13:08:25.768000+00:00
azken,H100 PCIe,"3.8.10 (default, Nov 22 2023, 10:22:35) 
[GCC 9.4.0]",py38_baseline,profiler_py38_fix1,QHY411-1_Lum_bin2,37.8,11.790060997009276,354.0,2026-08-31T13:08:42.471Z,7100.0,5325.0,Lum,2012QD8,,458.0,64.0,fix1,local,23.1794,0.0111,15.0,H100 (80 GB),2026-08-31 13:08:42.471000+00:00
azken,H100 PCIe,"3.8.10 (default, Nov 22 2023, 10:22:35) 
[GCC 9.4.0]",py38_baseline,profiler_py38_fix1,QHY411-1_Lum_bin2,37.8,11.221063375473022,354.0,2026-08-31T13:08:59.766Z,7100.0,5325.0,Lum,2012QD8,,5639.0,67.0,fix1,local,23.1794,0.0111,15.0,H100 (80 GB),2026-08-31 13:08:59.766000+00:00
azken,H100 PCIe,"3.8.10 (default, Nov 22 2023, 10:22:35) 
[GCC 9.4.0]",py38_baseline,profiler_py38_fix1,QHY411-1_Lum_bin2,37.8,11.099468469619753,354.0,2026-08-31T13:09:16.209Z,7100.0,5325.0,Lum,2012QD8,,5049.0,67.0,fix1,local,23.1794,0.0111,15.0,H100 (80 GB),2026-08-31 13:09:16.209000+00:00
azken,H100 PCIe,"3.12.3 (main, Mar  3 2026, 12:15:18) [GCC 13.3.0]",py312_cuml_adaptive,profiler_cuml_adaptive_fix1,QHY411-1_Lum_bin2,37.8,12.145898580551147,354.0,2026-08-31T13:09:32.627Z,7100.0,5325.0,Lum,2012QD8,,458.0,65.0,fix1,local,23.1794,0.0111,15.0,H100 (80 GB),2026-08-31 13:09:32.627000+00:00
azken,H100 PCIe,"3.12.3 (main, Mar  3 2026, 12:15:18) [GCC 13.3.0]",py312_cuml_adaptive,profiler_cuml_adaptive_fix1,QHY411-1_Lum_bin2,37.8,11.772181034088137,354.0,2026-08-31T13:09:40.626Z,7100.0,5325.0,Lum,2012QD8,,5639.0,67.0,fix1,local,23.1794,0.0111,15.0,H100 (80 GB),2026-08-31 13:09:40.626000+00:00
azken,H100 PCIe,"3.12.3 (main, Mar  3 2026, 12:15:18) [GCC 13.3.0]",py312_cuml_adaptive,profiler_cuml_adaptive_fix1,QHY411-1_Lum_bin2,37.8,13.169247150421144,354.0,2026-08-31T13:09:56.682Z,7100.0,5325.0,Lum,2012QD8,,458.0,66.0,fix1,local,23.1794,0.0111,15.0,H100 (80 GB),2026-08-31 13:09:56.682000+00:00
azken,H100 PCIe,"3.12.3 (main, Mar  3 2026, 12:15:18) [GCC 13.3.0]",py312_cuml_adaptive,profiler_cuml_adaptive_fix1,QHY411-1_Lum_bin2,37.8,12.86772894859314,354.0,2026-08-31T13:10:02.649Z,7100.0,5325.0,Lum,2012QD8,,5051.0,67.0,fix1,local,23.1794,0.0111,15.0,H100 (80 GB),2026-08-31 13:10:02.649000+00:00
azken,H100 PCIe,"3.12.3 (main, Mar  3 2026, 12:15:18) [GCC 13.3.0]",py312_cuml_adaptive,profiler_cuml_adaptive_fix1,QHY411-1_Lum_bin2,37.8,13.556286573410034,354.0,2026-08-31T13:10:25.522Z,7100.0,5325.0,Lum,2012QD8,,1057.0,64.0,fix1,local,23.1794,0.0111,15.0,H100 (80 GB),2026-08-31 13:10:25.522000+00:00
azken,H100 PCIe,"3.12.3 (main, Mar  3 2026, 12:15:18) [GCC 13.3.0]",py312_cuml_adaptive,profiler_cuml_adaptive_fix1,QHY411-1_Lum_bin2,37.8,15.886565923690796,354.0,2026-08-31T13:10:27.344Z,7100.0,5325.0,Lum,2012QD8,,458.0,63.0,fix1,local,23.1794,0.0111,15.0,H100 (80 GB),2026-08-31 13:10:27.344000+00:00
azken,H100 PCIe,"3.12.3 (main, Mar  3 2026, 12:15:18) [GCC 13.3.0]",py312_cuml_adaptive,profiler_cuml_adaptive_fix1,QHY411-1_Lum_bin2,37.8,12.762324571609495,354.0,2026-08-31T13:10:49.021Z,7100.0,5325.0,Lum,2012QD8,,458.0,63.0,fix1,local,23.1794,0.0111,15.0,H100 (80 GB),2026-08-31 13:10:49.021000+00:00
azken,H100 PCIe,"3.12.3 (main, Mar  3 2026, 12:15:18) [GCC 13.3.0]",py312_cuml_adaptive,profiler_cuml_adaptive_fix1,QHY411-1_Lum_bin2,37.8,13.020961999893188,354.0,2026-08-31T13:10:51.550Z,7100.0,5325.0,Lum,2012QD8,,4557.0,65.0,fix1,local,23.1794,0.0111,15.0,H100 (80 GB),2026-08-31 13:10:51.550000+00:00
azken,H100 PCIe,"3.12.3 (main, Mar  3 2026, 12:15:18) [GCC 13.3.0]",py312_cuml_adaptive,profiler_cuml_adaptive_fix1,QHY411-1_Lum_bin2,37.8,13.052159547805786,354.0,2026-08-31T13:11:10.993Z,7100.0,5325.0,Lum,2012QD8,,458.0,64.0,fix1,local,23.1794,0.0111,15.0,H100 (80 GB),2026-08-31 13:11:10.993000+00:00
azken,H100 PCIe,"3.12.3 (main, Mar  3 2026, 12:15:18) [GCC 13.3.0]",py312_cuml_adaptive,profiler_cuml_adaptive_fix1,QHY411-1_Lum_bin2,37.8,16.198991298675537,354.0,2026-08-31T13:11:15.555Z,7100.0,5325.0,Lum,2012QD8,,1935.0,65.0,fix1,local,23.1794,0.0111,15.0,H100 (80 GB),2026-08-31 13:11:15.555000+00:00
azken,H100 PCIe,"3.12.3 (main, Mar  3 2026, 12:15:18) [GCC 13.3.0]",py312_cuml_adaptive,profiler_cuml_adaptive_fix1,QHY411-1_Lum_bin2,37.8,12.39060664176941,354.0,2026-08-31T13:11:32.910Z,7100.0,5325.0,Lum,2012QD8,,458.0,65.0,fix1,local,23.1794,0.0111,15.0,H100 (80 GB),2026-08-31 13:11:32.910000+00:00
azken,H100 PCIe,"3.12.3 (main, Mar  3 2026, 12:15:18) [GCC 13.3.0]",py312_cuml_adaptive,profiler_cuml_adaptive_fix1,QHY411-1_Lum_bin2,37.8,12.8820481300354,354.0,2026-08-31T13:11:37.400Z,7100.0,5325.0,Lum,2012QD8,,5041.0,69.0,fix1,local,23.1794,0.0111,15.0,H100 (80 GB),2026-08-31 13:11:37.400000+00:00
azken,H100 PCIe,"3.12.3 (main, Mar  3 2026, 12:15:18) [GCC 13.3.0]",py312_cuml_adaptive,profiler_cuml_adaptive_fix1,QHY411-1_Lum_bin2,37.8,14.1843101978302,354.0,2026-08-31T13:11:59.807Z,7100.0,5325.0,Lum,2012QD8,,458.0,63.0,fix1,local,23.1794,0.0111,15.0,H100 (80 GB),2026-08-31 13:11:59.807000+00:00
azken,H100 PCIe,"3.12.3 (main, Mar  3 2026, 12:15:18) [GCC 13.3.0]",py312_cuml_adaptive,profiler_cuml_adaptive_fix1,QHY411-1_Lum_bin2,37.8,14.938947916030884,354.0,2026-08-31T13:12:02.014Z,7100.0,5325.0,Lum,2012QD8,,2161.0,64.0,fix1,local,23.1794,0.0111,15.0,H100 (80 GB),2026-08-31 13:12:02.014000+00:00
azken,H100 PCIe,"3.12.3 (main, Mar  3 2026, 12:15:18) [GCC 13.3.0]",py312_cuml_adaptive,profiler_cuml_adaptive_fix1,QHY411-1_Lum_bin2,37.8,13.43174171447754,354.0,2026-08-31T13:12:24.575Z,7100.0,5325.0,Lum,2012QD8,,458.0,62.0,fix1,local,23.1794,0.0111,15.0,H100 (80 GB),2026-08-31 13:12:24.575000+00:00
azken,H100 PCIe,"3.12.3 (main, Mar  3 2026, 12:15:18) [GCC 13.3.0]",py312_cuml_adaptive,profiler_cuml_adaptive_fix1,QHY411-1_Lum_bin2,37.8,12.845073223114014,354.0,2026-08-31T13:12:24.869Z,7100.0,5325.0,Lum,2012QD8,,1095.0,63.0,fix1,local,23.1794,0.0111,15.0,H100 (80 GB),2026-08-31 13:12:24.869000+00:00
azken,H100 PCIe,"3.12.3 (main, Mar  3 2026, 12:15:18) [GCC 13.3.0]",py312_cuml_adaptive,profiler_cuml_adaptive_fix1,QHY411-1_Lum_bin2,37.8,13.95228099822998,354.0,2026-08-31T13:12:47.693Z,7100.0,5325.0,Lum,2012QD8,,458.0,62.0,fix1,local,23.1794,0.0111,15.0,H100 (80 GB),2026-08-31 13:12:47.693000+00:00
azken,H100 PCIe,"3.12.3 (main, Mar  3 2026, 12:15:18) [GCC 13.3.0]",py312_cuml_adaptive,profiler_cuml_adaptive_fix1,QHY411-1_Lum_bin2,37.8,13.093653202056885,354.0,2026-08-31T13:12:47.704Z,7100.0,5325.0,Lum,2012QD8,,1095.0,63.0,fix1,local,23.1794,0.0111,15.0,H100 (80 GB),2026-08-31 13:12:47.704000+00:00
azken,H100 PCIe,"3.12.3 (main, Mar  3 2026, 12:15:18) [GCC 13.3.0]",py312_cuml_adaptive,profiler_cuml_adaptive_fix1,QHY411-1_Lum_bin2,37.8,13.29284119606018,354.0,2026-08-31T13:13:12.280Z,7100.0,5325.0,Lum,2012QD8,,458.0,61.0,fix1,local,23.1794,0.0111,15.0,H100 (80 GB),2026-08-31 13:13:12.280000+00:00
azken,H100 PCIe,"3.12.3 (main, Mar  3 2026, 12:15:18) [GCC 13.3.0]",py312_cuml_adaptive,profiler_cuml_adaptive_fix1,QHY411-1_Lum_bin2,37.8,12.528008937835692,354.0,2026-08-31T13:13:37.628Z,7100.0,5325.0,Lum,2012QD8,,458.0,61.0,fix1,local,23.1794,0.0111,15.0,H100 (80 GB),2026-08-31 13:13:37.628000+00:00
azken,H100 PCIe,"3.12.3 (main, Mar  3 2026, 12:15:18) [GCC 13.3.0]",py312_cuml_adaptive,profiler_cuml_adaptive_fix1,QHY411-1_Lum_bin2,37.8,13.796633005142212,354.0,2026-08-31T13:14:00.556Z,7100.0,5325.0,Lum,2012QD8,,458.0,65.0,fix1,local,23.1794,0.0111,15.0,H100 (80 GB),2026-08-31 13:14:00.556000+00:00
azken,H100 PCIe,"3.8.10 (default, Nov 22 2023, 10:22:35) 
[GCC 9.4.0]",py38_baseline,profiler_py38_fix1,QHY411-1_Lum_full,151.2,31.048163652420044,808.0,2026-08-31T13:24:12.337Z,14200.0,10650.0,Lum,2025PR1,,18573.0,67.0,fix1,local,24.5555,0.0076,57.0,H100 (80 GB),2026-08-31 13:24:12.337000+00:00
azken,H100 PCIe,"3.8.10 (default, Nov 22 2023, 10:22:35) 
[GCC 9.4.0]",py38_baseline,profiler_py38_fix1,QHY411-1_Lum_full,151.2,29.607574701309204,808.0,2026-08-31T13:24:38.052Z,14200.0,10650.0,Lum,2025PR1,,11579.0,71.0,fix1,local,24.5555,0.0076,57.0,H100 (80 GB),2026-08-31 13:24:38.052000+00:00
azken,H100 PCIe,"3.8.10 (default, Nov 22 2023, 10:22:35) 
[GCC 9.4.0]",py38_baseline,profiler_py38_fix1,QHY411-1_Lum_full,151.2,28.533891916275024,808.0,2026-08-31T13:24:48.313Z,14200.0,10650.0,Lum,2025PR1,,18573.0,69.0,fix1,local,24.5555,0.0076,57.0,H100 (80 GB),2026-08-31 13:24:48.313000+00:00
azken,H100 PCIe,"3.8.10 (default, Nov 22 2023, 10:22:35) 
[GCC 9.4.0]",py38_baseline,profiler_py38_fix1,QHY411-1_Lum_full,151.2,28.598392009735107,808.0,2026-08-31T13:25:12.498Z,14200.0,10650.0,Lum,2025PR1,,11579.0,73.0,fix1,local,24.5555,0.0076,57.0,H100 (80 GB),2026-08-31 13:25:12.498000+00:00
azken,H100 PCIe,"3.8.10 (default, Nov 22 2023, 10:22:35) 
[GCC 9.4.0]",py38_baseline,profiler_py38_fix1,QHY411-1_Lum_full,151.2,31.674750328063965,808.0,2026-08-31T13:25:28.084Z,14200.0,10650.0,Lum,2025PR1,,18573.0,70.0,fix1,local,24.5555,0.0076,57.0,H100 (80 GB),2026-08-31 13:25:28.084000+00:00
azken,H100 PCIe,"3.8.10 (default, Nov 22 2023, 10:22:35) 
[GCC 9.4.0]",py38_baseline,profiler_py38_fix1,QHY411-1_Lum_full,151.2,26.79083824157715,808.0,2026-08-31T13:25:46.153Z,14200.0,10650.0,Lum,2025PR1,,30591.0,73.0,fix1,local,24.5555,0.0076,57.0,H100 (80 GB),2026-08-31 13:25:46.153000+00:00
azken,H100 PCIe,"3.8.10 (default, Nov 22 2023, 10:22:35) 
[GCC 9.4.0]",py38_baseline,profiler_py38_fix1,QHY411-1_Lum_full,151.2,26.99100232124329,808.0,2026-08-31T13:26:01.934Z,14200.0,10650.0,Lum,2025PR1,,11779.0,71.0,fix1,local,24.5555,0.0076,57.0,H100 (80 GB),2026-08-31 13:26:01.934000+00:00
azken,H100 PCIe,"3.8.10 (default, Nov 22 2023, 10:22:35) 
[GCC 9.4.0]",py38_baseline,profiler_py38_fix1,QHY411-1_Lum_full,151.2,26.03140878677368,808.0,2026-08-31T13:26:18.251Z,14200.0,10650.0,Lum,2025PR1,,30591.0,72.0,fix1,local,24.5555,0.0076,57.0,H100 (80 GB),2026-08-31 13:26:18.251000+00:00
azken,H100 PCIe,"3.8.10 (default, Nov 22 2023, 10:22:35) 
[GCC 9.4.0]",py38_baseline,profiler_py38_fix1,QHY411-1_Lum_full,151.2,26.564605951309204,808.0,2026-08-31T13:26:34.783Z,14200.0,10650.0,Lum,2025PR1,,11261.0,71.0,fix1,local,24.5555,0.0076,57.0,H100 (80 GB),2026-08-31 13:26:34.783000+00:00
azken,H100 PCIe,"3.8.10 (default, Nov 22 2023, 10:22:35) 
[GCC 9.4.0]",py38_baseline,profiler_py38_fix1,QHY411-1_Lum_full,151.2,26.42023992538452,808.0,2026-08-31T13:26:51.189Z,14200.0,10650.0,Lum,2025PR1,,11261.0,71.0,fix1,local,24.5555,0.0076,57.0,H100 (80 GB),2026-08-31 13:26:51.189000+00:00
azken,H100 PCIe,"3.8.10 (default, Nov 22 2023, 10:22:35) 
[GCC 9.4.0]",py38_baseline,profiler_py38_fix1,QHY411-1_Lum_full,151.2,27.190090894699097,808.0,2026-08-31T13:27:07.754Z,14200.0,10650.0,Lum,2025PR1,,11263.0,71.0,fix1,local,24.5555,0.0076,57.0,H100 (80 GB),2026-08-31 13:27:07.754000+00:00
azken,H100 PCIe,"3.8.10 (default, Nov 22 2023, 10:22:35) 
[GCC 9.4.0]",py38_baseline,profiler_py38_fix1,QHY411-1_Lum_full,151.2,28.53734564781189,808.0,2026-08-31T13:27:26.034Z,14200.0,10650.0,Lum,2025PR1,,11263.0,71.0,fix1,local,24.5555,0.0076,57.0,H100 (80 GB),2026-08-31 13:27:26.034000+00:00
azken,H100 PCIe,"3.8.10 (default, Nov 22 2023, 10:22:35) 
[GCC 9.4.0]",py38_baseline,profiler_py38_fix1,QHY411-1_Lum_full,151.2,28.156001806259155,808.0,2026-08-31T13:27:42.530Z,14200.0,10650.0,Lum,2025PR1,,11653.0,72.0,fix1,local,24.5555,0.0076,57.0,H100 (80 GB),2026-08-31 13:27:42.530000+00:00
azken,H100 PCIe,"3.8.10 (default, Nov 22 2023, 10:22:35) 
[GCC 9.4.0]",py38_baseline,profiler_py38_fix1,QHY411-1_Lum_full,151.2,27.2989501953125,808.0,2026-08-31T13:28:00.150Z,14200.0,10650.0,Lum,2025PR1,,30591.0,74.0,fix1,local,24.5555,0.0076,57.0,H100 (80 GB),2026-08-31 13:28:00.150000+00:00
azken,H100 PCIe,"3.8.10 (default, Nov 22 2023, 10:22:35) 
[GCC 9.4.0]",py38_baseline,profiler_py38_fix1,QHY411-1_Lum_full,151.2,26.77351307868957,808.0,2026-08-31T13:28:15.170Z,14200.0,10650.0,Lum,2025PR1,,10109.0,72.0,fix1,local,24.5555,0.0076,57.0,H100 (80 GB),2026-08-31 13:28:15.170000+00:00
azken,H100 PCIe,"3.8.10 (default, Nov 22 2023, 10:22:35) 
[GCC 9.4.0]",py38_baseline,profiler_py38_fix1,QHY411-1_Lum_full,151.2,29.155452728271484,808.0,2026-08-31T13:28:34.482Z,14200.0,10650.0,Lum,2025PR1,,30591.0,73.0,fix1,local,24.5555,0.0076,57.0,H100 (80 GB),2026-08-31 13:28:34.482000+00:00
azken,H100 PCIe,"3.8.10 (default, Nov 22 2023, 10:22:35) 
[GCC 9.4.0]",py38_baseline,profiler_py38_fix1,QHY411-1_Lum_full,151.2,28.651631355285645,808.0,2026-08-31T13:28:49.527Z,14200.0,10650.0,Lum,2025PR1,,18573.0,71.0,fix1,local,24.5555,0.0076,57.0,H100 (80 GB),2026-08-31 13:28:49.527000+00:00
azken,H100 PCIe,"3.8.10 (default, Nov 22 2023, 10:22:35) 
[GCC 9.4.0]",py38_baseline,profiler_py38_fix1,QHY411-1_Lum_full,151.2,28.92858409881592,808.0,2026-08-31T13:29:09.300Z,14200.0,10650.0,Lum,2025PR1,,30591.0,74.0,fix1,local,24.5555,0.0076,57.0,H100 (80 GB),2026-08-31 13:29:09.300000+00:00
azken,H100 PCIe,"3.8.10 (default, Nov 22 2023, 10:22:35) 
[GCC 9.4.0]",py38_baseline,profiler_py38_fix1,QHY411-1_Lum_full,151.2,28.84517884254456,808.0,2026-08-31T13:29:24.319Z,14200.0,10650.0,Lum,2025PR1,,10085.0,73.0,fix1,local,24.5555,0.0076,57.0,H100 (80 GB),2026-08-31 13:29:24.319000+00:00
azken,H100 PCIe,"3.8.10 (default, Nov 22 2023, 10:22:35) 
[GCC 9.4.0]",py38_baseline,profiler_py38_fix1,QHY411-1_Lum_full,151.2,26.82859992980957,808.0,2026-08-31T13:29:41.850Z,14200.0,10650.0,Lum,2025PR1,,30591.0,73.0,fix1,local,24.5555,0.0076,57.0,H100 (80 GB),2026-08-31 13:29:41.850000+00:00
azken,H100 PCIe,"3.8.10 (default, Nov 22 2023, 10:22:35) 
[GCC 9.4.0]",py38_baseline,profiler_py38_fix1,QHY411-1_Lum_full,151.2,30.37788391113281,808.0,2026-08-31T13:29:59.997Z,14200.0,10650.0,Lum,2025PR1,,11363.0,73.0,fix1,local,24.5555,0.0076,57.0,H100 (80 GB),2026-08-31 13:29:59.997000+00:00
azken,H100 PCIe,"3.12.3 (main, Mar  3 2026, 12:15:18) [GCC 13.3.0]",py312_cuml_adaptive,profiler_cuml_adaptive_fix1,QHY411-1_Lum_full,151.2,42.60587906837464,808.0,2026-08-31T13:34:18.490Z,14200.0,10650.0,Lum,2025PR1,,30583.0,78.0,fix1,local,24.5578,0.0088,58.0,H100 (80 GB),2026-08-31 13:34:18.490000+00:00
azken,H100 PCIe,"3.12.3 (main, Mar  3 2026, 12:15:18) [GCC 13.3.0]",py312_cuml_adaptive,profiler_cuml_adaptive_fix1,QHY411-1_Lum_full,151.2,45.39443635940552,808.0,2026-08-31T13:35:14.991Z,14200.0,10650.0,Lum,2025PR1,,30583.0,76.0,fix1,local,24.5578,0.0088,58.0,H100 (80 GB),2026-08-31 13:35:14.991000+00:00
azken,H100 PCIe,"3.12.3 (main, Mar  3 2026, 12:15:18) [GCC 13.3.0]",py312_cuml_adaptive,profiler_cuml_adaptive_fix1,QHY411-1_Lum_full,151.2,44.83829212188721,808.0,2026-08-31T13:35:35.597Z,14200.0,10650.0,Lum,2025PR1,,30165.0,80.0,fix1,local,24.5578,0.0088,58.0,H100 (80 GB),2026-08-31 13:35:35.597000+00:00
azken,H100 PCIe,"3.12.3 (main, Mar  3 2026, 12:15:18) [GCC 13.3.0]",py312_cuml_adaptive,profiler_cuml_adaptive_fix1,QHY411-1_Lum_full,151.2,45.552260875701904,808.0,2026-08-31T13:36:11.708Z,14200.0,10650.0,Lum,2025PR1,,30583.0,76.0,fix1,local,24.5578,0.0088,58.0,H100 (80 GB),2026-08-31 13:36:11.708000+00:00
azken,H100 PCIe,"3.12.3 (main, Mar  3 2026, 12:15:18) [GCC 13.3.0]",py312_cuml_adaptive,profiler_cuml_adaptive_fix1,QHY411-1_Lum_full,151.2,44.50729846954346,808.0,2026-08-31T13:36:32.274Z,14200.0,10650.0,Lum,2025PR1,,18083.0,79.0,fix1,local,24.5578,0.0088,58.0,H100 (80 GB),2026-08-31 13:36:32.274000+00:00
azken,H100 PCIe,"3.12.3 (main, Mar  3 2026, 12:15:18) [GCC 13.3.0]",py312_cuml_adaptive,profiler_cuml_adaptive_fix1,QHY411-1_Lum_full,151.2,41.94928908348084,808.0,2026-08-31T13:37:04.187Z,14200.0,10650.0,Lum,2025PR1,,10101.0,75.0,fix1,local,24.5578,0.0088,58.0,H100 (80 GB),2026-08-31 13:37:04.187000+00:00
azken,H100 PCIe,"3.12.3 (main, Mar  3 2026, 12:15:18) [GCC 13.3.0]",py312_cuml_adaptive,profiler_cuml_adaptive_fix1,QHY411-1_Lum_full,151.2,45.595765590667725,808.0,2026-08-31T13:37:31.042Z,14200.0,10650.0,Lum,2025PR1,,18927.0,78.0,fix1,local,24.5578,0.0088,58.0,H100 (80 GB),2026-08-31 13:37:31.042000+00:00
azken,H100 PCIe,"3.12.3 (main, Mar  3 2026, 12:15:18) [GCC 13.3.0]",py312_cuml_adaptive,profiler_cuml_adaptive_fix1,QHY411-1_Lum_full,151.2,43.96852350234985,808.0,2026-08-31T13:38:24.060Z,14200.0,10650.0,Lum,2025PR1,,18927.0,79.0,fix1,local,24.5578,0.0088,58.0,H100 (80 GB),2026-08-31 13:38:24.060000+00:00
azken,H100 PCIe,"3.12.3 (main, Mar  3 2026, 12:15:18) [GCC 13.3.0]",py312_cuml_adaptive,profiler_cuml_adaptive_fix1,QHY411-1_Lum_full,151.2,38.85316729545593,808.0,2026-08-31T13:38:50.828Z,14200.0,10650.0,Lum,2025PR1,,10117.0,77.0,fix1,local,24.5578,0.0088,58.0,H100 (80 GB),2026-08-31 13:38:50.828000+00:00
azken,H100 PCIe,"3.12.3 (main, Mar  3 2026, 12:15:18) [GCC 13.3.0]",py312_cuml_adaptive,profiler_cuml_adaptive_fix1,QHY411-1_Lum_full,151.2,43.629310846328735,808.0,2026-08-31T13:39:43.553Z,14200.0,10650.0,Lum,2025PR1,,18927.0,79.0,fix1,local,24.5578,0.0088,58.0,H100 (80 GB),2026-08-31 13:39:43.553000+00:00
azken,H100 PCIe,"3.12.3 (main, Mar  3 2026, 12:15:18) [GCC 13.3.0]",py312_cuml_adaptive,profiler_cuml_adaptive_fix1,QHY411-1_Lum_full,151.2,44.81261706352234,808.0,2026-08-31T13:40:19.798Z,14200.0,10650.0,Lum,2025PR1,,30583.0,77.0,fix1,local,24.5578,0.0088,58.0,H100 (80 GB),2026-08-31 13:40:19.798000+00:00
azken,H100 PCIe,"3.12.3 (main, Mar  3 2026, 12:15:18) [GCC 13.3.0]",py312_cuml_adaptive,profiler_cuml_adaptive_fix1,QHY411-1_Lum_full,151.2,44.62159705162048,808.0,2026-08-31T13:40:38.380Z,14200.0,10650.0,Lum,2025PR1,,30165.0,80.0,fix1,local,24.5578,0.0088,58.0,H100 (80 GB),2026-08-31 13:40:38.380000+00:00
azken,H100 PCIe,"3.12.3 (main, Mar  3 2026, 12:15:18) [GCC 13.3.0]",py312_cuml_adaptive,profiler_cuml_adaptive_fix1,QHY411-1_Lum_full,151.2,37.837793827056885,808.0,2026-08-31T13:41:05.278Z,14200.0,10650.0,Lum,2025PR1,,10101.0,76.0,fix1,local,24.5578,0.0088,58.0,H100 (80 GB),2026-08-31 13:41:05.278000+00:00
azken,H100 PCIe,"3.12.3 (main, Mar  3 2026, 12:15:18) [GCC 13.3.0]",py312_cuml_adaptive,profiler_cuml_adaptive_fix1,QHY411-1_Lum_full,151.2,37.5993332862854,808.0,2026-08-31T13:41:52.019Z,14200.0,10650.0,Lum,2025PR1,,10159.0,73.0,fix1,local,24.5578,0.0088,58.0,H100 (80 GB),2026-08-31 13:41:52.019000+00:00
azken,H100 PCIe,"3.8.10 (default, Nov 22 2023, 10:22:35) 
[GCC 9.4.0]",py38_baseline,profiler_py38_fix1,QHY411-1_SDSSg_2k,37.8,33.37518763542175,4754.0,2026-08-31T15:33:56.847Z,7100.0,5325.0,SDSSg,Eugenia,,458.0,67.0,fix1,local,22.4733,0.0024,193.0,H100 (80 GB),2026-08-31 15:33:56.847000+00:00
azken,H100 PCIe,"3.8.10 (default, Nov 22 2023, 10:22:35) 
[GCC 9.4.0]",py38_baseline,profiler_py38_fix1,QHY411-1_SDSSg_2k,37.8,33.71555733680725,4754.0,2026-08-31T15:34:00.945Z,7100.0,5325.0,SDSSg,Eugenia,,5109.0,67.0,fix1,local,22.4733,0.0024,193.0,H100 (80 GB),2026-08-31 15:34:00.945000+00:00
azken,H100 PCIe,"3.8.10 (default, Nov 22 2023, 10:22:35) 
[GCC 9.4.0]",py38_baseline,profiler_py38_fix1,QHY411-1_SDSSg_2k,37.8,37.41468930244446,4754.0,2026-08-31T15:34:39.199Z,7100.0,5325.0,SDSSg,Eugenia,,1311.0,67.0,fix1,local,22.4733,0.0024,193.0,H100 (80 GB),2026-08-31 15:34:39.199000+00:00
azken,H100 PCIe,"3.8.10 (default, Nov 22 2023, 10:22:35) 
[GCC 9.4.0]",py38_baseline,profiler_py38_fix1,QHY411-1_SDSSg_2k,37.8,35.33059072494507,4754.0,2026-08-31T15:34:41.027Z,7100.0,5325.0,SDSSg,Eugenia,,5109.0,67.0,fix1,local,22.4733,0.0024,193.0,H100 (80 GB),2026-08-31 15:34:41.027000+00:00
azken,H100 PCIe,"3.8.10 (default, Nov 22 2023, 10:22:35) 
[GCC 9.4.0]",py38_baseline,profiler_py38_fix1,QHY411-1_SDSSg_2k,37.8,36.62310123443604,4754.0,2026-08-31T15:35:22.682Z,7100.0,5325.0,SDSSg,Eugenia,,5109.0,67.0,fix1,local,22.4733,0.0024,193.0,H100 (80 GB),2026-08-31 15:35:22.682000+00:00
azken,H100 PCIe,"3.8.10 (default, Nov 22 2023, 10:22:35) 
[GCC 9.4.0]",py38_baseline,profiler_py38_fix1,QHY411-1_SDSSg_2k,37.8,39.55756950378418,4754.0,2026-08-31T15:35:23.438Z,7100.0,5325.0,SDSSg,Eugenia,,458.0,67.0,fix1,local,22.4733,0.0024,193.0,H100 (80 GB),2026-08-31 15:35:23.438000+00:00
azken,H100 PCIe,"3.8.10 (default, Nov 22 2023, 10:22:35) 
[GCC 9.4.0]",py38_baseline,profiler_py38_fix1,QHY411-1_SDSSg_2k,37.8,36.201133012771606,4754.0,2026-08-31T15:36:03.592Z,7100.0,5325.0,SDSSg,Eugenia,,458.0,65.0,fix1,local,22.4733,0.0024,193.0,H100 (80 GB),2026-08-31 15:36:03.592000+00:00
azken,H100 PCIe,"3.8.10 (default, Nov 22 2023, 10:22:35) 
[GCC 9.4.0]",py38_baseline,profiler_py38_fix1,QHY411-1_SDSSg_2k,37.8,37.40419888496399,4754.0,2026-08-31T15:36:05.327Z,7100.0,5325.0,SDSSg,Eugenia,,1935.0,65.0,fix1,local,22.4733,0.0024,193.0,H100 (80 GB),2026-08-31 15:36:05.327000+00:00
azken,H100 PCIe,"3.8.10 (default, Nov 22 2023, 10:22:35) 
[GCC 9.4.0]",py38_baseline,profiler_py38_fix1,QHY411-1_SDSSg_2k,37.8,33.72441244125366,4754.0,2026-08-31T15:36:42.016Z,7100.0,5325.0,SDSSg,Eugenia,,458.0,66.0,fix1,local,22.4733,0.0024,193.0,H100 (80 GB),2026-08-31 15:36:42.016000+00:00
azken,H100 PCIe,"3.8.10 (default, Nov 22 2023, 10:22:35) 
[GCC 9.4.0]",py38_baseline,profiler_py38_fix1,QHY411-1_SDSSg_2k,37.8,33.68253779411316,4754.0,2026-08-31T15:36:43.917Z,7100.0,5325.0,SDSSg,Eugenia,,5109.0,67.0,fix1,local,22.4733,0.0024,193.0,H100 (80 GB),2026-08-31 15:36:43.917000+00:00
azken,H100 PCIe,"3.8.10 (default, Nov 22 2023, 10:22:35) 
[GCC 9.4.0]",py38_baseline,profiler_py38_fix1,QHY411-1_SDSSg_2k,37.8,36.42572283744812,4754.0,2026-08-31T15:37:22.994Z,7100.0,5325.0,SDSSg,Eugenia,,458.0,67.0,fix1,local,22.4733,0.0024,193.0,H100 (80 GB),2026-08-31 15:37:22.994000+00:00
azken,H100 PCIe,"3.8.10 (default, Nov 22 2023, 10:22:35) 
[GCC 9.4.0]",py38_baseline,profiler_py38_fix1,QHY411-1_SDSSg_2k,37.8,38.0037362575531,4754.0,2026-08-31T15:37:26.323Z,7100.0,5325.0,SDSSg,Eugenia,,5109.0,67.0,fix1,local,22.4733,0.0024,193.0,H100 (80 GB),2026-08-31 15:37:26.323000+00:00
azken,H100 PCIe,"3.8.10 (default, Nov 22 2023, 10:22:35) 
[GCC 9.4.0]",py38_baseline,profiler_py38_fix1,QHY411-1_SDSSg_2k,37.8,34.8731484413147,4754.0,2026-08-31T15:38:02.922Z,7100.0,5325.0,SDSSg,Eugenia,,458.0,67.0,fix1,local,22.4733,0.0024,193.0,H100 (80 GB),2026-08-31 15:38:02.922000+00:00
azken,H100 PCIe,"3.8.10 (default, Nov 22 2023, 10:22:35) 
[GCC 9.4.0]",py38_baseline,profiler_py38_fix1,QHY411-1_SDSSg_2k,37.8,32.7051887512207,4754.0,2026-08-31T15:38:04.212Z,7100.0,5325.0,SDSSg,Eugenia,,5109.0,67.0,fix1,local,22.4733,0.0024,193.0,H100 (80 GB),2026-08-31 15:38:04.212000+00:00
azken,H100 PCIe,"3.8.10 (default, Nov 22 2023, 10:22:35) 
[GCC 9.4.0]",py38_baseline,profiler_py38_fix1,QHY411-1_SDSSg_2k,37.8,38.36415219306946,4754.0,2026-08-31T15:38:46.439Z,7100.0,5325.0,SDSSg,Eugenia,,458.0,65.0,fix1,local,22.4733,0.0024,193.0,H100 (80 GB),2026-08-31 15:38:46.439000+00:00
azken,H100 PCIe,"3.8.10 (default, Nov 22 2023, 10:22:35) 
[GCC 9.4.0]",py38_baseline,profiler_py38_fix1,QHY411-1_SDSSg_2k,37.8,39.44786095619202,4754.0,2026-08-31T15:38:48.315Z,7100.0,5325.0,SDSSg,Eugenia,,1935.0,66.0,fix1,local,22.4733,0.0024,193.0,H100 (80 GB),2026-08-31 15:38:48.315000+00:00
azken,H100 PCIe,"3.8.10 (default, Nov 22 2023, 10:22:35) 
[GCC 9.4.0]",py38_baseline,profiler_py38_fix1,QHY411-1_SDSSg_2k,37.8,36.22331261634827,4754.0,2026-08-31T15:39:27.330Z,7100.0,5325.0,SDSSg,Eugenia,,458.0,66.0,fix1,local,22.4733,0.0024,193.0,H100 (80 GB),2026-08-31 15:39:27.330000+00:00
azken,H100 PCIe,"3.8.10 (default, Nov 22 2023, 10:22:35) 
[GCC 9.4.0]",py38_baseline,profiler_py38_fix1,QHY411-1_SDSSg_2k,37.8,34.64396333694458,4754.0,2026-08-31T15:39:27.731Z,7100.0,5325.0,SDSSg,Eugenia,,5109.0,67.0,fix1,local,22.4733,0.0024,193.0,H100 (80 GB),2026-08-31 15:39:27.731000+00:00
azken,H100 PCIe,"3.8.10 (default, Nov 22 2023, 10:22:35) 
[GCC 9.4.0]",py38_baseline,profiler_py38_fix1,QHY411-1_SDSSg_2k,37.8,32.30991816520691,4754.0,2026-08-31T15:40:04.686Z,7100.0,5325.0,SDSSg,Eugenia,,4079.0,65.0,fix1,local,22.4733,0.0024,193.0,H100 (80 GB),2026-08-31 15:40:04.686000+00:00
azken,H100 PCIe,"3.8.10 (default, Nov 22 2023, 10:22:35) 
[GCC 9.4.0]",py38_baseline,profiler_py38_fix1,QHY411-1_SDSSg_2k,37.8,41.34031581878662,4754.0,2026-08-31T15:40:13.329Z,7100.0,5325.0,SDSSg,Eugenia,,458.0,64.0,fix1,local,22.4733,0.0024,193.0,H100 (80 GB),2026-08-31 15:40:13.329000+00:00
azken,H100 PCIe,"3.8.10 (default, Nov 22 2023, 10:22:35) 
[GCC 9.4.0]",py38_baseline,profiler_py38_fix1,QHY411-1_SDSSg_2k,37.8,36.31129264831543,4754.0,2026-08-31T15:40:45.587Z,7100.0,5325.0,SDSSg,Eugenia,,5403.0,66.0,fix1,local,22.4733,0.0024,193.0,H100 (80 GB),2026-08-31 15:40:45.587000+00:00
azken,H100 PCIe,"3.8.10 (default, Nov 22 2023, 10:22:35) 
[GCC 9.4.0]",py38_baseline,profiler_py38_fix1,QHY411-1_SDSSg_2k,37.8,32.30129885673523,4754.0,2026-08-31T15:40:53.978Z,7100.0,5325.0,SDSSg,Eugenia,,5109.0,66.0,fix1,local,22.4733,0.0024,193.0,H100 (80 GB),2026-08-31 15:40:53.978000+00:00
azken,H100 PCIe,"3.8.10 (default, Nov 22 2023, 10:22:35) 
[GCC 9.4.0]",py38_baseline,profiler_py38_fix1,QHY411-1_SDSSg_2k,37.8,33.51679372787476,3977.0,2026-08-31T15:41:28.280Z,7100.0,5325.0,SDSSg,Eugenia,,1311.0,66.0,fix1,local,22.4231,0.0021,193.0,H100 (80 GB),2026-08-31 15:41:28.280000+00:00
azken,H100 PCIe,"3.8.10 (default, Nov 22 2023, 10:22:35) 
[GCC 9.4.0]",py38_baseline,profiler_py38_fix1,QHY411-1_SDSSg_2k,37.8,39.44983696937561,3977.0,2026-08-31T15:41:43.285Z,7100.0,5325.0,SDSSg,Eugenia,,5109.0,66.0,fix1,local,22.4231,0.0021,193.0,H100 (80 GB),2026-08-31 15:41:43.285000+00:00
azken,H100 PCIe,"3.8.10 (default, Nov 22 2023, 10:22:35) 
[GCC 9.4.0]",py38_baseline,profiler_py38_fix1,QHY411-1_SDSSg_2k,37.8,38.395612716674805,3977.0,2026-08-31T15:42:11.806Z,7100.0,5325.0,SDSSg,Eugenia,,5033.0,66.0,fix1,local,22.4231,0.0021,193.0,H100 (80 GB),2026-08-31 15:42:11.806000+00:00
azken,H100 PCIe,"3.8.10 (default, Nov 22 2023, 10:22:35) 
[GCC 9.4.0]",py38_baseline,profiler_py38_fix1,QHY411-1_SDSSg_2k,37.8,33.17339730262756,3977.0,2026-08-31T15:42:23.495Z,7100.0,5325.0,SDSSg,Eugenia,,5109.0,66.0,fix1,local,22.4231,0.0021,193.0,H100 (80 GB),2026-08-31 15:42:23.495000+00:00
azken,H100 PCIe,"3.8.10 (default, Nov 22 2023, 10:22:35) 
[GCC 9.4.0]",py38_baseline,profiler_py38_fix1,QHY411-1_SDSSg_2k,37.8,32.34562349319458,3977.0,2026-08-31T15:42:49.183Z,7100.0,5325.0,SDSSg,Eugenia,,9977.0,67.0,fix1,local,22.4231,0.0021,193.0,H100 (80 GB),2026-08-31 15:42:49.183000+00:00
azken,H100 PCIe,"3.8.10 (default, Nov 22 2023, 10:22:35) 
[GCC 9.4.0]",py38_baseline,profiler_py38_fix1,QHY411-1_SDSSg_2k,37.8,32.9602484703064,3977.0,2026-08-31T15:43:03.165Z,7100.0,5325.0,SDSSg,Eugenia,,6617.0,66.0,fix1,local,22.4231,0.0021,193.0,H100 (80 GB),2026-08-31 15:43:03.165000+00:00
azken,H100 PCIe,"3.8.10 (default, Nov 22 2023, 10:22:35) 
[GCC 9.4.0]",py38_baseline,profiler_py38_fix1,QHY411-1_SDSSg_2k,37.8,32.91913866996765,3977.0,2026-08-31T15:43:27.008Z,7100.0,5325.0,SDSSg,Eugenia,,5081.0,66.0,fix1,local,22.4231,0.0021,193.0,H100 (80 GB),2026-08-31 15:43:27.008000+00:00
azken,H100 PCIe,"3.8.10 (default, Nov 22 2023, 10:22:35) 
[GCC 9.4.0]",py38_baseline,profiler_py38_fix1,QHY411-1_SDSSg_2k,37.8,32.19265031814575,3977.0,2026-08-31T15:44:05.355Z,7100.0,5325.0,SDSSg,Eugenia,,6617.0,66.0,fix1,local,22.4231,0.0021,193.0,H100 (80 GB),2026-08-31 15:44:05.355000+00:00
azken,H100 PCIe,"3.8.10 (default, Nov 22 2023, 10:22:35) 
[GCC 9.4.0]",py38_baseline,profiler_py38_fix1,QHY411-1_SDSSg_2k,37.8,28.43851447105408,3977.0,2026-08-31T15:44:26.228Z,7100.0,5325.0,SDSSg,Eugenia,,9977.0,68.0,fix1,local,22.4231,0.0021,193.0,H100 (80 GB),2026-08-31 15:44:26.228000+00:00
azken,H100 PCIe,"3.8.10 (default, Nov 22 2023, 10:22:35) 
[GCC 9.4.0]",py38_baseline,profiler_py38_fix1,QHY411-1_SDSSg_2k,37.8,35.386542081832886,3977.0,2026-08-31T15:44:46.885Z,7100.0,5325.0,SDSSg,Eugenia,,4973.0,66.0,fix1,local,22.4231,0.0021,193.0,H100 (80 GB),2026-08-31 15:44:46.885000+00:00
azken,H100 PCIe,"3.8.10 (default, Nov 22 2023, 10:22:35) 
[GCC 9.4.0]",py38_baseline,profiler_py38_fix1,QHY411-1_SDSSg_2k,37.8,30.525825023651123,3977.0,2026-08-31T15:45:02.161Z,7100.0,5325.0,SDSSg,Eugenia,,5045.0,66.0,fix1,local,22.4231,0.0021,193.0,H100 (80 GB),2026-08-31 15:45:02.161000+00:00
azken,H100 PCIe,"3.8.10 (default, Nov 22 2023, 10:22:35) 
[GCC 9.4.0]",py38_baseline,profiler_py38_fix1,QHY411-1_SDSSg_2k,37.8,37.44276547431946,3977.0,2026-08-31T15:45:29.531Z,7100.0,5325.0,SDSSg,Eugenia,,4917.0,66.0,fix1,local,22.4231,0.0021,193.0,H100 (80 GB),2026-08-31 15:45:29.531000+00:00
azken,H100 PCIe,"3.8.10 (default, Nov 22 2023, 10:22:35) 
[GCC 9.4.0]",py38_baseline,profiler_py38_fix1,QHY411-1_SDSSg_2k,37.8,36.43135595321655,3977.0,2026-08-31T15:45:46.014Z,7100.0,5325.0,SDSSg,Eugenia,,4787.0,67.0,fix1,local,22.4231,0.0021,193.0,H100 (80 GB),2026-08-31 15:45:46.014000+00:00
azken,H100 PCIe,"3.8.10 (default, Nov 22 2023, 10:22:35) 
[GCC 9.4.0]",py38_baseline,profiler_py38_fix1,QHY411-1_SDSSg_2k,37.8,28.66264247894287,3977.0,2026-08-31T15:46:02.997Z,7100.0,5325.0,SDSSg,Eugenia,,4921.0,66.0,fix1,local,22.4231,0.0021,193.0,H100 (80 GB),2026-08-31 15:46:02.997000+00:00
azken,H100 PCIe,"3.8.10 (default, Nov 22 2023, 10:22:35) 
[GCC 9.4.0]",py38_baseline,profiler_py38_fix1,QHY411-1_SDSSg_2k,37.8,29.88901782035828,3977.0,2026-08-31T15:46:21.602Z,7100.0,5325.0,SDSSg,Eugenia,,5217.0,66.0,fix1,local,22.4231,0.0021,193.0,H100 (80 GB),2026-08-31 15:46:21.602000+00:00
azken,H100 PCIe,"3.8.10 (default, Nov 22 2023, 10:22:35) 
[GCC 9.4.0]",py38_baseline,profiler_py38_fix1,QHY411-1_SDSSg_2k,37.8,42.10706949234009,3977.0,2026-08-31T15:46:50.517Z,7100.0,5325.0,SDSSg,Eugenia,,4961.0,66.0,fix1,local,22.4231,0.0021,193.0,H100 (80 GB),2026-08-31 15:46:50.517000+00:00
azken,H100 PCIe,"3.8.10 (default, Nov 22 2023, 10:22:35) 
[GCC 9.4.0]",py38_baseline,profiler_py38_fix1,QHY411-1_SDSSg_2k,37.8,29.77102017402649,3977.0,2026-08-31T15:46:58.839Z,7100.0,5325.0,SDSSg,Eugenia,,5643.0,66.0,fix1,local,22.4231,0.0021,193.0,H100 (80 GB),2026-08-31 15:46:58.839000+00:00
azken,H100 PCIe,"3.8.10 (default, Nov 22 2023, 10:22:35) 
[GCC 9.4.0]",py38_baseline,profiler_py38_fix1,QHY411-1_SDSSg_2k,37.8,38.69814920425415,3977.0,2026-08-31T15:47:33.676Z,7100.0,5325.0,SDSSg,Eugenia,,5403.0,67.0,fix1,local,22.4231,0.0021,193.0,H100 (80 GB),2026-08-31 15:47:33.676000+00:00
azken,H100 PCIe,"3.8.10 (default, Nov 22 2023, 10:22:35) 
[GCC 9.4.0]",py38_baseline,profiler_py38_fix1,QHY411-1_SDSSg_2k,37.8,33.604095458984375,3977.0,2026-08-31T15:47:39.937Z,7100.0,5325.0,SDSSg,Eugenia,,5109.0,66.0,fix1,local,22.4231,0.0021,193.0,H100 (80 GB),2026-08-31 15:47:39.937000+00:00
azken,H100 PCIe,"3.8.10 (default, Nov 22 2023, 10:22:35) 
[GCC 9.4.0]",py38_baseline,profiler_py38_fix1,QHY411-1_SDSSg_2k,37.8,40.0188193321228,3977.0,2026-08-31T15:48:18.805Z,7100.0,5325.0,SDSSg,Eugenia,,5403.0,66.0,fix1,local,22.4231,0.0021,193.0,H100 (80 GB),2026-08-31 15:48:18.805000+00:00
azken,H100 PCIe,"3.8.10 (default, Nov 22 2023, 10:22:35) 
[GCC 9.4.0]",py38_baseline,profiler_py38_fix1,QHY411-1_SDSSg_2k,37.8,35.1130166053772,3977.0,2026-08-31T15:48:20.586Z,7100.0,5325.0,SDSSg,Eugenia,,5109.0,66.0,fix1,local,22.4231,0.0021,193.0,H100 (80 GB),2026-08-31 15:48:20.586000+00:00
azken,H100 PCIe,"3.8.10 (default, Nov 22 2023, 10:22:35) 
[GCC 9.4.0]",py38_baseline,profiler_py38_fix1,QHY411-1_SDSSg_2k,37.8,37.39101409912109,3977.0,2026-08-31T15:49:00.896Z,7100.0,5325.0,SDSSg,Eugenia,,458.0,66.0,fix1,local,22.4231,0.0021,193.0,H100 (80 GB),2026-08-31 15:49:00.896000+00:00
azken,H100 PCIe,"3.8.10 (default, Nov 22 2023, 10:22:35) 
[GCC 9.4.0]",py38_baseline,profiler_py38_fix1,QHY411-1_SDSSg_2k,37.8,37.58373355865479,3977.0,2026-08-31T15:49:02.664Z,7100.0,5325.0,SDSSg,Eugenia,,5109.0,67.0,fix1,local,22.4231,0.0021,193.0,H100 (80 GB),2026-08-31 15:49:02.664000+00:00
azken,H100 PCIe,"3.12.3 (main, Mar  3 2026, 12:15:18) [GCC 13.3.0]",py312_cuml_adaptive,profiler_cuml_adaptive_fix1,QHY411-1_SDSSg_2k,37.8,24.456043004989624,4754.0,2026-08-31T15:27:13.051Z,7100.0,5325.0,SDSSg,Eugenia,,475.0,62.0,fix1,local,22.4726,0.0024,193.0,H100 (80 GB),2026-08-31 15:27:13.051000+00:00
azken,H100 PCIe,"3.12.3 (main, Mar  3 2026, 12:15:18) [GCC 13.3.0]",py312_cuml_adaptive,profiler_cuml_adaptive_fix1,QHY411-1_SDSSg_2k,37.8,25.539003372192383,4754.0,2026-08-31T15:27:14.553Z,7100.0,5325.0,SDSSg,Eugenia,,1755.0,63.0,fix1,local,22.4726,0.0024,193.0,H100 (80 GB),2026-08-31 15:27:14.553000+00:00
azken,H100 PCIe,"3.12.3 (main, Mar  3 2026, 12:15:18) [GCC 13.3.0]",py312_cuml_adaptive,profiler_cuml_adaptive_fix1,QHY411-1_SDSSg_2k,37.8,25.224966049194336,4754.0,2026-08-31T15:27:48.130Z,7100.0,5325.0,SDSSg,Eugenia,,1935.0,64.0,fix1,local,22.4726,0.0024,193.0,H100 (80 GB),2026-08-31 15:27:48.130000+00:00
azken,H100 PCIe,"3.12.3 (main, Mar  3 2026, 12:15:18) [GCC 13.3.0]",py312_cuml_adaptive,profiler_cuml_adaptive_fix1,QHY411-1_SDSSg_2k,37.8,27.159832239151,4754.0,2026-08-31T15:27:49.352Z,7100.0,5325.0,SDSSg,Eugenia,,458.0,63.0,fix1,local,22.4726,0.0024,193.0,H100 (80 GB),2026-08-31 15:27:49.352000+00:00
azken,H100 PCIe,"3.12.3 (main, Mar  3 2026, 12:15:18) [GCC 13.3.0]",py312_cuml_adaptive,profiler_cuml_adaptive_fix1,QHY411-1_SDSSg_2k,37.8,23.50773787498474,4754.0,2026-08-31T15:28:20.091Z,7100.0,5325.0,SDSSg,Eugenia,,458.0,62.0,fix1,local,22.4726,0.0024,193.0,H100 (80 GB),2026-08-31 15:28:20.091000+00:00
azken,H100 PCIe,"3.12.3 (main, Mar  3 2026, 12:15:18) [GCC 13.3.0]",py312_cuml_adaptive,profiler_cuml_adaptive_fix1,QHY411-1_SDSSg_2k,37.8,26.05917716026306,4754.0,2026-08-31T15:28:24.086Z,7100.0,5325.0,SDSSg,Eugenia,,1791.0,64.0,fix1,local,22.4726,0.0024,193.0,H100 (80 GB),2026-08-31 15:28:24.086000+00:00
azken,H100 PCIe,"3.12.3 (main, Mar  3 2026, 12:15:18) [GCC 13.3.0]",py312_cuml_adaptive,profiler_cuml_adaptive_fix1,QHY411-1_SDSSg_2k,37.8,22.26523756980896,4754.0,2026-08-31T15:28:50.433Z,7100.0,5325.0,SDSSg,Eugenia,,458.0,66.0,fix1,local,22.4726,0.0024,193.0,H100 (80 GB),2026-08-31 15:28:50.433000+00:00
azken,H100 PCIe,"3.12.3 (main, Mar  3 2026, 12:15:18) [GCC 13.3.0]",py312_cuml_adaptive,profiler_cuml_adaptive_fix1,QHY411-1_SDSSg_2k,37.8,22.8029854297638,4754.0,2026-08-31T15:28:55.558Z,7100.0,5325.0,SDSSg,Eugenia,,6249.0,68.0,fix1,local,22.4726,0.0024,193.0,H100 (80 GB),2026-08-31 15:28:55.558000+00:00
azken,H100 PCIe,"3.12.3 (main, Mar  3 2026, 12:15:18) [GCC 13.3.0]",py312_cuml_adaptive,profiler_cuml_adaptive_fix1,QHY411-1_SDSSg_2k,37.8,22.71011734008789,4754.0,2026-08-31T15:29:22.354Z,7100.0,5325.0,SDSSg,Eugenia,,458.0,67.0,fix1,local,22.4726,0.0024,193.0,H100 (80 GB),2026-08-31 15:29:22.354000+00:00
azken,H100 PCIe,"3.12.3 (main, Mar  3 2026, 12:15:18) [GCC 13.3.0]",py312_cuml_adaptive,profiler_cuml_adaptive_fix1,QHY411-1_SDSSg_2k,37.8,23.312096118927,4754.0,2026-08-31T15:29:27.789Z,7100.0,5325.0,SDSSg,Eugenia,,6249.0,68.0,fix1,local,22.4726,0.0024,193.0,H100 (80 GB),2026-08-31 15:29:27.789000+00:00
azken,H100 PCIe,"3.12.3 (main, Mar  3 2026, 12:15:18) [GCC 13.3.0]",py312_cuml_adaptive,profiler_cuml_adaptive_fix1,QHY411-1_SDSSg_2k,37.8,25.46755337715149,4754.0,2026-08-31T15:29:56.930Z,7100.0,5325.0,SDSSg,Eugenia,,458.0,67.0,fix1,local,22.4726,0.0024,193.0,H100 (80 GB),2026-08-31 15:29:56.930000+00:00
azken,H100 PCIe,"3.12.3 (main, Mar  3 2026, 12:15:18) [GCC 13.3.0]",py312_cuml_adaptive,profiler_cuml_adaptive_fix1,QHY411-1_SDSSg_2k,37.8,24.126713752746586,4754.0,2026-08-31T15:30:01.418Z,7100.0,5325.0,SDSSg,Eugenia,,7223.0,69.0,fix1,local,22.4726,0.0024,193.0,H100 (80 GB),2026-08-31 15:30:01.418000+00:00
azken,H100 PCIe,"3.12.3 (main, Mar  3 2026, 12:15:18) [GCC 13.3.0]",py312_cuml_adaptive,profiler_cuml_adaptive_fix1,QHY411-1_SDSSg_2k,37.8,25.90829825401306,4754.0,2026-08-31T15:30:31.188Z,7100.0,5325.0,SDSSg,Eugenia,,458.0,66.0,fix1,local,22.4726,0.0024,193.0,H100 (80 GB),2026-08-31 15:30:31.188000+00:00
azken,H100 PCIe,"3.12.3 (main, Mar  3 2026, 12:15:18) [GCC 13.3.0]",py312_cuml_adaptive,profiler_cuml_adaptive_fix1,QHY411-1_SDSSg_2k,37.8,25.409276485443115,4754.0,2026-08-31T15:30:35.878Z,7100.0,5325.0,SDSSg,Eugenia,,5715.0,69.0,fix1,local,22.4726,0.0024,193.0,H100 (80 GB),2026-08-31 15:30:35.878000+00:00
azken,H100 PCIe,"3.12.3 (main, Mar  3 2026, 12:15:18) [GCC 13.3.0]",py312_cuml_adaptive,profiler_cuml_adaptive_fix1,QHY411-1_SDSSg_2k,37.8,22.98360061645508,4754.0,2026-08-31T15:31:02.542Z,7100.0,5325.0,SDSSg,Eugenia,,458.0,68.0,fix1,local,22.4726,0.0024,193.0,H100 (80 GB),2026-08-31 15:31:02.542000+00:00
azken,H100 PCIe,"3.12.3 (main, Mar  3 2026, 12:15:18) [GCC 13.3.0]",py312_cuml_adaptive,profiler_cuml_adaptive_fix1,QHY411-1_SDSSg_2k,37.8,24.47698402404785,4754.0,2026-08-31T15:31:08.372Z,7100.0,5325.0,SDSSg,Eugenia,,6143.0,69.0,fix1,local,22.4726,0.0024,193.0,H100 (80 GB),2026-08-31 15:31:08.372000+00:00
azken,H100 PCIe,"3.12.3 (main, Mar  3 2026, 12:15:18) [GCC 13.3.0]",py312_cuml_adaptive,profiler_cuml_adaptive_fix1,QHY411-1_SDSSg_2k,37.8,20.23649406433105,4754.0,2026-08-31T15:31:30.947Z,7100.0,5325.0,SDSSg,Eugenia,,458.0,68.0,fix1,local,22.4726,0.0024,193.0,H100 (80 GB),2026-08-31 15:31:30.947000+00:00
azken,H100 PCIe,"3.12.3 (main, Mar  3 2026, 12:15:18) [GCC 13.3.0]",py312_cuml_adaptive,profiler_cuml_adaptive_fix1,QHY411-1_SDSSg_2k,37.8,23.60076808929444,4754.0,2026-08-31T15:31:40.672Z,7100.0,5325.0,SDSSg,Eugenia,,5393.0,69.0,fix1,local,22.4726,0.0024,193.0,H100 (80 GB),2026-08-31 15:31:40.672000+00:00
azken,H100 PCIe,"3.12.3 (main, Mar  3 2026, 12:15:18) [GCC 13.3.0]",py312_cuml_adaptive,profiler_cuml_adaptive_fix1,QHY411-1_SDSSg_2k,37.8,20.62180161476136,4754.0,2026-08-31T15:31:59.320Z,7100.0,5325.0,SDSSg,Eugenia,,5685.0,68.0,fix1,local,22.4726,0.0024,193.0,H100 (80 GB),2026-08-31 15:31:59.320000+00:00
azken,H100 PCIe,"3.12.3 (main, Mar  3 2026, 12:15:18) [GCC 13.3.0]",py312_cuml_adaptive,profiler_cuml_adaptive_fix1,QHY411-1_SDSSg_2k,37.8,21.47953772544861,4754.0,2026-08-31T15:32:11.066Z,7100.0,5325.0,SDSSg,Eugenia,,5271.0,68.0,fix1,local,22.4726,0.0024,193.0,H100 (80 GB),2026-08-31 15:32:11.066000+00:00
azken,H100 PCIe,"3.12.3 (main, Mar  3 2026, 12:15:18) [GCC 13.3.0]",py312_cuml_adaptive,profiler_cuml_adaptive_fix1,QHY411-1_SDSSg_2k,37.8,20.77727222442627,4754.0,2026-08-31T15:32:28.944Z,7100.0,5325.0,SDSSg,Eugenia,,5685.0,68.0,fix1,local,22.4726,0.0024,193.0,H100 (80 GB),2026-08-31 15:32:28.944000+00:00
azken,H100 PCIe,"3.12.3 (main, Mar  3 2026, 12:15:18) [GCC 13.3.0]",py312_cuml_adaptive,profiler_cuml_adaptive_fix1,QHY411-1_SDSSg_2k,37.8,20.45861315727234,4754.0,2026-08-31T15:32:40.716Z,7100.0,5325.0,SDSSg,Eugenia,,5231.0,68.0,fix1,local,22.4726,0.0024,193.0,H100 (80 GB),2026-08-31 15:32:40.716000+00:00
azken,H100 PCIe,"3.12.3 (main, Mar  3 2026, 12:15:18) [GCC 13.3.0]",py312_cuml_adaptive,profiler_cuml_adaptive_fix1,QHY411-1_SDSSg_2k,37.8,20.958768129348755,3977.0,2026-08-31T15:49:32.402Z,7100.0,5325.0,SDSSg,Eugenia,,458.0,62.0,fix1,local,22.4233,0.0021,193.0,H100 (80 GB),2026-08-31 15:49:32.402000+00:00
azken,H100 PCIe,"3.12.3 (main, Mar  3 2026, 12:15:18) [GCC 13.3.0]",py312_cuml_adaptive,profiler_cuml_adaptive_fix1,QHY411-1_SDSSg_2k,37.8,21.635729789733887,3977.0,2026-08-31T15:49:35.117Z,7100.0,5325.0,SDSSg,Eugenia,,5359.0,64.0,fix1,local,22.4233,0.0021,193.0,H100 (80 GB),2026-08-31 15:49:35.117000+00:00
azken,H100 PCIe,"3.12.3 (main, Mar  3 2026, 12:15:18) [GCC 13.3.0]",py312_cuml_adaptive,profiler_cuml_adaptive_fix1,QHY411-1_SDSSg_2k,37.8,24.173499822616577,3977.0,2026-08-31T15:50:05.932Z,7100.0,5325.0,SDSSg,Eugenia,,458.0,64.0,fix1,local,22.4233,0.0021,193.0,H100 (80 GB),2026-08-31 15:50:05.932000+00:00
azken,H100 PCIe,"3.12.3 (main, Mar  3 2026, 12:15:18) [GCC 13.3.0]",py312_cuml_adaptive,profiler_cuml_adaptive_fix1,QHY411-1_SDSSg_2k,37.8,23.378320932388306,3977.0,2026-08-31T15:50:06.121Z,7100.0,5325.0,SDSSg,Eugenia,,2225.0,65.0,fix1,local,22.4233,0.0021,193.0,H100 (80 GB),2026-08-31 15:50:06.121000+00:00
azken,H100 PCIe,"3.12.3 (main, Mar  3 2026, 12:15:18) [GCC 13.3.0]",py312_cuml_adaptive,profiler_cuml_adaptive_fix1,QHY411-1_SDSSg_2k,37.8,22.295021772384644,3977.0,2026-08-31T15:50:37.008Z,7100.0,5325.0,SDSSg,Eugenia,,474.0,63.0,fix1,local,22.4233,0.0021,193.0,H100 (80 GB),2026-08-31 15:50:37.008000+00:00
azken,H100 PCIe,"3.12.3 (main, Mar  3 2026, 12:15:18) [GCC 13.3.0]",py312_cuml_adaptive,profiler_cuml_adaptive_fix1,QHY411-1_SDSSg_2k,37.8,24.688084840774536,3977.0,2026-08-31T15:50:39.860Z,7100.0,5325.0,SDSSg,Eugenia,,1319.0,63.0,fix1,local,22.4233,0.0021,193.0,H100 (80 GB),2026-08-31 15:50:39.860000+00:00
azken,H100 PCIe,"3.12.3 (main, Mar  3 2026, 12:15:18) [GCC 13.3.0]",py312_cuml_adaptive,profiler_cuml_adaptive_fix1,QHY411-1_SDSSg_2k,37.8,21.315029859542847,3977.0,2026-08-31T15:51:06.657Z,7100.0,5325.0,SDSSg,Eugenia,,458.0,65.0,fix1,local,22.4233,0.0021,193.0,H100 (80 GB),2026-08-31 15:51:06.657000+00:00
azken,H100 PCIe,"3.12.3 (main, Mar  3 2026, 12:15:18) [GCC 13.3.0]",py312_cuml_adaptive,profiler_cuml_adaptive_fix1,QHY411-1_SDSSg_2k,37.8,25.086360931396484,3977.0,2026-08-31T15:51:14.032Z,7100.0,5325.0,SDSSg,Eugenia,,5657.0,66.0,fix1,local,22.4233,0.0021,193.0,H100 (80 GB),2026-08-31 15:51:14.032000+00:00
azken,H100 PCIe,"3.12.3 (main, Mar  3 2026, 12:15:18) [GCC 13.3.0]",py312_cuml_adaptive,profiler_cuml_adaptive_fix1,QHY411-1_SDSSg_2k,37.8,22.050302505493164,3977.0,2026-08-31T15:51:36.971Z,7100.0,5325.0,SDSSg,Eugenia,,1341.0,67.0,fix1,local,22.4233,0.0021,193.0,H100 (80 GB),2026-08-31 15:51:36.971000+00:00
azken,H100 PCIe,"3.12.3 (main, Mar  3 2026, 12:15:18) [GCC 13.3.0]",py312_cuml_adaptive,profiler_cuml_adaptive_fix1,QHY411-1_SDSSg_2k,37.8,23.171563386917114,3977.0,2026-08-31T15:51:45.748Z,7100.0,5325.0,SDSSg,Eugenia,,5269.0,68.0,fix1,local,22.4233,0.0021,193.0,H100 (80 GB),2026-08-31 15:51:45.748000+00:00
azken,H100 PCIe,"3.12.3 (main, Mar  3 2026, 12:15:18) [GCC 13.3.0]",py312_cuml_adaptive,profiler_cuml_adaptive_fix1,QHY411-1_SDSSg_2k,37.8,22.761000394821167,3977.0,2026-08-31T15:52:08.803Z,7100.0,5325.0,SDSSg,Eugenia,,1341.0,67.0,fix1,local,22.4233,0.0021,193.0,H100 (80 GB),2026-08-31 15:52:08.803000+00:00
azken,H100 PCIe,"3.12.3 (main, Mar  3 2026, 12:15:18) [GCC 13.3.0]",py312_cuml_adaptive,profiler_cuml_adaptive_fix1,QHY411-1_SDSSg_2k,37.8,22.162139415740967,3977.0,2026-08-31T15:52:16.076Z,7100.0,5325.0,SDSSg,Eugenia,,5357.0,68.0,fix1,local,22.4233,0.0021,193.0,H100 (80 GB),2026-08-31 15:52:16.076000+00:00
azken,H100 PCIe,"3.12.3 (main, Mar  3 2026, 12:15:18) [GCC 13.3.0]",py312_cuml_adaptive,profiler_cuml_adaptive_fix1,QHY411-1_SDSSg_2k,37.8,19.545072317123413,3977.0,2026-08-31T15:52:36.466Z,7100.0,5325.0,SDSSg,Eugenia,,1341.0,68.0,fix1,local,22.4233,0.0021,193.0,H100 (80 GB),2026-08-31 15:52:36.466000+00:00
azken,H100 PCIe,"3.12.3 (main, Mar  3 2026, 12:15:18) [GCC 13.3.0]",py312_cuml_adaptive,profiler_cuml_adaptive_fix1,QHY411-1_SDSSg_2k,37.8,20.874767065048218,3977.0,2026-08-31T15:52:45.226Z,7100.0,5325.0,SDSSg,Eugenia,,5179.0,68.0,fix1,local,22.4233,0.0021,193.0,H100 (80 GB),2026-08-31 15:52:45.226000+00:00
azken,H100 PCIe,"3.12.3 (main, Mar  3 2026, 12:15:18) [GCC 13.3.0]",py312_cuml_adaptive,profiler_cuml_adaptive_fix1,QHY411-1_SDSSg_2k,37.8,19.14832329750061,3977.0,2026-08-31T15:53:03.883Z,7100.0,5325.0,SDSSg,Eugenia,,5685.0,68.0,fix1,local,22.4233,0.0021,193.0,H100 (80 GB),2026-08-31 15:53:03.883000+00:00
azken,H100 PCIe,"3.12.3 (main, Mar  3 2026, 12:15:18) [GCC 13.3.0]",py312_cuml_adaptive,profiler_cuml_adaptive_fix1,QHY411-1_SDSSg_2k,37.8,20.69385552406311,3977.0,2026-08-31T15:53:14.738Z,7100.0,5325.0,SDSSg,Eugenia,,5483.0,68.0,fix1,local,22.4233,0.0021,193.0,H100 (80 GB),2026-08-31 15:53:14.738000+00:00
azken,H100 PCIe,"3.12.3 (main, Mar  3 2026, 12:15:18) [GCC 13.3.0]",py312_cuml_adaptive,profiler_cuml_adaptive_fix1,QHY411-1_SDSSg_2k,37.8,23.13000178337097,3977.0,2026-08-31T15:53:36.137Z,7100.0,5325.0,SDSSg,Eugenia,,5685.0,68.0,fix1,local,22.4233,0.0021,193.0,H100 (80 GB),2026-08-31 15:53:36.137000+00:00
azken,H100 PCIe,"3.12.3 (main, Mar  3 2026, 12:15:18) [GCC 13.3.0]",py312_cuml_adaptive,profiler_cuml_adaptive_fix1,QHY411-1_SDSSg_2k,37.8,23.47136616706848,3977.0,2026-08-31T15:53:47.522Z,7100.0,5325.0,SDSSg,Eugenia,,5419.0,68.0,fix1,local,22.4233,0.0021,193.0,H100 (80 GB),2026-08-31 15:53:47.522000+00:00
azken,H100 PCIe,"3.12.3 (main, Mar  3 2026, 12:15:18) [GCC 13.3.0]",py312_cuml_adaptive,profiler_cuml_adaptive_fix1,QHY411-1_SDSSg_2k,37.8,20.04773330688477,3977.0,2026-08-31T15:54:04.009Z,7100.0,5325.0,SDSSg,Eugenia,,5685.0,68.0,fix1,local,22.4233,0.0021,193.0,H100 (80 GB),2026-08-31 15:54:04.009000+00:00
azken,H100 PCIe,"3.12.3 (main, Mar  3 2026, 12:15:18) [GCC 13.3.0]",py312_cuml_adaptive,profiler_cuml_adaptive_fix1,QHY411-1_SDSSg_2k,37.8,18.10157346725464,3977.0,2026-08-31T15:54:13.915Z,7100.0,5325.0,SDSSg,Eugenia,,5097.0,68.0,fix1,local,22.4233,0.0021,193.0,H100 (80 GB),2026-08-31 15:54:13.915000+00:00
azken,H100 PCIe,"3.12.3 (main, Mar  3 2026, 12:15:18) [GCC 13.3.0]",py312_cuml_adaptive,profiler_cuml_adaptive_fix1,QHY411-1_SDSSg_2k,37.8,19.96590280532837,3977.0,2026-08-31T15:54:31.729Z,7100.0,5325.0,SDSSg,Eugenia,,5685.0,68.0,fix1,local,22.4233,0.0021,193.0,H100 (80 GB),2026-08-31 15:54:31.729000+00:00
azken,H100 PCIe,"3.12.3 (main, Mar  3 2026, 12:15:18) [GCC 13.3.0]",py312_cuml_adaptive,profiler_cuml_adaptive_fix1,QHY411-1_SDSSg_2k,37.8,19.38470983505249,3977.0,2026-08-31T15:54:42.729Z,7100.0,5325.0,SDSSg,Eugenia,,5367.0,68.0,fix1,local,22.4233,0.0021,193.0,H100 (80 GB),2026-08-31 15:54:42.729000+00:00
azken,H100 PCIe,"3.12.3 (main, Mar  3 2026, 12:15:18) [GCC 13.3.0]",py312_cuml_adaptive,profiler_cuml_adaptive_fix1,QHY411-1_SDSSg_2k,37.8,18.02090549468994,3977.0,2026-08-31T15:54:58.046Z,7100.0,5325.0,SDSSg,Eugenia,,5685.0,68.0,fix1,local,22.4233,0.0021,193.0,H100 (80 GB),2026-08-31 15:54:58.046000+00:00
azken,H100 PCIe,"3.12.3 (main, Mar  3 2026, 12:15:18) [GCC 13.3.0]",py312_cuml_adaptive,profiler_cuml_adaptive_fix1,QHY411-1_SDSSg_2k,37.8,19.4190137386322,3977.0,2026-08-31T15:55:10.446Z,7100.0,5325.0,SDSSg,Eugenia,,5095.0,68.0,fix1,local,22.4233,0.0021,193.0,H100 (80 GB),2026-08-31 15:55:10.446000+00:00
azken,H100 PCIe,"3.8.10 (default, Nov 22 2023, 10:22:35) 
[GCC 9.4.0]",py38_baseline,profiler_py38_fix1,QHY411-1_SDSSi_bin2,37.8,16.714600801467896,621.0,2026-08-31T13:19:33.301Z,7100.0,5325.0,SDSSi,GaiaDR33534005919872722560,,458.0,63.0,fix1,local,21.0013,0.0082,35.0,H100 (80 GB),2026-08-31 13:19:33.301000+00:00
azken,H100 PCIe,"3.8.10 (default, Nov 22 2023, 10:22:35) 
[GCC 9.4.0]",py38_baseline,profiler_py38_fix1,QHY411-1_SDSSi_bin2,37.8,15.90773868560791,621.0,2026-08-31T13:19:34.038Z,7100.0,5325.0,SDSSi,GaiaDR33534005919872722560,,1723.0,64.0,fix1,local,21.0013,0.0082,35.0,H100 (80 GB),2026-08-31 13:19:34.038000+00:00
azken,H100 PCIe,"3.8.10 (default, Nov 22 2023, 10:22:35) 
[GCC 9.4.0]",py38_baseline,profiler_py38_fix1,QHY411-1_SDSSi_bin2,37.8,14.568275690078735,621.0,2026-08-31T13:19:53.825Z,7100.0,5325.0,SDSSi,GaiaDR33534005919872722560,,911.0,63.0,fix1,local,21.0013,0.0082,35.0,H100 (80 GB),2026-08-31 13:19:53.825000+00:00
azken,H100 PCIe,"3.8.10 (default, Nov 22 2023, 10:22:35) 
[GCC 9.4.0]",py38_baseline,profiler_py38_fix1,QHY411-1_SDSSi_bin2,37.8,15.034909963607788,621.0,2026-08-31T13:19:54.290Z,7100.0,5325.0,SDSSi,GaiaDR33534005919872722560,,911.0,63.0,fix1,local,21.0013,0.0082,35.0,H100 (80 GB),2026-08-31 13:19:54.290000+00:00
azken,H100 PCIe,"3.8.10 (default, Nov 22 2023, 10:22:35) 
[GCC 9.4.0]",py38_baseline,profiler_py38_fix1,QHY411-1_SDSSi_bin2,37.8,14.562209844589232,621.0,2026-08-31T13:20:14.908Z,7100.0,5325.0,SDSSi,GaiaDR33534005919872722560,,911.0,63.0,fix1,local,21.0013,0.0082,35.0,H100 (80 GB),2026-08-31 13:20:14.908000+00:00
azken,H100 PCIe,"3.8.10 (default, Nov 22 2023, 10:22:35) 
[GCC 9.4.0]",py38_baseline,profiler_py38_fix1,QHY411-1_SDSSi_bin2,37.8,14.771279335021973,621.0,2026-08-31T13:20:15.242Z,7100.0,5325.0,SDSSi,GaiaDR33534005919872722560,,911.0,63.0,fix1,local,21.0013,0.0082,35.0,H100 (80 GB),2026-08-31 13:20:15.242000+00:00
azken,H100 PCIe,"3.8.10 (default, Nov 22 2023, 10:22:35) 
[GCC 9.4.0]",py38_baseline,profiler_py38_fix1,QHY411-1_SDSSi_bin2,37.8,13.48042130470276,621.0,2026-08-31T13:20:34.456Z,7100.0,5325.0,SDSSi,GaiaDR33534005919872722560,,911.0,63.0,fix1,local,21.0013,0.0082,35.0,H100 (80 GB),2026-08-31 13:20:34.456000+00:00
azken,H100 PCIe,"3.8.10 (default, Nov 22 2023, 10:22:35) 
[GCC 9.4.0]",py38_baseline,profiler_py38_fix1,QHY411-1_SDSSi_bin2,37.8,14.14570379257202,621.0,2026-08-31T13:20:35.018Z,7100.0,5325.0,SDSSi,GaiaDR33534005919872722560,,911.0,62.0,fix1,local,21.0013,0.0082,35.0,H100 (80 GB),2026-08-31 13:20:35.018000+00:00
azken,H100 PCIe,"3.8.10 (default, Nov 22 2023, 10:22:35) 
[GCC 9.4.0]",py38_baseline,profiler_py38_fix1,QHY411-1_SDSSi_bin2,37.8,16.020379543304443,621.0,2026-08-31T13:20:56.559Z,7100.0,5325.0,SDSSi,GaiaDR33534005919872722560,,911.0,63.0,fix1,local,21.0013,0.0082,35.0,H100 (80 GB),2026-08-31 13:20:56.559000+00:00
azken,H100 PCIe,"3.8.10 (default, Nov 22 2023, 10:22:35) 
[GCC 9.4.0]",py38_baseline,profiler_py38_fix1,QHY411-1_SDSSi_bin2,37.8,16.548675775527954,621.0,2026-08-31T13:20:56.876Z,7100.0,5325.0,SDSSi,GaiaDR33534005919872722560,,475.0,63.0,fix1,local,21.0013,0.0082,35.0,H100 (80 GB),2026-08-31 13:20:56.876000+00:00
azken,H100 PCIe,"3.8.10 (default, Nov 22 2023, 10:22:35) 
[GCC 9.4.0]",py38_baseline,profiler_py38_fix1,QHY411-1_SDSSi_bin2,37.8,13.93385410308838,621.0,2026-08-31T13:21:16.195Z,7100.0,5325.0,SDSSi,GaiaDR33534005919872722560,,458.0,62.0,fix1,local,21.0013,0.0082,35.0,H100 (80 GB),2026-08-31 13:21:16.195000+00:00
azken,H100 PCIe,"3.8.10 (default, Nov 22 2023, 10:22:35) 
[GCC 9.4.0]",py38_baseline,profiler_py38_fix1,QHY411-1_SDSSi_bin2,37.8,15.720606803894045,621.0,2026-08-31T13:21:18.889Z,7100.0,5325.0,SDSSi,GaiaDR33534005919872722560,,1935.0,63.0,fix1,local,21.0013,0.0082,35.0,H100 (80 GB),2026-08-31 13:21:18.889000+00:00
azken,H100 PCIe,"3.8.10 (default, Nov 22 2023, 10:22:35) 
[GCC 9.4.0]",py38_baseline,profiler_py38_fix1,QHY411-1_SDSSi_bin2,37.8,16.57550358772278,621.0,2026-08-31T13:21:39.000Z,7100.0,5325.0,SDSSi,GaiaDR33534005919872722560,,458.0,65.0,fix1,local,21.0013,0.0082,35.0,H100 (80 GB),2026-08-31 13:21:39+00:00
azken,H100 PCIe,"3.8.10 (default, Nov 22 2023, 10:22:35) 
[GCC 9.4.0]",py38_baseline,profiler_py38_fix1,QHY411-1_SDSSi_bin2,37.8,16.630382537841797,621.0,2026-08-31T13:21:41.168Z,7100.0,5325.0,SDSSi,GaiaDR33534005919872722560,,5109.0,66.0,fix1,local,21.0013,0.0082,35.0,H100 (80 GB),2026-08-31 13:21:41.168000+00:00
azken,H100 PCIe,"3.8.10 (default, Nov 22 2023, 10:22:35) 
[GCC 9.4.0]",py38_baseline,profiler_py38_fix1,QHY411-1_SDSSi_bin2,37.8,14.608394384384155,621.0,2026-08-31T13:22:01.423Z,7100.0,5325.0,SDSSi,GaiaDR33534005919872722560,,5109.0,66.0,fix1,local,21.0013,0.0082,35.0,H100 (80 GB),2026-08-31 13:22:01.423000+00:00
azken,H100 PCIe,"3.8.10 (default, Nov 22 2023, 10:22:35) 
[GCC 9.4.0]",py38_baseline,profiler_py38_fix1,QHY411-1_SDSSi_bin2,37.8,16.62495493888855,621.0,2026-08-31T13:22:01.468Z,7100.0,5325.0,SDSSi,GaiaDR33534005919872722560,,458.0,64.0,fix1,local,21.0013,0.0082,35.0,H100 (80 GB),2026-08-31 13:22:01.468000+00:00
azken,H100 PCIe,"3.8.10 (default, Nov 22 2023, 10:22:35) 
[GCC 9.4.0]",py38_baseline,profiler_py38_fix1,QHY411-1_SDSSi_bin2,37.8,14.391490697860718,621.0,2026-08-31T13:22:21.226Z,7100.0,5325.0,SDSSi,GaiaDR33534005919872722560,,911.0,63.0,fix1,local,21.0013,0.0082,35.0,H100 (80 GB),2026-08-31 13:22:21.226000+00:00
azken,H100 PCIe,"3.8.10 (default, Nov 22 2023, 10:22:35) 
[GCC 9.4.0]",py38_baseline,profiler_py38_fix1,QHY411-1_SDSSi_bin2,37.8,15.6310453414917,621.0,2026-08-31T13:22:22.559Z,7100.0,5325.0,SDSSi,GaiaDR33534005919872722560,,911.0,63.0,fix1,local,21.0013,0.0082,35.0,H100 (80 GB),2026-08-31 13:22:22.559000+00:00
azken,H100 PCIe,"3.8.10 (default, Nov 22 2023, 10:22:35) 
[GCC 9.4.0]",py38_baseline,profiler_py38_fix1,QHY411-1_SDSSi_bin2,37.8,15.283800840377808,621.0,2026-08-31T13:22:42.334Z,7100.0,5325.0,SDSSi,GaiaDR33534005919872722560,,458.0,63.0,fix1,local,21.0013,0.0082,35.0,H100 (80 GB),2026-08-31 13:22:42.334000+00:00
azken,H100 PCIe,"3.8.10 (default, Nov 22 2023, 10:22:35) 
[GCC 9.4.0]",py38_baseline,profiler_py38_fix1,QHY411-1_SDSSi_bin2,37.8,14.392354726791382,621.0,2026-08-31T13:22:42.523Z,7100.0,5325.0,SDSSi,GaiaDR33534005919872722560,,1935.0,64.0,fix1,local,21.0013,0.0082,35.0,H100 (80 GB),2026-08-31 13:22:42.523000+00:00
azken,H100 PCIe,"3.8.10 (default, Nov 22 2023, 10:22:35) 
[GCC 9.4.0]",py38_baseline,profiler_py38_fix1,QHY411-1_SDSSi_bin2,37.8,17.440442323684692,621.0,2026-08-31T13:23:05.531Z,7100.0,5325.0,SDSSi,GaiaDR33534005919872722560,,458.0,63.0,fix1,local,21.0013,0.0082,35.0,H100 (80 GB),2026-08-31 13:23:05.531000+00:00
azken,H100 PCIe,"3.8.10 (default, Nov 22 2023, 10:22:35) 
[GCC 9.4.0]",py38_baseline,profiler_py38_fix1,QHY411-1_SDSSi_bin2,37.8,16.43065595626831,621.0,2026-08-31T13:23:27.786Z,7100.0,5325.0,SDSSi,GaiaDR33534005919872722560,,11405.0,68.0,fix1,local,21.0013,0.0082,35.0,H100 (80 GB),2026-08-31 13:23:27.786000+00:00
azken,H100 PCIe,"3.12.3 (main, Mar  3 2026, 12:15:18) [GCC 13.3.0]",py312_cuml_adaptive,profiler_cuml_adaptive_fix1,QHY411-1_SDSSi_bin2,37.8,13.84182095527649,621.0,2026-08-31T13:14:29.486Z,7100.0,5325.0,SDSSi,GaiaDR33534005919872722560,,458.0,62.0,fix1,local,21.0036,0.0082,34.0,H100 (80 GB),2026-08-31 13:14:29.486000+00:00
azken,H100 PCIe,"3.12.3 (main, Mar  3 2026, 12:15:18) [GCC 13.3.0]",py312_cuml_adaptive,profiler_cuml_adaptive_fix1,QHY411-1_SDSSi_bin2,37.8,15.452437162399292,621.0,2026-08-31T13:14:33.574Z,7100.0,5325.0,SDSSi,GaiaDR33534005919872722560,,4557.0,64.0,fix1,local,21.0036,0.0082,34.0,H100 (80 GB),2026-08-31 13:14:33.574000+00:00
azken,H100 PCIe,"3.12.3 (main, Mar  3 2026, 12:15:18) [GCC 13.3.0]",py312_cuml_adaptive,profiler_cuml_adaptive_fix1,QHY411-1_SDSSi_bin2,37.8,15.252820014953612,621.0,2026-08-31T13:14:56.545Z,7100.0,5325.0,SDSSi,GaiaDR33534005919872722560,,458.0,63.0,fix1,local,21.0036,0.0082,34.0,H100 (80 GB),2026-08-31 13:14:56.545000+00:00
azken,H100 PCIe,"3.12.3 (main, Mar  3 2026, 12:15:18) [GCC 13.3.0]",py312_cuml_adaptive,profiler_cuml_adaptive_fix1,QHY411-1_SDSSi_bin2,37.8,13.783838748931885,621.0,2026-08-31T13:14:58.062Z,7100.0,5325.0,SDSSi,GaiaDR33534005919872722560,,5359.0,65.0,fix1,local,21.0036,0.0082,34.0,H100 (80 GB),2026-08-31 13:14:58.062000+00:00
azken,H100 PCIe,"3.12.3 (main, Mar  3 2026, 12:15:18) [GCC 13.3.0]",py312_cuml_adaptive,profiler_cuml_adaptive_fix1,QHY411-1_SDSSi_bin2,37.8,15.443443536758425,621.0,2026-08-31T13:15:24.618Z,7100.0,5325.0,SDSSi,GaiaDR33534005919872722560,,911.0,62.0,fix1,local,21.0036,0.0082,34.0,H100 (80 GB),2026-08-31 13:15:24.618000+00:00
azken,H100 PCIe,"3.12.3 (main, Mar  3 2026, 12:15:18) [GCC 13.3.0]",py312_cuml_adaptive,profiler_cuml_adaptive_fix1,QHY411-1_SDSSi_bin2,37.8,15.9801504611969,621.0,2026-08-31T13:15:24.893Z,7100.0,5325.0,SDSSi,GaiaDR33534005919872722560,,911.0,62.0,fix1,local,21.0036,0.0082,34.0,H100 (80 GB),2026-08-31 13:15:24.893000+00:00
azken,H100 PCIe,"3.12.3 (main, Mar  3 2026, 12:15:18) [GCC 13.3.0]",py312_cuml_adaptive,profiler_cuml_adaptive_fix1,QHY411-1_SDSSi_bin2,37.8,13.911002159118652,621.0,2026-08-31T13:15:48.486Z,7100.0,5325.0,SDSSi,GaiaDR33534005919872722560,,1095.0,63.0,fix1,local,21.0036,0.0082,34.0,H100 (80 GB),2026-08-31 13:15:48.486000+00:00
azken,H100 PCIe,"3.12.3 (main, Mar  3 2026, 12:15:18) [GCC 13.3.0]",py312_cuml_adaptive,profiler_cuml_adaptive_fix1,QHY411-1_SDSSi_bin2,37.8,15.357881307601929,621.0,2026-08-31T13:15:49.038Z,7100.0,5325.0,SDSSi,GaiaDR33534005919872722560,,458.0,62.0,fix1,local,21.0036,0.0082,34.0,H100 (80 GB),2026-08-31 13:15:49.038000+00:00
azken,H100 PCIe,"3.12.3 (main, Mar  3 2026, 12:15:18) [GCC 13.3.0]",py312_cuml_adaptive,profiler_cuml_adaptive_fix1,QHY411-1_SDSSi_bin2,37.8,13.392301082611084,621.0,2026-08-31T13:16:12.983Z,7100.0,5325.0,SDSSi,GaiaDR33534005919872722560,,1935.0,63.0,fix1,local,21.0036,0.0082,34.0,H100 (80 GB),2026-08-31 13:16:12.983000+00:00
azken,H100 PCIe,"3.12.3 (main, Mar  3 2026, 12:15:18) [GCC 13.3.0]",py312_cuml_adaptive,profiler_cuml_adaptive_fix1,QHY411-1_SDSSi_bin2,37.8,13.431276559829712,621.0,2026-08-31T13:16:38.198Z,7100.0,5325.0,SDSSi,GaiaDR33534005919872722560,,458.0,64.0,fix1,local,21.0036,0.0082,34.0,H100 (80 GB),2026-08-31 13:16:38.198000+00:00
azken,H100 PCIe,"3.12.3 (main, Mar  3 2026, 12:15:18) [GCC 13.3.0]",py312_cuml_adaptive,profiler_cuml_adaptive_fix1,QHY411-1_SDSSi_bin2,37.8,13.27509593963623,621.0,2026-08-31T13:16:43.151Z,7100.0,5325.0,SDSSi,GaiaDR33534005919872722560,,5051.0,66.0,fix1,local,21.0036,0.0082,34.0,H100 (80 GB),2026-08-31 13:16:43.151000+00:00
azken,H100 PCIe,"3.12.3 (main, Mar  3 2026, 12:15:18) [GCC 13.3.0]",py312_cuml_adaptive,profiler_cuml_adaptive_fix1,QHY411-1_SDSSi_bin2,37.8,12.073101997375488,621.0,2026-08-31T13:16:59.518Z,7100.0,5325.0,SDSSi,GaiaDR33534005919872722560,,458.0,65.0,fix1,local,21.0036,0.0082,34.0,H100 (80 GB),2026-08-31 13:16:59.518000+00:00
azken,H100 PCIe,"3.12.3 (main, Mar  3 2026, 12:15:18) [GCC 13.3.0]",py312_cuml_adaptive,profiler_cuml_adaptive_fix1,QHY411-1_SDSSi_bin2,37.8,12.82817769050598,621.0,2026-08-31T13:17:04.393Z,7100.0,5325.0,SDSSi,GaiaDR33534005919872722560,,5041.0,67.0,fix1,local,21.0036,0.0082,34.0,H100 (80 GB),2026-08-31 13:17:04.393000+00:00
azken,H100 PCIe,"3.12.3 (main, Mar  3 2026, 12:15:18) [GCC 13.3.0]",py312_cuml_adaptive,profiler_cuml_adaptive_fix1,QHY411-1_SDSSi_bin2,37.8,17.30553388595581,621.0,2026-08-31T13:17:25.467Z,7100.0,5325.0,SDSSi,GaiaDR33534005919872722560,,458.0,66.0,fix1,local,21.0036,0.0082,34.0,H100 (80 GB),2026-08-31 13:17:25.467000+00:00
azken,H100 PCIe,"3.12.3 (main, Mar  3 2026, 12:15:18) [GCC 13.3.0]",py312_cuml_adaptive,profiler_cuml_adaptive_fix1,QHY411-1_SDSSi_bin2,37.8,15.646628141403198,621.0,2026-08-31T13:17:30.327Z,7100.0,5325.0,SDSSi,GaiaDR33534005919872722560,,5041.0,67.0,fix1,local,21.0036,0.0082,34.0,H100 (80 GB),2026-08-31 13:17:30.327000+00:00
azken,H100 PCIe,"3.12.3 (main, Mar  3 2026, 12:15:18) [GCC 13.3.0]",py312_cuml_adaptive,profiler_cuml_adaptive_fix1,QHY411-1_SDSSi_bin2,37.8,13.318623304367064,621.0,2026-08-31T13:17:50.605Z,7100.0,5325.0,SDSSi,GaiaDR33534005919872722560,,458.0,63.0,fix1,local,21.0036,0.0082,34.0,H100 (80 GB),2026-08-31 13:17:50.605000+00:00
azken,H100 PCIe,"3.12.3 (main, Mar  3 2026, 12:15:18) [GCC 13.3.0]",py312_cuml_adaptive,profiler_cuml_adaptive_fix1,QHY411-1_SDSSi_bin2,37.8,12.690364122390749,621.0,2026-08-31T13:17:53.712Z,7100.0,5325.0,SDSSi,GaiaDR33534005919872722560,,7223.0,66.0,fix1,local,21.0036,0.0082,34.0,H100 (80 GB),2026-08-31 13:17:53.712000+00:00
azken,H100 PCIe,"3.12.3 (main, Mar  3 2026, 12:15:18) [GCC 13.3.0]",py312_cuml_adaptive,profiler_cuml_adaptive_fix1,QHY411-1_SDSSi_bin2,37.8,14.13753080368042,621.0,2026-08-31T13:18:17.480Z,7100.0,5325.0,SDSSi,GaiaDR33534005919872722560,,458.0,62.0,fix1,local,21.0036,0.0082,34.0,H100 (80 GB),2026-08-31 13:18:17.480000+00:00
azken,H100 PCIe,"3.12.3 (main, Mar  3 2026, 12:15:18) [GCC 13.3.0]",py312_cuml_adaptive,profiler_cuml_adaptive_fix1,QHY411-1_SDSSi_bin2,37.8,13.59565567970276,621.0,2026-08-31T13:18:20.030Z,7100.0,5325.0,SDSSi,GaiaDR33534005919872722560,,6893.0,64.0,fix1,local,21.0036,0.0082,34.0,H100 (80 GB),2026-08-31 13:18:20.030000+00:00
azken,H100 PCIe,"3.12.3 (main, Mar  3 2026, 12:15:18) [GCC 13.3.0]",py312_cuml_adaptive,profiler_cuml_adaptive_fix1,QHY411-1_SDSSi_bin2,37.8,14.02057933807373,621.0,2026-08-31T13:18:41.045Z,7100.0,5325.0,SDSSi,GaiaDR33534005919872722560,,458.0,62.0,fix1,local,21.0036,0.0082,34.0,H100 (80 GB),2026-08-31 13:18:41.045000+00:00
azken,H100 PCIe,"3.12.3 (main, Mar  3 2026, 12:15:18) [GCC 13.3.0]",py312_cuml_adaptive,profiler_cuml_adaptive_fix1,QHY411-1_SDSSi_bin2,37.8,11.896592378616331,621.0,2026-08-31T13:19:03.672Z,7100.0,5325.0,SDSSi,GaiaDR33534005919872722560,,458.0,65.0,fix1,local,21.0036,0.0082,34.0,H100 (80 GB),2026-08-31 13:19:03.672000+00:00
azken,H100 PCIe,"3.8.10 (default, Nov 22 2023, 10:22:35) 
[GCC 9.4.0]",py38_baseline,profiler_py38_fix1,QHY411-1_SDSSr_7k,37.8,16.80674695968628,12832.0,2026-08-31T23:54:13.958Z,7100.0,5325.0,SDSSr,V445Pup-griz,,458.0,62.0,fix1,local,21.7994,0.0022,168.0,H100 (80 GB),2026-08-31 23:54:13.958000+00:00
azken,H100 PCIe,"3.8.10 (default, Nov 22 2023, 10:22:35) 
[GCC 9.4.0]",py38_baseline,profiler_py38_fix1,QHY411-1_SDSSr_7k,37.8,16.68439507484436,12832.0,2026-08-31T23:54:33.951Z,7100.0,5325.0,SDSSr,V445Pup-griz,,458.0,62.0,fix1,local,21.7994,0.0022,168.0,H100 (80 GB),2026-08-31 23:54:33.951000+00:00
azken,H100 PCIe,"3.8.10 (default, Nov 22 2023, 10:22:35) 
[GCC 9.4.0]",py38_baseline,profiler_py38_fix1,QHY411-1_SDSSr_7k,37.8,16.61788511276245,12832.0,2026-08-31T23:54:54.161Z,7100.0,5325.0,SDSSr,V445Pup-griz,,458.0,62.0,fix1,local,21.7994,0.0022,168.0,H100 (80 GB),2026-08-31 23:54:54.161000+00:00
azken,H100 PCIe,"3.8.10 (default, Nov 22 2023, 10:22:35) 
[GCC 9.4.0]",py38_baseline,profiler_py38_fix1,QHY411-1_SDSSr_7k,37.8,16.908518314361572,12832.0,2026-08-31T23:55:14.347Z,7100.0,5325.0,SDSSr,V445Pup-griz,,458.0,62.0,fix1,local,21.7994,0.0022,168.0,H100 (80 GB),2026-08-31 23:55:14.347000+00:00
azken,H100 PCIe,"3.8.10 (default, Nov 22 2023, 10:22:35) 
[GCC 9.4.0]",py38_baseline,profiler_py38_fix1,QHY411-1_SDSSr_7k,37.8,17.28078579902649,12832.0,2026-08-31T23:55:34.916Z,7100.0,5325.0,SDSSr,V445Pup-griz,,458.0,62.0,fix1,local,21.7994,0.0022,168.0,H100 (80 GB),2026-08-31 23:55:34.916000+00:00
azken,H100 PCIe,"3.8.10 (default, Nov 22 2023, 10:22:35) 
[GCC 9.4.0]",py38_baseline,profiler_py38_fix1,QHY411-1_SDSSr_7k,37.8,17.22802472114563,12832.0,2026-08-31T23:55:55.739Z,7100.0,5325.0,SDSSr,V445Pup-griz,,458.0,62.0,fix1,local,21.7994,0.0022,168.0,H100 (80 GB),2026-08-31 23:55:55.739000+00:00
azken,H100 PCIe,"3.8.10 (default, Nov 22 2023, 10:22:35) 
[GCC 9.4.0]",py38_baseline,profiler_py38_fix1,QHY411-1_SDSSr_7k,37.8,16.794011116027832,12832.0,2026-08-31T23:56:15.737Z,7100.0,5325.0,SDSSr,V445Pup-griz,,458.0,63.0,fix1,local,21.7994,0.0022,168.0,H100 (80 GB),2026-08-31 23:56:15.737000+00:00
azken,H100 PCIe,"3.8.10 (default, Nov 22 2023, 10:22:35) 
[GCC 9.4.0]",py38_baseline,profiler_py38_fix1,QHY411-1_SDSSr_7k,37.8,16.668573141098022,12832.0,2026-08-31T23:56:35.651Z,7100.0,5325.0,SDSSr,V445Pup-griz,,458.0,63.0,fix1,local,21.7994,0.0022,168.0,H100 (80 GB),2026-08-31 23:56:35.651000+00:00
azken,H100 PCIe,"3.8.10 (default, Nov 22 2023, 10:22:35) 
[GCC 9.4.0]",py38_baseline,profiler_py38_fix1,QHY411-1_SDSSr_7k,37.8,16.727482080459595,12832.0,2026-08-31T23:56:55.983Z,7100.0,5325.0,SDSSr,V445Pup-griz,,458.0,62.0,fix1,local,21.7994,0.0022,168.0,H100 (80 GB),2026-08-31 23:56:55.983000+00:00
azken,H100 PCIe,"3.8.10 (default, Nov 22 2023, 10:22:35) 
[GCC 9.4.0]",py38_baseline,profiler_py38_fix1,QHY411-1_SDSSr_7k,37.8,16.714309215545654,12832.0,2026-08-31T23:57:15.953Z,7100.0,5325.0,SDSSr,V445Pup-griz,,458.0,62.0,fix1,local,21.7994,0.0022,168.0,H100 (80 GB),2026-08-31 23:57:15.953000+00:00
azken,H100 PCIe,"3.8.10 (default, Nov 22 2023, 10:22:35) 
[GCC 9.4.0]",py38_baseline,profiler_py38_fix1,QHY411-1_SDSSr_7k,37.8,16.367339372634888,12832.0,2026-08-31T23:57:35.574Z,7100.0,5325.0,SDSSr,V445Pup-griz,,458.0,62.0,fix1,local,21.7994,0.0022,168.0,H100 (80 GB),2026-08-31 23:57:35.574000+00:00
azken,H100 PCIe,"3.8.10 (default, Nov 22 2023, 10:22:35) 
[GCC 9.4.0]",py38_baseline,profiler_py38_fix1,QHY411-1_SDSSr_7k,37.8,17.002964735031128,12832.0,2026-08-31T23:57:55.810Z,7100.0,5325.0,SDSSr,V445Pup-griz,,458.0,63.0,fix1,local,21.7994,0.0022,168.0,H100 (80 GB),2026-08-31 23:57:55.810000+00:00
azken,H100 PCIe,"3.8.10 (default, Nov 22 2023, 10:22:35) 
[GCC 9.4.0]",py38_baseline,profiler_py38_fix1,QHY411-1_SDSSr_7k,37.8,16.493744611740112,12832.0,2026-08-31T23:58:15.504Z,7100.0,5325.0,SDSSr,V445Pup-griz,,458.0,63.0,fix1,local,21.7994,0.0022,168.0,H100 (80 GB),2026-08-31 23:58:15.504000+00:00
azken,H100 PCIe,"3.8.10 (default, Nov 22 2023, 10:22:35) 
[GCC 9.4.0]",py38_baseline,profiler_py38_fix1,QHY411-1_SDSSr_7k,37.8,16.47427535057068,12832.0,2026-08-31T23:58:35.278Z,7100.0,5325.0,SDSSr,V445Pup-griz,,458.0,62.0,fix1,local,21.7994,0.0022,168.0,H100 (80 GB),2026-08-31 23:58:35.278000+00:00
azken,H100 PCIe,"3.8.10 (default, Nov 22 2023, 10:22:35) 
[GCC 9.4.0]",py38_baseline,profiler_py38_fix1,QHY411-1_SDSSr_7k,37.8,16.634397506713867,12832.0,2026-08-31T23:58:55.170Z,7100.0,5325.0,SDSSr,V445Pup-griz,,458.0,62.0,fix1,local,21.7994,0.0022,168.0,H100 (80 GB),2026-08-31 23:58:55.170000+00:00
azken,H100 PCIe,"3.8.10 (default, Nov 22 2023, 10:22:35) 
[GCC 9.4.0]",py38_baseline,profiler_py38_fix1,QHY411-1_SDSSr_7k,37.8,16.607454538345337,12832.0,2026-08-31T23:59:15.377Z,7100.0,5325.0,SDSSr,V445Pup-griz,,458.0,62.0,fix1,local,21.7994,0.0022,168.0,H100 (80 GB),2026-08-31 23:59:15.377000+00:00
azken,H100 PCIe,"3.8.10 (default, Nov 22 2023, 10:22:35) 
[GCC 9.4.0]",py38_baseline,profiler_py38_fix1,QHY411-1_SDSSr_7k,37.8,16.51245403289795,12832.0,2026-08-31T23:59:35.168Z,7100.0,5325.0,SDSSr,V445Pup-griz,,458.0,62.0,fix1,local,21.7994,0.0022,168.0,H100 (80 GB),2026-08-31 23:59:35.168000+00:00
azken,H100 PCIe,"3.8.10 (default, Nov 22 2023, 10:22:35) 
[GCC 9.4.0]",py38_baseline,profiler_py38_fix1,QHY411-1_SDSSr_7k,37.8,16.305725812911987,12832.0,2026-08-31T23:59:54.721Z,7100.0,5325.0,SDSSr,V445Pup-griz,,458.0,62.0,fix1,local,21.7994,0.0022,168.0,H100 (80 GB),2026-08-31 23:59:54.721000+00:00
azken,H100 PCIe,"3.8.10 (default, Nov 22 2023, 10:22:35) 
[GCC 9.4.0]",py38_baseline,profiler_py38_fix1,QHY411-1_SDSSr_7k,37.8,16.443710565567017,12832.0,2026-09-01T00:00:14.399Z,7100.0,5325.0,SDSSr,V445Pup-griz,,458.0,62.0,fix1,local,21.7994,0.0022,168.0,H100 (80 GB),2026-09-01 00:00:14.399000+00:00
azken,H100 PCIe,"3.8.10 (default, Nov 22 2023, 10:22:35) 
[GCC 9.4.0]",py38_baseline,profiler_py38_fix1,QHY411-1_SDSSr_7k,37.8,16.815557718276978,12832.0,2026-09-01T00:00:34.495Z,7100.0,5325.0,SDSSr,V445Pup-griz,,458.0,62.0,fix1,local,21.7994,0.0022,168.0,H100 (80 GB),2026-09-01 00:00:34.495000+00:00
azken,H100 PCIe,"3.8.10 (default, Nov 22 2023, 10:22:35) 
[GCC 9.4.0]",py38_baseline,profiler_py38_fix1,QHY411-1_SDSSr_7k,37.8,16.156779050827026,12832.0,2026-09-01T00:00:53.924Z,7100.0,5325.0,SDSSr,V445Pup-griz,,458.0,62.0,fix1,local,21.7994,0.0022,168.0,H100 (80 GB),2026-09-01 00:00:53.924000+00:00
azken,H100 PCIe,"3.8.10 (default, Nov 22 2023, 10:22:35) 
[GCC 9.4.0]",py38_baseline,profiler_py38_fix1,QHY411-1_SDSSr_7k,37.8,16.593390941619873,12832.0,2026-09-01T00:01:13.793Z,7100.0,5325.0,SDSSr,V445Pup-griz,,458.0,62.0,fix1,local,21.7994,0.0022,168.0,H100 (80 GB),2026-09-01 00:01:13.793000+00:00
azken,H100 PCIe,"3.8.10 (default, Nov 22 2023, 10:22:35) 
[GCC 9.4.0]",py38_baseline,profiler_py38_fix1,QHY411-1_SDSSr_7k,37.8,16.295499563217163,12832.0,2026-09-01T00:01:33.683Z,7100.0,5325.0,SDSSr,V445Pup-griz,,458.0,62.0,fix1,local,21.7994,0.0022,168.0,H100 (80 GB),2026-09-01 00:01:33.683000+00:00
azken,H100 PCIe,"3.12.3 (main, Mar  3 2026, 12:15:18) [GCC 13.3.0]",py312_cuml_adaptive,profiler_cuml_adaptive_fix1,QHY411-1_SDSSr_7k,37.8,17.05717158317566,12832.0,2026-08-31T22:51:16.362Z,7100.0,5325.0,SDSSr,V445Pup-griz,,458.0,60.0,fix1,local,21.7986,0.0022,168.0,H100 (80 GB),2026-08-31 22:51:16.362000+00:00
azken,H100 PCIe,"3.12.3 (main, Mar  3 2026, 12:15:18) [GCC 13.3.0]",py312_cuml_adaptive,profiler_cuml_adaptive_fix1,QHY411-1_SDSSr_7k,37.8,17.679136991500854,12832.0,2026-08-31T22:51:39.915Z,7100.0,5325.0,SDSSr,V445Pup-griz,,458.0,61.0,fix1,local,21.7986,0.0022,168.0,H100 (80 GB),2026-08-31 22:51:39.915000+00:00
azken,H100 PCIe,"3.12.3 (main, Mar  3 2026, 12:15:18) [GCC 13.3.0]",py312_cuml_adaptive,profiler_cuml_adaptive_fix1,QHY411-1_SDSSr_7k,37.8,17.68794322013855,12832.0,2026-08-31T22:52:02.826Z,7100.0,5325.0,SDSSr,V445Pup-griz,,458.0,61.0,fix1,local,21.7986,0.0022,168.0,H100 (80 GB),2026-08-31 22:52:02.826000+00:00
azken,H100 PCIe,"3.12.3 (main, Mar  3 2026, 12:15:18) [GCC 13.3.0]",py312_cuml_adaptive,profiler_cuml_adaptive_fix1,QHY411-1_SDSSr_7k,37.8,17.19039034843445,12832.0,2026-08-31T22:52:25.858Z,7100.0,5325.0,SDSSr,V445Pup-griz,,458.0,60.0,fix1,local,21.7986,0.0022,168.0,H100 (80 GB),2026-08-31 22:52:25.858000+00:00
azken,H100 PCIe,"3.12.3 (main, Mar  3 2026, 12:15:18) [GCC 13.3.0]",py312_cuml_adaptive,profiler_cuml_adaptive_fix1,QHY411-1_SDSSr_7k,37.8,17.83757209777832,12832.0,2026-08-31T22:52:49.601Z,7100.0,5325.0,SDSSr,V445Pup-griz,,458.0,60.0,fix1,local,21.7986,0.0022,168.0,H100 (80 GB),2026-08-31 22:52:49.601000+00:00
azken,H100 PCIe,"3.12.3 (main, Mar  3 2026, 12:15:18) [GCC 13.3.0]",py312_cuml_adaptive,profiler_cuml_adaptive_fix1,QHY411-1_SDSSr_7k,37.8,17.421658515930176,12832.0,2026-08-31T22:53:12.903Z,7100.0,5325.0,SDSSr,V445Pup-griz,,458.0,60.0,fix1,local,21.7986,0.0022,168.0,H100 (80 GB),2026-08-31 22:53:12.903000+00:00
azken,H100 PCIe,"3.12.3 (main, Mar  3 2026, 12:15:18) [GCC 13.3.0]",py312_cuml_adaptive,profiler_cuml_adaptive_fix1,QHY411-1_SDSSr_7k,37.8,17.49493384361267,12832.0,2026-08-31T22:53:36.284Z,7100.0,5325.0,SDSSr,V445Pup-griz,,458.0,60.0,fix1,local,21.7986,0.0022,168.0,H100 (80 GB),2026-08-31 22:53:36.284000+00:00
azken,H100 PCIe,"3.12.3 (main, Mar  3 2026, 12:15:18) [GCC 13.3.0]",py312_cuml_adaptive,profiler_cuml_adaptive_fix1,QHY411-1_SDSSr_7k,37.8,17.800321578979492,12832.0,2026-08-31T22:54:00.264Z,7100.0,5325.0,SDSSr,V445Pup-griz,,458.0,60.0,fix1,local,21.7986,0.0022,168.0,H100 (80 GB),2026-08-31 22:54:00.264000+00:00
azken,H100 PCIe,"3.12.3 (main, Mar  3 2026, 12:15:18) [GCC 13.3.0]",py312_cuml_adaptive,profiler_cuml_adaptive_fix1,QHY411-1_SDSSr_7k,37.8,18.278064250946045,12832.0,2026-08-31T22:54:24.377Z,7100.0,5325.0,SDSSr,V445Pup-griz,,458.0,61.0,fix1,local,21.7986,0.0022,168.0,H100 (80 GB),2026-08-31 22:54:24.377000+00:00
azken,H100 PCIe,"3.12.3 (main, Mar  3 2026, 12:15:18) [GCC 13.3.0]",py312_cuml_adaptive,profiler_cuml_adaptive_fix1,QHY411-1_SDSSr_7k,37.8,17.503955841064453,12832.0,2026-08-31T22:54:47.746Z,7100.0,5325.0,SDSSr,V445Pup-griz,,458.0,61.0,fix1,local,21.7986,0.0022,168.0,H100 (80 GB),2026-08-31 22:54:47.746000+00:00
azken,H100 PCIe,"3.12.3 (main, Mar  3 2026, 12:15:18) [GCC 13.3.0]",py312_cuml_adaptive,profiler_cuml_adaptive_fix1,QHY411-1_SDSSr_7k,37.8,17.82383394241333,12832.0,2026-08-31T22:55:11.437Z,7100.0,5325.0,SDSSr,V445Pup-griz,,458.0,60.0,fix1,local,21.7986,0.0022,168.0,H100 (80 GB),2026-08-31 22:55:11.437000+00:00
azken,H100 PCIe,"3.12.3 (main, Mar  3 2026, 12:15:18) [GCC 13.3.0]",py312_cuml_adaptive,profiler_cuml_adaptive_fix1,QHY411-1_SDSSr_7k,37.8,17.40510368347168,12832.0,2026-08-31T22:55:34.719Z,7100.0,5325.0,SDSSr,V445Pup-griz,,458.0,61.0,fix1,local,21.7986,0.0022,168.0,H100 (80 GB),2026-08-31 22:55:34.719000+00:00
azken,H100 PCIe,"3.12.3 (main, Mar  3 2026, 12:15:18) [GCC 13.3.0]",py312_cuml_adaptive,profiler_cuml_adaptive_fix1,QHY411-1_SDSSr_7k,37.8,17.730621337890625,12832.0,2026-08-31T22:55:58.181Z,7100.0,5325.0,SDSSr,V445Pup-griz,,458.0,60.0,fix1,local,21.7986,0.0022,168.0,H100 (80 GB),2026-08-31 22:55:58.181000+00:00
azken,H100 PCIe,"3.12.3 (main, Mar  3 2026, 12:15:18) [GCC 13.3.0]",py312_cuml_adaptive,profiler_cuml_adaptive_fix1,QHY411-1_SDSSr_7k,37.8,17.747535943984985,12832.0,2026-08-31T22:56:21.537Z,7100.0,5325.0,SDSSr,V445Pup-griz,,458.0,61.0,fix1,local,21.7986,0.0022,168.0,H100 (80 GB),2026-08-31 22:56:21.537000+00:00
azken,H100 PCIe,"3.12.3 (main, Mar  3 2026, 12:15:18) [GCC 13.3.0]",py312_cuml_adaptive,profiler_cuml_adaptive_fix1,QHY411-1_SDSSr_7k,37.8,17.975160837173462,12832.0,2026-08-31T22:56:45.390Z,7100.0,5325.0,SDSSr,V445Pup-griz,,458.0,60.0,fix1,local,21.7986,0.0022,168.0,H100 (80 GB),2026-08-31 22:56:45.390000+00:00
azken,H100 PCIe,"3.12.3 (main, Mar  3 2026, 12:15:18) [GCC 13.3.0]",py312_cuml_adaptive,profiler_cuml_adaptive_fix1,QHY411-1_SDSSr_7k,37.8,17.78478765487671,12832.0,2026-08-31T22:57:09.026Z,7100.0,5325.0,SDSSr,V445Pup-griz,,458.0,61.0,fix1,local,21.7986,0.0022,168.0,H100 (80 GB),2026-08-31 22:57:09.026000+00:00
azken,H100 PCIe,"3.12.3 (main, Mar  3 2026, 12:15:18) [GCC 13.3.0]",py312_cuml_adaptive,profiler_cuml_adaptive_fix1,QHY411-1_SDSSr_7k,37.8,18.2206871509552,12832.0,2026-08-31T22:57:33.444Z,7100.0,5325.0,SDSSr,V445Pup-griz,,458.0,61.0,fix1,local,21.7986,0.0022,168.0,H100 (80 GB),2026-08-31 22:57:33.444000+00:00
azken,H100 PCIe,"3.12.3 (main, Mar  3 2026, 12:15:18) [GCC 13.3.0]",py312_cuml_adaptive,profiler_cuml_adaptive_fix1,QHY411-1_SDSSr_7k,37.8,17.576549291610718,12832.0,2026-08-31T22:57:56.918Z,7100.0,5325.0,SDSSr,V445Pup-griz,,458.0,60.0,fix1,local,21.7986,0.0022,168.0,H100 (80 GB),2026-08-31 22:57:56.918000+00:00
azken,H100 PCIe,"3.12.3 (main, Mar  3 2026, 12:15:18) [GCC 13.3.0]",py312_cuml_adaptive,profiler_cuml_adaptive_fix1,QHY411-1_SDSSr_7k,37.8,17.639904975891113,12832.0,2026-08-31T22:58:20.407Z,7100.0,5325.0,SDSSr,V445Pup-griz,,458.0,60.0,fix1,local,21.7986,0.0022,168.0,H100 (80 GB),2026-08-31 22:58:20.407000+00:00
azken,H100 PCIe,"3.12.3 (main, Mar  3 2026, 12:15:18) [GCC 13.3.0]",py312_cuml_adaptive,profiler_cuml_adaptive_fix1,QHY411-1_SDSSr_7k,37.8,17.86008358001709,12832.0,2026-08-31T22:58:44.045Z,7100.0,5325.0,SDSSr,V445Pup-griz,,458.0,61.0,fix1,local,21.7986,0.0022,168.0,H100 (80 GB),2026-08-31 22:58:44.045000+00:00
azken,H100 PCIe,"3.12.3 (main, Mar  3 2026, 12:15:18) [GCC 13.3.0]",py312_cuml_adaptive,profiler_cuml_adaptive_fix1,QHY411-1_SDSSr_7k,37.8,17.455114126205444,12832.0,2026-08-31T22:59:07.292Z,7100.0,5325.0,SDSSr,V445Pup-griz,,458.0,61.0,fix1,local,21.7986,0.0022,168.0,H100 (80 GB),2026-08-31 22:59:07.292000+00:00
azken,H100 PCIe,"3.12.3 (main, Mar  3 2026, 12:15:18) [GCC 13.3.0]",py312_cuml_adaptive,profiler_cuml_adaptive_fix1,QHY411-1_SDSSr_7k,37.8,17.526508331298828,12832.0,2026-08-31T22:59:30.431Z,7100.0,5325.0,SDSSr,V445Pup-griz,,458.0,61.0,fix1,local,21.7986,0.0022,168.0,H100 (80 GB),2026-08-31 22:59:30.431000+00:00
azken,H100 PCIe,"3.12.3 (main, Mar  3 2026, 12:15:18) [GCC 13.3.0]",py312_cuml_adaptive,profiler_cuml_adaptive_fix1,QHY411-1_SDSSr_7k,37.8,17.662219524383545,12832.0,2026-08-31T22:59:54.002Z,7100.0,5325.0,SDSSr,V445Pup-griz,,458.0,61.0,fix1,local,21.7986,0.0022,168.0,H100 (80 GB),2026-08-31 22:59:54.002000+00:00
azken,H100 PCIe,"3.8.10 (default, Nov 22 2023, 10:22:35) 
[GCC 9.4.0]",py38_baseline,profiler_py38_fix1,QHY411-3_Lum_131k,151.2,36.95545053482056,134206.0,2026-08-31T16:49:31.243Z,14200.0,10650.0,Lum,C2025N1,,458.0,69.0,fix1,local,25.1618,0.0013,185.0,H100 (80 GB),2026-08-31 16:49:31.243000+00:00
azken,H100 PCIe,"3.8.10 (default, Nov 22 2023, 10:22:35) 
[GCC 9.4.0]",py38_baseline,profiler_py38_fix1,QHY411-3_Lum_131k,151.2,38.820560693740845,134206.0,2026-08-31T16:49:35.456Z,14200.0,10650.0,Lum,C2025N1,,11665.0,71.0,fix1,local,25.1618,0.0013,185.0,H100 (80 GB),2026-08-31 16:49:35.456000+00:00
azken,H100 PCIe,"3.8.10 (default, Nov 22 2023, 10:22:35) 
[GCC 9.4.0]",py38_baseline,profiler_py38_fix1,QHY411-3_Lum_131k,151.2,36.88291239738464,134206.0,2026-08-31T16:50:11.423Z,14200.0,10650.0,Lum,C2025N1,,11611.0,70.0,fix1,local,25.1618,0.0013,185.0,H100 (80 GB),2026-08-31 16:50:11.423000+00:00
azken,H100 PCIe,"3.8.10 (default, Nov 22 2023, 10:22:35) 
[GCC 9.4.0]",py38_baseline,profiler_py38_fix1,QHY411-3_Lum_131k,151.2,36.56729698181152,134206.0,2026-08-31T16:50:15.471Z,14200.0,10650.0,Lum,C2025N1,,17503.0,71.0,fix1,local,25.1618,0.0013,185.0,H100 (80 GB),2026-08-31 16:50:15.471000+00:00
azken,H100 PCIe,"3.8.10 (default, Nov 22 2023, 10:22:35) 
[GCC 9.4.0]",py38_baseline,profiler_py38_fix1,QHY411-3_Lum_131k,151.2,36.7477023601532,134206.0,2026-08-31T16:50:51.723Z,14200.0,10650.0,Lum,C2025N1,,11611.0,70.0,fix1,local,25.1618,0.0013,185.0,H100 (80 GB),2026-08-31 16:50:51.723000+00:00
azken,H100 PCIe,"3.8.10 (default, Nov 22 2023, 10:22:35) 
[GCC 9.4.0]",py38_baseline,profiler_py38_fix1,QHY411-3_Lum_131k,151.2,37.14148616790772,134206.0,2026-08-31T16:50:55.955Z,14200.0,10650.0,Lum,C2025N1,,11665.0,71.0,fix1,local,25.1618,0.0013,185.0,H100 (80 GB),2026-08-31 16:50:55.955000+00:00
azken,H100 PCIe,"3.8.10 (default, Nov 22 2023, 10:22:35) 
[GCC 9.4.0]",py38_baseline,profiler_py38_fix1,QHY411-3_Lum_131k,151.2,36.92116165161133,134206.0,2026-08-31T16:51:31.901Z,14200.0,10650.0,Lum,C2025N1,,11611.0,70.0,fix1,local,25.1618,0.0013,185.0,H100 (80 GB),2026-08-31 16:51:31.901000+00:00
azken,H100 PCIe,"3.8.10 (default, Nov 22 2023, 10:22:35) 
[GCC 9.4.0]",py38_baseline,profiler_py38_fix1,QHY411-3_Lum_131k,151.2,36.6516535282135,134206.0,2026-08-31T16:51:36.092Z,14200.0,10650.0,Lum,C2025N1,,17503.0,71.0,fix1,local,25.1618,0.0013,185.0,H100 (80 GB),2026-08-31 16:51:36.092000+00:00
azken,H100 PCIe,"3.8.10 (default, Nov 22 2023, 10:22:35) 
[GCC 9.4.0]",py38_baseline,profiler_py38_fix1,QHY411-3_Lum_131k,151.2,36.61801528930664,134206.0,2026-08-31T16:52:12.090Z,14200.0,10650.0,Lum,C2025N1,,11611.0,70.0,fix1,local,25.1618,0.0013,185.0,H100 (80 GB),2026-08-31 16:52:12.090000+00:00
azken,H100 PCIe,"3.8.10 (default, Nov 22 2023, 10:22:35) 
[GCC 9.4.0]",py38_baseline,profiler_py38_fix1,QHY411-3_Lum_131k,151.2,37.17291450500488,134206.0,2026-08-31T16:52:16.734Z,14200.0,10650.0,Lum,C2025N1,,17503.0,71.0,fix1,local,25.1618,0.0013,185.0,H100 (80 GB),2026-08-31 16:52:16.734000+00:00
azken,H100 PCIe,"3.8.10 (default, Nov 22 2023, 10:22:35) 
[GCC 9.4.0]",py38_baseline,profiler_py38_fix1,QHY411-3_Lum_131k,151.2,36.40534853935242,134206.0,2026-08-31T16:52:51.777Z,14200.0,10650.0,Lum,C2025N1,,11611.0,70.0,fix1,local,25.1618,0.0013,185.0,H100 (80 GB),2026-08-31 16:52:51.777000+00:00
azken,H100 PCIe,"3.8.10 (default, Nov 22 2023, 10:22:35) 
[GCC 9.4.0]",py38_baseline,profiler_py38_fix1,QHY411-3_Lum_131k,151.2,36.47362661361694,134206.0,2026-08-31T16:52:56.715Z,14200.0,10650.0,Lum,C2025N1,,17503.0,71.0,fix1,local,25.1618,0.0013,185.0,H100 (80 GB),2026-08-31 16:52:56.715000+00:00
azken,H100 PCIe,"3.8.10 (default, Nov 22 2023, 10:22:35) 
[GCC 9.4.0]",py38_baseline,profiler_py38_fix1,QHY411-3_Lum_131k,151.2,36.44493556022644,134206.0,2026-08-31T16:53:31.769Z,14200.0,10650.0,Lum,C2025N1,,11611.0,70.0,fix1,local,25.1618,0.0013,185.0,H100 (80 GB),2026-08-31 16:53:31.769000+00:00
azken,H100 PCIe,"3.8.10 (default, Nov 22 2023, 10:22:35) 
[GCC 9.4.0]",py38_baseline,profiler_py38_fix1,QHY411-3_Lum_131k,151.2,36.94302940368652,134206.0,2026-08-31T16:53:37.151Z,14200.0,10650.0,Lum,C2025N1,,17503.0,71.0,fix1,local,25.1618,0.0013,185.0,H100 (80 GB),2026-08-31 16:53:37.151000+00:00
azken,H100 PCIe,"3.8.10 (default, Nov 22 2023, 10:22:35) 
[GCC 9.4.0]",py38_baseline,profiler_py38_fix1,QHY411-3_Lum_131k,151.2,35.82297992706299,134206.0,2026-08-31T16:54:10.846Z,14200.0,10650.0,Lum,C2025N1,,11611.0,70.0,fix1,local,25.1618,0.0013,185.0,H100 (80 GB),2026-08-31 16:54:10.846000+00:00
azken,H100 PCIe,"3.8.10 (default, Nov 22 2023, 10:22:35) 
[GCC 9.4.0]",py38_baseline,profiler_py38_fix1,QHY411-3_Lum_131k,151.2,35.51187324523926,134206.0,2026-08-31T16:54:16.007Z,14200.0,10650.0,Lum,C2025N1,,17503.0,71.0,fix1,local,25.1618,0.0013,185.0,H100 (80 GB),2026-08-31 16:54:16.007000+00:00
azken,H100 PCIe,"3.8.10 (default, Nov 22 2023, 10:22:35) 
[GCC 9.4.0]",py38_baseline,profiler_py38_fix1,QHY411-3_Lum_131k,151.2,35.67809581756592,134206.0,2026-08-31T16:54:50.089Z,14200.0,10650.0,Lum,C2025N1,,11611.0,70.0,fix1,local,25.1618,0.0013,185.0,H100 (80 GB),2026-08-31 16:54:50.089000+00:00
azken,H100 PCIe,"3.8.10 (default, Nov 22 2023, 10:22:35) 
[GCC 9.4.0]",py38_baseline,profiler_py38_fix1,QHY411-3_Lum_131k,151.2,36.27845978736877,134206.0,2026-08-31T16:54:55.819Z,14200.0,10650.0,Lum,C2025N1,,17503.0,71.0,fix1,local,25.1618,0.0013,185.0,H100 (80 GB),2026-08-31 16:54:55.819000+00:00
azken,H100 PCIe,"3.8.10 (default, Nov 22 2023, 10:22:35) 
[GCC 9.4.0]",py38_baseline,profiler_py38_fix1,QHY411-3_Lum_131k,151.2,35.63623929023743,134206.0,2026-08-31T16:55:28.987Z,14200.0,10650.0,Lum,C2025N1,,11611.0,70.0,fix1,local,25.1618,0.0013,185.0,H100 (80 GB),2026-08-31 16:55:28.987000+00:00
azken,H100 PCIe,"3.8.10 (default, Nov 22 2023, 10:22:35) 
[GCC 9.4.0]",py38_baseline,profiler_py38_fix1,QHY411-3_Lum_131k,151.2,35.59873366355896,134206.0,2026-08-31T16:55:34.811Z,14200.0,10650.0,Lum,C2025N1,,17503.0,72.0,fix1,local,25.1618,0.0013,185.0,H100 (80 GB),2026-08-31 16:55:34.811000+00:00
azken,H100 PCIe,"3.8.10 (default, Nov 22 2023, 10:22:35) 
[GCC 9.4.0]",py38_baseline,profiler_py38_fix1,QHY411-3_Lum_131k,151.2,36.02395153045654,134206.0,2026-08-31T16:56:08.538Z,14200.0,10650.0,Lum,C2025N1,,11611.0,70.0,fix1,local,25.1618,0.0013,185.0,H100 (80 GB),2026-08-31 16:56:08.538000+00:00
azken,H100 PCIe,"3.8.10 (default, Nov 22 2023, 10:22:35) 
[GCC 9.4.0]",py38_baseline,profiler_py38_fix1,QHY411-3_Lum_131k,151.2,35.155465841293335,134206.0,2026-08-31T16:56:13.307Z,14200.0,10650.0,Lum,C2025N1,,17503.0,71.0,fix1,local,25.1618,0.0013,185.0,H100 (80 GB),2026-08-31 16:56:13.307000+00:00
azken,H100 PCIe,"3.12.3 (main, Mar  3 2026, 12:15:18) [GCC 13.3.0]",py312_cuml_adaptive,profiler_cuml_adaptive_fix1,QHY411-3_Lum_131k,151.2,38.619131565094,134206.0,2026-08-31T16:57:40.857Z,14200.0,10650.0,Lum,C2025N1,,458.0,70.0,fix1,local,25.1677,0.0013,184.0,H100 (80 GB),2026-08-31 16:57:40.857000+00:00
azken,H100 PCIe,"3.12.3 (main, Mar  3 2026, 12:15:18) [GCC 13.3.0]",py312_cuml_adaptive,profiler_cuml_adaptive_fix1,QHY411-3_Lum_131k,151.2,39.92030143737793,134206.0,2026-08-31T16:57:46.195Z,14200.0,10650.0,Lum,C2025N1,,11749.0,70.0,fix1,local,25.1677,0.0013,184.0,H100 (80 GB),2026-08-31 16:57:46.195000+00:00
azken,H100 PCIe,"3.12.3 (main, Mar  3 2026, 12:15:18) [GCC 13.3.0]",py312_cuml_adaptive,profiler_cuml_adaptive_fix1,QHY411-3_Lum_131k,151.2,37.98853754997253,134206.0,2026-08-31T16:58:24.831Z,14200.0,10650.0,Lum,C2025N1,,1343.0,70.0,fix1,local,25.1677,0.0013,184.0,H100 (80 GB),2026-08-31 16:58:24.831000+00:00
azken,H100 PCIe,"3.12.3 (main, Mar  3 2026, 12:15:18) [GCC 13.3.0]",py312_cuml_adaptive,profiler_cuml_adaptive_fix1,QHY411-3_Lum_131k,151.2,37.73304295539856,134206.0,2026-08-31T16:58:30.012Z,14200.0,10650.0,Lum,C2025N1,,17857.0,71.0,fix1,local,25.1677,0.0013,184.0,H100 (80 GB),2026-08-31 16:58:30.012000+00:00
azken,H100 PCIe,"3.12.3 (main, Mar  3 2026, 12:15:18) [GCC 13.3.0]",py312_cuml_adaptive,profiler_cuml_adaptive_fix1,QHY411-3_Lum_131k,151.2,38.53392887115479,134206.0,2026-08-31T16:59:09.568Z,14200.0,10650.0,Lum,C2025N1,,460.0,70.0,fix1,local,25.1677,0.0013,184.0,H100 (80 GB),2026-08-31 16:59:09.568000+00:00
azken,H100 PCIe,"3.12.3 (main, Mar  3 2026, 12:15:18) [GCC 13.3.0]",py312_cuml_adaptive,profiler_cuml_adaptive_fix1,QHY411-3_Lum_131k,151.2,38.872299671173096,134206.0,2026-08-31T16:59:14.603Z,14200.0,10650.0,Lum,C2025N1,,17857.0,71.0,fix1,local,25.1677,0.0013,184.0,H100 (80 GB),2026-08-31 16:59:14.603000+00:00
azken,H100 PCIe,"3.12.3 (main, Mar  3 2026, 12:15:18) [GCC 13.3.0]",py312_cuml_adaptive,profiler_cuml_adaptive_fix1,QHY411-3_Lum_131k,151.2,38.50348424911499,134206.0,2026-08-31T16:59:54.083Z,14200.0,10650.0,Lum,C2025N1,,977.0,70.0,fix1,local,25.1677,0.0013,184.0,H100 (80 GB),2026-08-31 16:59:54.083000+00:00
azken,H100 PCIe,"3.12.3 (main, Mar  3 2026, 12:15:18) [GCC 13.3.0]",py312_cuml_adaptive,profiler_cuml_adaptive_fix1,QHY411-3_Lum_131k,151.2,38.76535654067993,134206.0,2026-08-31T16:59:59.365Z,14200.0,10650.0,Lum,C2025N1,,17857.0,71.0,fix1,local,25.1677,0.0013,184.0,H100 (80 GB),2026-08-31 16:59:59.365000+00:00
azken,H100 PCIe,"3.12.3 (main, Mar  3 2026, 12:15:18) [GCC 13.3.0]",py312_cuml_adaptive,profiler_cuml_adaptive_fix1,QHY411-3_Lum_131k,151.2,37.987221240997314,134206.0,2026-08-31T17:00:38.273Z,14200.0,10650.0,Lum,C2025N1,,977.0,70.0,fix1,local,25.1677,0.0013,184.0,H100 (80 GB),2026-08-31 17:00:38.273000+00:00
azken,H100 PCIe,"3.12.3 (main, Mar  3 2026, 12:15:18) [GCC 13.3.0]",py312_cuml_adaptive,profiler_cuml_adaptive_fix1,QHY411-3_Lum_131k,151.2,38.35991287231445,134206.0,2026-08-31T17:00:43.586Z,14200.0,10650.0,Lum,C2025N1,,17857.0,72.0,fix1,local,25.1677,0.0013,184.0,H100 (80 GB),2026-08-31 17:00:43.586000+00:00
azken,H100 PCIe,"3.12.3 (main, Mar  3 2026, 12:15:18) [GCC 13.3.0]",py312_cuml_adaptive,profiler_cuml_adaptive_fix1,QHY411-3_Lum_131k,151.2,37.93299984931946,134206.0,2026-08-31T17:01:22.448Z,14200.0,10650.0,Lum,C2025N1,,977.0,70.0,fix1,local,25.1677,0.0013,184.0,H100 (80 GB),2026-08-31 17:01:22.448000+00:00
azken,H100 PCIe,"3.12.3 (main, Mar  3 2026, 12:15:18) [GCC 13.3.0]",py312_cuml_adaptive,profiler_cuml_adaptive_fix1,QHY411-3_Lum_131k,151.2,38.406869888305664,134206.0,2026-08-31T17:01:28.066Z,14200.0,10650.0,Lum,C2025N1,,17857.0,71.0,fix1,local,25.1677,0.0013,184.0,H100 (80 GB),2026-08-31 17:01:28.066000+00:00
azken,H100 PCIe,"3.12.3 (main, Mar  3 2026, 12:15:18) [GCC 13.3.0]",py312_cuml_adaptive,profiler_cuml_adaptive_fix1,QHY411-3_Lum_131k,151.2,38.68866777420044,134206.0,2026-08-31T17:02:07.322Z,14200.0,10650.0,Lum,C2025N1,,1343.0,70.0,fix1,local,25.1677,0.0013,184.0,H100 (80 GB),2026-08-31 17:02:07.322000+00:00
azken,H100 PCIe,"3.12.3 (main, Mar  3 2026, 12:15:18) [GCC 13.3.0]",py312_cuml_adaptive,profiler_cuml_adaptive_fix1,QHY411-3_Lum_131k,151.2,38.28966426849365,134206.0,2026-08-31T17:02:12.021Z,14200.0,10650.0,Lum,C2025N1,,17857.0,71.0,fix1,local,25.1677,0.0013,184.0,H100 (80 GB),2026-08-31 17:02:12.021000+00:00
azken,H100 PCIe,"3.12.3 (main, Mar  3 2026, 12:15:18) [GCC 13.3.0]",py312_cuml_adaptive,profiler_cuml_adaptive_fix1,QHY411-3_Lum_131k,151.2,38.35072183609009,134206.0,2026-08-31T17:02:51.390Z,14200.0,10650.0,Lum,C2025N1,,460.0,70.0,fix1,local,25.1677,0.0013,184.0,H100 (80 GB),2026-08-31 17:02:51.390000+00:00
azken,H100 PCIe,"3.12.3 (main, Mar  3 2026, 12:15:18) [GCC 13.3.0]",py312_cuml_adaptive,profiler_cuml_adaptive_fix1,QHY411-3_Lum_131k,151.2,38.92476963996887,134206.0,2026-08-31T17:02:56.885Z,14200.0,10650.0,Lum,C2025N1,,17857.0,71.0,fix1,local,25.1677,0.0013,184.0,H100 (80 GB),2026-08-31 17:02:56.885000+00:00
azken,H100 PCIe,"3.12.3 (main, Mar  3 2026, 12:15:18) [GCC 13.3.0]",py312_cuml_adaptive,profiler_cuml_adaptive_fix1,QHY411-3_Lum_131k,151.2,38.55477666854858,134206.0,2026-08-31T17:03:36.146Z,14200.0,10650.0,Lum,C2025N1,,977.0,70.0,fix1,local,25.1677,0.0013,184.0,H100 (80 GB),2026-08-31 17:03:36.146000+00:00
azken,H100 PCIe,"3.12.3 (main, Mar  3 2026, 12:15:18) [GCC 13.3.0]",py312_cuml_adaptive,profiler_cuml_adaptive_fix1,QHY411-3_Lum_131k,151.2,38.18389225006104,134206.0,2026-08-31T17:03:41.001Z,14200.0,10650.0,Lum,C2025N1,,17857.0,71.0,fix1,local,25.1677,0.0013,184.0,H100 (80 GB),2026-08-31 17:03:41.001000+00:00
azken,H100 PCIe,"3.12.3 (main, Mar  3 2026, 12:15:18) [GCC 13.3.0]",py312_cuml_adaptive,profiler_cuml_adaptive_fix1,QHY411-3_Lum_131k,151.2,39.09522128105164,134206.0,2026-08-31T17:04:21.500Z,14200.0,10650.0,Lum,C2025N1,,458.0,70.0,fix1,local,25.1677,0.0013,184.0,H100 (80 GB),2026-08-31 17:04:21.500000+00:00
azken,H100 PCIe,"3.12.3 (main, Mar  3 2026, 12:15:18) [GCC 13.3.0]",py312_cuml_adaptive,profiler_cuml_adaptive_fix1,QHY411-3_Lum_131k,151.2,38.19112014770508,134206.0,2026-08-31T17:04:25.137Z,14200.0,10650.0,Lum,C2025N1,,17857.0,71.0,fix1,local,25.1677,0.0013,184.0,H100 (80 GB),2026-08-31 17:04:25.137000+00:00
azken,H100 PCIe,"3.12.3 (main, Mar  3 2026, 12:15:18) [GCC 13.3.0]",py312_cuml_adaptive,profiler_cuml_adaptive_fix1,QHY411-3_Lum_131k,151.2,38.76147222518921,134206.0,2026-08-31T17:05:06.264Z,14200.0,10650.0,Lum,C2025N1,,458.0,70.0,fix1,local,25.1677,0.0013,184.0,H100 (80 GB),2026-08-31 17:05:06.264000+00:00
azken,H100 PCIe,"3.12.3 (main, Mar  3 2026, 12:15:18) [GCC 13.3.0]",py312_cuml_adaptive,profiler_cuml_adaptive_fix1,QHY411-3_Lum_131k,151.2,41.21843028068543,134206.0,2026-08-31T17:05:11.948Z,14200.0,10650.0,Lum,C2025N1,,11663.0,71.0,fix1,local,25.1677,0.0013,184.0,H100 (80 GB),2026-08-31 17:05:11.948000+00:00
azken,H100 PCIe,"3.8.10 (default, Nov 22 2023, 10:22:35) 
[GCC 9.4.0]",py38_baseline,profiler_py38_fix1,QHY411-3_Lum_131k,151.2,29.61465835571289,134206.0,2026-09-01T00:03:47.358Z,14200.0,10650.0,Lum,C2025N1,,458.0,62.0,fix1,local,25.1618,0.0013,185.0,H100 (80 GB),2026-09-01 00:03:47.358000+00:00
azken,H100 PCIe,"3.8.10 (default, Nov 22 2023, 10:22:35) 
[GCC 9.4.0]",py38_baseline,profiler_py38_fix1,QHY411-3_Lum_131k,151.2,29.490582942962646,134206.0,2026-09-01T00:04:20.159Z,14200.0,10650.0,Lum,C2025N1,,458.0,62.0,fix1,local,25.1618,0.0013,185.0,H100 (80 GB),2026-09-01 00:04:20.159000+00:00
azken,H100 PCIe,"3.8.10 (default, Nov 22 2023, 10:22:35) 
[GCC 9.4.0]",py38_baseline,profiler_py38_fix1,QHY411-3_Lum_131k,151.2,29.18793272972107,134206.0,2026-09-01T00:04:52.727Z,14200.0,10650.0,Lum,C2025N1,,458.0,62.0,fix1,local,25.1618,0.0013,185.0,H100 (80 GB),2026-09-01 00:04:52.727000+00:00
azken,H100 PCIe,"3.8.10 (default, Nov 22 2023, 10:22:35) 
[GCC 9.4.0]",py38_baseline,profiler_py38_fix1,QHY411-3_Lum_131k,151.2,29.66862964630127,134206.0,2026-09-01T00:05:26.080Z,14200.0,10650.0,Lum,C2025N1,,458.0,62.0,fix1,local,25.1618,0.0013,185.0,H100 (80 GB),2026-09-01 00:05:26.080000+00:00
azken,H100 PCIe,"3.8.10 (default, Nov 22 2023, 10:22:35) 
[GCC 9.4.0]",py38_baseline,profiler_py38_fix1,QHY411-3_Lum_131k,151.2,29.84293961524964,134206.0,2026-09-01T00:05:59.234Z,14200.0,10650.0,Lum,C2025N1,,458.0,62.0,fix1,local,25.1618,0.0013,185.0,H100 (80 GB),2026-09-01 00:05:59.234000+00:00
azken,H100 PCIe,"3.8.10 (default, Nov 22 2023, 10:22:35) 
[GCC 9.4.0]",py38_baseline,profiler_py38_fix1,QHY411-3_Lum_131k,151.2,29.793805360794067,134206.0,2026-09-01T00:06:32.653Z,14200.0,10650.0,Lum,C2025N1,,458.0,62.0,fix1,local,25.1618,0.0013,185.0,H100 (80 GB),2026-09-01 00:06:32.653000+00:00
azken,H100 PCIe,"3.8.10 (default, Nov 22 2023, 10:22:35) 
[GCC 9.4.0]",py38_baseline,profiler_py38_fix1,QHY411-3_Lum_131k,151.2,29.679936408996586,134206.0,2026-09-01T00:07:05.620Z,14200.0,10650.0,Lum,C2025N1,,458.0,63.0,fix1,local,25.1618,0.0013,185.0,H100 (80 GB),2026-09-01 00:07:05.620000+00:00
azken,H100 PCIe,"3.8.10 (default, Nov 22 2023, 10:22:35) 
[GCC 9.4.0]",py38_baseline,profiler_py38_fix1,QHY411-3_Lum_131k,151.2,30.34393668174744,134206.0,2026-09-01T00:07:39.592Z,14200.0,10650.0,Lum,C2025N1,,458.0,63.0,fix1,local,25.1618,0.0013,185.0,H100 (80 GB),2026-09-01 00:07:39.592000+00:00
azken,H100 PCIe,"3.8.10 (default, Nov 22 2023, 10:22:35) 
[GCC 9.4.0]",py38_baseline,profiler_py38_fix1,QHY411-3_Lum_131k,151.2,30.01556611061096,134206.0,2026-09-01T00:08:12.939Z,14200.0,10650.0,Lum,C2025N1,,458.0,63.0,fix1,local,25.1618,0.0013,185.0,H100 (80 GB),2026-09-01 00:08:12.939000+00:00
azken,H100 PCIe,"3.8.10 (default, Nov 22 2023, 10:22:35) 
[GCC 9.4.0]",py38_baseline,profiler_py38_fix1,QHY411-3_Lum_131k,151.2,30.40646457672119,134206.0,2026-09-01T00:08:46.662Z,14200.0,10650.0,Lum,C2025N1,,458.0,63.0,fix1,local,25.1618,0.0013,185.0,H100 (80 GB),2026-09-01 00:08:46.662000+00:00
azken,H100 PCIe,"3.8.10 (default, Nov 22 2023, 10:22:35) 
[GCC 9.4.0]",py38_baseline,profiler_py38_fix1,QHY411-3_Lum_131k,151.2,29.798035621643063,134206.0,2026-09-01T00:09:19.774Z,14200.0,10650.0,Lum,C2025N1,,458.0,63.0,fix1,local,25.1618,0.0013,185.0,H100 (80 GB),2026-09-01 00:09:19.774000+00:00
azken,H100 PCIe,"3.8.10 (default, Nov 22 2023, 10:22:35) 
[GCC 9.4.0]",py38_baseline,profiler_py38_fix1,QHY411-3_Lum_131k,151.2,30.412505626678467,134206.0,2026-09-01T00:09:53.821Z,14200.0,10650.0,Lum,C2025N1,,458.0,62.0,fix1,local,25.1618,0.0013,185.0,H100 (80 GB),2026-09-01 00:09:53.821000+00:00
azken,H100 PCIe,"3.8.10 (default, Nov 22 2023, 10:22:35) 
[GCC 9.4.0]",py38_baseline,profiler_py38_fix1,QHY411-3_Lum_131k,151.2,30.428611278533936,134206.0,2026-09-01T00:10:27.596Z,14200.0,10650.0,Lum,C2025N1,,458.0,63.0,fix1,local,25.1618,0.0013,185.0,H100 (80 GB),2026-09-01 00:10:27.596000+00:00
azken,H100 PCIe,"3.8.10 (default, Nov 22 2023, 10:22:35) 
[GCC 9.4.0]",py38_baseline,profiler_py38_fix1,QHY411-3_Lum_131k,151.2,30.878658771514893,134206.0,2026-09-01T00:11:02.102Z,14200.0,10650.0,Lum,C2025N1,,458.0,63.0,fix1,local,25.1618,0.0013,185.0,H100 (80 GB),2026-09-01 00:11:02.102000+00:00
azken,H100 PCIe,"3.8.10 (default, Nov 22 2023, 10:22:35) 
[GCC 9.4.0]",py38_baseline,profiler_py38_fix1,QHY411-3_Lum_131k,151.2,30.02859592437744,134206.0,2026-09-01T00:11:35.456Z,14200.0,10650.0,Lum,C2025N1,,458.0,62.0,fix1,local,25.1618,0.0013,185.0,H100 (80 GB),2026-09-01 00:11:35.456000+00:00
azken,H100 PCIe,"3.8.10 (default, Nov 22 2023, 10:22:35) 
[GCC 9.4.0]",py38_baseline,profiler_py38_fix1,QHY411-3_Lum_131k,151.2,30.47116184234619,134206.0,2026-09-01T00:12:09.519Z,14200.0,10650.0,Lum,C2025N1,,458.0,62.0,fix1,local,25.1618,0.0013,185.0,H100 (80 GB),2026-09-01 00:12:09.519000+00:00
azken,H100 PCIe,"3.8.10 (default, Nov 22 2023, 10:22:35) 
[GCC 9.4.0]",py38_baseline,profiler_py38_fix1,QHY411-3_Lum_131k,151.2,30.33243417739868,134206.0,2026-09-01T00:12:43.132Z,14200.0,10650.0,Lum,C2025N1,,458.0,62.0,fix1,local,25.1618,0.0013,185.0,H100 (80 GB),2026-09-01 00:12:43.132000+00:00
azken,H100 PCIe,"3.8.10 (default, Nov 22 2023, 10:22:35) 
[GCC 9.4.0]",py38_baseline,profiler_py38_fix1,QHY411-3_Lum_131k,151.2,30.28905177116394,134206.0,2026-09-01T00:13:16.721Z,14200.0,10650.0,Lum,C2025N1,,458.0,62.0,fix1,local,25.1618,0.0013,185.0,H100 (80 GB),2026-09-01 00:13:16.721000+00:00
azken,H100 PCIe,"3.8.10 (default, Nov 22 2023, 10:22:35) 
[GCC 9.4.0]",py38_baseline,profiler_py38_fix1,QHY411-3_Lum_131k,151.2,30.457513332366943,134206.0,2026-09-01T00:13:50.502Z,14200.0,10650.0,Lum,C2025N1,,458.0,63.0,fix1,local,25.1618,0.0013,185.0,H100 (80 GB),2026-09-01 00:13:50.502000+00:00
azken,H100 PCIe,"3.8.10 (default, Nov 22 2023, 10:22:35) 
[GCC 9.4.0]",py38_baseline,profiler_py38_fix1,QHY411-3_Lum_131k,151.2,30.18479895591736,134206.0,2026-09-01T00:14:24.338Z,14200.0,10650.0,Lum,C2025N1,,458.0,61.0,fix1,local,25.1618,0.0013,185.0,H100 (80 GB),2026-09-01 00:14:24.338000+00:00
azken,H100 PCIe,"3.8.10 (default, Nov 22 2023, 10:22:35) 
[GCC 9.4.0]",py38_baseline,profiler_py38_fix1,QHY411-3_Lum_131k,151.2,30.312662839889526,134206.0,2026-09-01T00:14:57.992Z,14200.0,10650.0,Lum,C2025N1,,458.0,62.0,fix1,local,25.1618,0.0013,185.0,H100 (80 GB),2026-09-01 00:14:57.992000+00:00
azken,H100 PCIe,"3.8.10 (default, Nov 22 2023, 10:22:35) 
[GCC 9.4.0]",py38_baseline,profiler_py38_fix1,QHY411-3_Lum_131k,151.2,30.630434274673465,134206.0,2026-09-01T00:15:32.254Z,14200.0,10650.0,Lum,C2025N1,,458.0,62.0,fix1,local,25.1618,0.0013,185.0,H100 (80 GB),2026-09-01 00:15:32.254000+00:00
azken,H100 PCIe,"3.12.3 (main, Mar  3 2026, 12:15:18) [GCC 13.3.0]",py312_cuml_adaptive,profiler_cuml_adaptive_fix1,QHY411-3_Lum_131k,151.2,33.468878507614136,134206.0,2026-08-31T23:27:49.165Z,14200.0,10650.0,Lum,C2025N1,,458.0,60.0,fix1,local,25.1677,0.0013,184.0,H100 (80 GB),2026-08-31 23:27:49.165000+00:00
azken,H100 PCIe,"3.12.3 (main, Mar  3 2026, 12:15:18) [GCC 13.3.0]",py312_cuml_adaptive,profiler_cuml_adaptive_fix1,QHY411-3_Lum_131k,151.2,31.64214301109314,134206.0,2026-08-31T23:28:27.049Z,14200.0,10650.0,Lum,C2025N1,,458.0,61.0,fix1,local,25.1677,0.0013,184.0,H100 (80 GB),2026-08-31 23:28:27.049000+00:00
azken,H100 PCIe,"3.12.3 (main, Mar  3 2026, 12:15:18) [GCC 13.3.0]",py312_cuml_adaptive,profiler_cuml_adaptive_fix1,QHY411-3_Lum_131k,151.2,33.66616630554199,134206.0,2026-08-31T23:29:06.360Z,14200.0,10650.0,Lum,C2025N1,,458.0,61.0,fix1,local,25.1677,0.0013,184.0,H100 (80 GB),2026-08-31 23:29:06.360000+00:00
azken,H100 PCIe,"3.12.3 (main, Mar  3 2026, 12:15:18) [GCC 13.3.0]",py312_cuml_adaptive,profiler_cuml_adaptive_fix1,QHY411-3_Lum_131k,151.2,31.677525520324707,134206.0,2026-08-31T23:29:44.340Z,14200.0,10650.0,Lum,C2025N1,,458.0,60.0,fix1,local,25.1677,0.0013,184.0,H100 (80 GB),2026-08-31 23:29:44.340000+00:00
azken,H100 PCIe,"3.12.3 (main, Mar  3 2026, 12:15:18) [GCC 13.3.0]",py312_cuml_adaptive,profiler_cuml_adaptive_fix1,QHY411-3_Lum_131k,151.2,32.35922050476074,134206.0,2026-08-31T23:30:22.617Z,14200.0,10650.0,Lum,C2025N1,,458.0,61.0,fix1,local,25.1677,0.0013,184.0,H100 (80 GB),2026-08-31 23:30:22.617000+00:00
azken,H100 PCIe,"3.12.3 (main, Mar  3 2026, 12:15:18) [GCC 13.3.0]",py312_cuml_adaptive,profiler_cuml_adaptive_fix1,QHY411-3_Lum_131k,151.2,32.26122975349426,134206.0,2026-08-31T23:31:01.110Z,14200.0,10650.0,Lum,C2025N1,,458.0,60.0,fix1,local,25.1677,0.0013,184.0,H100 (80 GB),2026-08-31 23:31:01.110000+00:00
azken,H100 PCIe,"3.12.3 (main, Mar  3 2026, 12:15:18) [GCC 13.3.0]",py312_cuml_adaptive,profiler_cuml_adaptive_fix1,QHY411-3_Lum_131k,151.2,31.737045288085938,134206.0,2026-08-31T23:31:38.725Z,14200.0,10650.0,Lum,C2025N1,,458.0,61.0,fix1,local,25.1677,0.0013,184.0,H100 (80 GB),2026-08-31 23:31:38.725000+00:00
azken,H100 PCIe,"3.12.3 (main, Mar  3 2026, 12:15:18) [GCC 13.3.0]",py312_cuml_adaptive,profiler_cuml_adaptive_fix1,QHY411-3_Lum_131k,151.2,30.883859395980835,134206.0,2026-08-31T23:32:15.834Z,14200.0,10650.0,Lum,C2025N1,,458.0,60.0,fix1,local,25.1677,0.0013,184.0,H100 (80 GB),2026-08-31 23:32:15.834000+00:00
azken,H100 PCIe,"3.12.3 (main, Mar  3 2026, 12:15:18) [GCC 13.3.0]",py312_cuml_adaptive,profiler_cuml_adaptive_fix1,QHY411-3_Lum_131k,151.2,31.66772103309632,134206.0,2026-08-31T23:32:53.377Z,14200.0,10650.0,Lum,C2025N1,,458.0,60.0,fix1,local,25.1677,0.0013,184.0,H100 (80 GB),2026-08-31 23:32:53.377000+00:00
azken,H100 PCIe,"3.12.3 (main, Mar  3 2026, 12:15:18) [GCC 13.3.0]",py312_cuml_adaptive,profiler_cuml_adaptive_fix1,QHY411-3_Lum_131k,151.2,31.328919410705566,134206.0,2026-08-31T23:33:30.635Z,14200.0,10650.0,Lum,C2025N1,,458.0,61.0,fix1,local,25.1677,0.0013,184.0,H100 (80 GB),2026-08-31 23:33:30.635000+00:00
azken,H100 PCIe,"3.12.3 (main, Mar  3 2026, 12:15:18) [GCC 13.3.0]",py312_cuml_adaptive,profiler_cuml_adaptive_fix1,QHY411-3_Lum_131k,151.2,31.779497146606445,134206.0,2026-08-31T23:34:08.403Z,14200.0,10650.0,Lum,C2025N1,,458.0,61.0,fix1,local,25.1677,0.0013,184.0,H100 (80 GB),2026-08-31 23:34:08.403000+00:00
azken,H100 PCIe,"3.12.3 (main, Mar  3 2026, 12:15:18) [GCC 13.3.0]",py312_cuml_adaptive,profiler_cuml_adaptive_fix1,QHY411-3_Lum_131k,151.2,30.88815760612488,134206.0,2026-08-31T23:34:45.015Z,14200.0,10650.0,Lum,C2025N1,,458.0,61.0,fix1,local,25.1677,0.0013,184.0,H100 (80 GB),2026-08-31 23:34:45.015000+00:00
azken,H100 PCIe,"3.12.3 (main, Mar  3 2026, 12:15:18) [GCC 13.3.0]",py312_cuml_adaptive,profiler_cuml_adaptive_fix1,QHY411-3_Lum_131k,151.2,31.774031400680546,134206.0,2026-08-31T23:35:22.687Z,14200.0,10650.0,Lum,C2025N1,,458.0,60.0,fix1,local,25.1677,0.0013,184.0,H100 (80 GB),2026-08-31 23:35:22.687000+00:00
azken,H100 PCIe,"3.12.3 (main, Mar  3 2026, 12:15:18) [GCC 13.3.0]",py312_cuml_adaptive,profiler_cuml_adaptive_fix1,QHY411-3_Lum_131k,151.2,31.92000150680542,134206.0,2026-08-31T23:36:00.852Z,14200.0,10650.0,Lum,C2025N1,,458.0,60.0,fix1,local,25.1677,0.0013,184.0,H100 (80 GB),2026-08-31 23:36:00.852000+00:00
azken,H100 PCIe,"3.12.3 (main, Mar  3 2026, 12:15:18) [GCC 13.3.0]",py312_cuml_adaptive,profiler_cuml_adaptive_fix1,QHY411-3_Lum_131k,151.2,31.63494205474853,134206.0,2026-08-31T23:36:38.229Z,14200.0,10650.0,Lum,C2025N1,,458.0,60.0,fix1,local,25.1677,0.0013,184.0,H100 (80 GB),2026-08-31 23:36:38.229000+00:00
azken,H100 PCIe,"3.12.3 (main, Mar  3 2026, 12:15:18) [GCC 13.3.0]",py312_cuml_adaptive,profiler_cuml_adaptive_fix1,QHY411-3_Lum_131k,151.2,32.049257040023804,134206.0,2026-08-31T23:37:16.502Z,14200.0,10650.0,Lum,C2025N1,,458.0,61.0,fix1,local,25.1677,0.0013,184.0,H100 (80 GB),2026-08-31 23:37:16.502000+00:00
azken,H100 PCIe,"3.12.3 (main, Mar  3 2026, 12:15:18) [GCC 13.3.0]",py312_cuml_adaptive,profiler_cuml_adaptive_fix1,QHY411-3_Lum_131k,151.2,32.86824679374695,134206.0,2026-08-31T23:37:55.314Z,14200.0,10650.0,Lum,C2025N1,,458.0,61.0,fix1,local,25.1677,0.0013,184.0,H100 (80 GB),2026-08-31 23:37:55.314000+00:00
azken,H100 PCIe,"3.12.3 (main, Mar  3 2026, 12:15:18) [GCC 13.3.0]",py312_cuml_adaptive,profiler_cuml_adaptive_fix1,QHY411-3_Lum_131k,151.2,31.969042778015137,134206.0,2026-08-31T23:38:33.342Z,14200.0,10650.0,Lum,C2025N1,,458.0,60.0,fix1,local,25.1677,0.0013,184.0,H100 (80 GB),2026-08-31 23:38:33.342000+00:00
azken,H100 PCIe,"3.12.3 (main, Mar  3 2026, 12:15:18) [GCC 13.3.0]",py312_cuml_adaptive,profiler_cuml_adaptive_fix1,QHY411-3_Lum_131k,151.2,32.06565284729004,134206.0,2026-08-31T23:39:11.184Z,14200.0,10650.0,Lum,C2025N1,,458.0,61.0,fix1,local,25.1677,0.0013,184.0,H100 (80 GB),2026-08-31 23:39:11.184000+00:00
azken,H100 PCIe,"3.12.3 (main, Mar  3 2026, 12:15:18) [GCC 13.3.0]",py312_cuml_adaptive,profiler_cuml_adaptive_fix1,QHY411-3_Lum_131k,151.2,31.984667778015137,134206.0,2026-08-31T23:39:49.422Z,14200.0,10650.0,Lum,C2025N1,,458.0,61.0,fix1,local,25.1677,0.0013,184.0,H100 (80 GB),2026-08-31 23:39:49.422000+00:00
azken,H100 PCIe,"3.12.3 (main, Mar  3 2026, 12:15:18) [GCC 13.3.0]",py312_cuml_adaptive,profiler_cuml_adaptive_fix1,QHY411-3_Lum_131k,151.2,32.08159613609314,134206.0,2026-08-31T23:40:27.408Z,14200.0,10650.0,Lum,C2025N1,,458.0,61.0,fix1,local,25.1677,0.0013,184.0,H100 (80 GB),2026-08-31 23:40:27.408000+00:00
azken,H100 PCIe,"3.12.3 (main, Mar  3 2026, 12:15:18) [GCC 13.3.0]",py312_cuml_adaptive,profiler_cuml_adaptive_fix1,QHY411-3_Lum_131k,151.2,35.56562566757202,134206.0,2026-08-31T23:41:08.624Z,14200.0,10650.0,Lum,C2025N1,,458.0,61.0,fix1,local,25.1677,0.0013,184.0,H100 (80 GB),2026-08-31 23:41:08.624000+00:00
azken,H100 PCIe,"3.8.10 (default, Nov 22 2023, 10:22:35) 
[GCC 9.4.0]",py38_baseline,profiler_py38_fix1,QHY411-3_SDSSg_10k,151.2,42.40391659736633,10168.0,2026-08-31T16:14:31.649Z,14200.0,10650.0,SDSSg,M106,,911.0,65.0,fix1,local,24.5596,0.0018,140.0,H100 (80 GB),2026-08-31 16:14:31.649000+00:00
azken,H100 PCIe,"3.8.10 (default, Nov 22 2023, 10:22:35) 
[GCC 9.4.0]",py38_baseline,profiler_py38_fix1,QHY411-3_SDSSg_10k,151.2,42.61956071853638,10168.0,2026-08-31T16:14:31.775Z,14200.0,10650.0,SDSSg,M106,,911.0,65.0,fix1,local,24.5596,0.0018,140.0,H100 (80 GB),2026-08-31 16:14:31.775000+00:00
azken,H100 PCIe,"3.8.10 (default, Nov 22 2023, 10:22:35) 
[GCC 9.4.0]",py38_baseline,profiler_py38_fix1,QHY411-3_SDSSg_10k,151.2,34.80502963066101,10168.0,2026-08-31T16:15:12.459Z,14200.0,10650.0,SDSSg,M106,,911.0,65.0,fix1,local,24.5596,0.0018,140.0,H100 (80 GB),2026-08-31 16:15:12.459000+00:00
azken,H100 PCIe,"3.8.10 (default, Nov 22 2023, 10:22:35) 
[GCC 9.4.0]",py38_baseline,profiler_py38_fix1,QHY411-3_SDSSg_10k,151.2,36.46010446548462,10168.0,2026-08-31T16:15:14.082Z,14200.0,10650.0,SDSSg,M106,,911.0,65.0,fix1,local,24.5596,0.0018,140.0,H100 (80 GB),2026-08-31 16:15:14.082000+00:00
azken,H100 PCIe,"3.8.10 (default, Nov 22 2023, 10:22:35) 
[GCC 9.4.0]",py38_baseline,profiler_py38_fix1,QHY411-3_SDSSg_10k,151.2,37.407294034957886,10168.0,2026-08-31T16:15:54.287Z,14200.0,10650.0,SDSSg,M106,,458.0,68.0,fix1,local,24.5596,0.0018,140.0,H100 (80 GB),2026-08-31 16:15:54.287000+00:00
azken,H100 PCIe,"3.8.10 (default, Nov 22 2023, 10:22:35) 
[GCC 9.4.0]",py38_baseline,profiler_py38_fix1,QHY411-3_SDSSg_10k,151.2,36.5054817199707,10168.0,2026-08-31T16:15:55.150Z,14200.0,10650.0,SDSSg,M106,,4101.0,69.0,fix1,local,24.5596,0.0018,140.0,H100 (80 GB),2026-08-31 16:15:55.150000+00:00
azken,H100 PCIe,"3.8.10 (default, Nov 22 2023, 10:22:35) 
[GCC 9.4.0]",py38_baseline,profiler_py38_fix1,QHY411-3_SDSSg_10k,151.2,38.907957553863525,10168.0,2026-08-31T16:16:38.951Z,14200.0,10650.0,SDSSg,M106,,911.0,66.0,fix1,local,24.5596,0.0018,140.0,H100 (80 GB),2026-08-31 16:16:38.951000+00:00
azken,H100 PCIe,"3.8.10 (default, Nov 22 2023, 10:22:35) 
[GCC 9.4.0]",py38_baseline,profiler_py38_fix1,QHY411-3_SDSSg_10k,151.2,41.457783699035645,10168.0,2026-08-31T16:16:41.438Z,14200.0,10650.0,SDSSg,M106,,911.0,66.0,fix1,local,24.5596,0.0018,140.0,H100 (80 GB),2026-08-31 16:16:41.438000+00:00
azken,H100 PCIe,"3.8.10 (default, Nov 22 2023, 10:22:35) 
[GCC 9.4.0]",py38_baseline,profiler_py38_fix1,QHY411-3_SDSSg_10k,151.2,37.94292640686035,10168.0,2026-08-31T16:17:22.246Z,14200.0,10650.0,SDSSg,M106,,458.0,68.0,fix1,local,24.5596,0.0018,140.0,H100 (80 GB),2026-08-31 16:17:22.246000+00:00
azken,H100 PCIe,"3.8.10 (default, Nov 22 2023, 10:22:35) 
[GCC 9.4.0]",py38_baseline,profiler_py38_fix1,QHY411-3_SDSSg_10k,151.2,37.56240105628967,10168.0,2026-08-31T16:17:24.500Z,14200.0,10650.0,SDSSg,M106,,4385.0,70.0,fix1,local,24.5596,0.0018,140.0,H100 (80 GB),2026-08-31 16:17:24.500000+00:00
azken,H100 PCIe,"3.8.10 (default, Nov 22 2023, 10:22:35) 
[GCC 9.4.0]",py38_baseline,profiler_py38_fix1,QHY411-3_SDSSg_10k,151.2,36.25631403923035,10168.0,2026-08-31T16:18:06.255Z,14200.0,10650.0,SDSSg,M106,,4961.0,68.0,fix1,local,24.5596,0.0018,140.0,H100 (80 GB),2026-08-31 16:18:06.255000+00:00
azken,H100 PCIe,"3.8.10 (default, Nov 22 2023, 10:22:35) 
[GCC 9.4.0]",py38_baseline,profiler_py38_fix1,QHY411-3_SDSSg_10k,151.2,39.85080075263977,10168.0,2026-08-31T16:18:08.017Z,14200.0,10650.0,SDSSg,M106,,458.0,68.0,fix1,local,24.5596,0.0018,140.0,H100 (80 GB),2026-08-31 16:18:08.017000+00:00
azken,H100 PCIe,"3.8.10 (default, Nov 22 2023, 10:22:35) 
[GCC 9.4.0]",py38_baseline,profiler_py38_fix1,QHY411-3_SDSSg_10k,151.2,36.50541973114014,10168.0,2026-08-31T16:18:47.268Z,14200.0,10650.0,SDSSg,M106,,458.0,68.0,fix1,local,24.5596,0.0018,140.0,H100 (80 GB),2026-08-31 16:18:47.268000+00:00
azken,H100 PCIe,"3.8.10 (default, Nov 22 2023, 10:22:35) 
[GCC 9.4.0]",py38_baseline,profiler_py38_fix1,QHY411-3_SDSSg_10k,151.2,34.6440167427063,10168.0,2026-08-31T16:18:47.676Z,14200.0,10650.0,SDSSg,M106,,3953.0,69.0,fix1,local,24.5596,0.0018,140.0,H100 (80 GB),2026-08-31 16:18:47.676000+00:00
azken,H100 PCIe,"3.8.10 (default, Nov 22 2023, 10:22:35) 
[GCC 9.4.0]",py38_baseline,profiler_py38_fix1,QHY411-3_SDSSg_10k,151.2,35.882009983062744,10168.0,2026-08-31T16:20:19.105Z,14200.0,10650.0,SDSSg,M106,,1489.0,66.0,fix1,local,24.5596,0.0018,140.0,H100 (80 GB),2026-08-31 16:20:19.105000+00:00
azken,H100 PCIe,"3.8.10 (default, Nov 22 2023, 10:22:35) 
[GCC 9.4.0]",py38_baseline,profiler_py38_fix1,QHY411-3_SDSSg_10k,151.2,40.21537280082703,10168.0,2026-08-31T16:20:22.906Z,14200.0,10650.0,SDSSg,M106,,458.0,65.0,fix1,local,24.5596,0.0018,140.0,H100 (80 GB),2026-08-31 16:20:22.906000+00:00
azken,H100 PCIe,"3.8.10 (default, Nov 22 2023, 10:22:35) 
[GCC 9.4.0]",py38_baseline,profiler_py38_fix1,QHY411-3_SDSSg_10k,151.2,40.17035627365112,10168.0,2026-08-31T16:21:04.789Z,14200.0,10650.0,SDSSg,M106,,458.0,68.0,fix1,local,24.5596,0.0018,140.0,H100 (80 GB),2026-08-31 16:21:04.789000+00:00
azken,H100 PCIe,"3.8.10 (default, Nov 22 2023, 10:22:35) 
[GCC 9.4.0]",py38_baseline,profiler_py38_fix1,QHY411-3_SDSSg_10k,151.2,37.09302687644959,10168.0,2026-08-31T16:21:05.106Z,14200.0,10650.0,SDSSg,M106,,11665.0,70.0,fix1,local,24.5596,0.0018,140.0,H100 (80 GB),2026-08-31 16:21:05.106000+00:00
azken,H100 PCIe,"3.12.3 (main, Mar  3 2026, 12:15:18) [GCC 13.3.0]",py312_cuml_adaptive,profiler_cuml_adaptive_fix1,QHY411-3_SDSSg_10k,151.2,31.7280695438385,10168.0,2026-08-31T16:22:31.376Z,14200.0,10650.0,SDSSg,M106,,458.0,66.0,fix1,local,24.5599,0.0017,141.0,H100 (80 GB),2026-08-31 16:22:31.376000+00:00
azken,H100 PCIe,"3.12.3 (main, Mar  3 2026, 12:15:18) [GCC 13.3.0]",py312_cuml_adaptive,profiler_cuml_adaptive_fix1,QHY411-3_SDSSg_10k,151.2,33.44042444229126,10168.0,2026-08-31T16:22:35.726Z,14200.0,10650.0,SDSSg,M106,,4533.0,67.0,fix1,local,24.5599,0.0017,141.0,H100 (80 GB),2026-08-31 16:22:35.726000+00:00
azken,H100 PCIe,"3.12.3 (main, Mar  3 2026, 12:15:18) [GCC 13.3.0]",py312_cuml_adaptive,profiler_cuml_adaptive_fix1,QHY411-3_SDSSg_10k,151.2,32.416831254959106,10168.0,2026-08-31T16:23:11.835Z,14200.0,10650.0,SDSSg,M106,,458.0,68.0,fix1,local,24.5599,0.0017,141.0,H100 (80 GB),2026-08-31 16:23:11.835000+00:00
azken,H100 PCIe,"3.12.3 (main, Mar  3 2026, 12:15:18) [GCC 13.3.0]",py312_cuml_adaptive,profiler_cuml_adaptive_fix1,QHY411-3_SDSSg_10k,151.2,33.243293046951294,10168.0,2026-08-31T16:23:17.797Z,14200.0,10650.0,SDSSg,M106,,11663.0,69.0,fix1,local,24.5599,0.0017,141.0,H100 (80 GB),2026-08-31 16:23:17.797000+00:00
azken,H100 PCIe,"3.12.3 (main, Mar  3 2026, 12:15:18) [GCC 13.3.0]",py312_cuml_adaptive,profiler_cuml_adaptive_fix1,QHY411-3_SDSSg_10k,151.2,32.44125843048096,10168.0,2026-08-31T16:23:53.563Z,14200.0,10650.0,SDSSg,M106,,458.0,68.0,fix1,local,24.5599,0.0017,141.0,H100 (80 GB),2026-08-31 16:23:53.563000+00:00
azken,H100 PCIe,"3.12.3 (main, Mar  3 2026, 12:15:18) [GCC 13.3.0]",py312_cuml_adaptive,profiler_cuml_adaptive_fix1,QHY411-3_SDSSg_10k,151.2,31.985865592956543,10168.0,2026-08-31T16:23:59.161Z,14200.0,10650.0,SDSSg,M106,,17857.0,70.0,fix1,local,24.5599,0.0017,141.0,H100 (80 GB),2026-08-31 16:23:59.161000+00:00
azken,H100 PCIe,"3.12.3 (main, Mar  3 2026, 12:15:18) [GCC 13.3.0]",py312_cuml_adaptive,profiler_cuml_adaptive_fix1,QHY411-3_SDSSg_10k,151.2,37.31584119796753,10168.0,2026-08-31T16:24:40.500Z,14200.0,10650.0,SDSSg,M106,,458.0,68.0,fix1,local,24.5599,0.0017,141.0,H100 (80 GB),2026-08-31 16:24:40.500000+00:00
azken,H100 PCIe,"3.12.3 (main, Mar  3 2026, 12:15:18) [GCC 13.3.0]",py312_cuml_adaptive,profiler_cuml_adaptive_fix1,QHY411-3_SDSSg_10k,151.2,33.537033796310425,10168.0,2026-08-31T16:24:41.855Z,14200.0,10650.0,SDSSg,M106,,11663.0,69.0,fix1,local,24.5599,0.0017,141.0,H100 (80 GB),2026-08-31 16:24:41.855000+00:00
azken,H100 PCIe,"3.12.3 (main, Mar  3 2026, 12:15:18) [GCC 13.3.0]",py312_cuml_adaptive,profiler_cuml_adaptive_fix1,QHY411-3_SDSSg_10k,151.2,36.68649363517761,10168.0,2026-08-31T16:25:26.262Z,14200.0,10650.0,SDSSg,M106,,458.0,64.0,fix1,local,24.5599,0.0017,141.0,H100 (80 GB),2026-08-31 16:25:26.262000+00:00
azken,H100 PCIe,"3.12.3 (main, Mar  3 2026, 12:15:18) [GCC 13.3.0]",py312_cuml_adaptive,profiler_cuml_adaptive_fix1,QHY411-3_SDSSg_10k,151.2,36.19019865989685,10168.0,2026-08-31T16:25:26.305Z,14200.0,10650.0,SDSSg,M106,,1489.0,65.0,fix1,local,24.5599,0.0017,141.0,H100 (80 GB),2026-08-31 16:25:26.305000+00:00
azken,H100 PCIe,"3.12.3 (main, Mar  3 2026, 12:15:18) [GCC 13.3.0]",py312_cuml_adaptive,profiler_cuml_adaptive_fix1,QHY411-3_SDSSg_10k,151.2,37.70501446723938,10168.0,2026-08-31T16:26:12.825Z,14200.0,10650.0,SDSSg,M106,,911.0,64.0,fix1,local,24.5599,0.0017,141.0,H100 (80 GB),2026-08-31 16:26:12.825000+00:00
azken,H100 PCIe,"3.12.3 (main, Mar  3 2026, 12:15:18) [GCC 13.3.0]",py312_cuml_adaptive,profiler_cuml_adaptive_fix1,QHY411-3_SDSSg_10k,151.2,38.06028771400452,10168.0,2026-08-31T16:26:13.180Z,14200.0,10650.0,SDSSg,M106,,911.0,64.0,fix1,local,24.5599,0.0017,141.0,H100 (80 GB),2026-08-31 16:26:13.180000+00:00
azken,H100 PCIe,"3.12.3 (main, Mar  3 2026, 12:15:18) [GCC 13.3.0]",py312_cuml_adaptive,profiler_cuml_adaptive_fix1,QHY411-3_SDSSg_10k,151.2,38.86941766738892,10168.0,2026-08-31T16:27:01.362Z,14200.0,10650.0,SDSSg,M106,,474.0,64.0,fix1,local,24.5599,0.0017,141.0,H100 (80 GB),2026-08-31 16:27:01.362000+00:00
azken,H100 PCIe,"3.12.3 (main, Mar  3 2026, 12:15:18) [GCC 13.3.0]",py312_cuml_adaptive,profiler_cuml_adaptive_fix1,QHY411-3_SDSSg_10k,151.2,40.18018198013306,10168.0,2026-08-31T16:27:02.893Z,14200.0,10650.0,SDSSg,M106,,911.0,64.0,fix1,local,24.5599,0.0017,141.0,H100 (80 GB),2026-08-31 16:27:02.893000+00:00
azken,H100 PCIe,"3.12.3 (main, Mar  3 2026, 12:15:18) [GCC 13.3.0]",py312_cuml_adaptive,profiler_cuml_adaptive_fix1,QHY411-3_SDSSg_10k,151.2,35.71988129615784,10168.0,2026-08-31T16:27:45.476Z,14200.0,10650.0,SDSSg,M106,,458.0,65.0,fix1,local,24.5599,0.0017,141.0,H100 (80 GB),2026-08-31 16:27:45.476000+00:00
azken,H100 PCIe,"3.12.3 (main, Mar  3 2026, 12:15:18) [GCC 13.3.0]",py312_cuml_adaptive,profiler_cuml_adaptive_fix1,QHY411-3_SDSSg_10k,151.2,35.36720323562622,10168.0,2026-08-31T16:27:46.290Z,14200.0,10650.0,SDSSg,M106,,4241.0,66.0,fix1,local,24.5599,0.0017,141.0,H100 (80 GB),2026-08-31 16:27:46.290000+00:00
azken,H100 PCIe,"3.12.3 (main, Mar  3 2026, 12:15:18) [GCC 13.3.0]",py312_cuml_adaptive,profiler_cuml_adaptive_fix1,QHY411-3_SDSSg_10k,151.2,37.0258538722992,10168.0,2026-08-31T16:28:30.988Z,14200.0,10650.0,SDSSg,M106,,475.0,64.0,fix1,local,24.5599,0.0017,141.0,H100 (80 GB),2026-08-31 16:28:30.988000+00:00
azken,H100 PCIe,"3.12.3 (main, Mar  3 2026, 12:15:18) [GCC 13.3.0]",py312_cuml_adaptive,profiler_cuml_adaptive_fix1,QHY411-3_SDSSg_10k,151.2,37.94303870201111,10168.0,2026-08-31T16:28:32.084Z,14200.0,10650.0,SDSSg,M106,,911.0,64.0,fix1,local,24.5599,0.0017,141.0,H100 (80 GB),2026-08-31 16:28:32.084000+00:00
azken,H100 PCIe,"3.12.3 (main, Mar  3 2026, 12:15:18) [GCC 13.3.0]",py312_cuml_adaptive,profiler_cuml_adaptive_fix1,QHY411-3_SDSSg_10k,151.2,36.69228625297546,10168.0,2026-08-31T16:29:17.995Z,14200.0,10650.0,SDSSg,M106,,1637.0,65.0,fix1,local,24.5599,0.0017,141.0,H100 (80 GB),2026-08-31 16:29:17.995000+00:00
azken,H100 PCIe,"3.12.3 (main, Mar  3 2026, 12:15:18) [GCC 13.3.0]",py312_cuml_adaptive,profiler_cuml_adaptive_fix1,QHY411-3_SDSSg_10k,151.2,38.58082175254822,10168.0,2026-08-31T16:29:18.663Z,14200.0,10650.0,SDSSg,M106,,458.0,64.0,fix1,local,24.5599,0.0017,141.0,H100 (80 GB),2026-08-31 16:29:18.663000+00:00
azken,H100 PCIe,"3.12.3 (main, Mar  3 2026, 12:15:18) [GCC 13.3.0]",py312_cuml_adaptive,profiler_cuml_adaptive_fix1,QHY411-3_SDSSg_10k,151.2,34.77020311355591,10168.0,2026-08-31T16:30:01.428Z,14200.0,10650.0,SDSSg,M106,,911.0,64.0,fix1,local,24.5599,0.0017,141.0,H100 (80 GB),2026-08-31 16:30:01.428000+00:00
azken,H100 PCIe,"3.12.3 (main, Mar  3 2026, 12:15:18) [GCC 13.3.0]",py312_cuml_adaptive,profiler_cuml_adaptive_fix1,QHY411-3_SDSSg_10k,151.2,38.71507501602173,10168.0,2026-08-31T16:30:05.387Z,14200.0,10650.0,SDSSg,M106,,911.0,64.0,fix1,local,24.5599,0.0017,141.0,H100 (80 GB),2026-08-31 16:30:05.387000+00:00
azken,H100 PCIe,"3.8.10 (default, Nov 22 2023, 10:22:35) 
[GCC 9.4.0]",py38_baseline,profiler_py38_fix1,QHY411-3_SDSSr_19k,151.2,34.240429162979126,19492.0,2026-08-31T16:45:06.466Z,14200.0,10650.0,SDSSr,NGC2683,,11665.0,69.0,fix1,local,24.0577,0.0012,183.0,H100 (80 GB),2026-08-31 16:45:06.466000+00:00
azken,H100 PCIe,"3.8.10 (default, Nov 22 2023, 10:22:35) 
[GCC 9.4.0]",py38_baseline,profiler_py38_fix1,QHY411-3_SDSSr_19k,151.2,29.950505018234253,19492.0,2026-08-31T16:45:38.662Z,14200.0,10650.0,SDSSr,NGC2683,,458.0,69.0,fix1,local,24.0577,0.0012,183.0,H100 (80 GB),2026-08-31 16:45:38.662000+00:00
azken,H100 PCIe,"3.8.10 (default, Nov 22 2023, 10:22:35) 
[GCC 9.4.0]",py38_baseline,profiler_py38_fix1,QHY411-3_SDSSr_19k,151.2,29.752800226211548,19492.0,2026-08-31T16:45:39.543Z,14200.0,10650.0,SDSSr,NGC2683,,4961.0,70.0,fix1,local,24.0577,0.0012,183.0,H100 (80 GB),2026-08-31 16:45:39.543000+00:00
azken,H100 PCIe,"3.8.10 (default, Nov 22 2023, 10:22:35) 
[GCC 9.4.0]",py38_baseline,profiler_py38_fix1,QHY411-3_SDSSr_19k,151.2,30.629599571228027,19492.0,2026-08-31T16:46:12.597Z,14200.0,10650.0,SDSSr,NGC2683,,458.0,70.0,fix1,local,24.0577,0.0012,183.0,H100 (80 GB),2026-08-31 16:46:12.597000+00:00
azken,H100 PCIe,"3.8.10 (default, Nov 22 2023, 10:22:35) 
[GCC 9.4.0]",py38_baseline,profiler_py38_fix1,QHY411-3_SDSSr_19k,151.2,30.56148910522461,19492.0,2026-08-31T16:46:13.324Z,14200.0,10650.0,SDSSr,NGC2683,,4241.0,69.0,fix1,local,24.0577,0.0012,183.0,H100 (80 GB),2026-08-31 16:46:13.324000+00:00
azken,H100 PCIe,"3.8.10 (default, Nov 22 2023, 10:22:35) 
[GCC 9.4.0]",py38_baseline,profiler_py38_fix1,QHY411-3_SDSSr_19k,151.2,34.04197406768799,19492.0,2026-08-31T16:46:50.201Z,14200.0,10650.0,SDSSr,NGC2683,,458.0,69.0,fix1,local,24.0577,0.0012,183.0,H100 (80 GB),2026-08-31 16:46:50.201000+00:00
azken,H100 PCIe,"3.8.10 (default, Nov 22 2023, 10:22:35) 
[GCC 9.4.0]",py38_baseline,profiler_py38_fix1,QHY411-3_SDSSr_19k,151.2,33.86179542541504,19492.0,2026-08-31T16:46:50.401Z,14200.0,10650.0,SDSSr,NGC2683,,1489.0,70.0,fix1,local,24.0577,0.0012,183.0,H100 (80 GB),2026-08-31 16:46:50.401000+00:00
azken,H100 PCIe,"3.8.10 (default, Nov 22 2023, 10:22:35) 
[GCC 9.4.0]",py38_baseline,profiler_py38_fix1,QHY411-3_SDSSr_19k,151.2,33.14759635925293,19492.0,2026-08-31T16:47:26.560Z,14200.0,10650.0,SDSSr,NGC2683,,475.0,69.0,fix1,local,24.0577,0.0012,183.0,H100 (80 GB),2026-08-31 16:47:26.560000+00:00
azken,H100 PCIe,"3.8.10 (default, Nov 22 2023, 10:22:35) 
[GCC 9.4.0]",py38_baseline,profiler_py38_fix1,QHY411-3_SDSSr_19k,151.2,33.09150576591492,19492.0,2026-08-31T16:47:26.705Z,14200.0,10650.0,SDSSr,NGC2683,,911.0,69.0,fix1,local,24.0577,0.0012,183.0,H100 (80 GB),2026-08-31 16:47:26.705000+00:00
azken,H100 PCIe,"3.8.10 (default, Nov 22 2023, 10:22:35) 
[GCC 9.4.0]",py38_baseline,profiler_py38_fix1,QHY411-3_SDSSr_19k,151.2,34.22603917121887,19492.0,2026-08-31T16:48:04.380Z,14200.0,10650.0,SDSSr,NGC2683,,911.0,68.0,fix1,local,24.0577,0.0012,183.0,H100 (80 GB),2026-08-31 16:48:04.380000+00:00
azken,H100 PCIe,"3.8.10 (default, Nov 22 2023, 10:22:35) 
[GCC 9.4.0]",py38_baseline,profiler_py38_fix1,QHY411-3_SDSSr_19k,151.2,34.13877320289612,19492.0,2026-08-31T16:48:04.406Z,14200.0,10650.0,SDSSr,NGC2683,,911.0,68.0,fix1,local,24.0577,0.0012,183.0,H100 (80 GB),2026-08-31 16:48:04.406000+00:00
azken,H100 PCIe,"3.12.3 (main, Mar  3 2026, 12:15:18) [GCC 13.3.0]",py312_cuml_adaptive,profiler_cuml_adaptive_fix1,QHY411-3_SDSSr_19k,151.2,38.43279242515564,19492.0,2026-08-31T16:32:06.193Z,14200.0,10650.0,SDSSr,NGC2683,,474.0,63.0,fix1,local,24.0561,0.0013,187.0,H100 (80 GB),2026-08-31 16:32:06.193000+00:00
azken,H100 PCIe,"3.12.3 (main, Mar  3 2026, 12:15:18) [GCC 13.3.0]",py312_cuml_adaptive,profiler_cuml_adaptive_fix1,QHY411-3_SDSSr_19k,151.2,41.576303005218506,19492.0,2026-08-31T16:32:09.860Z,14200.0,10650.0,SDSSr,NGC2683,,1489.0,64.0,fix1,local,24.0561,0.0013,187.0,H100 (80 GB),2026-08-31 16:32:09.860000+00:00
azken,H100 PCIe,"3.12.3 (main, Mar  3 2026, 12:15:18) [GCC 13.3.0]",py312_cuml_adaptive,profiler_cuml_adaptive_fix1,QHY411-3_SDSSr_19k,151.2,34.423476219177246,19492.0,2026-08-31T16:32:49.446Z,14200.0,10650.0,SDSSr,NGC2683,,458.0,66.0,fix1,local,24.0561,0.0013,187.0,H100 (80 GB),2026-08-31 16:32:49.446000+00:00
azken,H100 PCIe,"3.12.3 (main, Mar  3 2026, 12:15:18) [GCC 13.3.0]",py312_cuml_adaptive,profiler_cuml_adaptive_fix1,QHY411-3_SDSSr_19k,151.2,34.31172800064087,19492.0,2026-08-31T16:32:53.172Z,14200.0,10650.0,SDSSr,NGC2683,,11663.0,68.0,fix1,local,24.0561,0.0013,187.0,H100 (80 GB),2026-08-31 16:32:53.172000+00:00
azken,H100 PCIe,"3.12.3 (main, Mar  3 2026, 12:15:18) [GCC 13.3.0]",py312_cuml_adaptive,profiler_cuml_adaptive_fix1,QHY411-3_SDSSr_19k,151.2,36.67354941368103,19492.0,2026-08-31T16:33:35.816Z,14200.0,10650.0,SDSSr,NGC2683,,458.0,65.0,fix1,local,24.0561,0.0013,187.0,H100 (80 GB),2026-08-31 16:33:35.816000+00:00
azken,H100 PCIe,"3.12.3 (main, Mar  3 2026, 12:15:18) [GCC 13.3.0]",py312_cuml_adaptive,profiler_cuml_adaptive_fix1,QHY411-3_SDSSr_19k,151.2,37.21133136749268,19492.0,2026-08-31T16:33:38.999Z,14200.0,10650.0,SDSSr,NGC2683,,4385.0,68.0,fix1,local,24.0561,0.0013,187.0,H100 (80 GB),2026-08-31 16:33:38.999000+00:00
azken,H100 PCIe,"3.12.3 (main, Mar  3 2026, 12:15:18) [GCC 13.3.0]",py312_cuml_adaptive,profiler_cuml_adaptive_fix1,QHY411-3_SDSSr_19k,151.2,37.10220527648926,19492.0,2026-08-31T16:34:24.129Z,14200.0,10650.0,SDSSr,NGC2683,,5835.0,67.0,fix1,local,24.0561,0.0013,187.0,H100 (80 GB),2026-08-31 16:34:24.129000+00:00
azken,H100 PCIe,"3.12.3 (main, Mar  3 2026, 12:15:18) [GCC 13.3.0]",py312_cuml_adaptive,profiler_cuml_adaptive_fix1,QHY411-3_SDSSr_19k,151.2,40.784889221191406,19492.0,2026-08-31T16:34:24.993Z,14200.0,10650.0,SDSSr,NGC2683,,458.0,66.0,fix1,local,24.0561,0.0013,187.0,H100 (80 GB),2026-08-31 16:34:24.993000+00:00
azken,H100 PCIe,"3.12.3 (main, Mar  3 2026, 12:15:18) [GCC 13.3.0]",py312_cuml_adaptive,profiler_cuml_adaptive_fix1,QHY411-3_SDSSr_19k,151.2,40.475499868392944,19492.0,2026-08-31T16:35:13.452Z,14200.0,10650.0,SDSSr,NGC2683,,458.0,65.0,fix1,local,24.0561,0.0013,187.0,H100 (80 GB),2026-08-31 16:35:13.452000+00:00
azken,H100 PCIe,"3.12.3 (main, Mar  3 2026, 12:15:18) [GCC 13.3.0]",py312_cuml_adaptive,profiler_cuml_adaptive_fix1,QHY411-3_SDSSr_19k,151.2,40.09655714035034,19492.0,2026-08-31T16:35:13.648Z,14200.0,10650.0,SDSSr,NGC2683,,1489.0,65.0,fix1,local,24.0561,0.0013,187.0,H100 (80 GB),2026-08-31 16:35:13.648000+00:00
azken,H100 PCIe,"3.12.3 (main, Mar  3 2026, 12:15:18) [GCC 13.3.0]",py312_cuml_adaptive,profiler_cuml_adaptive_fix1,QHY411-3_SDSSr_19k,151.2,35.71736192703247,19492.0,2026-08-31T16:35:57.705Z,14200.0,10650.0,SDSSr,NGC2683,,458.0,64.0,fix1,local,24.0561,0.0013,187.0,H100 (80 GB),2026-08-31 16:35:57.705000+00:00
azken,H100 PCIe,"3.12.3 (main, Mar  3 2026, 12:15:18) [GCC 13.3.0]",py312_cuml_adaptive,profiler_cuml_adaptive_fix1,QHY411-3_SDSSr_19k,151.2,38.68907594680786,19492.0,2026-08-31T16:36:01.593Z,14200.0,10650.0,SDSSr,NGC2683,,1637.0,65.0,fix1,local,24.0561,0.0013,187.0,H100 (80 GB),2026-08-31 16:36:01.593000+00:00
azken,H100 PCIe,"3.12.3 (main, Mar  3 2026, 12:15:18) [GCC 13.3.0]",py312_cuml_adaptive,profiler_cuml_adaptive_fix1,QHY411-3_SDSSr_19k,151.2,34.7739520072937,19492.0,2026-08-31T16:36:41.323Z,14200.0,10650.0,SDSSr,NGC2683,,458.0,67.0,fix1,local,24.0561,0.0013,187.0,H100 (80 GB),2026-08-31 16:36:41.323000+00:00
azken,H100 PCIe,"3.12.3 (main, Mar  3 2026, 12:15:18) [GCC 13.3.0]",py312_cuml_adaptive,profiler_cuml_adaptive_fix1,QHY411-3_SDSSr_19k,151.2,34.395835876464844,19492.0,2026-08-31T16:36:44.492Z,14200.0,10650.0,SDSSr,NGC2683,,11663.0,69.0,fix1,local,24.0561,0.0013,187.0,H100 (80 GB),2026-08-31 16:36:44.492000+00:00
azken,H100 PCIe,"3.12.3 (main, Mar  3 2026, 12:15:18) [GCC 13.3.0]",py312_cuml_adaptive,profiler_cuml_adaptive_fix1,QHY411-3_SDSSr_19k,151.2,34.44766092300415,19492.0,2026-08-31T16:37:23.159Z,14200.0,10650.0,SDSSr,NGC2683,,458.0,67.0,fix1,local,24.0561,0.0013,187.0,H100 (80 GB),2026-08-31 16:37:23.159000+00:00
azken,H100 PCIe,"3.12.3 (main, Mar  3 2026, 12:15:18) [GCC 13.3.0]",py312_cuml_adaptive,profiler_cuml_adaptive_fix1,QHY411-3_SDSSr_19k,151.2,35.38075876235962,19492.0,2026-08-31T16:37:26.970Z,14200.0,10650.0,SDSSr,NGC2683,,11663.0,69.0,fix1,local,24.0561,0.0013,187.0,H100 (80 GB),2026-08-31 16:37:26.970000+00:00
azken,H100 PCIe,"3.12.3 (main, Mar  3 2026, 12:15:18) [GCC 13.3.0]",py312_cuml_adaptive,profiler_cuml_adaptive_fix1,QHY411-3_SDSSr_19k,151.2,37.87805342674256,19492.0,2026-08-31T16:38:10.127Z,14200.0,10650.0,SDSSr,NGC2683,,458.0,67.0,fix1,local,24.0561,0.0013,187.0,H100 (80 GB),2026-08-31 16:38:10.127000+00:00
azken,H100 PCIe,"3.12.3 (main, Mar  3 2026, 12:15:18) [GCC 13.3.0]",py312_cuml_adaptive,profiler_cuml_adaptive_fix1,QHY411-3_SDSSr_19k,151.2,36.71610403060913,19492.0,2026-08-31T16:38:12.697Z,14200.0,10650.0,SDSSr,NGC2683,,11663.0,69.0,fix1,local,24.0561,0.0013,187.0,H100 (80 GB),2026-08-31 16:38:12.697000+00:00
azken,H100 PCIe,"3.12.3 (main, Mar  3 2026, 12:15:18) [GCC 13.3.0]",py312_cuml_adaptive,profiler_cuml_adaptive_fix1,QHY411-3_SDSSr_19k,151.2,36.89044737815857,19492.0,2026-08-31T16:38:55.881Z,14200.0,10650.0,SDSSr,NGC2683,,458.0,65.0,fix1,local,24.0561,0.0013,187.0,H100 (80 GB),2026-08-31 16:38:55.881000+00:00
azken,H100 PCIe,"3.12.3 (main, Mar  3 2026, 12:15:18) [GCC 13.3.0]",py312_cuml_adaptive,profiler_cuml_adaptive_fix1,QHY411-3_SDSSr_19k,151.2,36.17710590362549,19492.0,2026-08-31T16:38:57.253Z,14200.0,10650.0,SDSSr,NGC2683,,6115.0,68.0,fix1,local,24.0561,0.0013,187.0,H100 (80 GB),2026-08-31 16:38:57.253000+00:00
azken,H100 PCIe,"3.12.3 (main, Mar  3 2026, 12:15:18) [GCC 13.3.0]",py312_cuml_adaptive,profiler_cuml_adaptive_fix1,QHY411-3_SDSSr_19k,151.2,38.09176683425903,19492.0,2026-08-31T16:39:43.036Z,14200.0,10650.0,SDSSr,NGC2683,,3087.0,66.0,fix1,local,24.0561,0.0013,187.0,H100 (80 GB),2026-08-31 16:39:43.036000+00:00
azken,H100 PCIe,"3.12.3 (main, Mar  3 2026, 12:15:18) [GCC 13.3.0]",py312_cuml_adaptive,profiler_cuml_adaptive_fix1,QHY411-3_SDSSr_19k,151.2,42.68212389945984,19492.0,2026-08-31T16:39:46.703Z,14200.0,10650.0,SDSSr,NGC2683,,458.0,65.0,fix1,local,24.0561,0.0013,187.0,H100 (80 GB),2026-08-31 16:39:46.703000+00:00
azken,H100 PCIe,"3.8.10 (default, Nov 22 2023, 10:22:35) 
[GCC 9.4.0]",py38_baseline,profiler_py38_fix1,QHY411-3_SDSSr_full,151.2,49.77897357940674,15390.0,2026-08-31T14:09:46.132Z,14200.0,10650.0,SDSSr,M81,,11665.0,67.0,fix1,local,24.0879,0.0012,186.0,H100 (80 GB),2026-08-31 14:09:46.132000+00:00
azken,H100 PCIe,"3.8.10 (default, Nov 22 2023, 10:22:35) 
[GCC 9.4.0]",py38_baseline,profiler_py38_fix1,QHY411-3_SDSSr_full,151.2,60.87617421150208,15390.0,2026-08-31T14:10:51.247Z,14200.0,10650.0,SDSSr,M81,,458.0,65.0,fix1,local,24.0879,0.0012,186.0,H100 (80 GB),2026-08-31 14:10:51.247000+00:00
azken,H100 PCIe,"3.8.10 (default, Nov 22 2023, 10:22:35) 
[GCC 9.4.0]",py38_baseline,profiler_py38_fix1,QHY411-3_SDSSr_full,151.2,60.5612359046936,15390.0,2026-08-31T14:10:51.666Z,14200.0,10650.0,SDSSr,M81,,1489.0,66.0,fix1,local,24.0879,0.0012,186.0,H100 (80 GB),2026-08-31 14:10:51.666000+00:00
azken,H100 PCIe,"3.8.10 (default, Nov 22 2023, 10:22:35) 
[GCC 9.4.0]",py38_baseline,profiler_py38_fix1,QHY411-3_SDSSr_full,151.2,53.63793921470642,15390.0,2026-08-31T14:11:50.377Z,14200.0,10650.0,SDSSr,M81,,1489.0,65.0,fix1,local,24.0879,0.0012,186.0,H100 (80 GB),2026-08-31 14:11:50.377000+00:00
azken,H100 PCIe,"3.8.10 (default, Nov 22 2023, 10:22:35) 
[GCC 9.4.0]",py38_baseline,profiler_py38_fix1,QHY411-3_SDSSr_full,151.2,55.08359098434448,15390.0,2026-08-31T14:11:51.157Z,14200.0,10650.0,SDSSr,M81,,458.0,64.0,fix1,local,24.0879,0.0012,186.0,H100 (80 GB),2026-08-31 14:11:51.157000+00:00
azken,H100 PCIe,"3.8.10 (default, Nov 22 2023, 10:22:35) 
[GCC 9.4.0]",py38_baseline,profiler_py38_fix1,QHY411-3_SDSSr_full,151.2,58.40556812286377,15390.0,2026-08-31T14:12:53.500Z,14200.0,10650.0,SDSSr,M81,,458.0,65.0,fix1,local,24.0879,0.0012,186.0,H100 (80 GB),2026-08-31 14:12:53.500000+00:00
azken,H100 PCIe,"3.8.10 (default, Nov 22 2023, 10:22:35) 
[GCC 9.4.0]",py38_baseline,profiler_py38_fix1,QHY411-3_SDSSr_full,151.2,57.25256276130676,15390.0,2026-08-31T14:12:53.703Z,14200.0,10650.0,SDSSr,M81,,13479.0,67.0,fix1,local,24.0879,0.0012,186.0,H100 (80 GB),2026-08-31 14:12:53.703000+00:00
azken,H100 PCIe,"3.8.10 (default, Nov 22 2023, 10:22:35) 
[GCC 9.4.0]",py38_baseline,profiler_py38_fix1,QHY411-3_SDSSr_full,151.2,43.74654030799866,15390.0,2026-08-31T14:13:43.800Z,14200.0,10650.0,SDSSr,M81,,911.0,63.0,fix1,local,24.0879,0.0012,186.0,H100 (80 GB),2026-08-31 14:13:43.800000+00:00
azken,H100 PCIe,"3.8.10 (default, Nov 22 2023, 10:22:35) 
[GCC 9.4.0]",py38_baseline,profiler_py38_fix1,QHY411-3_SDSSr_full,151.2,44.79458236694336,15390.0,2026-08-31T14:13:44.663Z,14200.0,10650.0,SDSSr,M81,,911.0,63.0,fix1,local,24.0879,0.0012,186.0,H100 (80 GB),2026-08-31 14:13:44.663000+00:00
azken,H100 PCIe,"3.8.10 (default, Nov 22 2023, 10:22:35) 
[GCC 9.4.0]",py38_baseline,profiler_py38_fix1,QHY411-3_SDSSr_full,151.2,61.11918950080872,15390.0,2026-08-31T14:14:51.386Z,14200.0,10650.0,SDSSr,M81,,1637.0,65.0,fix1,local,24.0879,0.0012,186.0,H100 (80 GB),2026-08-31 14:14:51.386000+00:00
azken,H100 PCIe,"3.8.10 (default, Nov 22 2023, 10:22:35) 
[GCC 9.4.0]",py38_baseline,profiler_py38_fix1,QHY411-3_SDSSr_full,151.2,63.16686105728149,15390.0,2026-08-31T14:14:52.194Z,14200.0,10650.0,SDSSr,M81,,458.0,64.0,fix1,local,24.0879,0.0012,186.0,H100 (80 GB),2026-08-31 14:14:52.194000+00:00
azken,H100 PCIe,"3.8.10 (default, Nov 22 2023, 10:22:35) 
[GCC 9.4.0]",py38_baseline,profiler_py38_fix1,QHY411-3_SDSSr_full,151.2,59.60505676269531,15390.0,2026-08-31T14:15:58.014Z,14200.0,10650.0,SDSSr,M81,,1489.0,64.0,fix1,local,24.0879,0.0012,186.0,H100 (80 GB),2026-08-31 14:15:58.014000+00:00
azken,H100 PCIe,"3.8.10 (default, Nov 22 2023, 10:22:35) 
[GCC 9.4.0]",py38_baseline,profiler_py38_fix1,QHY411-3_SDSSr_full,151.2,60.09764361381531,15390.0,2026-08-31T14:15:58.093Z,14200.0,10650.0,SDSSr,M81,,458.0,64.0,fix1,local,24.0879,0.0012,186.0,H100 (80 GB),2026-08-31 14:15:58.093000+00:00
azken,H100 PCIe,"3.8.10 (default, Nov 22 2023, 10:22:35) 
[GCC 9.4.0]",py38_baseline,profiler_py38_fix1,QHY411-3_SDSSr_full,151.2,48.57369375228882,15390.0,2026-08-31T14:16:52.797Z,14200.0,10650.0,SDSSr,M81,,475.0,63.0,fix1,local,24.0879,0.0012,186.0,H100 (80 GB),2026-08-31 14:16:52.797000+00:00
azken,H100 PCIe,"3.8.10 (default, Nov 22 2023, 10:22:35) 
[GCC 9.4.0]",py38_baseline,profiler_py38_fix1,QHY411-3_SDSSr_full,151.2,51.889880895614624,15390.0,2026-08-31T14:16:56.329Z,14200.0,10650.0,SDSSr,M81,,911.0,63.0,fix1,local,24.0879,0.0012,186.0,H100 (80 GB),2026-08-31 14:16:56.329000+00:00
azken,H100 PCIe,"3.8.10 (default, Nov 22 2023, 10:22:35) 
[GCC 9.4.0]",py38_baseline,profiler_py38_fix1,QHY411-3_SDSSr_full,151.2,43.39046883583069,15390.0,2026-08-31T14:17:41.566Z,14200.0,10650.0,SDSSr,M81,,458.0,67.0,fix1,local,24.0879,0.0012,186.0,H100 (80 GB),2026-08-31 14:17:41.566000+00:00
azken,H100 PCIe,"3.8.10 (default, Nov 22 2023, 10:22:35) 
[GCC 9.4.0]",py38_baseline,profiler_py38_fix1,QHY411-3_SDSSr_full,151.2,40.967185497283936,15390.0,2026-08-31T14:17:42.689Z,14200.0,10650.0,SDSSr,M81,,11665.0,69.0,fix1,local,24.0879,0.0012,186.0,H100 (80 GB),2026-08-31 14:17:42.689000+00:00
azken,H100 PCIe,"3.8.10 (default, Nov 22 2023, 10:22:35) 
[GCC 9.4.0]",py38_baseline,profiler_py38_fix1,QHY411-3_SDSSr_full,151.2,51.2661018371582,15390.0,2026-08-31T14:18:39.050Z,14200.0,10650.0,SDSSr,M81,,458.0,64.0,fix1,local,24.0879,0.0012,186.0,H100 (80 GB),2026-08-31 14:18:39.050000+00:00
azken,H100 PCIe,"3.8.10 (default, Nov 22 2023, 10:22:35) 
[GCC 9.4.0]",py38_baseline,profiler_py38_fix1,QHY411-3_SDSSr_full,151.2,50.21449303627014,15390.0,2026-08-31T14:18:39.092Z,14200.0,10650.0,SDSSr,M81,,13479.0,67.0,fix1,local,24.0879,0.0012,186.0,H100 (80 GB),2026-08-31 14:18:39.092000+00:00
azken,H100 PCIe,"3.8.10 (default, Nov 22 2023, 10:22:35) 
[GCC 9.4.0]",py38_baseline,profiler_py38_fix1,QHY411-3_SDSSr_full,151.2,55.32870697975159,15390.0,2026-08-31T14:19:39.723Z,14200.0,10650.0,SDSSr,M81,,491.0,64.0,fix1,local,24.0879,0.0012,186.0,H100 (80 GB),2026-08-31 14:19:39.723000+00:00
azken,H100 PCIe,"3.8.10 (default, Nov 22 2023, 10:22:35) 
[GCC 9.4.0]",py38_baseline,profiler_py38_fix1,QHY411-3_SDSSr_full,151.2,55.69071912765503,15390.0,2026-08-31T14:19:40.238Z,14200.0,10650.0,SDSSr,M81,,911.0,64.0,fix1,local,24.0879,0.0012,186.0,H100 (80 GB),2026-08-31 14:19:40.238000+00:00
azken,H100 PCIe,"3.8.10 (default, Nov 22 2023, 10:22:35) 
[GCC 9.4.0]",py38_baseline,profiler_py38_fix1,QHY411-3_SDSSr_full,151.2,42.24728178977966,15390.0,2026-08-31T14:20:28.280Z,14200.0,10650.0,SDSSr,M81,,458.0,64.0,fix1,local,24.0879,0.0012,186.0,H100 (80 GB),2026-08-31 14:20:28.280000+00:00
azken,H100 PCIe,"3.12.3 (main, Mar  3 2026, 12:15:18) [GCC 13.3.0]",py312_cuml_adaptive,profiler_cuml_adaptive_fix1,QHY411-3_SDSSr_full,151.2,43.56634426116944,15390.0,2026-08-31T14:21:26.642Z,14200.0,10650.0,SDSSr,M81,,8977.0,65.0,fix1,local,24.0872,0.0011,184.0,H100 (80 GB),2026-08-31 14:21:26.642000+00:00
azken,H100 PCIe,"3.12.3 (main, Mar  3 2026, 12:15:18) [GCC 13.3.0]",py312_cuml_adaptive,profiler_cuml_adaptive_fix1,QHY411-3_SDSSr_full,151.2,36.77295017242432,15390.0,2026-08-31T14:22:03.600Z,14200.0,10650.0,SDSSr,M81,,1343.0,67.0,fix1,local,24.0872,0.0011,184.0,H100 (80 GB),2026-08-31 14:22:03.600000+00:00
azken,H100 PCIe,"3.12.3 (main, Mar  3 2026, 12:15:18) [GCC 13.3.0]",py312_cuml_adaptive,profiler_cuml_adaptive_fix1,QHY411-3_SDSSr_full,151.2,33.76004648208618,15390.0,2026-08-31T14:22:08.856Z,14200.0,10650.0,SDSSr,M81,,17857.0,69.0,fix1,local,24.0872,0.0011,184.0,H100 (80 GB),2026-08-31 14:22:08.856000+00:00
azken,H100 PCIe,"3.12.3 (main, Mar  3 2026, 12:15:18) [GCC 13.3.0]",py312_cuml_adaptive,profiler_cuml_adaptive_fix1,QHY411-3_SDSSr_full,151.2,40.22542810440064,15390.0,2026-08-31T14:22:54.416Z,14200.0,10650.0,SDSSr,M81,,458.0,65.0,fix1,local,24.0872,0.0011,184.0,H100 (80 GB),2026-08-31 14:22:54.416000+00:00
azken,H100 PCIe,"3.12.3 (main, Mar  3 2026, 12:15:18) [GCC 13.3.0]",py312_cuml_adaptive,profiler_cuml_adaptive_fix1,QHY411-3_SDSSr_full,151.2,34.79055953025818,15390.0,2026-08-31T14:22:55.744Z,14200.0,10650.0,SDSSr,M81,,11675.0,67.0,fix1,local,24.0872,0.0011,184.0,H100 (80 GB),2026-08-31 14:22:55.744000+00:00
azken,H100 PCIe,"3.12.3 (main, Mar  3 2026, 12:15:18) [GCC 13.3.0]",py312_cuml_adaptive,profiler_cuml_adaptive_fix1,QHY411-3_SDSSr_full,151.2,40.26731848716736,15390.0,2026-08-31T14:23:43.035Z,14200.0,10650.0,SDSSr,M81,,458.0,64.0,fix1,local,24.0872,0.0011,184.0,H100 (80 GB),2026-08-31 14:23:43.035000+00:00
azken,H100 PCIe,"3.12.3 (main, Mar  3 2026, 12:15:18) [GCC 13.3.0]",py312_cuml_adaptive,profiler_cuml_adaptive_fix1,QHY411-3_SDSSr_full,151.2,39.80328321456909,15390.0,2026-08-31T14:23:43.749Z,14200.0,10650.0,SDSSr,M81,,1637.0,65.0,fix1,local,24.0872,0.0011,184.0,H100 (80 GB),2026-08-31 14:23:43.749000+00:00
azken,H100 PCIe,"3.12.3 (main, Mar  3 2026, 12:15:18) [GCC 13.3.0]",py312_cuml_adaptive,profiler_cuml_adaptive_fix1,QHY411-3_SDSSr_full,151.2,40.06912851333618,15390.0,2026-08-31T14:24:32.669Z,14200.0,10650.0,SDSSr,M81,,1489.0,63.0,fix1,local,24.0872,0.0011,184.0,H100 (80 GB),2026-08-31 14:24:32.669000+00:00
azken,H100 PCIe,"3.12.3 (main, Mar  3 2026, 12:15:18) [GCC 13.3.0]",py312_cuml_adaptive,profiler_cuml_adaptive_fix1,QHY411-3_SDSSr_full,151.2,41.18181824684143,15390.0,2026-08-31T14:24:33.510Z,14200.0,10650.0,SDSSr,M81,,458.0,63.0,fix1,local,24.0872,0.0011,184.0,H100 (80 GB),2026-08-31 14:24:33.510000+00:00
azken,H100 PCIe,"3.12.3 (main, Mar  3 2026, 12:15:18) [GCC 13.3.0]",py312_cuml_adaptive,profiler_cuml_adaptive_fix1,QHY411-3_SDSSr_full,151.2,39.6949098110199,15390.0,2026-08-31T14:25:22.463Z,14200.0,10650.0,SDSSr,M81,,458.0,63.0,fix1,local,24.0872,0.0011,184.0,H100 (80 GB),2026-08-31 14:25:22.463000+00:00
azken,H100 PCIe,"3.12.3 (main, Mar  3 2026, 12:15:18) [GCC 13.3.0]",py312_cuml_adaptive,profiler_cuml_adaptive_fix1,QHY411-3_SDSSr_full,151.2,39.66022992134094,15390.0,2026-08-31T14:25:23.876Z,14200.0,10650.0,SDSSr,M81,,4961.0,65.0,fix1,local,24.0872,0.0011,184.0,H100 (80 GB),2026-08-31 14:25:23.876000+00:00
azken,H100 PCIe,"3.12.3 (main, Mar  3 2026, 12:15:18) [GCC 13.3.0]",py312_cuml_adaptive,profiler_cuml_adaptive_fix1,QHY411-3_SDSSr_full,151.2,44.22414994239807,15390.0,2026-08-31T14:26:16.791Z,14200.0,10650.0,SDSSr,M81,,458.0,63.0,fix1,local,24.0872,0.0011,184.0,H100 (80 GB),2026-08-31 14:26:16.791000+00:00
azken,H100 PCIe,"3.12.3 (main, Mar  3 2026, 12:15:18) [GCC 13.3.0]",py312_cuml_adaptive,profiler_cuml_adaptive_fix1,QHY411-3_SDSSr_full,151.2,42.6376097202301,15390.0,2026-08-31T14:26:17.321Z,14200.0,10650.0,SDSSr,M81,,4961.0,65.0,fix1,local,24.0872,0.0011,184.0,H100 (80 GB),2026-08-31 14:26:17.321000+00:00
azken,H100 PCIe,"3.12.3 (main, Mar  3 2026, 12:15:18) [GCC 13.3.0]",py312_cuml_adaptive,profiler_cuml_adaptive_fix1,QHY411-3_SDSSr_full,151.2,35.56740951538086,15390.0,2026-08-31T14:28:25.637Z,14200.0,10650.0,SDSSr,M81,,458.0,53.0,fix1,local,24.0872,0.0011,184.0,H100 (80 GB),2026-08-31 14:28:25.637000+00:00
azken,H100 PCIe,"3.12.3 (main, Mar  3 2026, 12:15:18) [GCC 13.3.0]",py312_cuml_adaptive,profiler_cuml_adaptive_fix1,QHY411-3_SDSSr_full,151.2,35.02032113075256,15390.0,2026-08-31T14:28:29.662Z,14200.0,10650.0,SDSSr,M81,,11663.0,58.0,fix1,local,24.0872,0.0011,184.0,H100 (80 GB),2026-08-31 14:28:29.662000+00:00
azken,H100 PCIe,"3.12.3 (main, Mar  3 2026, 12:15:18) [GCC 13.3.0]",py312_cuml_adaptive,profiler_cuml_adaptive_fix1,QHY411-3_SDSSr_full,151.2,42.00988698005676,15390.0,2026-08-31T14:29:17.210Z,14200.0,10650.0,SDSSr,M81,,458.0,61.0,fix1,local,24.0872,0.0011,184.0,H100 (80 GB),2026-08-31 14:29:17.210000+00:00
azken,H100 PCIe,"3.12.3 (main, Mar  3 2026, 12:15:18) [GCC 13.3.0]",py312_cuml_adaptive,profiler_cuml_adaptive_fix1,QHY411-3_SDSSr_full,151.2,41.88750886917114,15390.0,2026-08-31T14:29:21.263Z,14200.0,10650.0,SDSSr,M81,,12903.0,63.0,fix1,local,24.0872,0.0011,184.0,H100 (80 GB),2026-08-31 14:29:21.263000+00:00
azken,H100 PCIe,"3.12.3 (main, Mar  3 2026, 12:15:18) [GCC 13.3.0]",py312_cuml_adaptive,profiler_cuml_adaptive_fix1,QHY411-3_SDSSr_full,151.2,35.49512982368469,15390.0,2026-08-31T14:30:03.195Z,14200.0,10650.0,SDSSr,M81,,458.0,62.0,fix1,local,24.0872,0.0011,184.0,H100 (80 GB),2026-08-31 14:30:03.195000+00:00
azken,H100 PCIe,"3.12.3 (main, Mar  3 2026, 12:15:18) [GCC 13.3.0]",py312_cuml_adaptive,profiler_cuml_adaptive_fix1,QHY411-3_SDSSr_full,151.2,45.83724236488342,15390.0,2026-08-31T14:30:16.448Z,14200.0,10650.0,SDSSr,M81,,6115.0,64.0,fix1,local,24.0872,0.0011,184.0,H100 (80 GB),2026-08-31 14:30:16.448000+00:00
azken,H100 PCIe,"3.12.3 (main, Mar  3 2026, 12:15:18) [GCC 13.3.0]",py312_cuml_adaptive,profiler_cuml_adaptive_fix1,QHY411-3_SDSSr_full,151.2,37.20225882530213,15390.0,2026-08-31T14:30:48.989Z,14200.0,10650.0,SDSSr,M81,,11643.0,66.0,fix1,local,24.0872,0.0011,184.0,H100 (80 GB),2026-08-31 14:30:48.989000+00:00
azken,H100 PCIe,"3.12.3 (main, Mar  3 2026, 12:15:18) [GCC 13.3.0]",py312_cuml_adaptive,profiler_cuml_adaptive_fix1,QHY411-3_SDSSr_full,151.2,36.44133186340332,15390.0,2026-08-31T14:31:01.618Z,14200.0,10650.0,SDSSr,M81,,10157.0,66.0,fix1,local,24.0872,0.0011,184.0,H100 (80 GB),2026-08-31 14:31:01.618000+00:00
azken,H100 PCIe,"3.12.3 (main, Mar  3 2026, 12:15:18) [GCC 13.3.0]",py312_cuml_adaptive,profiler_cuml_adaptive_fix1,QHY411-3_SDSSr_full,151.2,29.630040645599365,15390.0,2026-08-31T14:31:41.888Z,14200.0,10650.0,SDSSr,M81,,6761.0,66.0,fix1,local,24.0872,0.0011,184.0,H100 (80 GB),2026-08-31 14:31:41.888000+00:00
azken,H100 PCIe,"3.8.10 (default, Nov 22 2023, 10:22:35) 
[GCC 9.4.0]",py38_baseline,profiler_py38_fix1,QHY600-3_Lum,6.8,7.699318408966064,8093.0,2026-08-31T12:47:35.245Z,3191.0,2129.0,Lum,C2025R2,,6755.0,64.0,fix1,local,26.8056,0.0082,8.0,H100 (80 GB),2026-08-31 12:47:35.245000+00:00
azken,H100 PCIe,"3.8.10 (default, Nov 22 2023, 10:22:35) 
[GCC 9.4.0]",py38_baseline,profiler_py38_fix1,QHY600-3_Lum,6.8,7.91421627998352,8093.0,2026-08-31T12:47:45.866Z,3191.0,2129.0,Lum,C2025R2,,458.0,63.0,fix1,local,26.8056,0.0082,8.0,H100 (80 GB),2026-08-31 12:47:45.866000+00:00
azken,H100 PCIe,"3.8.10 (default, Nov 22 2023, 10:22:35) 
[GCC 9.4.0]",py38_baseline,profiler_py38_fix1,QHY600-3_Lum,6.8,7.532001733779907,8093.0,2026-08-31T12:47:47.138Z,3191.0,2129.0,Lum,C2025R2,,5017.0,64.0,fix1,local,26.8056,0.0082,8.0,H100 (80 GB),2026-08-31 12:47:47.138000+00:00
azken,H100 PCIe,"3.8.10 (default, Nov 22 2023, 10:22:35) 
[GCC 9.4.0]",py38_baseline,profiler_py38_fix1,QHY600-3_Lum,6.8,8.043937921524048,8093.0,2026-08-31T12:47:58.443Z,3191.0,2129.0,Lum,C2025R2,,458.0,63.0,fix1,local,26.8056,0.0082,8.0,H100 (80 GB),2026-08-31 12:47:58.443000+00:00
azken,H100 PCIe,"3.8.10 (default, Nov 22 2023, 10:22:35) 
[GCC 9.4.0]",py38_baseline,profiler_py38_fix1,QHY600-3_Lum,6.8,7.866690397262573,8093.0,2026-08-31T12:47:59.476Z,3191.0,2129.0,Lum,C2025R2,,5441.0,64.0,fix1,local,26.8056,0.0082,8.0,H100 (80 GB),2026-08-31 12:47:59.476000+00:00
azken,H100 PCIe,"3.8.10 (default, Nov 22 2023, 10:22:35) 
[GCC 9.4.0]",py38_baseline,profiler_py38_fix1,QHY600-3_Lum,6.8,7.8372697830200195,8093.0,2026-08-31T12:48:13.476Z,3191.0,2129.0,Lum,C2025R2,,3633.0,63.0,fix1,local,26.8056,0.0082,8.0,H100 (80 GB),2026-08-31 12:48:13.476000+00:00
azken,H100 PCIe,"3.8.10 (default, Nov 22 2023, 10:22:35) 
[GCC 9.4.0]",py38_baseline,profiler_py38_fix1,QHY600-3_Lum,6.8,8.25827169418335,8093.0,2026-08-31T12:48:28.566Z,3191.0,2129.0,Lum,C2025R2,,458.0,62.0,fix1,local,26.8056,0.0082,8.0,H100 (80 GB),2026-08-31 12:48:28.566000+00:00
azken,H100 PCIe,"3.8.10 (default, Nov 22 2023, 10:22:35) 
[GCC 9.4.0]",py38_baseline,profiler_py38_fix1,QHY600-3_Lum,6.8,9.574228525161743,8093.0,2026-08-31T12:48:30.585Z,3191.0,2129.0,Lum,C2025R2,,2289.0,63.0,fix1,local,26.8056,0.0082,8.0,H100 (80 GB),2026-08-31 12:48:30.585000+00:00
azken,H100 PCIe,"3.8.10 (default, Nov 22 2023, 10:22:35) 
[GCC 9.4.0]",py38_baseline,profiler_py38_fix1,QHY600-3_Lum,6.8,7.347840070724487,8093.0,2026-08-31T12:48:43.746Z,3191.0,2129.0,Lum,C2025R2,,5017.0,64.0,fix1,local,26.8056,0.0082,8.0,H100 (80 GB),2026-08-31 12:48:43.746000+00:00
azken,H100 PCIe,"3.8.10 (default, Nov 22 2023, 10:22:35) 
[GCC 9.4.0]",py38_baseline,profiler_py38_fix1,QHY600-3_Lum,6.8,7.891578674316406,8093.0,2026-08-31T12:48:56.658Z,3191.0,2129.0,Lum,C2025R2,,945.0,62.0,fix1,local,26.8056,0.0082,8.0,H100 (80 GB),2026-08-31 12:48:56.658000+00:00
azken,H100 PCIe,"3.8.10 (default, Nov 22 2023, 10:22:35) 
[GCC 9.4.0]",py38_baseline,profiler_py38_fix1,QHY600-3_Lum,6.8,8.009420156478882,8093.0,2026-08-31T12:48:56.714Z,3191.0,2129.0,Lum,C2025R2,,911.0,62.0,fix1,local,26.8056,0.0082,8.0,H100 (80 GB),2026-08-31 12:48:56.714000+00:00
azken,H100 PCIe,"3.8.10 (default, Nov 22 2023, 10:22:35) 
[GCC 9.4.0]",py38_baseline,profiler_py38_fix1,QHY600-3_Lum,6.8,7.481235504150391,8093.0,2026-08-31T12:49:08.896Z,3191.0,2129.0,Lum,C2025R2,,458.0,62.0,fix1,local,26.8056,0.0082,8.0,H100 (80 GB),2026-08-31 12:49:08.896000+00:00
azken,H100 PCIe,"3.8.10 (default, Nov 22 2023, 10:22:35) 
[GCC 9.4.0]",py38_baseline,profiler_py38_fix1,QHY600-3_Lum,6.8,8.814965963363647,8093.0,2026-08-31T12:49:23.435Z,3191.0,2129.0,Lum,C2025R2,,458.0,63.0,fix1,local,26.8056,0.0082,8.0,H100 (80 GB),2026-08-31 12:49:23.435000+00:00
azken,H100 PCIe,"3.8.10 (default, Nov 22 2023, 10:22:35) 
[GCC 9.4.0]",py38_baseline,profiler_py38_fix1,QHY600-3_Lum,6.8,7.314857721328735,8093.0,2026-08-31T12:49:23.736Z,3191.0,2129.0,Lum,C2025R2,,5017.0,64.0,fix1,local,26.8056,0.0082,8.0,H100 (80 GB),2026-08-31 12:49:23.736000+00:00
azken,H100 PCIe,"3.8.10 (default, Nov 22 2023, 10:22:35) 
[GCC 9.4.0]",py38_baseline,profiler_py38_fix1,QHY600-3_Lum,6.8,8.479263305664062,8093.0,2026-08-31T12:49:38.082Z,3191.0,2129.0,Lum,C2025R2,,458.0,61.0,fix1,local,26.8056,0.0082,8.0,H100 (80 GB),2026-08-31 12:49:38.082000+00:00
azken,H100 PCIe,"3.8.10 (default, Nov 22 2023, 10:22:35) 
[GCC 9.4.0]",py38_baseline,profiler_py38_fix1,QHY600-3_Lum,6.8,8.625498533248901,8093.0,2026-08-31T12:50:14.444Z,3191.0,2129.0,Lum,C2025R2,,3557.0,64.0,fix1,local,26.8056,0.0082,8.0,H100 (80 GB),2026-08-31 12:50:14.444000+00:00
azken,H100 PCIe,"3.8.10 (default, Nov 22 2023, 10:22:35) 
[GCC 9.4.0]",py38_baseline,profiler_py38_fix1,QHY600-3_Lum,6.8,7.981661796569824,8093.0,2026-08-31T12:50:28.287Z,3191.0,2129.0,Lum,C2025R2,,458.0,63.0,fix1,local,26.8056,0.0082,8.0,H100 (80 GB),2026-08-31 12:50:28.287000+00:00
azken,H100 PCIe,"3.12.3 (main, Mar  3 2026, 12:15:18) [GCC 13.3.0]",py312_cuml_adaptive,profiler_cuml_adaptive_fix1,QHY600-3_Lum,6.8,10.189973831176758,8093.0,2026-08-31T12:43:40.475Z,3191.0,2129.0,Lum,C2025R2,,458.0,60.0,fix1,local,26.8056,0.0082,8.0,H100 (80 GB),2026-08-31 12:43:40.475000+00:00
azken,H100 PCIe,"3.12.3 (main, Mar  3 2026, 12:15:18) [GCC 13.3.0]",py312_cuml_adaptive,profiler_cuml_adaptive_fix1,QHY600-3_Lum,6.8,9.84495234489441,8093.0,2026-08-31T12:43:46.976Z,3191.0,2129.0,Lum,C2025R2,,6755.0,62.0,fix1,local,26.8056,0.0082,8.0,H100 (80 GB),2026-08-31 12:43:46.976000+00:00
azken,H100 PCIe,"3.12.3 (main, Mar  3 2026, 12:15:18) [GCC 13.3.0]",py312_cuml_adaptive,profiler_cuml_adaptive_fix1,QHY600-3_Lum,6.8,10.919707536697388,8093.0,2026-08-31T12:44:02.009Z,3191.0,2129.0,Lum,C2025R2,,458.0,63.0,fix1,local,26.8056,0.0082,8.0,H100 (80 GB),2026-08-31 12:44:02.009000+00:00
azken,H100 PCIe,"3.12.3 (main, Mar  3 2026, 12:15:18) [GCC 13.3.0]",py312_cuml_adaptive,profiler_cuml_adaptive_fix1,QHY600-3_Lum,6.8,9.220520734786987,8093.0,2026-08-31T12:44:07.753Z,3191.0,2129.0,Lum,C2025R2,,6755.0,63.0,fix1,local,26.8056,0.0082,8.0,H100 (80 GB),2026-08-31 12:44:07.753000+00:00
azken,H100 PCIe,"3.12.3 (main, Mar  3 2026, 12:15:18) [GCC 13.3.0]",py312_cuml_adaptive,profiler_cuml_adaptive_fix1,QHY600-3_Lum,6.8,10.614949941635132,8093.0,2026-08-31T12:44:22.943Z,3191.0,2129.0,Lum,C2025R2,,458.0,63.0,fix1,local,26.8056,0.0082,8.0,H100 (80 GB),2026-08-31 12:44:22.943000+00:00
azken,H100 PCIe,"3.12.3 (main, Mar  3 2026, 12:15:18) [GCC 13.3.0]",py312_cuml_adaptive,profiler_cuml_adaptive_fix1,QHY600-3_Lum,6.8,7.481695652008057,8093.0,2026-08-31T12:44:23.561Z,3191.0,2129.0,Lum,C2025R2,,5015.0,63.0,fix1,local,26.8056,0.0082,8.0,H100 (80 GB),2026-08-31 12:44:23.561000+00:00
azken,H100 PCIe,"3.12.3 (main, Mar  3 2026, 12:15:18) [GCC 13.3.0]",py312_cuml_adaptive,profiler_cuml_adaptive_fix1,QHY600-3_Lum,6.8,10.172253131866457,8093.0,2026-08-31T12:44:44.634Z,3191.0,2129.0,Lum,C2025R2,,2289.0,61.0,fix1,local,26.8056,0.0082,8.0,H100 (80 GB),2026-08-31 12:44:44.634000+00:00
azken,H100 PCIe,"3.12.3 (main, Mar  3 2026, 12:15:18) [GCC 13.3.0]",py312_cuml_adaptive,profiler_cuml_adaptive_fix1,QHY600-3_Lum,6.8,12.09532594680786,8093.0,2026-08-31T12:44:45.240Z,3191.0,2129.0,Lum,C2025R2,,458.0,59.0,fix1,local,26.8056,0.0082,8.0,H100 (80 GB),2026-08-31 12:44:45.240000+00:00
azken,H100 PCIe,"3.12.3 (main, Mar  3 2026, 12:15:18) [GCC 13.3.0]",py312_cuml_adaptive,profiler_cuml_adaptive_fix1,QHY600-3_Lum,6.8,9.855631113052368,8093.0,2026-08-31T12:45:04.438Z,3191.0,2129.0,Lum,C2025R2,,458.0,59.0,fix1,local,26.8056,0.0082,8.0,H100 (80 GB),2026-08-31 12:45:04.438000+00:00
azken,H100 PCIe,"3.12.3 (main, Mar  3 2026, 12:15:18) [GCC 13.3.0]",py312_cuml_adaptive,profiler_cuml_adaptive_fix1,QHY600-3_Lum,6.8,13.210250616073608,8093.0,2026-08-31T12:45:08.828Z,3191.0,2129.0,Lum,C2025R2,,2343.0,60.0,fix1,local,26.8056,0.0082,8.0,H100 (80 GB),2026-08-31 12:45:08.828000+00:00
azken,H100 PCIe,"3.12.3 (main, Mar  3 2026, 12:15:18) [GCC 13.3.0]",py312_cuml_adaptive,profiler_cuml_adaptive_fix1,QHY600-3_Lum,6.8,10.819656133651732,8093.0,2026-08-31T12:45:23.849Z,3191.0,2129.0,Lum,C2025R2,,458.0,61.0,fix1,local,26.8056,0.0082,8.0,H100 (80 GB),2026-08-31 12:45:23.849000+00:00
azken,H100 PCIe,"3.12.3 (main, Mar  3 2026, 12:15:18) [GCC 13.3.0]",py312_cuml_adaptive,profiler_cuml_adaptive_fix1,QHY600-3_Lum,6.8,12.507518529891968,8093.0,2026-08-31T12:45:31.286Z,3191.0,2129.0,Lum,C2025R2,,6591.0,63.0,fix1,local,26.8056,0.0082,8.0,H100 (80 GB),2026-08-31 12:45:31.286000+00:00
azken,H100 PCIe,"3.12.3 (main, Mar  3 2026, 12:15:18) [GCC 13.3.0]",py312_cuml_adaptive,profiler_cuml_adaptive_fix1,QHY600-3_Lum,6.8,9.07565689086914,8093.0,2026-08-31T12:45:43.255Z,3191.0,2129.0,Lum,C2025R2,,458.0,62.0,fix1,local,26.8056,0.0082,8.0,H100 (80 GB),2026-08-31 12:45:43.255000+00:00
azken,H100 PCIe,"3.12.3 (main, Mar  3 2026, 12:15:18) [GCC 13.3.0]",py312_cuml_adaptive,profiler_cuml_adaptive_fix1,QHY600-3_Lum,6.8,8.875160694122314,8093.0,2026-08-31T12:45:49.104Z,3191.0,2129.0,Lum,C2025R2,,6755.0,63.0,fix1,local,26.8056,0.0082,8.0,H100 (80 GB),2026-08-31 12:45:49.104000+00:00
azken,H100 PCIe,"3.12.3 (main, Mar  3 2026, 12:15:18) [GCC 13.3.0]",py312_cuml_adaptive,profiler_cuml_adaptive_fix1,QHY600-3_Lum,6.8,12.789777994155884,8093.0,2026-08-31T12:46:05.194Z,3191.0,2129.0,Lum,C2025R2,,458.0,63.0,fix1,local,26.8056,0.0082,8.0,H100 (80 GB),2026-08-31 12:46:05.194000+00:00
azken,H100 PCIe,"3.12.3 (main, Mar  3 2026, 12:15:18) [GCC 13.3.0]",py312_cuml_adaptive,profiler_cuml_adaptive_fix1,QHY600-3_Lum,6.8,12.972902297973633,8093.0,2026-08-31T12:46:11.513Z,3191.0,2129.0,Lum,C2025R2,,6867.0,63.0,fix1,local,26.8056,0.0082,8.0,H100 (80 GB),2026-08-31 12:46:11.513000+00:00
azken,H100 PCIe,"3.12.3 (main, Mar  3 2026, 12:15:18) [GCC 13.3.0]",py312_cuml_adaptive,profiler_cuml_adaptive_fix1,QHY600-3_Lum,6.8,10.01414179801941,8093.0,2026-08-31T12:46:25.280Z,3191.0,2129.0,Lum,C2025R2,,458.0,63.0,fix1,local,26.8056,0.0082,8.0,H100 (80 GB),2026-08-31 12:46:25.280000+00:00
azken,H100 PCIe,"3.12.3 (main, Mar  3 2026, 12:15:18) [GCC 13.3.0]",py312_cuml_adaptive,profiler_cuml_adaptive_fix1,QHY600-3_Lum,6.8,9.498400449752808,8093.0,2026-08-31T12:46:29.639Z,3191.0,2129.0,Lum,C2025R2,,6867.0,63.0,fix1,local,26.8056,0.0082,8.0,H100 (80 GB),2026-08-31 12:46:29.639000+00:00
azken,H100 PCIe,"3.12.3 (main, Mar  3 2026, 12:15:18) [GCC 13.3.0]",py312_cuml_adaptive,profiler_cuml_adaptive_fix1,QHY600-3_Lum,6.8,8.94650673866272,8093.0,2026-08-31T12:46:42.311Z,3191.0,2129.0,Lum,C2025R2,,458.0,63.0,fix1,local,26.8056,0.0082,8.0,H100 (80 GB),2026-08-31 12:46:42.311000+00:00
azken,H100 PCIe,"3.12.3 (main, Mar  3 2026, 12:15:18) [GCC 13.3.0]",py312_cuml_adaptive,profiler_cuml_adaptive_fix1,QHY600-3_Lum,6.8,9.55440616607666,8093.0,2026-08-31T12:46:48.028Z,3191.0,2129.0,Lum,C2025R2,,6755.0,64.0,fix1,local,26.8056,0.0082,8.0,H100 (80 GB),2026-08-31 12:46:48.028000+00:00
azken,H100 PCIe,"3.12.3 (main, Mar  3 2026, 12:15:18) [GCC 13.3.0]",py312_cuml_adaptive,profiler_cuml_adaptive_fix1,QHY600-3_Lum,6.8,9.684149980545044,8093.0,2026-08-31T12:47:03.684Z,3191.0,2129.0,Lum,C2025R2,,458.0,62.0,fix1,local,26.8056,0.0082,8.0,H100 (80 GB),2026-08-31 12:47:03.684000+00:00
azken,H100 PCIe,"3.12.3 (main, Mar  3 2026, 12:15:18) [GCC 13.3.0]",py312_cuml_adaptive,profiler_cuml_adaptive_fix1,QHY600-3_Lum,6.8,14.207043409347534,8093.0,2026-08-31T12:47:28.347Z,3191.0,2129.0,Lum,C2025R2,,458.0,62.0,fix1,local,26.8056,0.0082,8.0,H100 (80 GB),2026-08-31 12:47:28.347000+00:00
azken,H100 PCIe,"3.8.10 (default, Nov 22 2023, 10:22:35) 
[GCC 9.4.0]",py38_baseline,profiler_py38_fix1,QHY600-3_SDSSi_2k,6.8,8.064507961273193,3515.0,2026-08-31T14:35:53.046Z,3191.0,2129.0,SDSSi,Atira,,458.0,63.0,fix1,local,22.0127,0.0015,177.0,H100 (80 GB),2026-08-31 14:35:53.046000+00:00
azken,H100 PCIe,"3.8.10 (default, Nov 22 2023, 10:22:35) 
[GCC 9.4.0]",py38_baseline,profiler_py38_fix1,QHY600-3_SDSSi_2k,6.8,8.755831480026245,3515.0,2026-08-31T14:36:06.772Z,3191.0,2129.0,SDSSi,Atira,,1295.0,65.0,fix1,local,22.0127,0.0015,177.0,H100 (80 GB),2026-08-31 14:36:06.772000+00:00
azken,H100 PCIe,"3.8.10 (default, Nov 22 2023, 10:22:35) 
[GCC 9.4.0]",py38_baseline,profiler_py38_fix1,QHY600-3_SDSSi_2k,6.8,8.348020792007446,3515.0,2026-08-31T14:36:16.022Z,3191.0,2129.0,SDSSi,Atira,,1267.0,65.0,fix1,local,22.0127,0.0015,177.0,H100 (80 GB),2026-08-31 14:36:16.022000+00:00
azken,H100 PCIe,"3.8.10 (default, Nov 22 2023, 10:22:35) 
[GCC 9.4.0]",py38_baseline,profiler_py38_fix1,QHY600-3_SDSSi_2k,6.8,8.479708433151245,3515.0,2026-08-31T14:36:20.646Z,3191.0,2129.0,SDSSi,Atira,,6733.0,65.0,fix1,local,22.0127,0.0015,177.0,H100 (80 GB),2026-08-31 14:36:20.646000+00:00
azken,H100 PCIe,"3.8.10 (default, Nov 22 2023, 10:22:35) 
[GCC 9.4.0]",py38_baseline,profiler_py38_fix1,QHY600-3_SDSSi_2k,6.8,9.020525455474854,3515.0,2026-08-31T14:36:30.208Z,3191.0,2129.0,SDSSi,Atira,,929.0,65.0,fix1,local,22.0127,0.0015,177.0,H100 (80 GB),2026-08-31 14:36:30.208000+00:00
azken,H100 PCIe,"3.8.10 (default, Nov 22 2023, 10:22:35) 
[GCC 9.4.0]",py38_baseline,profiler_py38_fix1,QHY600-3_SDSSi_2k,6.8,9.878935098648071,3515.0,2026-08-31T14:36:35.161Z,3191.0,2129.0,SDSSi,Atira,,6735.0,66.0,fix1,local,22.0127,0.0015,177.0,H100 (80 GB),2026-08-31 14:36:35.161000+00:00
azken,H100 PCIe,"3.8.10 (default, Nov 22 2023, 10:22:35) 
[GCC 9.4.0]",py38_baseline,profiler_py38_fix1,QHY600-3_SDSSi_2k,6.8,10.131125926971436,3515.0,2026-08-31T14:36:50.903Z,3191.0,2129.0,SDSSi,Atira,,6733.0,65.0,fix1,local,22.0127,0.0015,177.0,H100 (80 GB),2026-08-31 14:36:50.903000+00:00
azken,H100 PCIe,"3.8.10 (default, Nov 22 2023, 10:22:35) 
[GCC 9.4.0]",py38_baseline,profiler_py38_fix1,QHY600-3_SDSSi_2k,6.8,8.813231229782104,3515.0,2026-08-31T14:37:00.103Z,3191.0,2129.0,SDSSi,Atira,,1267.0,65.0,fix1,local,22.0127,0.0015,177.0,H100 (80 GB),2026-08-31 14:37:00.103000+00:00
azken,H100 PCIe,"3.8.10 (default, Nov 22 2023, 10:22:35) 
[GCC 9.4.0]",py38_baseline,profiler_py38_fix1,QHY600-3_SDSSi_2k,6.8,9.040899753570557,3515.0,2026-08-31T14:37:04.946Z,3191.0,2129.0,SDSSi,Atira,,6733.0,65.0,fix1,local,22.0127,0.0015,177.0,H100 (80 GB),2026-08-31 14:37:04.946000+00:00
azken,H100 PCIe,"3.8.10 (default, Nov 22 2023, 10:22:35) 
[GCC 9.4.0]",py38_baseline,profiler_py38_fix1,QHY600-3_SDSSi_2k,6.8,10.00805163383484,3515.0,2026-08-31T14:37:16.386Z,3191.0,2129.0,SDSSi,Atira,,458.0,65.0,fix1,local,22.0127,0.0015,177.0,H100 (80 GB),2026-08-31 14:37:16.386000+00:00
azken,H100 PCIe,"3.8.10 (default, Nov 22 2023, 10:22:35) 
[GCC 9.4.0]",py38_baseline,profiler_py38_fix1,QHY600-3_SDSSi_2k,6.8,8.998944997787476,3515.0,2026-08-31T14:37:18.553Z,3191.0,2129.0,SDSSi,Atira,,6935.0,66.0,fix1,local,22.0127,0.0015,177.0,H100 (80 GB),2026-08-31 14:37:18.553000+00:00
azken,H100 PCIe,"3.8.10 (default, Nov 22 2023, 10:22:35) 
[GCC 9.4.0]",py38_baseline,profiler_py38_fix1,QHY600-3_SDSSi_2k,6.8,10.0337016582489,3515.0,2026-08-31T14:37:32.420Z,3191.0,2129.0,SDSSi,Atira,,458.0,65.0,fix1,local,22.0127,0.0015,177.0,H100 (80 GB),2026-08-31 14:37:32.420000+00:00
azken,H100 PCIe,"3.8.10 (default, Nov 22 2023, 10:22:35) 
[GCC 9.4.0]",py38_baseline,profiler_py38_fix1,QHY600-3_SDSSi_2k,6.8,8.565608978271484,3515.0,2026-08-31T14:37:32.730Z,3191.0,2129.0,SDSSi,Atira,,5017.0,66.0,fix1,local,22.0127,0.0015,177.0,H100 (80 GB),2026-08-31 14:37:32.730000+00:00
azken,H100 PCIe,"3.8.10 (default, Nov 22 2023, 10:22:35) 
[GCC 9.4.0]",py38_baseline,profiler_py38_fix1,QHY600-3_SDSSi_2k,6.8,9.407814741134644,3515.0,2026-08-31T14:37:47.151Z,3191.0,2129.0,SDSSi,Atira,,489.0,63.0,fix1,local,22.0127,0.0015,177.0,H100 (80 GB),2026-08-31 14:37:47.151000+00:00
azken,H100 PCIe,"3.8.10 (default, Nov 22 2023, 10:22:35) 
[GCC 9.4.0]",py38_baseline,profiler_py38_fix1,QHY600-3_SDSSi_2k,6.8,7.664551973342895,3515.0,2026-08-31T14:38:00.616Z,3191.0,2129.0,SDSSi,Atira,,1267.0,65.0,fix1,local,22.0127,0.0015,177.0,H100 (80 GB),2026-08-31 14:38:00.616000+00:00
azken,H100 PCIe,"3.8.10 (default, Nov 22 2023, 10:22:35) 
[GCC 9.4.0]",py38_baseline,profiler_py38_fix1,QHY600-3_SDSSi_2k,6.8,8.148571491241455,3515.0,2026-08-31T14:38:05.165Z,3191.0,2129.0,SDSSi,Atira,,6733.0,65.0,fix1,local,22.0127,0.0015,177.0,H100 (80 GB),2026-08-31 14:38:05.165000+00:00
azken,H100 PCIe,"3.8.10 (default, Nov 22 2023, 10:22:35) 
[GCC 9.4.0]",py38_baseline,profiler_py38_fix1,QHY600-3_SDSSi_2k,6.8,8.740541458129883,3515.0,2026-08-31T14:38:14.214Z,3191.0,2129.0,SDSSi,Atira,,1267.0,65.0,fix1,local,22.0127,0.0015,177.0,H100 (80 GB),2026-08-31 14:38:14.214000+00:00
azken,H100 PCIe,"3.8.10 (default, Nov 22 2023, 10:22:35) 
[GCC 9.4.0]",py38_baseline,profiler_py38_fix1,QHY600-3_SDSSi_2k,6.8,9.113364934921265,3718.0,2026-08-31T14:38:22.904Z,3191.0,2129.0,SDSSi,Atira,,1267.0,65.0,fix1,local,22.0259,0.0019,178.0,H100 (80 GB),2026-08-31 14:38:22.904000+00:00
azken,H100 PCIe,"3.8.10 (default, Nov 22 2023, 10:22:35) 
[GCC 9.4.0]",py38_baseline,profiler_py38_fix1,QHY600-3_SDSSi_2k,6.8,10.457783460617064,3515.0,2026-08-31T14:38:29.742Z,3191.0,2129.0,SDSSi,Atira,,6733.0,65.0,fix1,local,22.0127,0.0015,177.0,H100 (80 GB),2026-08-31 14:38:29.742000+00:00
azken,H100 PCIe,"3.8.10 (default, Nov 22 2023, 10:22:35) 
[GCC 9.4.0]",py38_baseline,profiler_py38_fix1,QHY600-3_SDSSi_2k,6.8,9.141708612442017,3718.0,2026-08-31T14:38:38.999Z,3191.0,2129.0,SDSSi,Atira,,1267.0,65.0,fix1,local,22.0259,0.0019,178.0,H100 (80 GB),2026-08-31 14:38:38.999000+00:00
azken,H100 PCIe,"3.8.10 (default, Nov 22 2023, 10:22:35) 
[GCC 9.4.0]",py38_baseline,profiler_py38_fix1,QHY600-3_SDSSi_2k,6.8,8.23318886756897,3515.0,2026-08-31T14:38:44.176Z,3191.0,2129.0,SDSSi,Atira,,6733.0,65.0,fix1,local,22.0127,0.0015,177.0,H100 (80 GB),2026-08-31 14:38:44.176000+00:00
azken,H100 PCIe,"3.8.10 (default, Nov 22 2023, 10:22:35) 
[GCC 9.4.0]",py38_baseline,profiler_py38_fix1,QHY600-3_SDSSi_2k,6.8,9.12191128730774,3718.0,2026-08-31T14:38:55.616Z,3191.0,2129.0,SDSSi,Atira,,458.0,65.0,fix1,local,22.0259,0.0019,178.0,H100 (80 GB),2026-08-31 14:38:55.616000+00:00
azken,H100 PCIe,"3.8.10 (default, Nov 22 2023, 10:22:35) 
[GCC 9.4.0]",py38_baseline,profiler_py38_fix1,QHY600-3_SDSSi_2k,6.8,9.982686042785645,3515.0,2026-08-31T14:39:01.004Z,3191.0,2129.0,SDSSi,Atira,,6733.0,65.0,fix1,local,22.0127,0.0015,177.0,H100 (80 GB),2026-08-31 14:39:01.004000+00:00
azken,H100 PCIe,"3.8.10 (default, Nov 22 2023, 10:22:35) 
[GCC 9.4.0]",py38_baseline,profiler_py38_fix1,QHY600-3_SDSSi_2k,6.8,7.884160995483398,3718.0,2026-08-31T14:39:08.368Z,3191.0,2129.0,SDSSi,Atira,,6733.0,65.0,fix1,local,22.0259,0.0019,178.0,H100 (80 GB),2026-08-31 14:39:08.368000+00:00
azken,H100 PCIe,"3.8.10 (default, Nov 22 2023, 10:22:35) 
[GCC 9.4.0]",py38_baseline,profiler_py38_fix1,QHY600-3_SDSSi_2k,6.8,8.519053220748901,3718.0,2026-08-31T14:39:18.452Z,3191.0,2129.0,SDSSi,Atira,,458.0,65.0,fix1,local,22.0259,0.0019,178.0,H100 (80 GB),2026-08-31 14:39:18.452000+00:00
azken,H100 PCIe,"3.8.10 (default, Nov 22 2023, 10:22:35) 
[GCC 9.4.0]",py38_baseline,profiler_py38_fix1,QHY600-3_SDSSi_2k,6.8,8.542138814926147,3718.0,2026-08-31T14:39:21.487Z,3191.0,2129.0,SDSSi,Atira,,6933.0,65.0,fix1,local,22.0259,0.0019,178.0,H100 (80 GB),2026-08-31 14:39:21.487000+00:00
azken,H100 PCIe,"3.8.10 (default, Nov 22 2023, 10:22:35) 
[GCC 9.4.0]",py38_baseline,profiler_py38_fix1,QHY600-3_SDSSi_2k,6.8,8.393716812133789,3718.0,2026-08-31T14:39:31.815Z,3191.0,2129.0,SDSSi,Atira,,929.0,65.0,fix1,local,22.0259,0.0019,178.0,H100 (80 GB),2026-08-31 14:39:31.815000+00:00
azken,H100 PCIe,"3.8.10 (default, Nov 22 2023, 10:22:35) 
[GCC 9.4.0]",py38_baseline,profiler_py38_fix1,QHY600-3_SDSSi_2k,6.8,7.987703084945679,3718.0,2026-08-31T14:39:35.553Z,3191.0,2129.0,SDSSi,Atira,,6733.0,66.0,fix1,local,22.0259,0.0019,178.0,H100 (80 GB),2026-08-31 14:39:35.553000+00:00
azken,H100 PCIe,"3.8.10 (default, Nov 22 2023, 10:22:35) 
[GCC 9.4.0]",py38_baseline,profiler_py38_fix1,QHY600-3_SDSSi_2k,6.8,7.887199401855469,3718.0,2026-08-31T14:39:45.380Z,3191.0,2129.0,SDSSi,Atira,,458.0,65.0,fix1,local,22.0259,0.0019,178.0,H100 (80 GB),2026-08-31 14:39:45.380000+00:00
azken,H100 PCIe,"3.8.10 (default, Nov 22 2023, 10:22:35) 
[GCC 9.4.0]",py38_baseline,profiler_py38_fix1,QHY600-3_SDSSi_2k,6.8,8.460904836654663,3718.0,2026-08-31T14:39:48.762Z,3191.0,2129.0,SDSSi,Atira,,6933.0,65.0,fix1,local,22.0259,0.0019,178.0,H100 (80 GB),2026-08-31 14:39:48.762000+00:00
azken,H100 PCIe,"3.8.10 (default, Nov 22 2023, 10:22:35) 
[GCC 9.4.0]",py38_baseline,profiler_py38_fix1,QHY600-3_SDSSi_2k,6.8,9.68080735206604,3718.0,2026-08-31T14:39:59.779Z,3191.0,2129.0,SDSSi,Atira,,458.0,65.0,fix1,local,22.0259,0.0019,178.0,H100 (80 GB),2026-08-31 14:39:59.779000+00:00
azken,H100 PCIe,"3.8.10 (default, Nov 22 2023, 10:22:35) 
[GCC 9.4.0]",py38_baseline,profiler_py38_fix1,QHY600-3_SDSSi_2k,6.8,8.1734778881073,3718.0,2026-08-31T14:40:01.785Z,3191.0,2129.0,SDSSi,Atira,,6733.0,66.0,fix1,local,22.0259,0.0019,178.0,H100 (80 GB),2026-08-31 14:40:01.785000+00:00
azken,H100 PCIe,"3.8.10 (default, Nov 22 2023, 10:22:35) 
[GCC 9.4.0]",py38_baseline,profiler_py38_fix1,QHY600-3_SDSSi_2k,6.8,7.819583177566528,3718.0,2026-08-31T14:40:12.423Z,3191.0,2129.0,SDSSi,Atira,,458.0,65.0,fix1,local,22.0259,0.0019,178.0,H100 (80 GB),2026-08-31 14:40:12.423000+00:00
azken,H100 PCIe,"3.8.10 (default, Nov 22 2023, 10:22:35) 
[GCC 9.4.0]",py38_baseline,profiler_py38_fix1,QHY600-3_SDSSi_2k,6.8,8.575434446334839,3718.0,2026-08-31T14:40:15.236Z,3191.0,2129.0,SDSSi,Atira,,6937.0,66.0,fix1,local,22.0259,0.0019,178.0,H100 (80 GB),2026-08-31 14:40:15.236000+00:00
azken,H100 PCIe,"3.8.10 (default, Nov 22 2023, 10:22:35) 
[GCC 9.4.0]",py38_baseline,profiler_py38_fix1,QHY600-3_SDSSi_2k,6.8,9.233640432357788,3718.0,2026-08-31T14:40:27.738Z,3191.0,2129.0,SDSSi,Atira,,458.0,65.0,fix1,local,22.0259,0.0019,178.0,H100 (80 GB),2026-08-31 14:40:27.738000+00:00
azken,H100 PCIe,"3.8.10 (default, Nov 22 2023, 10:22:35) 
[GCC 9.4.0]",py38_baseline,profiler_py38_fix1,QHY600-3_SDSSi_2k,6.8,8.723304510116577,3718.0,2026-08-31T14:40:29.423Z,3191.0,2129.0,SDSSi,Atira,,6339.0,66.0,fix1,local,22.0259,0.0019,178.0,H100 (80 GB),2026-08-31 14:40:29.423000+00:00
azken,H100 PCIe,"3.8.10 (default, Nov 22 2023, 10:22:35) 
[GCC 9.4.0]",py38_baseline,profiler_py38_fix1,QHY600-3_SDSSi_2k,6.8,9.50085735321045,3718.0,2026-08-31T14:40:41.898Z,3191.0,2129.0,SDSSi,Atira,,458.0,65.0,fix1,local,22.0259,0.0019,178.0,H100 (80 GB),2026-08-31 14:40:41.898000+00:00
azken,H100 PCIe,"3.8.10 (default, Nov 22 2023, 10:22:35) 
[GCC 9.4.0]",py38_baseline,profiler_py38_fix1,QHY600-3_SDSSi_2k,6.8,10.04847002029419,3718.0,2026-08-31T14:40:59.777Z,3191.0,2129.0,SDSSi,Atira,,929.0,65.0,fix1,local,22.0259,0.0019,178.0,H100 (80 GB),2026-08-31 14:40:59.777000+00:00
azken,H100 PCIe,"3.8.10 (default, Nov 22 2023, 10:22:35) 
[GCC 9.4.0]",py38_baseline,profiler_py38_fix1,QHY600-3_SDSSi_2k,6.8,10.152537822723389,3718.0,2026-08-31T14:41:04.341Z,3191.0,2129.0,SDSSi,Atira,,6733.0,66.0,fix1,local,22.0259,0.0019,178.0,H100 (80 GB),2026-08-31 14:41:04.341000+00:00
azken,H100 PCIe,"3.8.10 (default, Nov 22 2023, 10:22:35) 
[GCC 9.4.0]",py38_baseline,profiler_py38_fix1,QHY600-3_SDSSi_2k,6.8,9.910724639892578,3718.0,2026-08-31T14:41:15.506Z,3191.0,2129.0,SDSSi,Atira,,929.0,65.0,fix1,local,22.0259,0.0019,178.0,H100 (80 GB),2026-08-31 14:41:15.506000+00:00
azken,H100 PCIe,"3.8.10 (default, Nov 22 2023, 10:22:35) 
[GCC 9.4.0]",py38_baseline,profiler_py38_fix1,QHY600-3_SDSSi_2k,6.8,9.891791582107544,3718.0,2026-08-31T14:41:30.189Z,3191.0,2129.0,SDSSi,Atira,,6865.0,65.0,fix1,local,22.0259,0.0019,178.0,H100 (80 GB),2026-08-31 14:41:30.189000+00:00
azken,H100 PCIe,"3.8.10 (default, Nov 22 2023, 10:22:35) 
[GCC 9.4.0]",py38_baseline,profiler_py38_fix1,QHY600-3_SDSSi_2k,6.8,8.965123176574707,3718.0,2026-08-31T14:41:43.982Z,3191.0,2129.0,SDSSi,Atira,,458.0,65.0,fix1,local,22.0259,0.0019,178.0,H100 (80 GB),2026-08-31 14:41:43.982000+00:00
azken,H100 PCIe,"3.8.10 (default, Nov 22 2023, 10:22:35) 
[GCC 9.4.0]",py38_baseline,profiler_py38_fix1,QHY600-3_SDSSi_2k,6.8,8.904545068740845,3718.0,2026-08-31T14:41:58.363Z,3191.0,2129.0,SDSSi,Atira,,6759.0,65.0,fix1,local,22.0259,0.0019,178.0,H100 (80 GB),2026-08-31 14:41:58.363000+00:00
azken,H100 PCIe,"3.8.10 (default, Nov 22 2023, 10:22:35) 
[GCC 9.4.0]",py38_baseline,profiler_py38_fix1,QHY600-3_SDSSi_2k,6.8,8.10448956489563,3534.0,2026-08-31T14:50:03.951Z,3191.0,2129.0,SDSSi,Atira,,458.0,62.0,fix1,local,22.0156,0.0018,170.0,H100 (80 GB),2026-08-31 14:50:03.951000+00:00
azken,H100 PCIe,"3.8.10 (default, Nov 22 2023, 10:22:35) 
[GCC 9.4.0]",py38_baseline,profiler_py38_fix1,QHY600-3_SDSSi_2k,6.8,8.576534271240234,3534.0,2026-08-31T14:50:17.249Z,3191.0,2129.0,SDSSi,Atira,,1295.0,65.0,fix1,local,22.0156,0.0018,170.0,H100 (80 GB),2026-08-31 14:50:17.249000+00:00
azken,H100 PCIe,"3.8.10 (default, Nov 22 2023, 10:22:35) 
[GCC 9.4.0]",py38_baseline,profiler_py38_fix1,QHY600-3_SDSSi_2k,6.8,8.909809827804565,3534.0,2026-08-31T14:50:28.298Z,3191.0,2129.0,SDSSi,Atira,,458.0,64.0,fix1,local,22.0156,0.0018,170.0,H100 (80 GB),2026-08-31 14:50:28.298000+00:00
azken,H100 PCIe,"3.8.10 (default, Nov 22 2023, 10:22:35) 
[GCC 9.4.0]",py38_baseline,profiler_py38_fix1,QHY600-3_SDSSi_2k,6.8,10.608453273773192,3534.0,2026-08-31T14:50:33.199Z,3191.0,2129.0,SDSSi,Atira,,7009.0,65.0,fix1,local,22.0156,0.0018,170.0,H100 (80 GB),2026-08-31 14:50:33.199000+00:00
azken,H100 PCIe,"3.8.10 (default, Nov 22 2023, 10:22:35) 
[GCC 9.4.0]",py38_baseline,profiler_py38_fix1,QHY600-3_SDSSi_2k,6.8,8.735073566436768,3534.0,2026-08-31T14:50:42.791Z,3191.0,2129.0,SDSSi,Atira,,1267.0,65.0,fix1,local,22.0156,0.0018,170.0,H100 (80 GB),2026-08-31 14:50:42.791000+00:00
azken,H100 PCIe,"3.8.10 (default, Nov 22 2023, 10:22:35) 
[GCC 9.4.0]",py38_baseline,profiler_py38_fix1,QHY600-3_SDSSi_2k,6.8,7.720106840133667,3534.0,2026-08-31T14:50:46.840Z,3191.0,2129.0,SDSSi,Atira,,6733.0,65.0,fix1,local,22.0156,0.0018,170.0,H100 (80 GB),2026-08-31 14:50:46.840000+00:00
azken,H100 PCIe,"3.8.10 (default, Nov 22 2023, 10:22:35) 
[GCC 9.4.0]",py38_baseline,profiler_py38_fix1,QHY600-3_SDSSi_2k,6.8,10.485047340393066,3534.0,2026-08-31T14:51:02.706Z,3191.0,2129.0,SDSSi,Atira,,6921.0,65.0,fix1,local,22.0156,0.0018,170.0,H100 (80 GB),2026-08-31 14:51:02.706000+00:00
azken,H100 PCIe,"3.8.10 (default, Nov 22 2023, 10:22:35) 
[GCC 9.4.0]",py38_baseline,profiler_py38_fix1,QHY600-3_SDSSi_2k,6.8,9.393008470535278,3534.0,2026-08-31T14:51:13.712Z,3191.0,2129.0,SDSSi,Atira,,458.0,65.0,fix1,local,22.0156,0.0018,170.0,H100 (80 GB),2026-08-31 14:51:13.712000+00:00
azken,H100 PCIe,"3.8.10 (default, Nov 22 2023, 10:22:35) 
[GCC 9.4.0]",py38_baseline,profiler_py38_fix1,QHY600-3_SDSSi_2k,6.8,7.9913153648376465,3534.0,2026-08-31T14:51:26.513Z,3191.0,2129.0,SDSSi,Atira,,6733.0,65.0,fix1,local,22.0156,0.0018,170.0,H100 (80 GB),2026-08-31 14:51:26.513000+00:00
azken,H100 PCIe,"3.8.10 (default, Nov 22 2023, 10:22:35) 
[GCC 9.4.0]",py38_baseline,profiler_py38_fix1,QHY600-3_SDSSi_2k,6.8,8.210875749588013,3534.0,2026-08-31T14:51:33.846Z,3191.0,2129.0,SDSSi,Atira,,6733.0,65.0,fix1,local,22.0156,0.0018,170.0,H100 (80 GB),2026-08-31 14:51:33.846000+00:00
azken,H100 PCIe,"3.8.10 (default, Nov 22 2023, 10:22:35) 
[GCC 9.4.0]",py38_baseline,profiler_py38_fix1,QHY600-3_SDSSi_2k,6.8,9.1706702709198,3534.0,2026-08-31T14:51:40.674Z,3191.0,2129.0,SDSSi,Atira,,6733.0,65.0,fix1,local,22.0156,0.0018,170.0,H100 (80 GB),2026-08-31 14:51:40.674000+00:00
azken,H100 PCIe,"3.8.10 (default, Nov 22 2023, 10:22:35) 
[GCC 9.4.0]",py38_baseline,profiler_py38_fix1,QHY600-3_SDSSi_2k,6.8,8.419649600982666,3534.0,2026-08-31T14:51:47.748Z,3191.0,2129.0,SDSSi,Atira,,6733.0,65.0,fix1,local,22.0156,0.0018,170.0,H100 (80 GB),2026-08-31 14:51:47.748000+00:00
azken,H100 PCIe,"3.8.10 (default, Nov 22 2023, 10:22:35) 
[GCC 9.4.0]",py38_baseline,profiler_py38_fix1,QHY600-3_SDSSi_2k,6.8,7.617050647735596,3534.0,2026-08-31T14:51:52.752Z,3191.0,2129.0,SDSSi,Atira,,6733.0,65.0,fix1,local,22.0156,0.0018,170.0,H100 (80 GB),2026-08-31 14:51:52.752000+00:00
azken,H100 PCIe,"3.8.10 (default, Nov 22 2023, 10:22:35) 
[GCC 9.4.0]",py38_baseline,profiler_py38_fix1,QHY600-3_SDSSi_2k,6.8,7.351314544677734,3534.0,2026-08-31T14:52:01.583Z,3191.0,2129.0,SDSSi,Atira,,458.0,65.0,fix1,local,22.0156,0.0018,170.0,H100 (80 GB),2026-08-31 14:52:01.583000+00:00
azken,H100 PCIe,"3.8.10 (default, Nov 22 2023, 10:22:35) 
[GCC 9.4.0]",py38_baseline,profiler_py38_fix1,QHY600-3_SDSSi_2k,6.8,7.470213651657104,3534.0,2026-08-31T14:52:05.367Z,3191.0,2129.0,SDSSi,Atira,,6733.0,66.0,fix1,local,22.0156,0.0018,170.0,H100 (80 GB),2026-08-31 14:52:05.367000+00:00
azken,H100 PCIe,"3.8.10 (default, Nov 22 2023, 10:22:35) 
[GCC 9.4.0]",py38_baseline,profiler_py38_fix1,QHY600-3_SDSSi_2k,6.8,8.721709728240967,3534.0,2026-08-31T14:52:15.262Z,3191.0,2129.0,SDSSi,Atira,,458.0,65.0,fix1,local,22.0156,0.0018,170.0,H100 (80 GB),2026-08-31 14:52:15.262000+00:00
azken,H100 PCIe,"3.8.10 (default, Nov 22 2023, 10:22:35) 
[GCC 9.4.0]",py38_baseline,profiler_py38_fix1,QHY600-3_SDSSi_2k,6.8,8.191681385040283,3534.0,2026-08-31T14:52:18.718Z,3191.0,2129.0,SDSSi,Atira,,6735.0,66.0,fix1,local,22.0156,0.0018,170.0,H100 (80 GB),2026-08-31 14:52:18.718000+00:00
azken,H100 PCIe,"3.8.10 (default, Nov 22 2023, 10:22:35) 
[GCC 9.4.0]",py38_baseline,profiler_py38_fix1,QHY600-3_SDSSi_2k,6.8,8.8349289894104,3534.0,2026-08-31T14:52:28.254Z,3191.0,2129.0,SDSSi,Atira,,929.0,65.0,fix1,local,22.0156,0.0018,170.0,H100 (80 GB),2026-08-31 14:52:28.254000+00:00
azken,H100 PCIe,"3.8.10 (default, Nov 22 2023, 10:22:35) 
[GCC 9.4.0]",py38_baseline,profiler_py38_fix1,QHY600-3_SDSSi_2k,6.8,8.509979248046875,3534.0,2026-08-31T14:52:32.058Z,3191.0,2129.0,SDSSi,Atira,,6733.0,66.0,fix1,local,22.0156,0.0018,170.0,H100 (80 GB),2026-08-31 14:52:32.058000+00:00
azken,H100 PCIe,"3.8.10 (default, Nov 22 2023, 10:22:35) 
[GCC 9.4.0]",py38_baseline,profiler_py38_fix1,QHY600-3_SDSSi_2k,6.8,8.818292617797852,3534.0,2026-08-31T14:52:42.769Z,3191.0,2129.0,SDSSi,Atira,,458.0,65.0,fix1,local,22.0156,0.0018,170.0,H100 (80 GB),2026-08-31 14:52:42.769000+00:00
azken,H100 PCIe,"3.8.10 (default, Nov 22 2023, 10:22:35) 
[GCC 9.4.0]",py38_baseline,profiler_py38_fix1,QHY600-3_SDSSi_2k,6.8,8.032622337341309,3534.0,2026-08-31T14:52:45.005Z,3191.0,2129.0,SDSSi,Atira,,6953.0,66.0,fix1,local,22.0156,0.0018,170.0,H100 (80 GB),2026-08-31 14:52:45.005000+00:00
azken,H100 PCIe,"3.12.3 (main, Mar  3 2026, 12:15:18) [GCC 13.3.0]",py312_cuml_adaptive,profiler_cuml_adaptive_fix1,QHY600-3_SDSSi_2k,6.8,9.824018716812134,3515.0,2026-08-31T14:31:57.711Z,3191.0,2129.0,SDSSi,Atira,,458.0,64.0,fix1,local,22.0127,0.0015,177.0,H100 (80 GB),2026-08-31 14:31:57.711000+00:00
azken,H100 PCIe,"3.12.3 (main, Mar  3 2026, 12:15:18) [GCC 13.3.0]",py312_cuml_adaptive,profiler_cuml_adaptive_fix1,QHY600-3_SDSSi_2k,6.8,9.961963891983032,3515.0,2026-08-31T14:32:05.577Z,3191.0,2129.0,SDSSi,Atira,,6759.0,65.0,fix1,local,22.0127,0.0015,177.0,H100 (80 GB),2026-08-31 14:32:05.577000+00:00
azken,H100 PCIe,"3.12.3 (main, Mar  3 2026, 12:15:18) [GCC 13.3.0]",py312_cuml_adaptive,profiler_cuml_adaptive_fix1,QHY600-3_SDSSi_2k,6.8,9.392157793045044,3515.0,2026-08-31T14:32:16.632Z,3191.0,2129.0,SDSSi,Atira,,458.0,65.0,fix1,local,22.0127,0.0015,177.0,H100 (80 GB),2026-08-31 14:32:16.632000+00:00
azken,H100 PCIe,"3.12.3 (main, Mar  3 2026, 12:15:18) [GCC 13.3.0]",py312_cuml_adaptive,profiler_cuml_adaptive_fix1,QHY600-3_SDSSi_2k,6.8,9.893148183822632,3515.0,2026-08-31T14:32:24.484Z,3191.0,2129.0,SDSSi,Atira,,6759.0,65.0,fix1,local,22.0127,0.0015,177.0,H100 (80 GB),2026-08-31 14:32:24.484000+00:00
azken,H100 PCIe,"3.12.3 (main, Mar  3 2026, 12:15:18) [GCC 13.3.0]",py312_cuml_adaptive,profiler_cuml_adaptive_fix1,QHY600-3_SDSSi_2k,6.8,10.978248357772827,3515.0,2026-08-31T14:32:36.775Z,3191.0,2129.0,SDSSi,Atira,,1295.0,65.0,fix1,local,22.0127,0.0015,177.0,H100 (80 GB),2026-08-31 14:32:36.775000+00:00
azken,H100 PCIe,"3.12.3 (main, Mar  3 2026, 12:15:18) [GCC 13.3.0]",py312_cuml_adaptive,profiler_cuml_adaptive_fix1,QHY600-3_SDSSi_2k,6.8,11.201579809188845,3515.0,2026-08-31T14:32:45.858Z,3191.0,2129.0,SDSSi,Atira,,6759.0,65.0,fix1,local,22.0127,0.0015,177.0,H100 (80 GB),2026-08-31 14:32:45.858000+00:00
azken,H100 PCIe,"3.12.3 (main, Mar  3 2026, 12:15:18) [GCC 13.3.0]",py312_cuml_adaptive,profiler_cuml_adaptive_fix1,QHY600-3_SDSSi_2k,6.8,10.83717918395996,3515.0,2026-08-31T14:32:59.692Z,3191.0,2129.0,SDSSi,Atira,,458.0,65.0,fix1,local,22.0127,0.0015,177.0,H100 (80 GB),2026-08-31 14:32:59.692000+00:00
azken,H100 PCIe,"3.12.3 (main, Mar  3 2026, 12:15:18) [GCC 13.3.0]",py312_cuml_adaptive,profiler_cuml_adaptive_fix1,QHY600-3_SDSSi_2k,6.8,10.294391870498655,3515.0,2026-08-31T14:33:05.097Z,3191.0,2129.0,SDSSi,Atira,,6759.0,66.0,fix1,local,22.0127,0.0015,177.0,H100 (80 GB),2026-08-31 14:33:05.097000+00:00
azken,H100 PCIe,"3.12.3 (main, Mar  3 2026, 12:15:18) [GCC 13.3.0]",py312_cuml_adaptive,profiler_cuml_adaptive_fix1,QHY600-3_SDSSi_2k,6.8,10.764528036117554,3515.0,2026-08-31T14:33:18.233Z,3191.0,2129.0,SDSSi,Atira,,1295.0,65.0,fix1,local,22.0127,0.0015,177.0,H100 (80 GB),2026-08-31 14:33:18.233000+00:00
azken,H100 PCIe,"3.12.3 (main, Mar  3 2026, 12:15:18) [GCC 13.3.0]",py312_cuml_adaptive,profiler_cuml_adaptive_fix1,QHY600-3_SDSSi_2k,6.8,13.661303997039797,3515.0,2026-08-31T14:33:30.050Z,3191.0,2129.0,SDSSi,Atira,,6759.0,65.0,fix1,local,22.0127,0.0015,177.0,H100 (80 GB),2026-08-31 14:33:30.050000+00:00
azken,H100 PCIe,"3.12.3 (main, Mar  3 2026, 12:15:18) [GCC 13.3.0]",py312_cuml_adaptive,profiler_cuml_adaptive_fix1,QHY600-3_SDSSi_2k,6.8,13.436797618865969,3515.0,2026-08-31T14:33:42.551Z,3191.0,2129.0,SDSSi,Atira,,6759.0,65.0,fix1,local,22.0127,0.0015,177.0,H100 (80 GB),2026-08-31 14:33:42.551000+00:00
azken,H100 PCIe,"3.12.3 (main, Mar  3 2026, 12:15:18) [GCC 13.3.0]",py312_cuml_adaptive,profiler_cuml_adaptive_fix1,QHY600-3_SDSSi_2k,6.8,11.640618085861206,3515.0,2026-08-31T14:33:51.944Z,3191.0,2129.0,SDSSi,Atira,,6759.0,65.0,fix1,local,22.0127,0.0015,177.0,H100 (80 GB),2026-08-31 14:33:51.944000+00:00
azken,H100 PCIe,"3.12.3 (main, Mar  3 2026, 12:15:18) [GCC 13.3.0]",py312_cuml_adaptive,profiler_cuml_adaptive_fix1,QHY600-3_SDSSi_2k,6.8,10.330690860748293,3515.0,2026-08-31T14:34:03.335Z,3191.0,2129.0,SDSSi,Atira,,1295.0,65.0,fix1,local,22.0127,0.0015,177.0,H100 (80 GB),2026-08-31 14:34:03.335000+00:00
azken,H100 PCIe,"3.12.3 (main, Mar  3 2026, 12:15:18) [GCC 13.3.0]",py312_cuml_adaptive,profiler_cuml_adaptive_fix1,QHY600-3_SDSSi_2k,6.8,7.878036975860596,3515.0,2026-08-31T14:34:10.490Z,3191.0,2129.0,SDSSi,Atira,,1295.0,65.0,fix1,local,22.0127,0.0015,177.0,H100 (80 GB),2026-08-31 14:34:10.490000+00:00
azken,H100 PCIe,"3.12.3 (main, Mar  3 2026, 12:15:18) [GCC 13.3.0]",py312_cuml_adaptive,profiler_cuml_adaptive_fix1,QHY600-3_SDSSi_2k,6.8,13.25830864906311,3515.0,2026-08-31T14:34:24.502Z,3191.0,2129.0,SDSSi,Atira,,1295.0,65.0,fix1,local,22.0127,0.0015,177.0,H100 (80 GB),2026-08-31 14:34:24.502000+00:00
azken,H100 PCIe,"3.12.3 (main, Mar  3 2026, 12:15:18) [GCC 13.3.0]",py312_cuml_adaptive,profiler_cuml_adaptive_fix1,QHY600-3_SDSSi_2k,6.8,10.55375051498413,3515.0,2026-08-31T14:34:30.052Z,3191.0,2129.0,SDSSi,Atira,,6763.0,65.0,fix1,local,22.0127,0.0015,177.0,H100 (80 GB),2026-08-31 14:34:30.052000+00:00
azken,H100 PCIe,"3.12.3 (main, Mar  3 2026, 12:15:18) [GCC 13.3.0]",py312_cuml_adaptive,profiler_cuml_adaptive_fix1,QHY600-3_SDSSi_2k,6.8,10.731439113616943,3515.0,2026-08-31T14:34:44.096Z,3191.0,2129.0,SDSSi,Atira,,458.0,65.0,fix1,local,22.0127,0.0015,177.0,H100 (80 GB),2026-08-31 14:34:44.096000+00:00
azken,H100 PCIe,"3.12.3 (main, Mar  3 2026, 12:15:18) [GCC 13.3.0]",py312_cuml_adaptive,profiler_cuml_adaptive_fix1,QHY600-3_SDSSi_2k,6.8,11.020775079727173,3515.0,2026-08-31T14:35:03.793Z,3191.0,2129.0,SDSSi,Atira,,6759.0,65.0,fix1,local,22.0127,0.0015,177.0,H100 (80 GB),2026-08-31 14:35:03.793000+00:00
azken,H100 PCIe,"3.12.3 (main, Mar  3 2026, 12:15:18) [GCC 13.3.0]",py312_cuml_adaptive,profiler_cuml_adaptive_fix1,QHY600-3_SDSSi_2k,6.8,9.648370027542114,3515.0,2026-08-31T14:35:16.960Z,3191.0,2129.0,SDSSi,Atira,,458.0,65.0,fix1,local,22.0127,0.0015,177.0,H100 (80 GB),2026-08-31 14:35:16.960000+00:00
azken,H100 PCIe,"3.12.3 (main, Mar  3 2026, 12:15:18) [GCC 13.3.0]",py312_cuml_adaptive,profiler_cuml_adaptive_fix1,QHY600-3_SDSSi_2k,6.8,11.129823446273804,3515.0,2026-08-31T14:35:36.838Z,3191.0,2129.0,SDSSi,Atira,,458.0,65.0,fix1,local,22.0127,0.0015,177.0,H100 (80 GB),2026-08-31 14:35:36.838000+00:00
azken,H100 PCIe,"3.12.3 (main, Mar  3 2026, 12:15:18) [GCC 13.3.0]",py312_cuml_adaptive,profiler_cuml_adaptive_fix1,QHY600-3_SDSSi_2k,6.8,10.048060894012451,3515.0,2026-08-31T14:35:56.486Z,3191.0,2129.0,SDSSi,Atira,,6393.0,65.0,fix1,local,22.0127,0.0015,177.0,H100 (80 GB),2026-08-31 14:35:56.486000+00:00
azken,H100 PCIe,"3.12.3 (main, Mar  3 2026, 12:15:18) [GCC 13.3.0]",py312_cuml_adaptive,profiler_cuml_adaptive_fix1,QHY600-3_SDSSi_2k,6.8,10.702725887298584,3718.0,2026-08-31T14:41:50.432Z,3191.0,2129.0,SDSSi,Atira,,6733.0,66.0,fix1,local,22.0259,0.0019,178.0,H100 (80 GB),2026-08-31 14:41:50.432000+00:00
azken,H100 PCIe,"3.12.3 (main, Mar  3 2026, 12:15:18) [GCC 13.3.0]",py312_cuml_adaptive,profiler_cuml_adaptive_fix1,QHY600-3_SDSSi_2k,6.8,10.26915693283081,3718.0,2026-08-31T14:42:11.921Z,3191.0,2129.0,SDSSi,Atira,,458.0,65.0,fix1,local,22.0259,0.0019,178.0,H100 (80 GB),2026-08-31 14:42:11.921000+00:00
azken,H100 PCIe,"3.12.3 (main, Mar  3 2026, 12:15:18) [GCC 13.3.0]",py312_cuml_adaptive,profiler_cuml_adaptive_fix1,QHY600-3_SDSSi_2k,6.8,11.474929809570312,3718.0,2026-08-31T14:42:21.303Z,3191.0,2129.0,SDSSi,Atira,,6759.0,65.0,fix1,local,22.0259,0.0019,178.0,H100 (80 GB),2026-08-31 14:42:21.303000+00:00
azken,H100 PCIe,"3.12.3 (main, Mar  3 2026, 12:15:18) [GCC 13.3.0]",py312_cuml_adaptive,profiler_cuml_adaptive_fix1,QHY600-3_SDSSi_2k,6.8,12.283503293991089,3718.0,2026-08-31T14:42:36.111Z,3191.0,2129.0,SDSSi,Atira,,458.0,65.0,fix1,local,22.0259,0.0019,178.0,H100 (80 GB),2026-08-31 14:42:36.111000+00:00
azken,H100 PCIe,"3.12.3 (main, Mar  3 2026, 12:15:18) [GCC 13.3.0]",py312_cuml_adaptive,profiler_cuml_adaptive_fix1,QHY600-3_SDSSi_2k,6.8,9.76191258430481,3718.0,2026-08-31T14:42:40.232Z,3191.0,2129.0,SDSSi,Atira,,6759.0,65.0,fix1,local,22.0259,0.0019,178.0,H100 (80 GB),2026-08-31 14:42:40.232000+00:00
azken,H100 PCIe,"3.12.3 (main, Mar  3 2026, 12:15:18) [GCC 13.3.0]",py312_cuml_adaptive,profiler_cuml_adaptive_fix1,QHY600-3_SDSSi_2k,6.8,10.666374921798706,3718.0,2026-08-31T14:42:55.562Z,3191.0,2129.0,SDSSi,Atira,,458.0,64.0,fix1,local,22.0259,0.0019,178.0,H100 (80 GB),2026-08-31 14:42:55.562000+00:00
azken,H100 PCIe,"3.12.3 (main, Mar  3 2026, 12:15:18) [GCC 13.3.0]",py312_cuml_adaptive,profiler_cuml_adaptive_fix1,QHY600-3_SDSSi_2k,6.8,10.309794425964355,3718.0,2026-08-31T14:42:59.950Z,3191.0,2129.0,SDSSi,Atira,,8245.0,65.0,fix1,local,22.0259,0.0019,178.0,H100 (80 GB),2026-08-31 14:42:59.950000+00:00
azken,H100 PCIe,"3.12.3 (main, Mar  3 2026, 12:15:18) [GCC 13.3.0]",py312_cuml_adaptive,profiler_cuml_adaptive_fix1,QHY600-3_SDSSi_2k,6.8,12.061732292175291,3718.0,2026-08-31T14:43:16.999Z,3191.0,2129.0,SDSSi,Atira,,458.0,63.0,fix1,local,22.0259,0.0019,178.0,H100 (80 GB),2026-08-31 14:43:16.999000+00:00
azken,H100 PCIe,"3.12.3 (main, Mar  3 2026, 12:15:18) [GCC 13.3.0]",py312_cuml_adaptive,profiler_cuml_adaptive_fix1,QHY600-3_SDSSi_2k,6.8,11.882298707962036,3718.0,2026-08-31T14:43:20.986Z,3191.0,2129.0,SDSSi,Atira,,6897.0,65.0,fix1,local,22.0259,0.0019,178.0,H100 (80 GB),2026-08-31 14:43:20.986000+00:00
azken,H100 PCIe,"3.12.3 (main, Mar  3 2026, 12:15:18) [GCC 13.3.0]",py312_cuml_adaptive,profiler_cuml_adaptive_fix1,QHY600-3_SDSSi_2k,6.8,11.762164115905762,3718.0,2026-08-31T14:43:38.774Z,3191.0,2129.0,SDSSi,Atira,,458.0,63.0,fix1,local,22.0259,0.0019,178.0,H100 (80 GB),2026-08-31 14:43:38.774000+00:00
azken,H100 PCIe,"3.12.3 (main, Mar  3 2026, 12:15:18) [GCC 13.3.0]",py312_cuml_adaptive,profiler_cuml_adaptive_fix1,QHY600-3_SDSSi_2k,6.8,13.215756177902222,3718.0,2026-08-31T14:43:43.958Z,3191.0,2129.0,SDSSi,Atira,,6877.0,64.0,fix1,local,22.0259,0.0019,178.0,H100 (80 GB),2026-08-31 14:43:43.958000+00:00
azken,H100 PCIe,"3.12.3 (main, Mar  3 2026, 12:15:18) [GCC 13.3.0]",py312_cuml_adaptive,profiler_cuml_adaptive_fix1,QHY600-3_SDSSi_2k,6.8,11.095152854919434,3718.0,2026-08-31T14:43:58.759Z,3191.0,2129.0,SDSSi,Atira,,458.0,65.0,fix1,local,22.0259,0.0019,178.0,H100 (80 GB),2026-08-31 14:43:58.759000+00:00
azken,H100 PCIe,"3.12.3 (main, Mar  3 2026, 12:15:18) [GCC 13.3.0]",py312_cuml_adaptive,profiler_cuml_adaptive_fix1,QHY600-3_SDSSi_2k,6.8,10.024222373962402,3718.0,2026-08-31T14:44:04.543Z,3191.0,2129.0,SDSSi,Atira,,6759.0,65.0,fix1,local,22.0259,0.0019,178.0,H100 (80 GB),2026-08-31 14:44:04.543000+00:00
azken,H100 PCIe,"3.12.3 (main, Mar  3 2026, 12:15:18) [GCC 13.3.0]",py312_cuml_adaptive,profiler_cuml_adaptive_fix1,QHY600-3_SDSSi_2k,6.8,13.358876705169678,3718.0,2026-08-31T14:44:21.099Z,3191.0,2129.0,SDSSi,Atira,,458.0,65.0,fix1,local,22.0259,0.0019,178.0,H100 (80 GB),2026-08-31 14:44:21.099000+00:00
azken,H100 PCIe,"3.12.3 (main, Mar  3 2026, 12:15:18) [GCC 13.3.0]",py312_cuml_adaptive,profiler_cuml_adaptive_fix1,QHY600-3_SDSSi_2k,6.8,11.610799312591553,3718.0,2026-08-31T14:44:27.217Z,3191.0,2129.0,SDSSi,Atira,,6763.0,65.0,fix1,local,22.0259,0.0019,178.0,H100 (80 GB),2026-08-31 14:44:27.217000+00:00
azken,H100 PCIe,"3.12.3 (main, Mar  3 2026, 12:15:18) [GCC 13.3.0]",py312_cuml_adaptive,profiler_cuml_adaptive_fix1,QHY600-3_SDSSi_2k,6.8,10.359675884246826,3718.0,2026-08-31T14:44:42.076Z,3191.0,2129.0,SDSSi,Atira,,458.0,64.0,fix1,local,22.0259,0.0019,178.0,H100 (80 GB),2026-08-31 14:44:42.076000+00:00
azken,H100 PCIe,"3.12.3 (main, Mar  3 2026, 12:15:18) [GCC 13.3.0]",py312_cuml_adaptive,profiler_cuml_adaptive_fix1,QHY600-3_SDSSi_2k,6.8,9.83992862701416,3718.0,2026-08-31T14:44:46.142Z,3191.0,2129.0,SDSSi,Atira,,6877.0,65.0,fix1,local,22.0259,0.0019,178.0,H100 (80 GB),2026-08-31 14:44:46.142000+00:00
azken,H100 PCIe,"3.12.3 (main, Mar  3 2026, 12:15:18) [GCC 13.3.0]",py312_cuml_adaptive,profiler_cuml_adaptive_fix1,QHY600-3_SDSSi_2k,6.8,10.346186876296995,3718.0,2026-08-31T14:45:05.635Z,3191.0,2129.0,SDSSi,Atira,,5015.0,65.0,fix1,local,22.0259,0.0019,178.0,H100 (80 GB),2026-08-31 14:45:05.635000+00:00
azken,H100 PCIe,"3.12.3 (main, Mar  3 2026, 12:15:18) [GCC 13.3.0]",py312_cuml_adaptive,profiler_cuml_adaptive_fix1,QHY600-3_SDSSi_2k,6.8,10.43051266670227,3718.0,2026-08-31T14:45:27.852Z,3191.0,2129.0,SDSSi,Atira,,911.0,61.0,fix1,local,22.0259,0.0019,178.0,H100 (80 GB),2026-08-31 14:45:27.852000+00:00
azken,H100 PCIe,"3.12.3 (main, Mar  3 2026, 12:15:18) [GCC 13.3.0]",py312_cuml_adaptive,profiler_cuml_adaptive_fix1,QHY600-3_SDSSi_2k,6.8,10.976467370986938,3718.0,2026-08-31T14:45:28.816Z,3191.0,2129.0,SDSSi,Atira,,2281.0,62.0,fix1,local,22.0259,0.0019,178.0,H100 (80 GB),2026-08-31 14:45:28.816000+00:00
azken,H100 PCIe,"3.12.3 (main, Mar  3 2026, 12:15:18) [GCC 13.3.0]",py312_cuml_adaptive,profiler_cuml_adaptive_fix1,QHY600-3_SDSSi_2k,6.8,10.131237506866457,3718.0,2026-08-31T14:45:46.883Z,3191.0,2129.0,SDSSi,Atira,,458.0,60.0,fix1,local,22.0259,0.0019,178.0,H100 (80 GB),2026-08-31 14:45:46.883000+00:00
azken,H100 PCIe,"3.12.3 (main, Mar  3 2026, 12:15:18) [GCC 13.3.0]",py312_cuml_adaptive,profiler_cuml_adaptive_fix1,QHY600-3_SDSSi_2k,6.8,9.25533390045166,3534.0,2026-08-31T14:45:49.225Z,3191.0,2129.0,SDSSi,Atira,,6915.0,63.0,fix1,local,22.0156,0.0018,170.0,H100 (80 GB),2026-08-31 14:45:49.225000+00:00
azken,H100 PCIe,"3.12.3 (main, Mar  3 2026, 12:15:18) [GCC 13.3.0]",py312_cuml_adaptive,profiler_cuml_adaptive_fix1,QHY600-3_SDSSi_2k,6.8,11.162700891494753,3718.0,2026-08-31T14:46:06.865Z,3191.0,2129.0,SDSSi,Atira,,458.0,62.0,fix1,local,22.0259,0.0019,178.0,H100 (80 GB),2026-08-31 14:46:06.865000+00:00
azken,H100 PCIe,"3.12.3 (main, Mar  3 2026, 12:15:18) [GCC 13.3.0]",py312_cuml_adaptive,profiler_cuml_adaptive_fix1,QHY600-3_SDSSi_2k,6.8,9.031149625778198,3534.0,2026-08-31T14:46:30.207Z,3191.0,2129.0,SDSSi,Atira,,458.0,62.0,fix1,local,22.0156,0.0018,170.0,H100 (80 GB),2026-08-31 14:46:30.207000+00:00
azken,H100 PCIe,"3.12.3 (main, Mar  3 2026, 12:15:18) [GCC 13.3.0]",py312_cuml_adaptive,profiler_cuml_adaptive_fix1,QHY600-3_SDSSi_2k,6.8,10.553213596343994,3534.0,2026-08-31T14:46:35.700Z,3191.0,2129.0,SDSSi,Atira,,6875.0,64.0,fix1,local,22.0156,0.0018,170.0,H100 (80 GB),2026-08-31 14:46:35.700000+00:00
azken,H100 PCIe,"3.12.3 (main, Mar  3 2026, 12:15:18) [GCC 13.3.0]",py312_cuml_adaptive,profiler_cuml_adaptive_fix1,QHY600-3_SDSSi_2k,6.8,10.661536693572998,3534.0,2026-08-31T14:46:51.285Z,3191.0,2129.0,SDSSi,Atira,,458.0,64.0,fix1,local,22.0156,0.0018,170.0,H100 (80 GB),2026-08-31 14:46:51.285000+00:00
azken,H100 PCIe,"3.12.3 (main, Mar  3 2026, 12:15:18) [GCC 13.3.0]",py312_cuml_adaptive,profiler_cuml_adaptive_fix1,QHY600-3_SDSSi_2k,6.8,9.931914329528809,3534.0,2026-08-31T14:46:54.670Z,3191.0,2129.0,SDSSi,Atira,,6897.0,64.0,fix1,local,22.0156,0.0018,170.0,H100 (80 GB),2026-08-31 14:46:54.670000+00:00
azken,H100 PCIe,"3.12.3 (main, Mar  3 2026, 12:15:18) [GCC 13.3.0]",py312_cuml_adaptive,profiler_cuml_adaptive_fix1,QHY600-3_SDSSi_2k,6.8,10.754368782043455,3534.0,2026-08-31T14:47:10.828Z,3191.0,2129.0,SDSSi,Atira,,458.0,63.0,fix1,local,22.0156,0.0018,170.0,H100 (80 GB),2026-08-31 14:47:10.828000+00:00
azken,H100 PCIe,"3.12.3 (main, Mar  3 2026, 12:15:18) [GCC 13.3.0]",py312_cuml_adaptive,profiler_cuml_adaptive_fix1,QHY600-3_SDSSi_2k,6.8,9.827255964279177,3534.0,2026-08-31T14:47:15.042Z,3191.0,2129.0,SDSSi,Atira,,6875.0,64.0,fix1,local,22.0156,0.0018,170.0,H100 (80 GB),2026-08-31 14:47:15.042000+00:00
azken,H100 PCIe,"3.12.3 (main, Mar  3 2026, 12:15:18) [GCC 13.3.0]",py312_cuml_adaptive,profiler_cuml_adaptive_fix1,QHY600-3_SDSSi_2k,6.8,9.473915338516235,3534.0,2026-08-31T14:47:28.754Z,3191.0,2129.0,SDSSi,Atira,,458.0,64.0,fix1,local,22.0156,0.0018,170.0,H100 (80 GB),2026-08-31 14:47:28.754000+00:00
azken,H100 PCIe,"3.12.3 (main, Mar  3 2026, 12:15:18) [GCC 13.3.0]",py312_cuml_adaptive,profiler_cuml_adaptive_fix1,QHY600-3_SDSSi_2k,6.8,11.35315465927124,3534.0,2026-08-31T14:47:50.524Z,3191.0,2129.0,SDSSi,Atira,,1295.0,64.0,fix1,local,22.0156,0.0018,170.0,H100 (80 GB),2026-08-31 14:47:50.524000+00:00
azken,H100 PCIe,"3.12.3 (main, Mar  3 2026, 12:15:18) [GCC 13.3.0]",py312_cuml_adaptive,profiler_cuml_adaptive_fix1,QHY600-3_SDSSi_2k,6.8,12.242440938949583,3534.0,2026-08-31T14:48:00.659Z,3191.0,2129.0,SDSSi,Atira,,6759.0,65.0,fix1,local,22.0156,0.0018,170.0,H100 (80 GB),2026-08-31 14:48:00.659000+00:00
azken,H100 PCIe,"3.12.3 (main, Mar  3 2026, 12:15:18) [GCC 13.3.0]",py312_cuml_adaptive,profiler_cuml_adaptive_fix1,QHY600-3_SDSSi_2k,6.8,10.752042531967165,3534.0,2026-08-31T14:48:10.511Z,3191.0,2129.0,SDSSi,Atira,,6759.0,65.0,fix1,local,22.0156,0.0018,170.0,H100 (80 GB),2026-08-31 14:48:10.511000+00:00
azken,H100 PCIe,"3.12.3 (main, Mar  3 2026, 12:15:18) [GCC 13.3.0]",py312_cuml_adaptive,profiler_cuml_adaptive_fix1,QHY600-3_SDSSi_2k,6.8,11.183738231658936,3534.0,2026-08-31T14:48:21.388Z,3191.0,2129.0,SDSSi,Atira,,1295.0,65.0,fix1,local,22.0156,0.0018,170.0,H100 (80 GB),2026-08-31 14:48:21.388000+00:00
azken,H100 PCIe,"3.12.3 (main, Mar  3 2026, 12:15:18) [GCC 13.3.0]",py312_cuml_adaptive,profiler_cuml_adaptive_fix1,QHY600-3_SDSSi_2k,6.8,10.263365268707275,3534.0,2026-08-31T14:48:29.144Z,3191.0,2129.0,SDSSi,Atira,,6759.0,65.0,fix1,local,22.0156,0.0018,170.0,H100 (80 GB),2026-08-31 14:48:29.144000+00:00
azken,H100 PCIe,"3.12.3 (main, Mar  3 2026, 12:15:18) [GCC 13.3.0]",py312_cuml_adaptive,profiler_cuml_adaptive_fix1,QHY600-3_SDSSi_2k,6.8,10.471919775009155,3534.0,2026-08-31T14:48:40.485Z,3191.0,2129.0,SDSSi,Atira,,1295.0,65.0,fix1,local,22.0156,0.0018,170.0,H100 (80 GB),2026-08-31 14:48:40.485000+00:00
azken,H100 PCIe,"3.12.3 (main, Mar  3 2026, 12:15:18) [GCC 13.3.0]",py312_cuml_adaptive,profiler_cuml_adaptive_fix1,QHY600-3_SDSSi_2k,6.8,10.112643718719482,3534.0,2026-08-31T14:48:49.054Z,3191.0,2129.0,SDSSi,Atira,,6759.0,65.0,fix1,local,22.0156,0.0018,170.0,H100 (80 GB),2026-08-31 14:48:49.054000+00:00
azken,H100 PCIe,"3.12.3 (main, Mar  3 2026, 12:15:18) [GCC 13.3.0]",py312_cuml_adaptive,profiler_cuml_adaptive_fix1,QHY600-3_SDSSi_2k,6.8,13.011247396469116,3534.0,2026-08-31T14:49:01.800Z,3191.0,2129.0,SDSSi,Atira,,1295.0,65.0,fix1,local,22.0156,0.0018,170.0,H100 (80 GB),2026-08-31 14:49:01.800000+00:00
azken,H100 PCIe,"3.12.3 (main, Mar  3 2026, 12:15:18) [GCC 13.3.0]",py312_cuml_adaptive,profiler_cuml_adaptive_fix1,QHY600-3_SDSSi_2k,6.8,9.619933843612673,3534.0,2026-08-31T14:49:09.323Z,3191.0,2129.0,SDSSi,Atira,,6759.0,65.0,fix1,local,22.0156,0.0018,170.0,H100 (80 GB),2026-08-31 14:49:09.323000+00:00
azken,H100 PCIe,"3.12.3 (main, Mar  3 2026, 12:15:18) [GCC 13.3.0]",py312_cuml_adaptive,profiler_cuml_adaptive_fix1,QHY600-3_SDSSi_2k,6.8,12.384984016418455,3534.0,2026-08-31T14:49:23.755Z,3191.0,2129.0,SDSSi,Atira,,1295.0,64.0,fix1,local,22.0156,0.0018,170.0,H100 (80 GB),2026-08-31 14:49:23.755000+00:00
azken,H100 PCIe,"3.12.3 (main, Mar  3 2026, 12:15:18) [GCC 13.3.0]",py312_cuml_adaptive,profiler_cuml_adaptive_fix1,QHY600-3_SDSSi_2k,6.8,10.820419788360596,3534.0,2026-08-31T14:49:30.286Z,3191.0,2129.0,SDSSi,Atira,,6759.0,65.0,fix1,local,22.0156,0.0018,170.0,H100 (80 GB),2026-08-31 14:49:30.286000+00:00
azken,H100 PCIe,"3.12.3 (main, Mar  3 2026, 12:15:18) [GCC 13.3.0]",py312_cuml_adaptive,profiler_cuml_adaptive_fix1,QHY600-3_SDSSi_2k,6.8,11.17364239692688,3534.0,2026-08-31T14:49:44.971Z,3191.0,2129.0,SDSSi,Atira,,458.0,65.0,fix1,local,22.0156,0.0018,170.0,H100 (80 GB),2026-08-31 14:49:44.971000+00:00
azken,H100 PCIe,"3.12.3 (main, Mar  3 2026, 12:15:18) [GCC 13.3.0]",py312_cuml_adaptive,profiler_cuml_adaptive_fix1,QHY600-3_SDSSi_2k,6.8,9.647095918655396,3534.0,2026-08-31T14:49:50.073Z,3191.0,2129.0,SDSSi,Atira,,6759.0,65.0,fix1,local,22.0156,0.0018,170.0,H100 (80 GB),2026-08-31 14:49:50.073000+00:00
azken,H100 PCIe,"3.12.3 (main, Mar  3 2026, 12:15:18) [GCC 13.3.0]",py312_cuml_adaptive,profiler_cuml_adaptive_fix1,QHY600-3_SDSSi_2k,6.8,9.395440816879272,3534.0,2026-08-31T14:50:08.165Z,3191.0,2129.0,SDSSi,Atira,,6953.0,64.0,fix1,local,22.0156,0.0018,170.0,H100 (80 GB),2026-08-31 14:50:08.165000+00:00
azken,H100 PCIe,"3.8.10 (default, Nov 22 2023, 10:22:35) 
[GCC 9.4.0]",py38_baseline,profiler_py38_fix1,QHY600-4_Ha,15.3,9.539408922195436,601.0,2026-08-31T13:02:22.405Z,4787.0,3193.0,Ha,NGC2903,,458.0,64.0,fix1,local,19.4353,0.0724,9.0,H100 (80 GB),2026-08-31 13:02:22.405000+00:00
azken,H100 PCIe,"3.8.10 (default, Nov 22 2023, 10:22:35) 
[GCC 9.4.0]",py38_baseline,profiler_py38_fix1,QHY600-4_Ha,15.3,10.91146159172058,601.0,2026-08-31T13:02:38.047Z,4787.0,3193.0,Ha,NGC2903,,6271.0,66.0,fix1,local,19.4353,0.0724,9.0,H100 (80 GB),2026-08-31 13:02:38.047000+00:00
azken,H100 PCIe,"3.8.10 (default, Nov 22 2023, 10:22:35) 
[GCC 9.4.0]",py38_baseline,profiler_py38_fix1,QHY600-4_Ha,15.3,9.854047298431396,601.0,2026-08-31T13:02:49.529Z,4787.0,3193.0,Ha,NGC2903,,1263.0,65.0,fix1,local,19.4353,0.0724,9.0,H100 (80 GB),2026-08-31 13:02:49.529000+00:00
azken,H100 PCIe,"3.8.10 (default, Nov 22 2023, 10:22:35) 
[GCC 9.4.0]",py38_baseline,profiler_py38_fix1,QHY600-4_Ha,15.3,9.286311388015749,601.0,2026-08-31T13:02:53.952Z,4787.0,3193.0,Ha,NGC2903,,5535.0,66.0,fix1,local,19.4353,0.0724,9.0,H100 (80 GB),2026-08-31 13:02:53.952000+00:00
azken,H100 PCIe,"3.8.10 (default, Nov 22 2023, 10:22:35) 
[GCC 9.4.0]",py38_baseline,profiler_py38_fix1,QHY600-4_Ha,15.3,10.820700407028198,601.0,2026-08-31T13:03:06.113Z,4787.0,3193.0,Ha,NGC2903,,1263.0,66.0,fix1,local,19.4353,0.0724,9.0,H100 (80 GB),2026-08-31 13:03:06.113000+00:00
azken,H100 PCIe,"3.8.10 (default, Nov 22 2023, 10:22:35) 
[GCC 9.4.0]",py38_baseline,profiler_py38_fix1,QHY600-4_Ha,15.3,9.21469497680664,601.0,2026-08-31T13:03:09.000Z,4787.0,3193.0,Ha,NGC2903,,5537.0,66.0,fix1,local,19.4353,0.0724,9.0,H100 (80 GB),2026-08-31 13:03:09+00:00
azken,H100 PCIe,"3.8.10 (default, Nov 22 2023, 10:22:35) 
[GCC 9.4.0]",py38_baseline,profiler_py38_fix1,QHY600-4_Ha,15.3,9.304567575454712,601.0,2026-08-31T13:03:20.196Z,4787.0,3193.0,Ha,NGC2903,,458.0,66.0,fix1,local,19.4353,0.0724,9.0,H100 (80 GB),2026-08-31 13:03:20.196000+00:00
azken,H100 PCIe,"3.8.10 (default, Nov 22 2023, 10:22:35) 
[GCC 9.4.0]",py38_baseline,profiler_py38_fix1,QHY600-4_Ha,15.3,10.138627290725708,601.0,2026-08-31T13:03:24.332Z,4787.0,3193.0,Ha,NGC2903,,5537.0,67.0,fix1,local,19.4353,0.0724,9.0,H100 (80 GB),2026-08-31 13:03:24.332000+00:00
azken,H100 PCIe,"3.8.10 (default, Nov 22 2023, 10:22:35) 
[GCC 9.4.0]",py38_baseline,profiler_py38_fix1,QHY600-4_Ha,15.3,11.080897331237791,601.0,2026-08-31T13:03:36.359Z,4787.0,3193.0,Ha,NGC2903,,1263.0,66.0,fix1,local,19.4353,0.0724,9.0,H100 (80 GB),2026-08-31 13:03:36.359000+00:00
azken,H100 PCIe,"3.8.10 (default, Nov 22 2023, 10:22:35) 
[GCC 9.4.0]",py38_baseline,profiler_py38_fix1,QHY600-4_Ha,15.3,9.993444204330444,601.0,2026-08-31T13:03:39.548Z,4787.0,3193.0,Ha,NGC2903,,5569.0,67.0,fix1,local,19.4353,0.0724,9.0,H100 (80 GB),2026-08-31 13:03:39.548000+00:00
azken,H100 PCIe,"3.8.10 (default, Nov 22 2023, 10:22:35) 
[GCC 9.4.0]",py38_baseline,profiler_py38_fix1,QHY600-4_Ha,15.3,8.947773694992065,601.0,2026-08-31T13:03:49.956Z,4787.0,3193.0,Ha,NGC2903,,458.0,67.0,fix1,local,19.4353,0.0724,9.0,H100 (80 GB),2026-08-31 13:03:49.956000+00:00
azken,H100 PCIe,"3.8.10 (default, Nov 22 2023, 10:22:35) 
[GCC 9.4.0]",py38_baseline,profiler_py38_fix1,QHY600-4_Ha,15.3,9.641777753829956,601.0,2026-08-31T13:03:54.431Z,4787.0,3193.0,Ha,NGC2903,,5537.0,67.0,fix1,local,19.4353,0.0724,9.0,H100 (80 GB),2026-08-31 13:03:54.431000+00:00
azken,H100 PCIe,"3.8.10 (default, Nov 22 2023, 10:22:35) 
[GCC 9.4.0]",py38_baseline,profiler_py38_fix1,QHY600-4_Ha,15.3,9.43600058555603,601.0,2026-08-31T13:04:06.033Z,4787.0,3193.0,Ha,NGC2903,,458.0,67.0,fix1,local,19.4353,0.0724,9.0,H100 (80 GB),2026-08-31 13:04:06.033000+00:00
azken,H100 PCIe,"3.8.10 (default, Nov 22 2023, 10:22:35) 
[GCC 9.4.0]",py38_baseline,profiler_py38_fix1,QHY600-4_Ha,15.3,10.624176740646362,601.0,2026-08-31T13:04:10.355Z,4787.0,3193.0,Ha,NGC2903,,5541.0,67.0,fix1,local,19.4353,0.0724,9.0,H100 (80 GB),2026-08-31 13:04:10.355000+00:00
azken,H100 PCIe,"3.8.10 (default, Nov 22 2023, 10:22:35) 
[GCC 9.4.0]",py38_baseline,profiler_py38_fix1,QHY600-4_Ha,15.3,10.164388656616213,601.0,2026-08-31T13:04:21.091Z,4787.0,3193.0,Ha,NGC2903,,1263.0,67.0,fix1,local,19.4353,0.0724,9.0,H100 (80 GB),2026-08-31 13:04:21.091000+00:00
azken,H100 PCIe,"3.8.10 (default, Nov 22 2023, 10:22:35) 
[GCC 9.4.0]",py38_baseline,profiler_py38_fix1,QHY600-4_Ha,15.3,10.157493114471436,601.0,2026-08-31T13:04:25.979Z,4787.0,3193.0,Ha,NGC2903,,5535.0,67.0,fix1,local,19.4353,0.0724,9.0,H100 (80 GB),2026-08-31 13:04:25.979000+00:00
azken,H100 PCIe,"3.8.10 (default, Nov 22 2023, 10:22:35) 
[GCC 9.4.0]",py38_baseline,profiler_py38_fix1,QHY600-4_Ha,15.3,10.091747045516968,601.0,2026-08-31T13:04:36.142Z,4787.0,3193.0,Ha,NGC2903,,1263.0,67.0,fix1,local,19.4353,0.0724,9.0,H100 (80 GB),2026-08-31 13:04:36.142000+00:00
azken,H100 PCIe,"3.8.10 (default, Nov 22 2023, 10:22:35) 
[GCC 9.4.0]",py38_baseline,profiler_py38_fix1,QHY600-4_Ha,15.3,9.784311532974243,601.0,2026-08-31T13:04:40.438Z,4787.0,3193.0,Ha,NGC2903,,5535.0,67.0,fix1,local,19.4353,0.0724,9.0,H100 (80 GB),2026-08-31 13:04:40.438000+00:00
azken,H100 PCIe,"3.8.10 (default, Nov 22 2023, 10:22:35) 
[GCC 9.4.0]",py38_baseline,profiler_py38_fix1,QHY600-4_Ha,15.3,10.039767265319824,601.0,2026-08-31T13:04:50.727Z,4787.0,3193.0,Ha,NGC2903,,1263.0,67.0,fix1,local,19.4353,0.0724,9.0,H100 (80 GB),2026-08-31 13:04:50.727000+00:00
azken,H100 PCIe,"3.8.10 (default, Nov 22 2023, 10:22:35) 
[GCC 9.4.0]",py38_baseline,profiler_py38_fix1,QHY600-4_Ha,15.3,10.39055323600769,601.0,2026-08-31T13:05:07.430Z,4787.0,3193.0,Ha,NGC2903,,4803.0,67.0,fix1,local,19.4353,0.0724,9.0,H100 (80 GB),2026-08-31 13:05:07.430000+00:00
azken,H100 PCIe,"3.8.10 (default, Nov 22 2023, 10:22:35) 
[GCC 9.4.0]",py38_baseline,profiler_py38_fix1,QHY600-4_Ha,15.3,10.3906090259552,601.0,2026-08-31T13:05:40.378Z,4787.0,3193.0,Ha,NGC2903,,458.0,64.0,fix1,local,19.4353,0.0724,9.0,H100 (80 GB),2026-08-31 13:05:40.378000+00:00
azken,H100 PCIe,"3.12.3 (main, Mar  3 2026, 12:15:18) [GCC 13.3.0]",py312_cuml_adaptive,profiler_cuml_adaptive_fix1,QHY600-4_Ha,15.3,13.163779735565186,601.0,2026-08-31T12:58:14.877Z,4787.0,3193.0,Ha,NGC2903,,6281.0,66.0,fix1,local,19.4353,0.0724,9.0,H100 (80 GB),2026-08-31 12:58:14.877000+00:00
azken,H100 PCIe,"3.12.3 (main, Mar  3 2026, 12:15:18) [GCC 13.3.0]",py312_cuml_adaptive,profiler_cuml_adaptive_fix1,QHY600-4_Ha,15.3,12.59536075592041,601.0,2026-08-31T12:58:31.077Z,4787.0,3193.0,Ha,NGC2903,,458.0,66.0,fix1,local,19.4353,0.0724,9.0,H100 (80 GB),2026-08-31 12:58:31.077000+00:00
azken,H100 PCIe,"3.12.3 (main, Mar  3 2026, 12:15:18) [GCC 13.3.0]",py312_cuml_adaptive,profiler_cuml_adaptive_fix1,QHY600-4_Ha,15.3,13.178691625595093,601.0,2026-08-31T12:58:37.893Z,4787.0,3193.0,Ha,NGC2903,,5763.0,66.0,fix1,local,19.4353,0.0724,9.0,H100 (80 GB),2026-08-31 12:58:37.893000+00:00
azken,H100 PCIe,"3.12.3 (main, Mar  3 2026, 12:15:18) [GCC 13.3.0]",py312_cuml_adaptive,profiler_cuml_adaptive_fix1,QHY600-4_Ha,15.3,11.40377712249756,601.0,2026-08-31T12:58:52.076Z,4787.0,3193.0,Ha,NGC2903,,458.0,66.0,fix1,local,19.4353,0.0724,9.0,H100 (80 GB),2026-08-31 12:58:52.076000+00:00
azken,H100 PCIe,"3.12.3 (main, Mar  3 2026, 12:15:18) [GCC 13.3.0]",py312_cuml_adaptive,profiler_cuml_adaptive_fix1,QHY600-4_Ha,15.3,9.78626036643982,601.0,2026-08-31T12:58:56.251Z,4787.0,3193.0,Ha,NGC2903,,8211.0,68.0,fix1,local,19.4353,0.0724,9.0,H100 (80 GB),2026-08-31 12:58:56.251000+00:00
azken,H100 PCIe,"3.12.3 (main, Mar  3 2026, 12:15:18) [GCC 13.3.0]",py312_cuml_adaptive,profiler_cuml_adaptive_fix1,QHY600-4_Ha,15.3,13.894903182983398,601.0,2026-08-31T12:59:15.528Z,4787.0,3193.0,Ha,NGC2903,,458.0,64.0,fix1,local,19.4353,0.0724,9.0,H100 (80 GB),2026-08-31 12:59:15.528000+00:00
azken,H100 PCIe,"3.12.3 (main, Mar  3 2026, 12:15:18) [GCC 13.3.0]",py312_cuml_adaptive,profiler_cuml_adaptive_fix1,QHY600-4_Ha,15.3,12.173829555511476,601.0,2026-08-31T12:59:18.378Z,4787.0,3193.0,Ha,NGC2903,,5765.0,66.0,fix1,local,19.4353,0.0724,9.0,H100 (80 GB),2026-08-31 12:59:18.378000+00:00
azken,H100 PCIe,"3.12.3 (main, Mar  3 2026, 12:15:18) [GCC 13.3.0]",py312_cuml_adaptive,profiler_cuml_adaptive_fix1,QHY600-4_Ha,15.3,12.845906972885132,601.0,2026-08-31T12:59:37.632Z,4787.0,3193.0,Ha,NGC2903,,458.0,63.0,fix1,local,19.4353,0.0724,9.0,H100 (80 GB),2026-08-31 12:59:37.632000+00:00
azken,H100 PCIe,"3.12.3 (main, Mar  3 2026, 12:15:18) [GCC 13.3.0]",py312_cuml_adaptive,profiler_cuml_adaptive_fix1,QHY600-4_Ha,15.3,10.37417483329773,601.0,2026-08-31T12:59:38.038Z,4787.0,3193.0,Ha,NGC2903,,3439.0,65.0,fix1,local,19.4353,0.0724,9.0,H100 (80 GB),2026-08-31 12:59:38.038000+00:00
azken,H100 PCIe,"3.12.3 (main, Mar  3 2026, 12:15:18) [GCC 13.3.0]",py312_cuml_adaptive,profiler_cuml_adaptive_fix1,QHY600-4_Ha,15.3,11.905925989151,601.0,2026-08-31T12:59:59.560Z,4787.0,3193.0,Ha,NGC2903,,2907.0,63.0,fix1,local,19.4353,0.0724,9.0,H100 (80 GB),2026-08-31 12:59:59.560000+00:00
azken,H100 PCIe,"3.12.3 (main, Mar  3 2026, 12:15:18) [GCC 13.3.0]",py312_cuml_adaptive,profiler_cuml_adaptive_fix1,QHY600-4_Ha,15.3,12.76464581489563,601.0,2026-08-31T12:59:59.886Z,4787.0,3193.0,Ha,NGC2903,,458.0,62.0,fix1,local,19.4353,0.0724,9.0,H100 (80 GB),2026-08-31 12:59:59.886000+00:00
azken,H100 PCIe,"3.12.3 (main, Mar  3 2026, 12:15:18) [GCC 13.3.0]",py312_cuml_adaptive,profiler_cuml_adaptive_fix1,QHY600-4_Ha,15.3,10.300302028656006,601.0,2026-08-31T13:00:19.206Z,4787.0,3193.0,Ha,NGC2903,,458.0,62.0,fix1,local,19.4353,0.0724,9.0,H100 (80 GB),2026-08-31 13:00:19.206000+00:00
azken,H100 PCIe,"3.12.3 (main, Mar  3 2026, 12:15:18) [GCC 13.3.0]",py312_cuml_adaptive,profiler_cuml_adaptive_fix1,QHY600-4_Ha,15.3,10.83825182914734,601.0,2026-08-31T13:00:21.371Z,4787.0,3193.0,Ha,NGC2903,,5325.0,64.0,fix1,local,19.4353,0.0724,9.0,H100 (80 GB),2026-08-31 13:00:21.371000+00:00
azken,H100 PCIe,"3.12.3 (main, Mar  3 2026, 12:15:18) [GCC 13.3.0]",py312_cuml_adaptive,profiler_cuml_adaptive_fix1,QHY600-4_Ha,15.3,13.38638973236084,601.0,2026-08-31T13:00:43.622Z,4787.0,3193.0,Ha,NGC2903,,3557.0,63.0,fix1,local,19.4353,0.0724,9.0,H100 (80 GB),2026-08-31 13:00:43.622000+00:00
azken,H100 PCIe,"3.12.3 (main, Mar  3 2026, 12:15:18) [GCC 13.3.0]",py312_cuml_adaptive,profiler_cuml_adaptive_fix1,QHY600-4_Ha,15.3,13.61893892288208,601.0,2026-08-31T13:01:06.524Z,4787.0,3193.0,Ha,NGC2903,,474.0,62.0,fix1,local,19.4353,0.0724,9.0,H100 (80 GB),2026-08-31 13:01:06.524000+00:00
azken,H100 PCIe,"3.12.3 (main, Mar  3 2026, 12:15:18) [GCC 13.3.0]",py312_cuml_adaptive,profiler_cuml_adaptive_fix1,QHY600-4_Ha,15.3,15.97956109046936,601.0,2026-08-31T13:01:09.142Z,4787.0,3193.0,Ha,NGC2903,,987.0,62.0,fix1,local,19.4353,0.0724,9.0,H100 (80 GB),2026-08-31 13:01:09.142000+00:00
azken,H100 PCIe,"3.12.3 (main, Mar  3 2026, 12:15:18) [GCC 13.3.0]",py312_cuml_adaptive,profiler_cuml_adaptive_fix1,QHY600-4_Ha,15.3,10.430153131484984,601.0,2026-08-31T13:01:25.666Z,4787.0,3193.0,Ha,NGC2903,,458.0,62.0,fix1,local,19.4353,0.0724,9.0,H100 (80 GB),2026-08-31 13:01:25.666000+00:00
azken,H100 PCIe,"3.12.3 (main, Mar  3 2026, 12:15:18) [GCC 13.3.0]",py312_cuml_adaptive,profiler_cuml_adaptive_fix1,QHY600-4_Ha,15.3,11.14172649383545,601.0,2026-08-31T13:01:31.216Z,4787.0,3193.0,Ha,NGC2903,,5765.0,65.0,fix1,local,19.4353,0.0724,9.0,H100 (80 GB),2026-08-31 13:01:31.216000+00:00
azken,H100 PCIe,"3.12.3 (main, Mar  3 2026, 12:15:18) [GCC 13.3.0]",py312_cuml_adaptive,profiler_cuml_adaptive_fix1,QHY600-4_Ha,15.3,10.123900890350342,601.0,2026-08-31T13:01:44.764Z,4787.0,3193.0,Ha,NGC2903,,458.0,65.0,fix1,local,19.4353,0.0724,9.0,H100 (80 GB),2026-08-31 13:01:44.764000+00:00
azken,H100 PCIe,"3.12.3 (main, Mar  3 2026, 12:15:18) [GCC 13.3.0]",py312_cuml_adaptive,profiler_cuml_adaptive_fix1,QHY600-4_Ha,15.3,12.668159008026125,601.0,2026-08-31T13:02:08.442Z,4787.0,3193.0,Ha,NGC2903,,458.0,65.0,fix1,local,19.4353,0.0724,9.0,H100 (80 GB),2026-08-31 13:02:08.442000+00:00
azken,H100 PCIe,"3.12.3 (main, Mar  3 2026, 12:15:18) [GCC 13.3.0]",py312_cuml_adaptive,profiler_cuml_adaptive_fix1,QHY600-4_Ha,15.3,12.799606800079346,601.0,2026-08-31T13:02:29.532Z,4787.0,3193.0,Ha,NGC2903,,5535.0,66.0,fix1,local,19.4353,0.0724,9.0,H100 (80 GB),2026-08-31 13:02:29.532000+00:00
azken,H100 PCIe,"3.8.10 (default, Nov 22 2023, 10:22:35) 
[GCC 9.4.0]",py38_baseline,profiler_py38_fix1,QHY600-4_Lum_2k,15.3,32.46314477920532,2938.0,2026-08-31T14:54:01.075Z,4787.0,3193.0,Lum,1620,,6091.0,65.0,fix1,local,23.5044,0.0014,176.0,H100 (80 GB),2026-08-31 14:54:01.075000+00:00
azken,H100 PCIe,"3.8.10 (default, Nov 22 2023, 10:22:35) 
[GCC 9.4.0]",py38_baseline,profiler_py38_fix1,QHY600-4_Lum_2k,15.3,31.365683555603027,2938.0,2026-08-31T14:54:12.135Z,4787.0,3193.0,Lum,1620,,5151.0,65.0,fix1,local,23.5044,0.0014,176.0,H100 (80 GB),2026-08-31 14:54:12.135000+00:00
azken,H100 PCIe,"3.8.10 (default, Nov 22 2023, 10:22:35) 
[GCC 9.4.0]",py38_baseline,profiler_py38_fix1,QHY600-4_Lum_2k,15.3,31.95340228080749,2938.0,2026-08-31T14:54:38.255Z,4787.0,3193.0,Lum,1620,,5615.0,65.0,fix1,local,23.5044,0.0014,176.0,H100 (80 GB),2026-08-31 14:54:38.255000+00:00
azken,H100 PCIe,"3.8.10 (default, Nov 22 2023, 10:22:35) 
[GCC 9.4.0]",py38_baseline,profiler_py38_fix1,QHY600-4_Lum_2k,15.3,26.552501440048218,2938.0,2026-08-31T14:54:46.288Z,4787.0,3193.0,Lum,1620,,5129.0,64.0,fix1,local,23.5044,0.0014,176.0,H100 (80 GB),2026-08-31 14:54:46.288000+00:00
azken,H100 PCIe,"3.8.10 (default, Nov 22 2023, 10:22:35) 
[GCC 9.4.0]",py38_baseline,profiler_py38_fix1,QHY600-4_Lum_2k,15.3,31.873839139938354,2938.0,2026-08-31T14:55:15.101Z,4787.0,3193.0,Lum,1620,,6091.0,65.0,fix1,local,23.5044,0.0014,176.0,H100 (80 GB),2026-08-31 14:55:15.101000+00:00
azken,H100 PCIe,"3.8.10 (default, Nov 22 2023, 10:22:35) 
[GCC 9.4.0]",py38_baseline,profiler_py38_fix1,QHY600-4_Lum_2k,15.3,24.805695056915283,2938.0,2026-08-31T14:55:17.852Z,4787.0,3193.0,Lum,1620,,5151.0,64.0,fix1,local,23.5044,0.0014,176.0,H100 (80 GB),2026-08-31 14:55:17.852000+00:00
azken,H100 PCIe,"3.8.10 (default, Nov 22 2023, 10:22:35) 
[GCC 9.4.0]",py38_baseline,profiler_py38_fix1,QHY600-4_Lum_2k,15.3,27.348114013671875,2938.0,2026-08-31T14:55:46.882Z,4787.0,3193.0,Lum,1620,,458.0,65.0,fix1,local,23.5044,0.0014,176.0,H100 (80 GB),2026-08-31 14:55:46.882000+00:00
azken,H100 PCIe,"3.8.10 (default, Nov 22 2023, 10:22:35) 
[GCC 9.4.0]",py38_baseline,profiler_py38_fix1,QHY600-4_Lum_2k,15.3,29.40741467475891,2938.0,2026-08-31T14:56:21.822Z,4787.0,3193.0,Lum,1620,,5615.0,64.0,fix1,local,23.5044,0.0014,176.0,H100 (80 GB),2026-08-31 14:56:21.822000+00:00
azken,H100 PCIe,"3.8.10 (default, Nov 22 2023, 10:22:35) 
[GCC 9.4.0]",py38_baseline,profiler_py38_fix1,QHY600-4_Lum_2k,15.3,18.798222064971924,2938.0,2026-08-31T14:56:25.561Z,4787.0,3193.0,Lum,1620,,5151.0,64.0,fix1,local,23.5044,0.0014,176.0,H100 (80 GB),2026-08-31 14:56:25.561000+00:00
azken,H100 PCIe,"3.8.10 (default, Nov 22 2023, 10:22:35) 
[GCC 9.4.0]",py38_baseline,profiler_py38_fix1,QHY600-4_Lum_2k,15.3,31.426000595092773,2938.0,2026-08-31T14:56:57.775Z,4787.0,3193.0,Lum,1620,,1311.0,65.0,fix1,local,23.5044,0.0014,176.0,H100 (80 GB),2026-08-31 14:56:57.775000+00:00
azken,H100 PCIe,"3.8.10 (default, Nov 22 2023, 10:22:35) 
[GCC 9.4.0]",py38_baseline,profiler_py38_fix1,QHY600-4_Lum_2k,15.3,27.831487894058228,2938.0,2026-08-31T14:56:58.476Z,4787.0,3193.0,Lum,1620,,5151.0,65.0,fix1,local,23.5044,0.0014,176.0,H100 (80 GB),2026-08-31 14:56:58.476000+00:00
azken,H100 PCIe,"3.8.10 (default, Nov 22 2023, 10:22:35) 
[GCC 9.4.0]",py38_baseline,profiler_py38_fix1,QHY600-4_Lum_2k,15.3,32.259408473968506,2938.0,2026-08-31T14:57:35.097Z,4787.0,3193.0,Lum,1620,,458.0,63.0,fix1,local,23.5044,0.0014,176.0,H100 (80 GB),2026-08-31 14:57:35.097000+00:00
azken,H100 PCIe,"3.8.10 (default, Nov 22 2023, 10:22:35) 
[GCC 9.4.0]",py38_baseline,profiler_py38_fix1,QHY600-4_Lum_2k,15.3,34.20961284637451,2938.0,2026-08-31T14:57:37.409Z,4787.0,3193.0,Lum,1620,,3439.0,64.0,fix1,local,23.5044,0.0014,176.0,H100 (80 GB),2026-08-31 14:57:37.409000+00:00
azken,H100 PCIe,"3.8.10 (default, Nov 22 2023, 10:22:35) 
[GCC 9.4.0]",py38_baseline,profiler_py38_fix1,QHY600-4_Lum_2k,15.3,32.37370586395264,2938.0,2026-08-31T14:58:11.923Z,4787.0,3193.0,Lum,1620,,458.0,65.0,fix1,local,23.5044,0.0014,176.0,H100 (80 GB),2026-08-31 14:58:11.923000+00:00
azken,H100 PCIe,"3.8.10 (default, Nov 22 2023, 10:22:35) 
[GCC 9.4.0]",py38_baseline,profiler_py38_fix1,QHY600-4_Lum_2k,15.3,32.161033153533936,2938.0,2026-08-31T14:58:14.535Z,4787.0,3193.0,Lum,1620,,5099.0,65.0,fix1,local,23.5044,0.0014,176.0,H100 (80 GB),2026-08-31 14:58:14.535000+00:00
azken,H100 PCIe,"3.8.10 (default, Nov 22 2023, 10:22:35) 
[GCC 9.4.0]",py38_baseline,profiler_py38_fix1,QHY600-4_Lum_2k,15.3,24.94688129425049,2938.0,2026-08-31T14:58:41.345Z,4787.0,3193.0,Lum,1620,,458.0,65.0,fix1,local,23.5044,0.0014,176.0,H100 (80 GB),2026-08-31 14:58:41.345000+00:00
azken,H100 PCIe,"3.8.10 (default, Nov 22 2023, 10:22:35) 
[GCC 9.4.0]",py38_baseline,profiler_py38_fix1,QHY600-4_Lum_2k,15.3,25.02576971054077,2938.0,2026-08-31T14:58:44.342Z,4787.0,3193.0,Lum,1620,,5099.0,65.0,fix1,local,23.5044,0.0014,176.0,H100 (80 GB),2026-08-31 14:58:44.342000+00:00
azken,H100 PCIe,"3.8.10 (default, Nov 22 2023, 10:22:35) 
[GCC 9.4.0]",py38_baseline,profiler_py38_fix1,QHY600-4_Lum_2k,15.3,26.795595169067383,2938.0,2026-08-31T14:59:13.141Z,4787.0,3193.0,Lum,1620,,458.0,65.0,fix1,local,23.5044,0.0014,176.0,H100 (80 GB),2026-08-31 14:59:13.141000+00:00
azken,H100 PCIe,"3.8.10 (default, Nov 22 2023, 10:22:35) 
[GCC 9.4.0]",py38_baseline,profiler_py38_fix1,QHY600-4_Lum_2k,15.3,28.59374403953552,2938.0,2026-08-31T14:59:17.803Z,4787.0,3193.0,Lum,1620,,5151.0,65.0,fix1,local,23.5044,0.0014,176.0,H100 (80 GB),2026-08-31 14:59:17.803000+00:00
azken,H100 PCIe,"3.8.10 (default, Nov 22 2023, 10:22:35) 
[GCC 9.4.0]",py38_baseline,profiler_py38_fix1,QHY600-4_Lum_2k,15.3,31.512006759643555,2938.0,2026-08-31T14:59:49.666Z,4787.0,3193.0,Lum,1620,,1311.0,65.0,fix1,local,23.5044,0.0014,176.0,H100 (80 GB),2026-08-31 14:59:49.666000+00:00
azken,H100 PCIe,"3.8.10 (default, Nov 22 2023, 10:22:35) 
[GCC 9.4.0]",py38_baseline,profiler_py38_fix1,QHY600-4_Lum_2k,15.3,27.21879911422729,2938.0,2026-08-31T14:59:50.347Z,4787.0,3193.0,Lum,1620,,5151.0,65.0,fix1,local,23.5044,0.0014,176.0,H100 (80 GB),2026-08-31 14:59:50.347000+00:00
azken,H100 PCIe,"3.12.3 (main, Mar  3 2026, 12:15:18) [GCC 13.3.0]",py312_cuml_adaptive,profiler_cuml_adaptive_fix1,QHY600-4_Lum_2k,15.3,15.647369384765623,2938.0,2026-08-31T15:00:40.092Z,4787.0,3193.0,Lum,1620,,458.0,63.0,fix1,local,23.5036,0.0014,177.0,H100 (80 GB),2026-08-31 15:00:40.092000+00:00
azken,H100 PCIe,"3.12.3 (main, Mar  3 2026, 12:15:18) [GCC 13.3.0]",py312_cuml_adaptive,profiler_cuml_adaptive_fix1,QHY600-4_Lum_2k,15.3,16.090316772460938,2938.0,2026-08-31T15:00:44.953Z,4787.0,3193.0,Lum,1620,,6487.0,66.0,fix1,local,23.5036,0.0014,177.0,H100 (80 GB),2026-08-31 15:00:44.953000+00:00
azken,H100 PCIe,"3.12.3 (main, Mar  3 2026, 12:15:18) [GCC 13.3.0]",py312_cuml_adaptive,profiler_cuml_adaptive_fix1,QHY600-4_Lum_2k,15.3,18.71620321273804,2938.0,2026-08-31T15:01:07.574Z,4787.0,3193.0,Lum,1620,,458.0,65.0,fix1,local,23.5036,0.0014,177.0,H100 (80 GB),2026-08-31 15:01:07.574000+00:00
azken,H100 PCIe,"3.12.3 (main, Mar  3 2026, 12:15:18) [GCC 13.3.0]",py312_cuml_adaptive,profiler_cuml_adaptive_fix1,QHY600-4_Lum_2k,15.3,17.397212505340576,2938.0,2026-08-31T15:01:11.410Z,4787.0,3193.0,Lum,1620,,5603.0,66.0,fix1,local,23.5036,0.0014,177.0,H100 (80 GB),2026-08-31 15:01:11.410000+00:00
azken,H100 PCIe,"3.12.3 (main, Mar  3 2026, 12:15:18) [GCC 13.3.0]",py312_cuml_adaptive,profiler_cuml_adaptive_fix1,QHY600-4_Lum_2k,15.3,17.712456703186035,2938.0,2026-08-31T15:01:33.767Z,4787.0,3193.0,Lum,1620,,458.0,65.0,fix1,local,23.5036,0.0014,177.0,H100 (80 GB),2026-08-31 15:01:33.767000+00:00
azken,H100 PCIe,"3.12.3 (main, Mar  3 2026, 12:15:18) [GCC 13.3.0]",py312_cuml_adaptive,profiler_cuml_adaptive_fix1,QHY600-4_Lum_2k,15.3,19.23768758773804,2938.0,2026-08-31T15:01:38.782Z,4787.0,3193.0,Lum,1620,,5407.0,65.0,fix1,local,23.5036,0.0014,177.0,H100 (80 GB),2026-08-31 15:01:38.782000+00:00
azken,H100 PCIe,"3.12.3 (main, Mar  3 2026, 12:15:18) [GCC 13.3.0]",py312_cuml_adaptive,profiler_cuml_adaptive_fix1,QHY600-4_Lum_2k,15.3,15.781970024108888,2938.0,2026-08-31T15:01:58.521Z,4787.0,3193.0,Lum,1620,,458.0,66.0,fix1,local,23.5036,0.0014,177.0,H100 (80 GB),2026-08-31 15:01:58.521000+00:00
azken,H100 PCIe,"3.12.3 (main, Mar  3 2026, 12:15:18) [GCC 13.3.0]",py312_cuml_adaptive,profiler_cuml_adaptive_fix1,QHY600-4_Lum_2k,15.3,15.929588556289673,2938.0,2026-08-31T15:02:03.491Z,4787.0,3193.0,Lum,1620,,5859.0,67.0,fix1,local,23.5036,0.0014,177.0,H100 (80 GB),2026-08-31 15:02:03.491000+00:00
azken,H100 PCIe,"3.12.3 (main, Mar  3 2026, 12:15:18) [GCC 13.3.0]",py312_cuml_adaptive,profiler_cuml_adaptive_fix1,QHY600-4_Lum_2k,15.3,17.61505365371704,2938.0,2026-08-31T15:02:25.854Z,4787.0,3193.0,Lum,1620,,458.0,65.0,fix1,local,23.5036,0.0014,177.0,H100 (80 GB),2026-08-31 15:02:25.854000+00:00
azken,H100 PCIe,"3.12.3 (main, Mar  3 2026, 12:15:18) [GCC 13.3.0]",py312_cuml_adaptive,profiler_cuml_adaptive_fix1,QHY600-4_Lum_2k,15.3,18.05277109146118,2938.0,2026-08-31T15:02:30.703Z,4787.0,3193.0,Lum,1620,,6487.0,67.0,fix1,local,23.5036,0.0014,177.0,H100 (80 GB),2026-08-31 15:02:30.703000+00:00
azken,H100 PCIe,"3.12.3 (main, Mar  3 2026, 12:15:18) [GCC 13.3.0]",py312_cuml_adaptive,profiler_cuml_adaptive_fix1,QHY600-4_Lum_2k,15.3,17.245940446853638,2938.0,2026-08-31T15:02:52.151Z,4787.0,3193.0,Lum,1620,,458.0,66.0,fix1,local,23.5036,0.0014,177.0,H100 (80 GB),2026-08-31 15:02:52.151000+00:00
azken,H100 PCIe,"3.12.3 (main, Mar  3 2026, 12:15:18) [GCC 13.3.0]",py312_cuml_adaptive,profiler_cuml_adaptive_fix1,QHY600-4_Lum_2k,15.3,15.728062152862549,2938.0,2026-08-31T15:02:56.287Z,4787.0,3193.0,Lum,1620,,5787.0,67.0,fix1,local,23.5036,0.0014,177.0,H100 (80 GB),2026-08-31 15:02:56.287000+00:00
azken,H100 PCIe,"3.12.3 (main, Mar  3 2026, 12:15:18) [GCC 13.3.0]",py312_cuml_adaptive,profiler_cuml_adaptive_fix1,QHY600-4_Lum_2k,15.3,16.873215913772583,2938.0,2026-08-31T15:03:18.033Z,4787.0,3193.0,Lum,1620,,458.0,66.0,fix1,local,23.5036,0.0014,177.0,H100 (80 GB),2026-08-31 15:03:18.033000+00:00
azken,H100 PCIe,"3.12.3 (main, Mar  3 2026, 12:15:18) [GCC 13.3.0]",py312_cuml_adaptive,profiler_cuml_adaptive_fix1,QHY600-4_Lum_2k,15.3,17.26817226409912,2938.0,2026-08-31T15:03:21.865Z,4787.0,3193.0,Lum,1620,,6487.0,68.0,fix1,local,23.5036,0.0014,177.0,H100 (80 GB),2026-08-31 15:03:21.865000+00:00
azken,H100 PCIe,"3.12.3 (main, Mar  3 2026, 12:15:18) [GCC 13.3.0]",py312_cuml_adaptive,profiler_cuml_adaptive_fix1,QHY600-4_Lum_2k,15.3,14.70002269744873,2938.0,2026-08-31T15:03:42.169Z,4787.0,3193.0,Lum,1620,,458.0,64.0,fix1,local,23.5036,0.0014,177.0,H100 (80 GB),2026-08-31 15:03:42.169000+00:00
azken,H100 PCIe,"3.12.3 (main, Mar  3 2026, 12:15:18) [GCC 13.3.0]",py312_cuml_adaptive,profiler_cuml_adaptive_fix1,QHY600-4_Lum_2k,15.3,15.77121376991272,2938.0,2026-08-31T15:03:46.601Z,4787.0,3193.0,Lum,1620,,6967.0,67.0,fix1,local,23.5036,0.0014,177.0,H100 (80 GB),2026-08-31 15:03:46.601000+00:00
azken,H100 PCIe,"3.12.3 (main, Mar  3 2026, 12:15:18) [GCC 13.3.0]",py312_cuml_adaptive,profiler_cuml_adaptive_fix1,QHY600-4_Lum_2k,15.3,17.30238103866577,2938.0,2026-08-31T15:04:07.691Z,4787.0,3193.0,Lum,1620,,458.0,65.0,fix1,local,23.5036,0.0014,177.0,H100 (80 GB),2026-08-31 15:04:07.691000+00:00
azken,H100 PCIe,"3.12.3 (main, Mar  3 2026, 12:15:18) [GCC 13.3.0]",py312_cuml_adaptive,profiler_cuml_adaptive_fix1,QHY600-4_Lum_2k,15.3,19.522868633270264,2938.0,2026-08-31T15:04:13.998Z,4787.0,3193.0,Lum,1620,,6935.0,68.0,fix1,local,23.5036,0.0014,177.0,H100 (80 GB),2026-08-31 15:04:13.998000+00:00
azken,H100 PCIe,"3.12.3 (main, Mar  3 2026, 12:15:18) [GCC 13.3.0]",py312_cuml_adaptive,profiler_cuml_adaptive_fix1,QHY600-4_Lum_2k,15.3,17.428735971450806,2938.0,2026-08-31T15:04:34.708Z,4787.0,3193.0,Lum,1620,,458.0,67.0,fix1,local,23.5036,0.0014,177.0,H100 (80 GB),2026-08-31 15:04:34.708000+00:00
azken,H100 PCIe,"3.12.3 (main, Mar  3 2026, 12:15:18) [GCC 13.3.0]",py312_cuml_adaptive,profiler_cuml_adaptive_fix1,QHY600-4_Lum_2k,15.3,17.192600965499878,2938.0,2026-08-31T15:04:40.202Z,4787.0,3193.0,Lum,1620,,5883.0,67.0,fix1,local,23.5036,0.0014,177.0,H100 (80 GB),2026-08-31 15:04:40.202000+00:00
azken,H100 PCIe,"3.12.3 (main, Mar  3 2026, 12:15:18) [GCC 13.3.0]",py312_cuml_adaptive,profiler_cuml_adaptive_fix1,QHY600-4_Lum_2k,15.3,17.03931999206543,2938.0,2026-08-31T15:05:01.999Z,4787.0,3193.0,Lum,1620,,458.0,65.0,fix1,local,23.5036,0.0014,177.0,H100 (80 GB),2026-08-31 15:05:01.999000+00:00
azken,H100 PCIe,"3.12.3 (main, Mar  3 2026, 12:15:18) [GCC 13.3.0]",py312_cuml_adaptive,profiler_cuml_adaptive_fix1,QHY600-4_Lum_2k,15.3,16.06301474571228,2938.0,2026-08-31T15:05:03.886Z,4787.0,3193.0,Lum,1620,,5325.0,66.0,fix1,local,23.5036,0.0014,177.0,H100 (80 GB),2026-08-31 15:05:03.886000+00:00
azken,H100 PCIe,"3.8.10 (default, Nov 22 2023, 10:22:35) 
[GCC 9.4.0]",py38_baseline,profiler_py38_fix1,QHY600-4_SDSSg,15.3,10.819149255752563,307.0,2026-08-31T12:50:31.979Z,4787.0,3193.0,SDSSg,WASP-43-b,,2343.0,63.0,fix1,local,22.8741,0.003,33.0,H100 (80 GB),2026-08-31 12:50:31.979000+00:00
azken,H100 PCIe,"3.8.10 (default, Nov 22 2023, 10:22:35) 
[GCC 9.4.0]",py38_baseline,profiler_py38_fix1,QHY600-4_SDSSg,15.3,10.977127313613892,307.0,2026-08-31T12:50:47.700Z,4787.0,3193.0,SDSSg,WASP-43-b,,458.0,62.0,fix1,local,22.8741,0.003,33.0,H100 (80 GB),2026-08-31 12:50:47.700000+00:00
azken,H100 PCIe,"3.8.10 (default, Nov 22 2023, 10:22:35) 
[GCC 9.4.0]",py38_baseline,profiler_py38_fix1,QHY600-4_SDSSg,15.3,11.55878973007202,307.0,2026-08-31T12:50:49.934Z,4787.0,3193.0,SDSSg,WASP-43-b,,5099.0,64.0,fix1,local,22.8741,0.003,33.0,H100 (80 GB),2026-08-31 12:50:49.934000+00:00
azken,H100 PCIe,"3.8.10 (default, Nov 22 2023, 10:22:35) 
[GCC 9.4.0]",py38_baseline,profiler_py38_fix1,QHY600-4_SDSSg,15.3,11.277174472808838,307.0,2026-08-31T12:51:06.071Z,4787.0,3193.0,SDSSg,WASP-43-b,,5099.0,65.0,fix1,local,22.8741,0.003,33.0,H100 (80 GB),2026-08-31 12:51:06.071000+00:00
azken,H100 PCIe,"3.8.10 (default, Nov 22 2023, 10:22:35) 
[GCC 9.4.0]",py38_baseline,profiler_py38_fix1,QHY600-4_SDSSg,15.3,10.995185375213625,307.0,2026-08-31T12:51:21.776Z,4787.0,3193.0,SDSSg,WASP-43-b,,458.0,62.0,fix1,local,22.8741,0.003,33.0,H100 (80 GB),2026-08-31 12:51:21.776000+00:00
azken,H100 PCIe,"3.8.10 (default, Nov 22 2023, 10:22:35) 
[GCC 9.4.0]",py38_baseline,profiler_py38_fix1,QHY600-4_SDSSg,15.3,11.395426034927368,307.0,2026-08-31T12:51:22.870Z,4787.0,3193.0,SDSSg,WASP-43-b,,3557.0,63.0,fix1,local,22.8741,0.003,33.0,H100 (80 GB),2026-08-31 12:51:22.870000+00:00
azken,H100 PCIe,"3.8.10 (default, Nov 22 2023, 10:22:35) 
[GCC 9.4.0]",py38_baseline,profiler_py38_fix1,QHY600-4_SDSSg,15.3,11.054688453674316,307.0,2026-08-31T12:51:37.097Z,4787.0,3193.0,SDSSg,WASP-43-b,,458.0,63.0,fix1,local,22.8741,0.003,33.0,H100 (80 GB),2026-08-31 12:51:37.097000+00:00
azken,H100 PCIe,"3.8.10 (default, Nov 22 2023, 10:22:35) 
[GCC 9.4.0]",py38_baseline,profiler_py38_fix1,QHY600-4_SDSSg,15.3,11.427791357040403,307.0,2026-08-31T12:51:39.152Z,4787.0,3193.0,SDSSg,WASP-43-b,,5099.0,64.0,fix1,local,22.8741,0.003,33.0,H100 (80 GB),2026-08-31 12:51:39.152000+00:00
azken,H100 PCIe,"3.8.10 (default, Nov 22 2023, 10:22:35) 
[GCC 9.4.0]",py38_baseline,profiler_py38_fix1,QHY600-4_SDSSg,15.3,11.200054407119753,307.0,2026-08-31T12:51:53.284Z,4787.0,3193.0,SDSSg,WASP-43-b,,458.0,64.0,fix1,local,22.8741,0.003,33.0,H100 (80 GB),2026-08-31 12:51:53.284000+00:00
azken,H100 PCIe,"3.8.10 (default, Nov 22 2023, 10:22:35) 
[GCC 9.4.0]",py38_baseline,profiler_py38_fix1,QHY600-4_SDSSg,15.3,10.58280611038208,307.0,2026-08-31T12:51:54.133Z,4787.0,3193.0,SDSSg,WASP-43-b,,5099.0,65.0,fix1,local,22.8741,0.003,33.0,H100 (80 GB),2026-08-31 12:51:54.133000+00:00
azken,H100 PCIe,"3.8.10 (default, Nov 22 2023, 10:22:35) 
[GCC 9.4.0]",py38_baseline,profiler_py38_fix1,QHY600-4_SDSSg,15.3,10.130406856536863,307.0,2026-08-31T12:52:09.037Z,4787.0,3193.0,SDSSg,WASP-43-b,,3337.0,64.0,fix1,local,22.8741,0.003,33.0,H100 (80 GB),2026-08-31 12:52:09.037000+00:00
azken,H100 PCIe,"3.8.10 (default, Nov 22 2023, 10:22:35) 
[GCC 9.4.0]",py38_baseline,profiler_py38_fix1,QHY600-4_SDSSg,15.3,11.28592586517334,307.0,2026-08-31T12:52:09.289Z,4787.0,3193.0,SDSSg,WASP-43-b,,458.0,63.0,fix1,local,22.8741,0.003,33.0,H100 (80 GB),2026-08-31 12:52:09.289000+00:00
azken,H100 PCIe,"3.8.10 (default, Nov 22 2023, 10:22:35) 
[GCC 9.4.0]",py38_baseline,profiler_py38_fix1,QHY600-4_SDSSg,15.3,10.100481986999512,307.0,2026-08-31T12:52:24.166Z,4787.0,3193.0,SDSSg,WASP-43-b,,1141.0,63.0,fix1,local,22.8741,0.003,33.0,H100 (80 GB),2026-08-31 12:52:24.166000+00:00
azken,H100 PCIe,"3.8.10 (default, Nov 22 2023, 10:22:35) 
[GCC 9.4.0]",py38_baseline,profiler_py38_fix1,QHY600-4_SDSSg,15.3,10.883907079696655,307.0,2026-08-31T12:52:24.680Z,4787.0,3193.0,SDSSg,WASP-43-b,,474.0,63.0,fix1,local,22.8741,0.003,33.0,H100 (80 GB),2026-08-31 12:52:24.680000+00:00
azken,H100 PCIe,"3.8.10 (default, Nov 22 2023, 10:22:35) 
[GCC 9.4.0]",py38_baseline,profiler_py38_fix1,QHY600-4_SDSSg,15.3,12.196789264678957,307.0,2026-08-31T12:52:41.567Z,4787.0,3193.0,SDSSg,WASP-43-b,,3557.0,63.0,fix1,local,22.8741,0.003,33.0,H100 (80 GB),2026-08-31 12:52:41.567000+00:00
azken,H100 PCIe,"3.8.10 (default, Nov 22 2023, 10:22:35) 
[GCC 9.4.0]",py38_baseline,profiler_py38_fix1,QHY600-4_SDSSg,15.3,11.379933595657349,307.0,2026-08-31T12:52:58.993Z,4787.0,3193.0,SDSSg,WASP-43-b,,971.0,62.0,fix1,local,22.8741,0.003,33.0,H100 (80 GB),2026-08-31 12:52:58.993000+00:00
azken,H100 PCIe,"3.8.10 (default, Nov 22 2023, 10:22:35) 
[GCC 9.4.0]",py38_baseline,profiler_py38_fix1,QHY600-4_SDSSg,15.3,11.751749515533447,307.0,2026-08-31T12:52:59.309Z,4787.0,3193.0,SDSSg,WASP-43-b,,911.0,62.0,fix1,local,22.8741,0.003,33.0,H100 (80 GB),2026-08-31 12:52:59.309000+00:00
azken,H100 PCIe,"3.8.10 (default, Nov 22 2023, 10:22:35) 
[GCC 9.4.0]",py38_baseline,profiler_py38_fix1,QHY600-4_SDSSg,15.3,10.53370237350464,307.0,2026-08-31T12:53:14.657Z,4787.0,3193.0,SDSSg,WASP-43-b,,458.0,62.0,fix1,local,22.8741,0.003,33.0,H100 (80 GB),2026-08-31 12:53:14.657000+00:00
azken,H100 PCIe,"3.8.10 (default, Nov 22 2023, 10:22:35) 
[GCC 9.4.0]",py38_baseline,profiler_py38_fix1,QHY600-4_SDSSg,15.3,10.699572563171388,307.0,2026-08-31T12:53:30.439Z,4787.0,3193.0,SDSSg,WASP-43-b,,6281.0,65.0,fix1,local,22.8741,0.003,33.0,H100 (80 GB),2026-08-31 12:53:30.439000+00:00
azken,H100 PCIe,"3.8.10 (default, Nov 22 2023, 10:22:35) 
[GCC 9.4.0]",py38_baseline,profiler_py38_fix1,QHY600-4_SDSSg,15.3,9.337193012237549,307.0,2026-08-31T12:53:44.604Z,4787.0,3193.0,SDSSg,WASP-43-b,,5773.0,65.0,fix1,local,22.8741,0.003,33.0,H100 (80 GB),2026-08-31 12:53:44.604000+00:00
azken,H100 PCIe,"3.12.3 (main, Mar  3 2026, 12:15:18) [GCC 13.3.0]",py312_cuml_adaptive,profiler_cuml_adaptive_fix1,QHY600-4_SDSSg,15.3,11.502140998840332,307.0,2026-08-31T12:54:01.251Z,4787.0,3193.0,SDSSg,WASP-43-b,,458.0,62.0,fix1,local,22.8707,0.004,38.0,H100 (80 GB),2026-08-31 12:54:01.251000+00:00
azken,H100 PCIe,"3.12.3 (main, Mar  3 2026, 12:15:18) [GCC 13.3.0]",py312_cuml_adaptive,profiler_cuml_adaptive_fix1,QHY600-4_SDSSg,15.3,10.075896739959717,307.0,2026-08-31T12:54:06.634Z,4787.0,3193.0,SDSSg,WASP-43-b,,6281.0,65.0,fix1,local,22.8707,0.004,38.0,H100 (80 GB),2026-08-31 12:54:06.634000+00:00
azken,H100 PCIe,"3.12.3 (main, Mar  3 2026, 12:15:18) [GCC 13.3.0]",py312_cuml_adaptive,profiler_cuml_adaptive_fix1,QHY600-4_SDSSg,15.3,11.312087059020996,307.0,2026-08-31T12:54:21.140Z,4787.0,3193.0,SDSSg,WASP-43-b,,458.0,65.0,fix1,local,22.8707,0.004,38.0,H100 (80 GB),2026-08-31 12:54:21.140000+00:00
azken,H100 PCIe,"3.12.3 (main, Mar  3 2026, 12:15:18) [GCC 13.3.0]",py312_cuml_adaptive,profiler_cuml_adaptive_fix1,QHY600-4_SDSSg,15.3,12.627188444137571,307.0,2026-08-31T12:54:28.158Z,4787.0,3193.0,SDSSg,WASP-43-b,,5773.0,65.0,fix1,local,22.8707,0.004,38.0,H100 (80 GB),2026-08-31 12:54:28.158000+00:00
azken,H100 PCIe,"3.12.3 (main, Mar  3 2026, 12:15:18) [GCC 13.3.0]",py312_cuml_adaptive,profiler_cuml_adaptive_fix1,QHY600-4_SDSSg,15.3,11.130118131637571,307.0,2026-08-31T12:54:40.755Z,4787.0,3193.0,SDSSg,WASP-43-b,,1305.0,65.0,fix1,local,22.8707,0.004,38.0,H100 (80 GB),2026-08-31 12:54:40.755000+00:00
azken,H100 PCIe,"3.12.3 (main, Mar  3 2026, 12:15:18) [GCC 13.3.0]",py312_cuml_adaptive,profiler_cuml_adaptive_fix1,QHY600-4_SDSSg,15.3,10.946296453475952,307.0,2026-08-31T12:54:48.600Z,4787.0,3193.0,SDSSg,WASP-43-b,,6281.0,66.0,fix1,local,22.8707,0.004,38.0,H100 (80 GB),2026-08-31 12:54:48.600000+00:00
azken,H100 PCIe,"3.12.3 (main, Mar  3 2026, 12:15:18) [GCC 13.3.0]",py312_cuml_adaptive,profiler_cuml_adaptive_fix1,QHY600-4_SDSSg,15.3,11.686643838882446,307.0,2026-08-31T12:55:00.650Z,4787.0,3193.0,SDSSg,WASP-43-b,,1305.0,65.0,fix1,local,22.8707,0.004,38.0,H100 (80 GB),2026-08-31 12:55:00.650000+00:00
azken,H100 PCIe,"3.12.3 (main, Mar  3 2026, 12:15:18) [GCC 13.3.0]",py312_cuml_adaptive,profiler_cuml_adaptive_fix1,QHY600-4_SDSSg,15.3,11.098798513412476,307.0,2026-08-31T12:55:07.903Z,4787.0,3193.0,SDSSg,WASP-43-b,,6281.0,66.0,fix1,local,22.8707,0.004,38.0,H100 (80 GB),2026-08-31 12:55:07.903000+00:00
azken,H100 PCIe,"3.12.3 (main, Mar  3 2026, 12:15:18) [GCC 13.3.0]",py312_cuml_adaptive,profiler_cuml_adaptive_fix1,QHY600-4_SDSSg,15.3,13.609716176986694,307.0,2026-08-31T12:55:25.762Z,4787.0,3193.0,SDSSg,WASP-43-b,,458.0,65.0,fix1,local,22.8707,0.004,38.0,H100 (80 GB),2026-08-31 12:55:25.762000+00:00
azken,H100 PCIe,"3.12.3 (main, Mar  3 2026, 12:15:18) [GCC 13.3.0]",py312_cuml_adaptive,profiler_cuml_adaptive_fix1,QHY600-4_SDSSg,15.3,13.495401859283447,307.0,2026-08-31T12:55:34.691Z,4787.0,3193.0,SDSSg,WASP-43-b,,6281.0,66.0,fix1,local,22.8707,0.004,38.0,H100 (80 GB),2026-08-31 12:55:34.691000+00:00
azken,H100 PCIe,"3.12.3 (main, Mar  3 2026, 12:15:18) [GCC 13.3.0]",py312_cuml_adaptive,profiler_cuml_adaptive_fix1,QHY600-4_SDSSg,15.3,9.784273624420166,307.0,2026-08-31T12:55:45.860Z,4787.0,3193.0,SDSSg,WASP-43-b,,1305.0,65.0,fix1,local,22.8707,0.004,38.0,H100 (80 GB),2026-08-31 12:55:45.860000+00:00
azken,H100 PCIe,"3.12.3 (main, Mar  3 2026, 12:15:18) [GCC 13.3.0]",py312_cuml_adaptive,profiler_cuml_adaptive_fix1,QHY600-4_SDSSg,15.3,11.222527265548706,307.0,2026-08-31T12:55:54.446Z,4787.0,3193.0,SDSSg,WASP-43-b,,6281.0,66.0,fix1,local,22.8707,0.004,38.0,H100 (80 GB),2026-08-31 12:55:54.446000+00:00
azken,H100 PCIe,"3.12.3 (main, Mar  3 2026, 12:15:18) [GCC 13.3.0]",py312_cuml_adaptive,profiler_cuml_adaptive_fix1,QHY600-4_SDSSg,15.3,11.559970140457152,307.0,2026-08-31T12:56:05.515Z,4787.0,3193.0,SDSSg,WASP-43-b,,1305.0,66.0,fix1,local,22.8707,0.004,38.0,H100 (80 GB),2026-08-31 12:56:05.515000+00:00
azken,H100 PCIe,"3.12.3 (main, Mar  3 2026, 12:15:18) [GCC 13.3.0]",py312_cuml_adaptive,profiler_cuml_adaptive_fix1,QHY600-4_SDSSg,15.3,11.738121271133425,307.0,2026-08-31T12:56:15.990Z,4787.0,3193.0,SDSSg,WASP-43-b,,6281.0,66.0,fix1,local,22.8707,0.004,38.0,H100 (80 GB),2026-08-31 12:56:15.990000+00:00
azken,H100 PCIe,"3.12.3 (main, Mar  3 2026, 12:15:18) [GCC 13.3.0]",py312_cuml_adaptive,profiler_cuml_adaptive_fix1,QHY600-4_SDSSg,15.3,11.10302186012268,307.0,2026-08-31T12:56:25.014Z,4787.0,3193.0,SDSSg,WASP-43-b,,6281.0,66.0,fix1,local,22.8707,0.004,38.0,H100 (80 GB),2026-08-31 12:56:25.014000+00:00
azken,H100 PCIe,"3.12.3 (main, Mar  3 2026, 12:15:18) [GCC 13.3.0]",py312_cuml_adaptive,profiler_cuml_adaptive_fix1,QHY600-4_SDSSg,15.3,11.067360162734984,307.0,2026-08-31T12:56:37.610Z,4787.0,3193.0,SDSSg,WASP-43-b,,937.0,66.0,fix1,local,22.8707,0.004,38.0,H100 (80 GB),2026-08-31 12:56:37.610000+00:00
azken,H100 PCIe,"3.12.3 (main, Mar  3 2026, 12:15:18) [GCC 13.3.0]",py312_cuml_adaptive,profiler_cuml_adaptive_fix1,QHY600-4_SDSSg,15.3,11.020900011062622,307.0,2026-08-31T12:56:44.308Z,4787.0,3193.0,SDSSg,WASP-43-b,,6281.0,67.0,fix1,local,22.8707,0.004,38.0,H100 (80 GB),2026-08-31 12:56:44.308000+00:00
azken,H100 PCIe,"3.12.3 (main, Mar  3 2026, 12:15:18) [GCC 13.3.0]",py312_cuml_adaptive,profiler_cuml_adaptive_fix1,QHY600-4_SDSSg,15.3,11.917380094528198,307.0,2026-08-31T12:56:58.952Z,4787.0,3193.0,SDSSg,WASP-43-b,,458.0,66.0,fix1,local,22.8707,0.004,38.0,H100 (80 GB),2026-08-31 12:56:58.952000+00:00
azken,H100 PCIe,"3.12.3 (main, Mar  3 2026, 12:15:18) [GCC 13.3.0]",py312_cuml_adaptive,profiler_cuml_adaptive_fix1,QHY600-4_SDSSg,15.3,11.697516679763794,307.0,2026-08-31T12:57:04.851Z,4787.0,3193.0,SDSSg,WASP-43-b,,8221.0,67.0,fix1,local,22.8707,0.004,38.0,H100 (80 GB),2026-08-31 12:57:04.851000+00:00
azken,H100 PCIe,"3.12.3 (main, Mar  3 2026, 12:15:18) [GCC 13.3.0]",py312_cuml_adaptive,profiler_cuml_adaptive_fix1,QHY600-4_SDSSg,15.3,12.509950637817385,307.0,2026-08-31T12:57:21.142Z,4787.0,3193.0,SDSSg,WASP-43-b,,458.0,66.0,fix1,local,22.8707,0.004,38.0,H100 (80 GB),2026-08-31 12:57:21.142000+00:00
azken,H100 PCIe,"3.12.3 (main, Mar  3 2026, 12:15:18) [GCC 13.3.0]",py312_cuml_adaptive,profiler_cuml_adaptive_fix1,QHY600-4_SDSSg,15.3,13.424057722091677,307.0,2026-08-31T12:57:44.031Z,4787.0,3193.0,SDSSg,WASP-43-b,,6271.0,66.0,fix1,local,22.8707,0.004,38.0,H100 (80 GB),2026-08-31 12:57:44.031000+00:00
azken,H100 PCIe,"3.12.3 (main, Mar  3 2026, 12:15:18) [GCC 13.3.0]",py312_cuml_adaptive,profiler_cuml_adaptive_fix1,QHY600-4_SDSSg,15.3,13.330794095993042,307.0,2026-08-31T12:58:06.252Z,4787.0,3193.0,SDSSg,WASP-43-b,,1295.0,66.0,fix1,local,22.8707,0.004,38.0,H100 (80 GB),2026-08-31 12:58:06.252000+00:00
azken,H100 PCIe,"3.8.10 (default, Nov 22 2023, 10:22:35) 
[GCC 9.4.0]",py38_baseline,profiler_py38_fix1,QHY600-4_SDSSg_4k,15.3,21.999017000198364,8294.0,2026-08-31T15:11:26.156Z,4787.0,3193.0,SDSSg,hermione,,1141.0,63.0,fix1,local,22.8943,0.0018,181.0,H100 (80 GB),2026-08-31 15:11:26.156000+00:00
azken,H100 PCIe,"3.8.10 (default, Nov 22 2023, 10:22:35) 
[GCC 9.4.0]",py38_baseline,profiler_py38_fix1,QHY600-4_SDSSg_4k,15.3,22.65020108222961,8294.0,2026-08-31T15:11:26.556Z,4787.0,3193.0,SDSSg,hermione,,474.0,62.0,fix1,local,22.8943,0.0018,181.0,H100 (80 GB),2026-08-31 15:11:26.556000+00:00
azken,H100 PCIe,"3.8.10 (default, Nov 22 2023, 10:22:35) 
[GCC 9.4.0]",py38_baseline,profiler_py38_fix1,QHY600-4_SDSSg_4k,15.3,20.99838876724243,8294.0,2026-08-31T15:11:52.346Z,4787.0,3193.0,SDSSg,hermione,,458.0,63.0,fix1,local,22.8943,0.0018,181.0,H100 (80 GB),2026-08-31 15:11:52.346000+00:00
azken,H100 PCIe,"3.8.10 (default, Nov 22 2023, 10:22:35) 
[GCC 9.4.0]",py38_baseline,profiler_py38_fix1,QHY600-4_SDSSg_4k,15.3,20.550339221954346,8294.0,2026-08-31T15:11:52.398Z,4787.0,3193.0,SDSSg,hermione,,3439.0,64.0,fix1,local,22.8943,0.0018,181.0,H100 (80 GB),2026-08-31 15:11:52.398000+00:00
azken,H100 PCIe,"3.8.10 (default, Nov 22 2023, 10:22:35) 
[GCC 9.4.0]",py38_baseline,profiler_py38_fix1,QHY600-4_SDSSg_4k,15.3,20.403758764266968,8294.0,2026-08-31T15:12:18.163Z,4787.0,3193.0,SDSSg,hermione,,3337.0,64.0,fix1,local,22.8943,0.0018,181.0,H100 (80 GB),2026-08-31 15:12:18.163000+00:00
azken,H100 PCIe,"3.8.10 (default, Nov 22 2023, 10:22:35) 
[GCC 9.4.0]",py38_baseline,profiler_py38_fix1,QHY600-4_SDSSg_4k,15.3,21.078605890274048,8294.0,2026-08-31T15:12:18.216Z,4787.0,3193.0,SDSSg,hermione,,458.0,63.0,fix1,local,22.8943,0.0018,181.0,H100 (80 GB),2026-08-31 15:12:18.216000+00:00
azken,H100 PCIe,"3.8.10 (default, Nov 22 2023, 10:22:35) 
[GCC 9.4.0]",py38_baseline,profiler_py38_fix1,QHY600-4_SDSSg_4k,15.3,17.227221488952637,8294.0,2026-08-31T15:12:41.267Z,4787.0,3193.0,SDSSg,hermione,,4147.0,64.0,fix1,local,22.8943,0.0018,181.0,H100 (80 GB),2026-08-31 15:12:41.267000+00:00
azken,H100 PCIe,"3.8.10 (default, Nov 22 2023, 10:22:35) 
[GCC 9.4.0]",py38_baseline,profiler_py38_fix1,QHY600-4_SDSSg_4k,15.3,19.431609869003296,8294.0,2026-08-31T15:12:42.605Z,4787.0,3193.0,SDSSg,hermione,,458.0,63.0,fix1,local,22.8943,0.0018,181.0,H100 (80 GB),2026-08-31 15:12:42.605000+00:00
azken,H100 PCIe,"3.8.10 (default, Nov 22 2023, 10:22:35) 
[GCC 9.4.0]",py38_baseline,profiler_py38_fix1,QHY600-4_SDSSg_4k,15.3,20.48840594291687,8294.0,2026-08-31T15:13:06.051Z,4787.0,3193.0,SDSSg,hermione,,458.0,65.0,fix1,local,22.8943,0.0018,181.0,H100 (80 GB),2026-08-31 15:13:06.051000+00:00
azken,H100 PCIe,"3.8.10 (default, Nov 22 2023, 10:22:35) 
[GCC 9.4.0]",py38_baseline,profiler_py38_fix1,QHY600-4_SDSSg_4k,15.3,19.487696647644043,8294.0,2026-08-31T15:13:06.910Z,4787.0,3193.0,SDSSg,hermione,,5099.0,65.0,fix1,local,22.8943,0.0018,181.0,H100 (80 GB),2026-08-31 15:13:06.910000+00:00
azken,H100 PCIe,"3.8.10 (default, Nov 22 2023, 10:22:35) 
[GCC 9.4.0]",py38_baseline,profiler_py38_fix1,QHY600-4_SDSSg_4k,15.3,21.737964153289795,8294.0,2026-08-31T15:13:32.452Z,4787.0,3193.0,SDSSg,hermione,,458.0,63.0,fix1,local,22.8943,0.0018,181.0,H100 (80 GB),2026-08-31 15:13:32.452000+00:00
azken,H100 PCIe,"3.8.10 (default, Nov 22 2023, 10:22:35) 
[GCC 9.4.0]",py38_baseline,profiler_py38_fix1,QHY600-4_SDSSg_4k,15.3,21.84386658668518,8294.0,2026-08-31T15:13:33.681Z,4787.0,3193.0,SDSSg,hermione,,4265.0,64.0,fix1,local,22.8943,0.0018,181.0,H100 (80 GB),2026-08-31 15:13:33.681000+00:00
azken,H100 PCIe,"3.8.10 (default, Nov 22 2023, 10:22:35) 
[GCC 9.4.0]",py38_baseline,profiler_py38_fix1,QHY600-4_SDSSg_4k,15.3,20.260273218154907,8294.0,2026-08-31T15:13:57.659Z,4787.0,3193.0,SDSSg,hermione,,458.0,64.0,fix1,local,22.8943,0.0018,181.0,H100 (80 GB),2026-08-31 15:13:57.659000+00:00
azken,H100 PCIe,"3.8.10 (default, Nov 22 2023, 10:22:35) 
[GCC 9.4.0]",py38_baseline,profiler_py38_fix1,QHY600-4_SDSSg_4k,15.3,20.71214199066162,8294.0,2026-08-31T15:13:59.266Z,4787.0,3193.0,SDSSg,hermione,,4385.0,65.0,fix1,local,22.8943,0.0018,181.0,H100 (80 GB),2026-08-31 15:13:59.266000+00:00
azken,H100 PCIe,"3.8.10 (default, Nov 22 2023, 10:22:35) 
[GCC 9.4.0]",py38_baseline,profiler_py38_fix1,QHY600-4_SDSSg_4k,15.3,23.15898466110229,8294.0,2026-08-31T15:14:26.116Z,4787.0,3193.0,SDSSg,hermione,,458.0,64.0,fix1,local,22.8943,0.0018,181.0,H100 (80 GB),2026-08-31 15:14:26.116000+00:00
azken,H100 PCIe,"3.8.10 (default, Nov 22 2023, 10:22:35) 
[GCC 9.4.0]",py38_baseline,profiler_py38_fix1,QHY600-4_SDSSg_4k,15.3,22.428391695022583,8294.0,2026-08-31T15:14:27.118Z,4787.0,3193.0,SDSSg,hermione,,5099.0,65.0,fix1,local,22.8943,0.0018,181.0,H100 (80 GB),2026-08-31 15:14:27.118000+00:00
azken,H100 PCIe,"3.8.10 (default, Nov 22 2023, 10:22:35) 
[GCC 9.4.0]",py38_baseline,profiler_py38_fix1,QHY600-4_SDSSg_4k,15.3,18.823087692260746,8294.0,2026-08-31T15:14:49.524Z,4787.0,3193.0,SDSSg,hermione,,458.0,63.0,fix1,local,22.8943,0.0018,181.0,H100 (80 GB),2026-08-31 15:14:49.524000+00:00
azken,H100 PCIe,"3.8.10 (default, Nov 22 2023, 10:22:35) 
[GCC 9.4.0]",py38_baseline,profiler_py38_fix1,QHY600-4_SDSSg_4k,15.3,20.12541937828064,8294.0,2026-08-31T15:14:52.370Z,4787.0,3193.0,SDSSg,hermione,,5099.0,65.0,fix1,local,22.8943,0.0018,181.0,H100 (80 GB),2026-08-31 15:14:52.370000+00:00
azken,H100 PCIe,"3.8.10 (default, Nov 22 2023, 10:22:35) 
[GCC 9.4.0]",py38_baseline,profiler_py38_fix1,QHY600-4_SDSSg_4k,15.3,18.293779850006104,8294.0,2026-08-31T15:15:13.553Z,4787.0,3193.0,SDSSg,hermione,,458.0,65.0,fix1,local,22.8943,0.0018,181.0,H100 (80 GB),2026-08-31 15:15:13.553000+00:00
azken,H100 PCIe,"3.8.10 (default, Nov 22 2023, 10:22:35) 
[GCC 9.4.0]",py38_baseline,profiler_py38_fix1,QHY600-4_SDSSg_4k,15.3,19.48345112800598,8294.0,2026-08-31T15:15:16.534Z,4787.0,3193.0,SDSSg,hermione,,5099.0,66.0,fix1,local,22.8943,0.0018,181.0,H100 (80 GB),2026-08-31 15:15:16.534000+00:00
azken,H100 PCIe,"3.8.10 (default, Nov 22 2023, 10:22:35) 
[GCC 9.4.0]",py38_baseline,profiler_py38_fix1,QHY600-4_SDSSg_4k,15.3,19.620307445526123,8294.0,2026-08-31T15:15:37.711Z,4787.0,3193.0,SDSSg,hermione,,458.0,65.0,fix1,local,22.8943,0.0018,181.0,H100 (80 GB),2026-08-31 15:15:37.711000+00:00
azken,H100 PCIe,"3.8.10 (default, Nov 22 2023, 10:22:35) 
[GCC 9.4.0]",py38_baseline,profiler_py38_fix1,QHY600-4_SDSSg_4k,15.3,19.594424724578857,8294.0,2026-08-31T15:15:41.338Z,4787.0,3193.0,SDSSg,hermione,,5099.0,65.0,fix1,local,22.8943,0.0018,181.0,H100 (80 GB),2026-08-31 15:15:41.338000+00:00
azken,H100 PCIe,"3.12.3 (main, Mar  3 2026, 12:15:18) [GCC 13.3.0]",py312_cuml_adaptive,profiler_cuml_adaptive_fix1,QHY600-4_SDSSg_4k,15.3,15.776928424835203,8294.0,2026-08-31T15:06:06.711Z,4787.0,3193.0,SDSSg,hermione,,458.0,62.0,fix1,local,22.8958,0.002,182.0,H100 (80 GB),2026-08-31 15:06:06.711000+00:00
azken,H100 PCIe,"3.12.3 (main, Mar  3 2026, 12:15:18) [GCC 13.3.0]",py312_cuml_adaptive,profiler_cuml_adaptive_fix1,QHY600-4_SDSSg_4k,15.3,17.742374658584595,8294.0,2026-08-31T15:06:09.879Z,4787.0,3193.0,SDSSg,hermione,,3381.0,63.0,fix1,local,22.8958,0.002,182.0,H100 (80 GB),2026-08-31 15:06:09.879000+00:00
azken,H100 PCIe,"3.12.3 (main, Mar  3 2026, 12:15:18) [GCC 13.3.0]",py312_cuml_adaptive,profiler_cuml_adaptive_fix1,QHY600-4_SDSSg_4k,15.3,17.8801851272583,8294.0,2026-08-31T15:06:33.284Z,4787.0,3193.0,SDSSg,hermione,,458.0,64.0,fix1,local,22.8958,0.002,182.0,H100 (80 GB),2026-08-31 15:06:33.284000+00:00
azken,H100 PCIe,"3.12.3 (main, Mar  3 2026, 12:15:18) [GCC 13.3.0]",py312_cuml_adaptive,profiler_cuml_adaptive_fix1,QHY600-4_SDSSg_4k,15.3,17.219945907592773,8294.0,2026-08-31T15:06:36.312Z,4787.0,3193.0,SDSSg,hermione,,6871.0,67.0,fix1,local,22.8958,0.002,182.0,H100 (80 GB),2026-08-31 15:06:36.312000+00:00
azken,H100 PCIe,"3.12.3 (main, Mar  3 2026, 12:15:18) [GCC 13.3.0]",py312_cuml_adaptive,profiler_cuml_adaptive_fix1,QHY600-4_SDSSg_4k,15.3,16.13513994216919,8294.0,2026-08-31T15:06:58.281Z,4787.0,3193.0,SDSSg,hermione,,458.0,63.0,fix1,local,22.8958,0.002,182.0,H100 (80 GB),2026-08-31 15:06:58.281000+00:00
azken,H100 PCIe,"3.12.3 (main, Mar  3 2026, 12:15:18) [GCC 13.3.0]",py312_cuml_adaptive,profiler_cuml_adaptive_fix1,QHY600-4_SDSSg_4k,15.3,16.257655382156372,8294.0,2026-08-31T15:07:01.746Z,4787.0,3193.0,SDSSg,hermione,,6435.0,66.0,fix1,local,22.8958,0.002,182.0,H100 (80 GB),2026-08-31 15:07:01.746000+00:00
azken,H100 PCIe,"3.12.3 (main, Mar  3 2026, 12:15:18) [GCC 13.3.0]",py312_cuml_adaptive,profiler_cuml_adaptive_fix1,QHY600-4_SDSSg_4k,15.3,16.22333073616028,8294.0,2026-08-31T15:07:24.160Z,4787.0,3193.0,SDSSg,hermione,,458.0,64.0,fix1,local,22.8958,0.002,182.0,H100 (80 GB),2026-08-31 15:07:24.160000+00:00
azken,H100 PCIe,"3.12.3 (main, Mar  3 2026, 12:15:18) [GCC 13.3.0]",py312_cuml_adaptive,profiler_cuml_adaptive_fix1,QHY600-4_SDSSg_4k,15.3,16.612440824508667,8294.0,2026-08-31T15:07:27.206Z,4787.0,3193.0,SDSSg,hermione,,5325.0,65.0,fix1,local,22.8958,0.002,182.0,H100 (80 GB),2026-08-31 15:07:27.206000+00:00
azken,H100 PCIe,"3.12.3 (main, Mar  3 2026, 12:15:18) [GCC 13.3.0]",py312_cuml_adaptive,profiler_cuml_adaptive_fix1,QHY600-4_SDSSg_4k,15.3,15.925506591796877,8294.0,2026-08-31T15:07:48.521Z,4787.0,3193.0,SDSSg,hermione,,458.0,64.0,fix1,local,22.8958,0.002,182.0,H100 (80 GB),2026-08-31 15:07:48.521000+00:00
azken,H100 PCIe,"3.12.3 (main, Mar  3 2026, 12:15:18) [GCC 13.3.0]",py312_cuml_adaptive,profiler_cuml_adaptive_fix1,QHY600-4_SDSSg_4k,15.3,15.193375825881958,8294.0,2026-08-31T15:07:50.847Z,4787.0,3193.0,SDSSg,hermione,,6435.0,67.0,fix1,local,22.8958,0.002,182.0,H100 (80 GB),2026-08-31 15:07:50.847000+00:00
azken,H100 PCIe,"3.12.3 (main, Mar  3 2026, 12:15:18) [GCC 13.3.0]",py312_cuml_adaptive,profiler_cuml_adaptive_fix1,QHY600-4_SDSSg_4k,15.3,17.733559608459473,8294.0,2026-08-31T15:08:14.363Z,4787.0,3193.0,SDSSg,hermione,,458.0,63.0,fix1,local,22.8958,0.002,182.0,H100 (80 GB),2026-08-31 15:08:14.363000+00:00
azken,H100 PCIe,"3.12.3 (main, Mar  3 2026, 12:15:18) [GCC 13.3.0]",py312_cuml_adaptive,profiler_cuml_adaptive_fix1,QHY600-4_SDSSg_4k,15.3,16.991558074951172,8294.0,2026-08-31T15:08:15.478Z,4787.0,3193.0,SDSSg,hermione,,3439.0,65.0,fix1,local,22.8958,0.002,182.0,H100 (80 GB),2026-08-31 15:08:15.478000+00:00
azken,H100 PCIe,"3.12.3 (main, Mar  3 2026, 12:15:18) [GCC 13.3.0]",py312_cuml_adaptive,profiler_cuml_adaptive_fix1,QHY600-4_SDSSg_4k,15.3,15.786190509796144,8294.0,2026-08-31T15:08:39.271Z,4787.0,3193.0,SDSSg,hermione,,3337.0,64.0,fix1,local,22.8958,0.002,182.0,H100 (80 GB),2026-08-31 15:08:39.271000+00:00
azken,H100 PCIe,"3.12.3 (main, Mar  3 2026, 12:15:18) [GCC 13.3.0]",py312_cuml_adaptive,profiler_cuml_adaptive_fix1,QHY600-4_SDSSg_4k,15.3,16.78982138633728,8294.0,2026-08-31T15:08:39.321Z,4787.0,3193.0,SDSSg,hermione,,458.0,63.0,fix1,local,22.8958,0.002,182.0,H100 (80 GB),2026-08-31 15:08:39.321000+00:00
azken,H100 PCIe,"3.12.3 (main, Mar  3 2026, 12:15:18) [GCC 13.3.0]",py312_cuml_adaptive,profiler_cuml_adaptive_fix1,QHY600-4_SDSSg_4k,15.3,19.342031955719,8294.0,2026-08-31T15:09:08.039Z,4787.0,3193.0,SDSSg,hermione,,987.0,62.0,fix1,local,22.8958,0.002,182.0,H100 (80 GB),2026-08-31 15:09:08.039000+00:00
azken,H100 PCIe,"3.12.3 (main, Mar  3 2026, 12:15:18) [GCC 13.3.0]",py312_cuml_adaptive,profiler_cuml_adaptive_fix1,QHY600-4_SDSSg_4k,15.3,19.950489282608032,8294.0,2026-08-31T15:09:08.371Z,4787.0,3193.0,SDSSg,hermione,,911.0,62.0,fix1,local,22.8958,0.002,182.0,H100 (80 GB),2026-08-31 15:09:08.371000+00:00
azken,H100 PCIe,"3.12.3 (main, Mar  3 2026, 12:15:18) [GCC 13.3.0]",py312_cuml_adaptive,profiler_cuml_adaptive_fix1,QHY600-4_SDSSg_4k,15.3,17.398868560791016,8294.0,2026-08-31T15:09:35.046Z,4787.0,3193.0,SDSSg,hermione,,3557.0,63.0,fix1,local,22.8958,0.002,182.0,H100 (80 GB),2026-08-31 15:09:35.046000+00:00
azken,H100 PCIe,"3.12.3 (main, Mar  3 2026, 12:15:18) [GCC 13.3.0]",py312_cuml_adaptive,profiler_cuml_adaptive_fix1,QHY600-4_SDSSg_4k,15.3,18.45177245140076,8294.0,2026-08-31T15:09:35.379Z,4787.0,3193.0,SDSSg,hermione,,458.0,62.0,fix1,local,22.8958,0.002,182.0,H100 (80 GB),2026-08-31 15:09:35.379000+00:00
azken,H100 PCIe,"3.12.3 (main, Mar  3 2026, 12:15:18) [GCC 13.3.0]",py312_cuml_adaptive,profiler_cuml_adaptive_fix1,QHY600-4_SDSSg_4k,15.3,17.051877975463867,8294.0,2026-08-31T15:10:01.246Z,4787.0,3193.0,SDSSg,hermione,,911.0,62.0,fix1,local,22.8958,0.002,182.0,H100 (80 GB),2026-08-31 15:10:01.246000+00:00
azken,H100 PCIe,"3.12.3 (main, Mar  3 2026, 12:15:18) [GCC 13.3.0]",py312_cuml_adaptive,profiler_cuml_adaptive_fix1,QHY600-4_SDSSg_4k,15.3,18.223089694976807,8294.0,2026-08-31T15:10:02.452Z,4787.0,3193.0,SDSSg,hermione,,971.0,62.0,fix1,local,22.8958,0.002,182.0,H100 (80 GB),2026-08-31 15:10:02.452000+00:00
azken,H100 PCIe,"3.12.3 (main, Mar  3 2026, 12:15:18) [GCC 13.3.0]",py312_cuml_adaptive,profiler_cuml_adaptive_fix1,QHY600-4_SDSSg_4k,15.3,16.37246537208557,8294.0,2026-08-31T15:10:26.291Z,4787.0,3193.0,SDSSg,hermione,,458.0,62.0,fix1,local,22.8958,0.002,182.0,H100 (80 GB),2026-08-31 15:10:26.291000+00:00
azken,H100 PCIe,"3.12.3 (main, Mar  3 2026, 12:15:18) [GCC 13.3.0]",py312_cuml_adaptive,profiler_cuml_adaptive_fix1,QHY600-4_SDSSg_4k,15.3,16.66805410385132,8294.0,2026-08-31T15:10:26.885Z,4787.0,3193.0,SDSSg,hermione,,4197.0,62.0,fix1,local,22.8958,0.002,182.0,H100 (80 GB),2026-08-31 15:10:26.885000+00:00
azken,H100 PCIe,"3.8.10 (default, Nov 22 2023, 10:22:35) 
[GCC 9.4.0]",py38_baseline,profiler_py38_fix1,QHY600-4_SDSSi_10k,15.3,9.708972930908203,15759.0,2026-08-31T23:48:25.553Z,4787.0,3193.0,SDSSi,MAXIJ1820+070,,458.0,61.0,fix1,local,21.2207,0.0011,166.0,H100 (80 GB),2026-08-31 23:48:25.553000+00:00
azken,H100 PCIe,"3.8.10 (default, Nov 22 2023, 10:22:35) 
[GCC 9.4.0]",py38_baseline,profiler_py38_fix1,QHY600-4_SDSSi_10k,15.3,9.613321542739868,15759.0,2026-08-31T23:48:38.469Z,4787.0,3193.0,SDSSi,MAXIJ1820+070,,458.0,62.0,fix1,local,21.2207,0.0011,166.0,H100 (80 GB),2026-08-31 23:48:38.469000+00:00
azken,H100 PCIe,"3.8.10 (default, Nov 22 2023, 10:22:35) 
[GCC 9.4.0]",py38_baseline,profiler_py38_fix1,QHY600-4_SDSSi_10k,15.3,9.802266836166382,15759.0,2026-08-31T23:48:51.530Z,4787.0,3193.0,SDSSi,MAXIJ1820+070,,458.0,61.0,fix1,local,21.2207,0.0011,166.0,H100 (80 GB),2026-08-31 23:48:51.530000+00:00
azken,H100 PCIe,"3.8.10 (default, Nov 22 2023, 10:22:35) 
[GCC 9.4.0]",py38_baseline,profiler_py38_fix1,QHY600-4_SDSSi_10k,15.3,9.485438585281372,15759.0,2026-08-31T23:49:04.251Z,4787.0,3193.0,SDSSi,MAXIJ1820+070,,458.0,61.0,fix1,local,21.2207,0.0011,166.0,H100 (80 GB),2026-08-31 23:49:04.251000+00:00
azken,H100 PCIe,"3.8.10 (default, Nov 22 2023, 10:22:35) 
[GCC 9.4.0]",py38_baseline,profiler_py38_fix1,QHY600-4_SDSSi_10k,15.3,9.645795345306396,15759.0,2026-08-31T23:49:17.174Z,4787.0,3193.0,SDSSi,MAXIJ1820+070,,458.0,61.0,fix1,local,21.2207,0.0011,166.0,H100 (80 GB),2026-08-31 23:49:17.174000+00:00
azken,H100 PCIe,"3.8.10 (default, Nov 22 2023, 10:22:35) 
[GCC 9.4.0]",py38_baseline,profiler_py38_fix1,QHY600-4_SDSSi_10k,15.3,9.28192663192749,15759.0,2026-08-31T23:49:29.989Z,4787.0,3193.0,SDSSi,MAXIJ1820+070,,458.0,61.0,fix1,local,21.2207,0.0011,166.0,H100 (80 GB),2026-08-31 23:49:29.989000+00:00
azken,H100 PCIe,"3.8.10 (default, Nov 22 2023, 10:22:35) 
[GCC 9.4.0]",py38_baseline,profiler_py38_fix1,QHY600-4_SDSSi_10k,15.3,9.005235195159912,15759.0,2026-08-31T23:49:42.253Z,4787.0,3193.0,SDSSi,MAXIJ1820+070,,458.0,62.0,fix1,local,21.2207,0.0011,166.0,H100 (80 GB),2026-08-31 23:49:42.253000+00:00
azken,H100 PCIe,"3.8.10 (default, Nov 22 2023, 10:22:35) 
[GCC 9.4.0]",py38_baseline,profiler_py38_fix1,QHY600-4_SDSSi_10k,15.3,9.13234829902649,15759.0,2026-08-31T23:49:54.633Z,4787.0,3193.0,SDSSi,MAXIJ1820+070,,458.0,61.0,fix1,local,21.2207,0.0011,166.0,H100 (80 GB),2026-08-31 23:49:54.633000+00:00
azken,H100 PCIe,"3.8.10 (default, Nov 22 2023, 10:22:35) 
[GCC 9.4.0]",py38_baseline,profiler_py38_fix1,QHY600-4_SDSSi_10k,15.3,9.70813775062561,15759.0,2026-08-31T23:50:07.600Z,4787.0,3193.0,SDSSi,MAXIJ1820+070,,458.0,62.0,fix1,local,21.2207,0.0011,166.0,H100 (80 GB),2026-08-31 23:50:07.600000+00:00
azken,H100 PCIe,"3.8.10 (default, Nov 22 2023, 10:22:35) 
[GCC 9.4.0]",py38_baseline,profiler_py38_fix1,QHY600-4_SDSSi_10k,15.3,9.122313976287842,15759.0,2026-08-31T23:50:19.933Z,4787.0,3193.0,SDSSi,MAXIJ1820+070,,458.0,62.0,fix1,local,21.2207,0.0011,166.0,H100 (80 GB),2026-08-31 23:50:19.933000+00:00
azken,H100 PCIe,"3.8.10 (default, Nov 22 2023, 10:22:35) 
[GCC 9.4.0]",py38_baseline,profiler_py38_fix1,QHY600-4_SDSSi_10k,15.3,9.200223922729492,15759.0,2026-08-31T23:50:32.800Z,4787.0,3193.0,SDSSi,MAXIJ1820+070,,458.0,61.0,fix1,local,21.2207,0.0011,166.0,H100 (80 GB),2026-08-31 23:50:32.800000+00:00
azken,H100 PCIe,"3.8.10 (default, Nov 22 2023, 10:22:35) 
[GCC 9.4.0]",py38_baseline,profiler_py38_fix1,QHY600-4_SDSSi_10k,15.3,9.687839031219482,15759.0,2026-08-31T23:50:45.835Z,4787.0,3193.0,SDSSi,MAXIJ1820+070,,458.0,62.0,fix1,local,21.2207,0.0011,166.0,H100 (80 GB),2026-08-31 23:50:45.835000+00:00
azken,H100 PCIe,"3.8.10 (default, Nov 22 2023, 10:22:35) 
[GCC 9.4.0]",py38_baseline,profiler_py38_fix1,QHY600-4_SDSSi_10k,15.3,9.550012588500977,15759.0,2026-08-31T23:50:58.654Z,4787.0,3193.0,SDSSi,MAXIJ1820+070,,458.0,62.0,fix1,local,21.2207,0.0011,166.0,H100 (80 GB),2026-08-31 23:50:58.654000+00:00
azken,H100 PCIe,"3.8.10 (default, Nov 22 2023, 10:22:35) 
[GCC 9.4.0]",py38_baseline,profiler_py38_fix1,QHY600-4_SDSSi_10k,15.3,9.355836391448976,15759.0,2026-08-31T23:51:11.424Z,4787.0,3193.0,SDSSi,MAXIJ1820+070,,458.0,62.0,fix1,local,21.2207,0.0011,166.0,H100 (80 GB),2026-08-31 23:51:11.424000+00:00
azken,H100 PCIe,"3.8.10 (default, Nov 22 2023, 10:22:35) 
[GCC 9.4.0]",py38_baseline,profiler_py38_fix1,QHY600-4_SDSSi_10k,15.3,9.062912702560425,15759.0,2026-08-31T23:51:23.727Z,4787.0,3193.0,SDSSi,MAXIJ1820+070,,458.0,62.0,fix1,local,21.2207,0.0011,166.0,H100 (80 GB),2026-08-31 23:51:23.727000+00:00
azken,H100 PCIe,"3.8.10 (default, Nov 22 2023, 10:22:35) 
[GCC 9.4.0]",py38_baseline,profiler_py38_fix1,QHY600-4_SDSSi_10k,15.3,9.294376850128174,15759.0,2026-08-31T23:51:36.598Z,4787.0,3193.0,SDSSi,MAXIJ1820+070,,458.0,62.0,fix1,local,21.2207,0.0011,166.0,H100 (80 GB),2026-08-31 23:51:36.598000+00:00
azken,H100 PCIe,"3.8.10 (default, Nov 22 2023, 10:22:35) 
[GCC 9.4.0]",py38_baseline,profiler_py38_fix1,QHY600-4_SDSSi_10k,15.3,9.620270013809204,15759.0,2026-08-31T23:51:49.428Z,4787.0,3193.0,SDSSi,MAXIJ1820+070,,458.0,62.0,fix1,local,21.2207,0.0011,166.0,H100 (80 GB),2026-08-31 23:51:49.428000+00:00
azken,H100 PCIe,"3.8.10 (default, Nov 22 2023, 10:22:35) 
[GCC 9.4.0]",py38_baseline,profiler_py38_fix1,QHY600-4_SDSSi_10k,15.3,9.21545672416687,15759.0,2026-08-31T23:52:01.966Z,4787.0,3193.0,SDSSi,MAXIJ1820+070,,458.0,61.0,fix1,local,21.2207,0.0011,166.0,H100 (80 GB),2026-08-31 23:52:01.966000+00:00
azken,H100 PCIe,"3.8.10 (default, Nov 22 2023, 10:22:35) 
[GCC 9.4.0]",py38_baseline,profiler_py38_fix1,QHY600-4_SDSSi_10k,15.3,9.54773497581482,15759.0,2026-08-31T23:52:14.779Z,4787.0,3193.0,SDSSi,MAXIJ1820+070,,458.0,62.0,fix1,local,21.2207,0.0011,166.0,H100 (80 GB),2026-08-31 23:52:14.779000+00:00
azken,H100 PCIe,"3.8.10 (default, Nov 22 2023, 10:22:35) 
[GCC 9.4.0]",py38_baseline,profiler_py38_fix1,QHY600-4_SDSSi_10k,15.3,9.183516502380373,15759.0,2026-08-31T23:52:27.227Z,4787.0,3193.0,SDSSi,MAXIJ1820+070,,458.0,62.0,fix1,local,21.2207,0.0011,166.0,H100 (80 GB),2026-08-31 23:52:27.227000+00:00
azken,H100 PCIe,"3.8.10 (default, Nov 22 2023, 10:22:35) 
[GCC 9.4.0]",py38_baseline,profiler_py38_fix1,QHY600-4_SDSSi_10k,15.3,9.028591632843018,15759.0,2026-08-31T23:52:39.864Z,4787.0,3193.0,SDSSi,MAXIJ1820+070,,458.0,61.0,fix1,local,21.2207,0.0011,166.0,H100 (80 GB),2026-08-31 23:52:39.864000+00:00
azken,H100 PCIe,"3.8.10 (default, Nov 22 2023, 10:22:35) 
[GCC 9.4.0]",py38_baseline,profiler_py38_fix1,QHY600-4_SDSSi_10k,15.3,10.048895359039308,15759.0,2026-08-31T23:52:53.197Z,4787.0,3193.0,SDSSi,MAXIJ1820+070,,458.0,62.0,fix1,local,21.2207,0.0011,166.0,H100 (80 GB),2026-08-31 23:52:53.197000+00:00
azken,H100 PCIe,"3.8.10 (default, Nov 22 2023, 10:22:35) 
[GCC 9.4.0]",py38_baseline,profiler_py38_fix1,QHY600-4_SDSSi_10k,15.3,9.729356050491331,15759.0,2026-08-31T23:53:06.413Z,4787.0,3193.0,SDSSi,MAXIJ1820+070,,458.0,61.0,fix1,local,21.2207,0.0011,166.0,H100 (80 GB),2026-08-31 23:53:06.413000+00:00
azken,H100 PCIe,"3.12.3 (main, Mar  3 2026, 12:15:18) [GCC 13.3.0]",py312_cuml_adaptive,profiler_cuml_adaptive_fix1,QHY600-4_SDSSi_10k,15.3,10.456919193267822,15759.0,2026-08-31T22:28:44.598Z,4787.0,3193.0,SDSSi,MAXIJ1820+070,,458.0,53.0,fix1,local,21.2206,0.0011,167.0,H100 (80 GB),2026-08-31 22:28:44.598000+00:00
azken,H100 PCIe,"3.12.3 (main, Mar  3 2026, 12:15:18) [GCC 13.3.0]",py312_cuml_adaptive,profiler_cuml_adaptive_fix1,QHY600-4_SDSSi_10k,15.3,10.539458513259888,15759.0,2026-08-31T22:29:00.696Z,4787.0,3193.0,SDSSi,MAXIJ1820+070,,458.0,54.0,fix1,local,21.2206,0.0011,167.0,H100 (80 GB),2026-08-31 22:29:00.696000+00:00
azken,H100 PCIe,"3.12.3 (main, Mar  3 2026, 12:15:18) [GCC 13.3.0]",py312_cuml_adaptive,profiler_cuml_adaptive_fix1,QHY600-4_SDSSi_10k,15.3,10.799561500549316,15759.0,2026-08-31T22:29:17.272Z,4787.0,3193.0,SDSSi,MAXIJ1820+070,,458.0,55.0,fix1,local,21.2206,0.0011,167.0,H100 (80 GB),2026-08-31 22:29:17.272000+00:00
azken,H100 PCIe,"3.12.3 (main, Mar  3 2026, 12:15:18) [GCC 13.3.0]",py312_cuml_adaptive,profiler_cuml_adaptive_fix1,QHY600-4_SDSSi_10k,15.3,10.300410747528076,15759.0,2026-08-31T22:29:33.158Z,4787.0,3193.0,SDSSi,MAXIJ1820+070,,458.0,56.0,fix1,local,21.2206,0.0011,167.0,H100 (80 GB),2026-08-31 22:29:33.158000+00:00
azken,H100 PCIe,"3.12.3 (main, Mar  3 2026, 12:15:18) [GCC 13.3.0]",py312_cuml_adaptive,profiler_cuml_adaptive_fix1,QHY600-4_SDSSi_10k,15.3,10.8121440410614,15759.0,2026-08-31T22:29:49.865Z,4787.0,3193.0,SDSSi,MAXIJ1820+070,,458.0,56.0,fix1,local,21.2206,0.0011,167.0,H100 (80 GB),2026-08-31 22:29:49.865000+00:00
azken,H100 PCIe,"3.12.3 (main, Mar  3 2026, 12:15:18) [GCC 13.3.0]",py312_cuml_adaptive,profiler_cuml_adaptive_fix1,QHY600-4_SDSSi_10k,15.3,10.39639449119568,15759.0,2026-08-31T22:30:06.154Z,4787.0,3193.0,SDSSi,MAXIJ1820+070,,458.0,57.0,fix1,local,21.2206,0.0011,167.0,H100 (80 GB),2026-08-31 22:30:06.154000+00:00
azken,H100 PCIe,"3.12.3 (main, Mar  3 2026, 12:15:18) [GCC 13.3.0]",py312_cuml_adaptive,profiler_cuml_adaptive_fix1,QHY600-4_SDSSi_10k,15.3,10.55927586555481,15759.0,2026-08-31T22:30:22.612Z,4787.0,3193.0,SDSSi,MAXIJ1820+070,,458.0,57.0,fix1,local,21.2206,0.0011,167.0,H100 (80 GB),2026-08-31 22:30:22.612000+00:00
azken,H100 PCIe,"3.12.3 (main, Mar  3 2026, 12:15:18) [GCC 13.3.0]",py312_cuml_adaptive,profiler_cuml_adaptive_fix1,QHY600-4_SDSSi_10k,15.3,10.649094343185425,15759.0,2026-08-31T22:30:39.103Z,4787.0,3193.0,SDSSi,MAXIJ1820+070,,458.0,57.0,fix1,local,21.2206,0.0011,167.0,H100 (80 GB),2026-08-31 22:30:39.103000+00:00
azken,H100 PCIe,"3.12.3 (main, Mar  3 2026, 12:15:18) [GCC 13.3.0]",py312_cuml_adaptive,profiler_cuml_adaptive_fix1,QHY600-4_SDSSi_10k,15.3,10.010191202163696,15759.0,2026-08-31T22:30:55.032Z,4787.0,3193.0,SDSSi,MAXIJ1820+070,,458.0,58.0,fix1,local,21.2206,0.0011,167.0,H100 (80 GB),2026-08-31 22:30:55.032000+00:00
azken,H100 PCIe,"3.12.3 (main, Mar  3 2026, 12:15:18) [GCC 13.3.0]",py312_cuml_adaptive,profiler_cuml_adaptive_fix1,QHY600-4_SDSSi_10k,15.3,10.09368896484375,15759.0,2026-08-31T22:31:11.316Z,4787.0,3193.0,SDSSi,MAXIJ1820+070,,458.0,58.0,fix1,local,21.2206,0.0011,167.0,H100 (80 GB),2026-08-31 22:31:11.316000+00:00
azken,H100 PCIe,"3.12.3 (main, Mar  3 2026, 12:15:18) [GCC 13.3.0]",py312_cuml_adaptive,profiler_cuml_adaptive_fix1,QHY600-4_SDSSi_10k,15.3,9.964353561401367,15759.0,2026-08-31T22:31:26.876Z,4787.0,3193.0,SDSSi,MAXIJ1820+070,,458.0,58.0,fix1,local,21.2206,0.0011,167.0,H100 (80 GB),2026-08-31 22:31:26.876000+00:00
azken,H100 PCIe,"3.12.3 (main, Mar  3 2026, 12:15:18) [GCC 13.3.0]",py312_cuml_adaptive,profiler_cuml_adaptive_fix1,QHY600-4_SDSSi_10k,15.3,10.419004201889038,15759.0,2026-08-31T22:31:43.216Z,4787.0,3193.0,SDSSi,MAXIJ1820+070,,458.0,58.0,fix1,local,21.2206,0.0011,167.0,H100 (80 GB),2026-08-31 22:31:43.216000+00:00
azken,H100 PCIe,"3.12.3 (main, Mar  3 2026, 12:15:18) [GCC 13.3.0]",py312_cuml_adaptive,profiler_cuml_adaptive_fix1,QHY600-4_SDSSi_10k,15.3,10.600965738296509,15759.0,2026-08-31T22:31:59.692Z,4787.0,3193.0,SDSSi,MAXIJ1820+070,,458.0,59.0,fix1,local,21.2206,0.0011,167.0,H100 (80 GB),2026-08-31 22:31:59.692000+00:00
azken,H100 PCIe,"3.12.3 (main, Mar  3 2026, 12:15:18) [GCC 13.3.0]",py312_cuml_adaptive,profiler_cuml_adaptive_fix1,QHY600-4_SDSSi_10k,15.3,9.86967420578003,15759.0,2026-08-31T22:32:15.735Z,4787.0,3193.0,SDSSi,MAXIJ1820+070,,458.0,58.0,fix1,local,21.2206,0.0011,167.0,H100 (80 GB),2026-08-31 22:32:15.735000+00:00
azken,H100 PCIe,"3.12.3 (main, Mar  3 2026, 12:15:18) [GCC 13.3.0]",py312_cuml_adaptive,profiler_cuml_adaptive_fix1,QHY600-4_SDSSi_10k,15.3,10.954137325286863,15759.0,2026-08-31T22:32:32.572Z,4787.0,3193.0,SDSSi,MAXIJ1820+070,,458.0,58.0,fix1,local,21.2206,0.0011,167.0,H100 (80 GB),2026-08-31 22:32:32.572000+00:00
azken,H100 PCIe,"3.8.10 (default, Nov 22 2023, 10:22:35) 
[GCC 9.4.0]",py38_baseline,profiler_py38_fix1,iKon936_Lum,4.2,8.411608457565308,228.0,2026-08-31T12:36:20.080Z,2048.0,2048.0,Lum,C2025A6,,458.0,61.0,fix1,local,26.2298,0.0239,25.0,H100 (80 GB),2026-08-31 12:36:20.080000+00:00
azken,H100 PCIe,"3.8.10 (default, Nov 22 2023, 10:22:35) 
[GCC 9.4.0]",py38_baseline,profiler_py38_fix1,iKon936_Lum,4.2,7.748493671417236,228.0,2026-08-31T12:36:32.956Z,2048.0,2048.0,Lum,C2025A6,,458.0,60.0,fix1,local,26.2298,0.0239,25.0,H100 (80 GB),2026-08-31 12:36:32.956000+00:00
azken,H100 PCIe,"3.8.10 (default, Nov 22 2023, 10:22:35) 
[GCC 9.4.0]",py38_baseline,profiler_py38_fix1,iKon936_Lum,4.2,7.617007732391357,228.0,2026-08-31T12:36:36.653Z,2048.0,2048.0,Lum,C2025A6,,2085.0,62.0,fix1,local,26.2298,0.0239,25.0,H100 (80 GB),2026-08-31 12:36:36.653000+00:00
azken,H100 PCIe,"3.8.10 (default, Nov 22 2023, 10:22:35) 
[GCC 9.4.0]",py38_baseline,profiler_py38_fix1,iKon936_Lum,4.2,8.733580589294434,228.0,2026-08-31T12:36:47.966Z,2048.0,2048.0,Lum,C2025A6,,458.0,62.0,fix1,local,26.2298,0.0239,25.0,H100 (80 GB),2026-08-31 12:36:47.966000+00:00
azken,H100 PCIe,"3.8.10 (default, Nov 22 2023, 10:22:35) 
[GCC 9.4.0]",py38_baseline,profiler_py38_fix1,iKon936_Lum,4.2,8.120487451553345,228.0,2026-08-31T12:36:49.871Z,2048.0,2048.0,Lum,C2025A6,,1635.0,63.0,fix1,local,26.2298,0.0239,25.0,H100 (80 GB),2026-08-31 12:36:49.871000+00:00
azken,H100 PCIe,"3.8.10 (default, Nov 22 2023, 10:22:35) 
[GCC 9.4.0]",py38_baseline,profiler_py38_fix1,iKon936_Lum,4.2,9.075103044509888,228.0,2026-08-31T12:37:04.321Z,2048.0,2048.0,Lum,C2025A6,,1495.0,63.0,fix1,local,26.2298,0.0239,25.0,H100 (80 GB),2026-08-31 12:37:04.321000+00:00
azken,H100 PCIe,"3.8.10 (default, Nov 22 2023, 10:22:35) 
[GCC 9.4.0]",py38_baseline,profiler_py38_fix1,iKon936_Lum,4.2,9.075501203536987,228.0,2026-08-31T12:37:20.313Z,2048.0,2048.0,Lum,C2025A6,,1065.0,62.0,fix1,local,26.2298,0.0239,25.0,H100 (80 GB),2026-08-31 12:37:20.313000+00:00
azken,H100 PCIe,"3.8.10 (default, Nov 22 2023, 10:22:35) 
[GCC 9.4.0]",py38_baseline,profiler_py38_fix1,iKon936_Lum,4.2,8.982229471206665,228.0,2026-08-31T12:37:35.138Z,2048.0,2048.0,Lum,C2025A6,,458.0,63.0,fix1,local,26.2298,0.0239,25.0,H100 (80 GB),2026-08-31 12:37:35.138000+00:00
azken,H100 PCIe,"3.8.10 (default, Nov 22 2023, 10:22:35) 
[GCC 9.4.0]",py38_baseline,profiler_py38_fix1,iKon936_Lum,4.2,10.406619787216188,228.0,2026-08-31T12:37:38.715Z,2048.0,2048.0,Lum,C2025A6,,1631.0,63.0,fix1,local,26.2298,0.0239,25.0,H100 (80 GB),2026-08-31 12:37:38.715000+00:00
azken,H100 PCIe,"3.8.10 (default, Nov 22 2023, 10:22:35) 
[GCC 9.4.0]",py38_baseline,profiler_py38_fix1,iKon936_Lum,4.2,10.948965311050417,228.0,2026-08-31T12:37:51.875Z,2048.0,2048.0,Lum,C2025A6,,458.0,63.0,fix1,local,26.2298,0.0239,25.0,H100 (80 GB),2026-08-31 12:37:51.875000+00:00
azken,H100 PCIe,"3.8.10 (default, Nov 22 2023, 10:22:35) 
[GCC 9.4.0]",py38_baseline,profiler_py38_fix1,iKon936_Lum,4.2,9.017751932144163,228.0,2026-08-31T12:37:53.016Z,2048.0,2048.0,Lum,C2025A6,,1671.0,63.0,fix1,local,26.2298,0.0239,25.0,H100 (80 GB),2026-08-31 12:37:53.016000+00:00
azken,H100 PCIe,"3.8.10 (default, Nov 22 2023, 10:22:35) 
[GCC 9.4.0]",py38_baseline,profiler_py38_fix1,iKon936_Lum,4.2,8.022338628768921,228.0,2026-08-31T12:38:06.283Z,2048.0,2048.0,Lum,C2025A6,,1065.0,62.0,fix1,local,26.2298,0.0239,25.0,H100 (80 GB),2026-08-31 12:38:06.283000+00:00
azken,H100 PCIe,"3.8.10 (default, Nov 22 2023, 10:22:35) 
[GCC 9.4.0]",py38_baseline,profiler_py38_fix1,iKon936_Lum,4.2,9.21337914466858,228.0,2026-08-31T12:38:06.390Z,2048.0,2048.0,Lum,C2025A6,,458.0,62.0,fix1,local,26.2298,0.0239,25.0,H100 (80 GB),2026-08-31 12:38:06.390000+00:00
azken,H100 PCIe,"3.8.10 (default, Nov 22 2023, 10:22:35) 
[GCC 9.4.0]",py38_baseline,profiler_py38_fix1,iKon936_Lum,4.2,8.613059997558594,228.0,2026-08-31T12:38:20.266Z,2048.0,2048.0,Lum,C2025A6,,1005.0,61.0,fix1,local,26.2298,0.0239,25.0,H100 (80 GB),2026-08-31 12:38:20.266000+00:00
azken,H100 PCIe,"3.8.10 (default, Nov 22 2023, 10:22:35) 
[GCC 9.4.0]",py38_baseline,profiler_py38_fix1,iKon936_Lum,4.2,8.5689857006073,228.0,2026-08-31T12:38:34.653Z,2048.0,2048.0,Lum,C2025A6,,458.0,63.0,fix1,local,26.2298,0.0239,25.0,H100 (80 GB),2026-08-31 12:38:34.653000+00:00
azken,H100 PCIe,"3.8.10 (default, Nov 22 2023, 10:22:35) 
[GCC 9.4.0]",py38_baseline,profiler_py38_fix1,iKon936_Lum,4.2,8.86138653755188,228.0,2026-08-31T12:38:38.996Z,2048.0,2048.0,Lum,C2025A6,,2085.0,63.0,fix1,local,26.2298,0.0239,25.0,H100 (80 GB),2026-08-31 12:38:38.996000+00:00
azken,H100 PCIe,"3.8.10 (default, Nov 22 2023, 10:22:35) 
[GCC 9.4.0]",py38_baseline,profiler_py38_fix1,iKon936_Lum,4.2,9.267584562301636,228.0,2026-08-31T12:39:12.321Z,2048.0,2048.0,Lum,C2025A6,,458.0,63.0,fix1,local,26.2298,0.0239,25.0,H100 (80 GB),2026-08-31 12:39:12.321000+00:00
azken,H100 PCIe,"3.8.10 (default, Nov 22 2023, 10:22:35) 
[GCC 9.4.0]",py38_baseline,profiler_py38_fix1,iKon936_Lum,4.2,8.01070499420166,228.0,2026-08-31T12:39:25.853Z,2048.0,2048.0,Lum,C2025A6,,2113.0,63.0,fix1,local,26.2298,0.0239,25.0,H100 (80 GB),2026-08-31 12:39:25.853000+00:00
azken,H100 PCIe,"3.12.3 (main, Mar  3 2026, 12:15:18) [GCC 13.3.0]",py312_cuml_adaptive,profiler_cuml_adaptive_fix1,iKon936_Lum,4.2,10.166208028793337,228.0,2026-08-31T12:39:40.427Z,2048.0,2048.0,Lum,C2025A6,,458.0,61.0,fix1,local,26.2298,0.0239,25.0,H100 (80 GB),2026-08-31 12:39:40.427000+00:00
azken,H100 PCIe,"3.12.3 (main, Mar  3 2026, 12:15:18) [GCC 13.3.0]",py312_cuml_adaptive,profiler_cuml_adaptive_fix1,iKon936_Lum,4.2,9.148797273635864,228.0,2026-08-31T12:39:46.569Z,2048.0,2048.0,Lum,C2025A6,,2113.0,63.0,fix1,local,26.2298,0.0239,25.0,H100 (80 GB),2026-08-31 12:39:46.569000+00:00
azken,H100 PCIe,"3.12.3 (main, Mar  3 2026, 12:15:18) [GCC 13.3.0]",py312_cuml_adaptive,profiler_cuml_adaptive_fix1,iKon936_Lum,4.2,11.689223289489746,228.0,2026-08-31T12:40:00.160Z,2048.0,2048.0,Lum,C2025A6,,458.0,63.0,fix1,local,26.2298,0.0239,25.0,H100 (80 GB),2026-08-31 12:40:00.160000+00:00
azken,H100 PCIe,"3.12.3 (main, Mar  3 2026, 12:15:18) [GCC 13.3.0]",py312_cuml_adaptive,profiler_cuml_adaptive_fix1,iKon936_Lum,4.2,11.48722529411316,228.0,2026-08-31T12:40:07.083Z,2048.0,2048.0,Lum,C2025A6,,2113.0,63.0,fix1,local,26.2298,0.0239,25.0,H100 (80 GB),2026-08-31 12:40:07.083000+00:00
azken,H100 PCIe,"3.12.3 (main, Mar  3 2026, 12:15:18) [GCC 13.3.0]",py312_cuml_adaptive,profiler_cuml_adaptive_fix1,iKon936_Lum,4.2,9.931987762451172,228.0,2026-08-31T12:40:18.635Z,2048.0,2048.0,Lum,C2025A6,,1289.0,63.0,fix1,local,26.2298,0.0239,25.0,H100 (80 GB),2026-08-31 12:40:18.635000+00:00
azken,H100 PCIe,"3.12.3 (main, Mar  3 2026, 12:15:18) [GCC 13.3.0]",py312_cuml_adaptive,profiler_cuml_adaptive_fix1,iKon936_Lum,4.2,10.337712287902832,228.0,2026-08-31T12:40:25.272Z,2048.0,2048.0,Lum,C2025A6,,2113.0,63.0,fix1,local,26.2298,0.0239,25.0,H100 (80 GB),2026-08-31 12:40:25.272000+00:00
azken,H100 PCIe,"3.12.3 (main, Mar  3 2026, 12:15:18) [GCC 13.3.0]",py312_cuml_adaptive,profiler_cuml_adaptive_fix1,iKon936_Lum,4.2,11.34141755104065,228.0,2026-08-31T12:40:39.771Z,2048.0,2048.0,Lum,C2025A6,,458.0,63.0,fix1,local,26.2298,0.0239,25.0,H100 (80 GB),2026-08-31 12:40:39.771000+00:00
azken,H100 PCIe,"3.12.3 (main, Mar  3 2026, 12:15:18) [GCC 13.3.0]",py312_cuml_adaptive,profiler_cuml_adaptive_fix1,iKon936_Lum,4.2,10.649378299713137,228.0,2026-08-31T12:40:46.860Z,2048.0,2048.0,Lum,C2025A6,,2113.0,63.0,fix1,local,26.2298,0.0239,25.0,H100 (80 GB),2026-08-31 12:40:46.860000+00:00
azken,H100 PCIe,"3.12.3 (main, Mar  3 2026, 12:15:18) [GCC 13.3.0]",py312_cuml_adaptive,profiler_cuml_adaptive_fix1,iKon936_Lum,4.2,9.5132155418396,228.0,2026-08-31T12:40:57.331Z,2048.0,2048.0,Lum,C2025A6,,1289.0,63.0,fix1,local,26.2298,0.0239,25.0,H100 (80 GB),2026-08-31 12:40:57.331000+00:00
azken,H100 PCIe,"3.12.3 (main, Mar  3 2026, 12:15:18) [GCC 13.3.0]",py312_cuml_adaptive,profiler_cuml_adaptive_fix1,iKon936_Lum,4.2,9.377277135849,228.0,2026-08-31T12:41:04.789Z,2048.0,2048.0,Lum,C2025A6,,2113.0,63.0,fix1,local,26.2298,0.0239,25.0,H100 (80 GB),2026-08-31 12:41:04.789000+00:00
azken,H100 PCIe,"3.12.3 (main, Mar  3 2026, 12:15:18) [GCC 13.3.0]",py312_cuml_adaptive,profiler_cuml_adaptive_fix1,iKon936_Lum,4.2,9.473002195358276,228.0,2026-08-31T12:41:14.419Z,2048.0,2048.0,Lum,C2025A6,,1289.0,63.0,fix1,local,26.2298,0.0239,25.0,H100 (80 GB),2026-08-31 12:41:14.419000+00:00
azken,H100 PCIe,"3.12.3 (main, Mar  3 2026, 12:15:18) [GCC 13.3.0]",py312_cuml_adaptive,profiler_cuml_adaptive_fix1,iKon936_Lum,4.2,10.544057846069336,228.0,2026-08-31T12:41:25.016Z,2048.0,2048.0,Lum,C2025A6,,1289.0,63.0,fix1,local,26.2298,0.0239,25.0,H100 (80 GB),2026-08-31 12:41:25.016000+00:00
azken,H100 PCIe,"3.12.3 (main, Mar  3 2026, 12:15:18) [GCC 13.3.0]",py312_cuml_adaptive,profiler_cuml_adaptive_fix1,iKon936_Lum,4.2,8.418346643447876,228.0,2026-08-31T12:41:33.568Z,2048.0,2048.0,Lum,C2025A6,,1289.0,63.0,fix1,local,26.2298,0.0239,25.0,H100 (80 GB),2026-08-31 12:41:33.568000+00:00
azken,H100 PCIe,"3.12.3 (main, Mar  3 2026, 12:15:18) [GCC 13.3.0]",py312_cuml_adaptive,profiler_cuml_adaptive_fix1,iKon936_Lum,4.2,8.815541744232178,228.0,2026-08-31T12:41:43.180Z,2048.0,2048.0,Lum,C2025A6,,1289.0,63.0,fix1,local,26.2298,0.0239,25.0,H100 (80 GB),2026-08-31 12:41:43.180000+00:00
azken,H100 PCIe,"3.12.3 (main, Mar  3 2026, 12:15:18) [GCC 13.3.0]",py312_cuml_adaptive,profiler_cuml_adaptive_fix1,iKon936_Lum,4.2,10.2497136592865,228.0,2026-08-31T12:41:51.748Z,2048.0,2048.0,Lum,C2025A6,,2113.0,63.0,fix1,local,26.2298,0.0239,25.0,H100 (80 GB),2026-08-31 12:41:51.748000+00:00
azken,H100 PCIe,"3.12.3 (main, Mar  3 2026, 12:15:18) [GCC 13.3.0]",py312_cuml_adaptive,profiler_cuml_adaptive_fix1,iKon936_Lum,4.2,10.120477199554443,228.0,2026-08-31T12:42:03.600Z,2048.0,2048.0,Lum,C2025A6,,923.0,63.0,fix1,local,26.2298,0.0239,25.0,H100 (80 GB),2026-08-31 12:42:03.600000+00:00
azken,H100 PCIe,"3.12.3 (main, Mar  3 2026, 12:15:18) [GCC 13.3.0]",py312_cuml_adaptive,profiler_cuml_adaptive_fix1,iKon936_Lum,4.2,10.15299105644226,228.0,2026-08-31T12:42:12.417Z,2048.0,2048.0,Lum,C2025A6,,2113.0,63.0,fix1,local,26.2298,0.0239,25.0,H100 (80 GB),2026-08-31 12:42:12.417000+00:00
azken,H100 PCIe,"3.12.3 (main, Mar  3 2026, 12:15:18) [GCC 13.3.0]",py312_cuml_adaptive,profiler_cuml_adaptive_fix1,iKon936_Lum,4.2,9.92052721977234,228.0,2026-08-31T12:42:22.149Z,2048.0,2048.0,Lum,C2025A6,,1289.0,63.0,fix1,local,26.2298,0.0239,25.0,H100 (80 GB),2026-08-31 12:42:22.149000+00:00
azken,H100 PCIe,"3.12.3 (main, Mar  3 2026, 12:15:18) [GCC 13.3.0]",py312_cuml_adaptive,profiler_cuml_adaptive_fix1,iKon936_Lum,4.2,12.9108304977417,228.0,2026-08-31T12:42:36.771Z,2048.0,2048.0,Lum,C2025A6,,935.0,63.0,fix1,local,26.2298,0.0239,25.0,H100 (80 GB),2026-08-31 12:42:36.771000+00:00
azken,H100 PCIe,"3.12.3 (main, Mar  3 2026, 12:15:18) [GCC 13.3.0]",py312_cuml_adaptive,profiler_cuml_adaptive_fix1,iKon936_Lum,4.2,9.379772901535034,228.0,2026-08-31T12:42:40.085Z,2048.0,2048.0,Lum,C2025A6,,1585.0,63.0,fix1,local,26.2298,0.0239,25.0,H100 (80 GB),2026-08-31 12:42:40.085000+00:00
azken,H100 PCIe,"3.12.3 (main, Mar  3 2026, 12:15:18) [GCC 13.3.0]",py312_cuml_adaptive,profiler_cuml_adaptive_fix1,iKon936_Lum,4.2,9.532398462295532,228.0,2026-08-31T12:42:58.495Z,2048.0,2048.0,Lum,C2025A6,,458.0,59.0,fix1,local,26.2298,0.0239,25.0,H100 (80 GB),2026-08-31 12:42:58.495000+00:00
azken,H100 PCIe,"3.8.10 (default, Nov 22 2023, 10:22:35) 
[GCC 9.4.0]",py38_baseline,profiler_py38_fix1,iKon936_SDSSg,4.2,7.272985219955444,279.0,2026-08-31T12:33:09.379Z,2048.0,2048.0,SDSSg,QSO0957+561,,458.0,59.0,fix1,local,25.3178,0.0147,24.0,H100 (80 GB),2026-08-31 12:33:09.379000+00:00
azken,H100 PCIe,"3.8.10 (default, Nov 22 2023, 10:22:35) 
[GCC 9.4.0]",py38_baseline,profiler_py38_fix1,iKon936_SDSSg,4.2,8.284924507141113,279.0,2026-08-31T12:33:39.256Z,2048.0,2048.0,SDSSg,QSO0957+561,,2085.0,62.0,fix1,local,25.3178,0.0147,24.0,H100 (80 GB),2026-08-31 12:33:39.256000+00:00
azken,H100 PCIe,"3.8.10 (default, Nov 22 2023, 10:22:35) 
[GCC 9.4.0]",py38_baseline,profiler_py38_fix1,iKon936_SDSSg,4.2,8.086812734603882,279.0,2026-08-31T12:33:52.473Z,2048.0,2048.0,SDSSg,QSO0957+561,,2085.0,62.0,fix1,local,25.3178,0.0147,24.0,H100 (80 GB),2026-08-31 12:33:52.473000+00:00
azken,H100 PCIe,"3.8.10 (default, Nov 22 2023, 10:22:35) 
[GCC 9.4.0]",py38_baseline,profiler_py38_fix1,iKon936_SDSSg,4.2,8.926466941833496,279.0,2026-08-31T12:34:06.629Z,2048.0,2048.0,SDSSg,QSO0957+561,,1615.0,62.0,fix1,local,25.3178,0.0147,24.0,H100 (80 GB),2026-08-31 12:34:06.629000+00:00
azken,H100 PCIe,"3.8.10 (default, Nov 22 2023, 10:22:35) 
[GCC 9.4.0]",py38_baseline,profiler_py38_fix1,iKon936_SDSSg,4.2,7.286805868148804,279.0,2026-08-31T12:34:34.771Z,2048.0,2048.0,SDSSg,QSO0957+561,,458.0,61.0,fix1,local,25.3178,0.0147,24.0,H100 (80 GB),2026-08-31 12:34:34.771000+00:00
azken,H100 PCIe,"3.8.10 (default, Nov 22 2023, 10:22:35) 
[GCC 9.4.0]",py38_baseline,profiler_py38_fix1,iKon936_SDSSg,4.2,8.445881128311157,279.0,2026-08-31T12:34:48.875Z,2048.0,2048.0,SDSSg,QSO0957+561,,1261.0,62.0,fix1,local,25.3178,0.0147,24.0,H100 (80 GB),2026-08-31 12:34:48.875000+00:00
azken,H100 PCIe,"3.8.10 (default, Nov 22 2023, 10:22:35) 
[GCC 9.4.0]",py38_baseline,profiler_py38_fix1,iKon936_SDSSg,4.2,8.398876428604126,279.0,2026-08-31T12:35:11.831Z,2048.0,2048.0,SDSSg,QSO0957+561,,2085.0,63.0,fix1,local,25.3178,0.0147,24.0,H100 (80 GB),2026-08-31 12:35:11.831000+00:00
azken,H100 PCIe,"3.8.10 (default, Nov 22 2023, 10:22:35) 
[GCC 9.4.0]",py38_baseline,profiler_py38_fix1,iKon936_SDSSg,4.2,7.934902429580688,279.0,2026-08-31T12:35:36.416Z,2048.0,2048.0,SDSSg,QSO0957+561,,2085.0,63.0,fix1,local,25.3178,0.0147,24.0,H100 (80 GB),2026-08-31 12:35:36.416000+00:00
azken,H100 PCIe,"3.8.10 (default, Nov 22 2023, 10:22:35) 
[GCC 9.4.0]",py38_baseline,profiler_py38_fix1,iKon936_SDSSg,4.2,8.15691614151001,279.0,2026-08-31T12:35:50.485Z,2048.0,2048.0,SDSSg,QSO0957+561,,2085.0,63.0,fix1,local,25.3178,0.0147,24.0,H100 (80 GB),2026-08-31 12:35:50.485000+00:00
azken,H100 PCIe,"3.8.10 (default, Nov 22 2023, 10:22:35) 
[GCC 9.4.0]",py38_baseline,profiler_py38_fix1,iKon936_SDSSg,4.2,7.587777137756348,279.0,2026-08-31T12:36:19.629Z,2048.0,2048.0,SDSSg,QSO0957+561,,1035.0,61.0,fix1,local,25.3178,0.0147,24.0,H100 (80 GB),2026-08-31 12:36:19.629000+00:00
azken,H100 PCIe,"3.12.3 (main, Mar  3 2026, 12:15:18) [GCC 13.3.0]",py312_cuml_adaptive,profiler_cuml_adaptive_fix1,iKon936_SDSSg,4.2,9.8772394657135,279.0,2026-08-31T12:28:43.404Z,2048.0,2048.0,SDSSg,QSO0957+561,,458.0,56.0,fix1,local,25.3178,0.0147,24.0,H100 (80 GB),2026-08-31 12:28:43.404000+00:00
azken,H100 PCIe,"3.12.3 (main, Mar  3 2026, 12:15:18) [GCC 13.3.0]",py312_cuml_adaptive,profiler_cuml_adaptive_fix1,iKon936_SDSSg,4.2,9.779647827148438,279.0,2026-08-31T12:29:02.520Z,2048.0,2048.0,SDSSg,QSO0957+561,,458.0,56.0,fix1,local,25.3178,0.0147,24.0,H100 (80 GB),2026-08-31 12:29:02.520000+00:00
azken,H100 PCIe,"3.12.3 (main, Mar  3 2026, 12:15:18) [GCC 13.3.0]",py312_cuml_adaptive,profiler_cuml_adaptive_fix1,iKon936_SDSSg,4.2,11.868916273117064,279.0,2026-08-31T12:29:24.584Z,2048.0,2048.0,SDSSg,QSO0957+561,,1065.0,58.0,fix1,local,25.3178,0.0147,24.0,H100 (80 GB),2026-08-31 12:29:24.584000+00:00
azken,H100 PCIe,"3.12.3 (main, Mar  3 2026, 12:15:18) [GCC 13.3.0]",py312_cuml_adaptive,profiler_cuml_adaptive_fix1,iKon936_SDSSg,4.2,10.4926335811615,279.0,2026-08-31T12:29:44.235Z,2048.0,2048.0,SDSSg,QSO0957+561,,458.0,57.0,fix1,local,25.3178,0.0147,24.0,H100 (80 GB),2026-08-31 12:29:44.235000+00:00
azken,H100 PCIe,"3.12.3 (main, Mar  3 2026, 12:15:18) [GCC 13.3.0]",py312_cuml_adaptive,profiler_cuml_adaptive_fix1,iKon936_SDSSg,4.2,11.239242792129517,279.0,2026-08-31T12:29:45.489Z,2048.0,2048.0,SDSSg,QSO0957+561,,1035.0,57.0,fix1,local,25.3178,0.0147,24.0,H100 (80 GB),2026-08-31 12:29:45.489000+00:00
azken,H100 PCIe,"3.12.3 (main, Mar  3 2026, 12:15:18) [GCC 13.3.0]",py312_cuml_adaptive,profiler_cuml_adaptive_fix1,iKon936_SDSSg,4.2,12.381907224655151,279.0,2026-08-31T12:30:05.981Z,2048.0,2048.0,SDSSg,QSO0957+561,,458.0,57.0,fix1,local,25.3178,0.0147,24.0,H100 (80 GB),2026-08-31 12:30:05.981000+00:00
azken,H100 PCIe,"3.12.3 (main, Mar  3 2026, 12:15:18) [GCC 13.3.0]",py312_cuml_adaptive,profiler_cuml_adaptive_fix1,iKon936_SDSSg,4.2,10.7858145236969,279.0,2026-08-31T12:30:06.136Z,2048.0,2048.0,SDSSg,QSO0957+561,,1065.0,58.0,fix1,local,25.3178,0.0147,24.0,H100 (80 GB),2026-08-31 12:30:06.136000+00:00
azken,H100 PCIe,"3.12.3 (main, Mar  3 2026, 12:15:18) [GCC 13.3.0]",py312_cuml_adaptive,profiler_cuml_adaptive_fix1,iKon936_SDSSg,4.2,13.00861930847168,279.0,2026-08-31T12:30:27.824Z,2048.0,2048.0,SDSSg,QSO0957+561,,458.0,57.0,fix1,local,25.3178,0.0147,24.0,H100 (80 GB),2026-08-31 12:30:27.824000+00:00
azken,H100 PCIe,"3.12.3 (main, Mar  3 2026, 12:15:18) [GCC 13.3.0]",py312_cuml_adaptive,profiler_cuml_adaptive_fix1,iKon936_SDSSg,4.2,11.305874109268188,279.0,2026-08-31T12:30:28.120Z,2048.0,2048.0,SDSSg,QSO0957+561,,1329.0,59.0,fix1,local,25.3178,0.0147,24.0,H100 (80 GB),2026-08-31 12:30:28.120000+00:00
azken,H100 PCIe,"3.12.3 (main, Mar  3 2026, 12:15:18) [GCC 13.3.0]",py312_cuml_adaptive,profiler_cuml_adaptive_fix1,iKon936_SDSSg,4.2,10.82015824317932,279.0,2026-08-31T12:30:48.152Z,2048.0,2048.0,SDSSg,QSO0957+561,,458.0,57.0,fix1,local,25.3178,0.0147,24.0,H100 (80 GB),2026-08-31 12:30:48.152000+00:00
azken,H100 PCIe,"3.12.3 (main, Mar  3 2026, 12:15:18) [GCC 13.3.0]",py312_cuml_adaptive,profiler_cuml_adaptive_fix1,iKon936_SDSSg,4.2,14.455145597457886,279.0,2026-08-31T12:30:52.250Z,2048.0,2048.0,SDSSg,QSO0957+561,,1213.0,57.0,fix1,local,25.3178,0.0147,24.0,H100 (80 GB),2026-08-31 12:30:52.250000+00:00
azken,H100 PCIe,"3.12.3 (main, Mar  3 2026, 12:15:18) [GCC 13.3.0]",py312_cuml_adaptive,profiler_cuml_adaptive_fix1,iKon936_SDSSg,4.2,9.997775554656982,279.0,2026-08-31T12:31:08.803Z,2048.0,2048.0,SDSSg,QSO0957+561,,458.0,58.0,fix1,local,25.3178,0.0147,24.0,H100 (80 GB),2026-08-31 12:31:08.803000+00:00
azken,H100 PCIe,"3.12.3 (main, Mar  3 2026, 12:15:18) [GCC 13.3.0]",py312_cuml_adaptive,profiler_cuml_adaptive_fix1,iKon936_SDSSg,4.2,9.942398309707642,279.0,2026-08-31T12:31:10.673Z,2048.0,2048.0,SDSSg,QSO0957+561,,1329.0,60.0,fix1,local,25.3178,0.0147,24.0,H100 (80 GB),2026-08-31 12:31:10.673000+00:00
azken,H100 PCIe,"3.12.3 (main, Mar  3 2026, 12:15:18) [GCC 13.3.0]",py312_cuml_adaptive,profiler_cuml_adaptive_fix1,iKon936_SDSSg,4.2,11.393799304962158,279.0,2026-08-31T12:31:30.234Z,2048.0,2048.0,SDSSg,QSO0957+561,,458.0,57.0,fix1,local,25.3178,0.0147,24.0,H100 (80 GB),2026-08-31 12:31:30.234000+00:00
azken,H100 PCIe,"3.12.3 (main, Mar  3 2026, 12:15:18) [GCC 13.3.0]",py312_cuml_adaptive,profiler_cuml_adaptive_fix1,iKon936_SDSSg,4.2,12.498587369918823,279.0,2026-08-31T12:31:33.618Z,2048.0,2048.0,SDSSg,QSO0957+561,,1461.0,59.0,fix1,local,25.3178,0.0147,24.0,H100 (80 GB),2026-08-31 12:31:33.618000+00:00
azken,H100 PCIe,"3.12.3 (main, Mar  3 2026, 12:15:18) [GCC 13.3.0]",py312_cuml_adaptive,profiler_cuml_adaptive_fix1,iKon936_SDSSg,4.2,10.375426292419434,279.0,2026-08-31T12:31:54.352Z,2048.0,2048.0,SDSSg,QSO0957+561,,911.0,58.0,fix1,local,25.3178,0.0147,24.0,H100 (80 GB),2026-08-31 12:31:54.352000+00:00
azken,H100 PCIe,"3.12.3 (main, Mar  3 2026, 12:15:18) [GCC 13.3.0]",py312_cuml_adaptive,profiler_cuml_adaptive_fix1,iKon936_SDSSg,4.2,13.583707809448242,279.0,2026-08-31T12:31:57.635Z,2048.0,2048.0,SDSSg,QSO0957+561,,931.0,58.0,fix1,local,25.3178,0.0147,24.0,H100 (80 GB),2026-08-31 12:31:57.635000+00:00
azken,H100 PCIe,"3.12.3 (main, Mar  3 2026, 12:15:18) [GCC 13.3.0]",py312_cuml_adaptive,profiler_cuml_adaptive_fix1,iKon936_SDSSg,4.2,9.786134004592896,279.0,2026-08-31T12:32:14.006Z,2048.0,2048.0,SDSSg,QSO0957+561,,458.0,58.0,fix1,local,25.3178,0.0147,24.0,H100 (80 GB),2026-08-31 12:32:14.006000+00:00
azken,H100 PCIe,"3.12.3 (main, Mar  3 2026, 12:15:18) [GCC 13.3.0]",py312_cuml_adaptive,profiler_cuml_adaptive_fix1,iKon936_SDSSg,4.2,10.40828824043274,279.0,2026-08-31T12:32:37.682Z,2048.0,2048.0,SDSSg,QSO0957+561,,458.0,60.0,fix1,local,25.3178,0.0147,24.0,H100 (80 GB),2026-08-31 12:32:37.682000+00:00
azken,H100 PCIe,"3.12.3 (main, Mar  3 2026, 12:15:18) [GCC 13.3.0]",py312_cuml_adaptive,profiler_cuml_adaptive_fix1,iKon936_SDSSg,4.2,10.769794225692747,279.0,2026-08-31T12:32:57.565Z,2048.0,2048.0,SDSSg,QSO0957+561,,1035.0,59.0,fix1,local,25.3178,0.0147,24.0,H100 (80 GB),2026-08-31 12:32:57.565000+00:00
azken,H100 PCIe,"3.12.3 (main, Mar  3 2026, 12:15:18) [GCC 13.3.0]",py312_cuml_adaptive,profiler_cuml_adaptive_fix1,iKon936_SDSSg,4.2,8.897707223892212,279.0,2026-08-31T12:33:14.506Z,2048.0,2048.0,SDSSg,QSO0957+561,,2085.0,61.0,fix1,local,25.3178,0.0147,24.0,H100 (80 GB),2026-08-31 12:33:14.506000+00:00
hp3,L40S,"3.8.10 (default, Nov 22 2023, 10:22:35) 
[GCC 9.4.0]",py38_baseline,profiler_py38_fix1,QHY411-1_Lum_bin2,37.8,8.931939601898193,354.0,2026-09-01T22:46:54.809Z,7100.0,5325.0,Lum,2012QD8,,430.0,38.0,fix1,local,23.1794,0.0111,15.0,L40S (48 GB),2026-09-01 22:46:54.809000+00:00
hp3,L40S,"3.8.10 (default, Nov 22 2023, 10:22:35) 
[GCC 9.4.0]",py38_baseline,profiler_py38_fix1,QHY411-1_Lum_bin2,37.8,8.787490844726562,354.0,2026-09-01T22:47:07.212Z,7100.0,5325.0,Lum,2012QD8,,430.0,38.0,fix1,local,23.1794,0.0111,15.0,L40S (48 GB),2026-09-01 22:47:07.212000+00:00
hp3,L40S,"3.8.10 (default, Nov 22 2023, 10:22:35) 
[GCC 9.4.0]",py38_baseline,profiler_py38_fix1,QHY411-1_Lum_bin2,37.8,8.78196120262146,354.0,2026-09-01T22:47:19.732Z,7100.0,5325.0,Lum,2012QD8,,430.0,38.0,fix1,local,23.1794,0.0111,15.0,L40S (48 GB),2026-09-01 22:47:19.732000+00:00
hp3,L40S,"3.8.10 (default, Nov 22 2023, 10:22:35) 
[GCC 9.4.0]",py38_baseline,profiler_py38_fix1,QHY411-1_Lum_bin2,37.8,8.714339256286621,354.0,2026-09-01T22:47:32.163Z,7100.0,5325.0,Lum,2012QD8,,430.0,38.0,fix1,local,23.1794,0.0111,15.0,L40S (48 GB),2026-09-01 22:47:32.163000+00:00
hp3,L40S,"3.8.10 (default, Nov 22 2023, 10:22:35) 
[GCC 9.4.0]",py38_baseline,profiler_py38_fix1,QHY411-1_Lum_bin2,37.8,9.358840703964232,354.0,2026-09-01T22:47:45.278Z,7100.0,5325.0,Lum,2012QD8,,430.0,38.0,fix1,local,23.1794,0.0111,15.0,L40S (48 GB),2026-09-01 22:47:45.278000+00:00
hp3,L40S,"3.8.10 (default, Nov 22 2023, 10:22:35) 
[GCC 9.4.0]",py38_baseline,profiler_py38_fix1,QHY411-1_Lum_bin2,37.8,8.937247037887573,354.0,2026-09-01T22:47:57.871Z,7100.0,5325.0,Lum,2012QD8,,430.0,38.0,fix1,local,23.1794,0.0111,15.0,L40S (48 GB),2026-09-01 22:47:57.871000+00:00
hp3,L40S,"3.8.10 (default, Nov 22 2023, 10:22:35) 
[GCC 9.4.0]",py38_baseline,profiler_py38_fix1,QHY411-1_Lum_bin2,37.8,8.587019681930542,354.0,2026-09-01T22:48:10.172Z,7100.0,5325.0,Lum,2012QD8,,430.0,39.0,fix1,local,23.1794,0.0111,15.0,L40S (48 GB),2026-09-01 22:48:10.172000+00:00
hp3,L40S,"3.8.10 (default, Nov 22 2023, 10:22:35) 
[GCC 9.4.0]",py38_baseline,profiler_py38_fix1,QHY411-1_Lum_bin2,37.8,9.046589851379396,354.0,2026-09-01T22:48:22.852Z,7100.0,5325.0,Lum,2012QD8,,430.0,39.0,fix1,local,23.1794,0.0111,15.0,L40S (48 GB),2026-09-01 22:48:22.852000+00:00
hp3,L40S,"3.12.3 (main, Mar  3 2026, 12:15:18) [GCC 13.3.0]",py312_cuml_adaptive,profiler_cuml_adaptive_fix1,QHY411-1_Lum_bin2,37.8,14.098950624465942,354.0,2026-09-01T22:42:17.778Z,7100.0,5325.0,Lum,2012QD8,,430.0,36.0,fix1,local,23.1794,0.0111,15.0,L40S (48 GB),2026-09-01 22:42:17.778000+00:00
hp3,L40S,"3.12.3 (main, Mar  3 2026, 12:15:18) [GCC 13.3.0]",py312_cuml_adaptive,profiler_cuml_adaptive_fix1,QHY411-1_Lum_bin2,37.8,14.497147560119627,354.0,2026-09-01T22:42:42.017Z,7100.0,5325.0,Lum,2012QD8,,430.0,36.0,fix1,local,23.1794,0.0111,15.0,L40S (48 GB),2026-09-01 22:42:42.017000+00:00
hp3,L40S,"3.12.3 (main, Mar  3 2026, 12:15:18) [GCC 13.3.0]",py312_cuml_adaptive,profiler_cuml_adaptive_fix1,QHY411-1_Lum_bin2,37.8,13.56436014175415,354.0,2026-09-01T22:43:05.386Z,7100.0,5325.0,Lum,2012QD8,,430.0,36.0,fix1,local,23.1794,0.0111,15.0,L40S (48 GB),2026-09-01 22:43:05.386000+00:00
hp3,L40S,"3.12.3 (main, Mar  3 2026, 12:15:18) [GCC 13.3.0]",py312_cuml_adaptive,profiler_cuml_adaptive_fix1,QHY411-1_Lum_bin2,37.8,14.158258199691772,354.0,2026-09-01T22:43:55.751Z,7100.0,5325.0,Lum,2012QD8,,430.0,36.0,fix1,local,23.1794,0.0111,15.0,L40S (48 GB),2026-09-01 22:43:55.751000+00:00
hp3,L40S,"3.12.3 (main, Mar  3 2026, 12:15:18) [GCC 13.3.0]",py312_cuml_adaptive,profiler_cuml_adaptive_fix1,QHY411-1_Lum_bin2,37.8,14.666187047958374,354.0,2026-09-01T22:44:19.937Z,7100.0,5325.0,Lum,2012QD8,,430.0,36.0,fix1,local,23.1794,0.0111,15.0,L40S (48 GB),2026-09-01 22:44:19.937000+00:00
hp3,L40S,"3.12.3 (main, Mar  3 2026, 12:15:18) [GCC 13.3.0]",py312_cuml_adaptive,profiler_cuml_adaptive_fix1,QHY411-1_Lum_bin2,37.8,14.45507264137268,354.0,2026-09-01T22:44:46.260Z,7100.0,5325.0,Lum,2012QD8,,430.0,35.0,fix1,local,23.1794,0.0111,15.0,L40S (48 GB),2026-09-01 22:44:46.260000+00:00
hp3,L40S,"3.12.3 (main, Mar  3 2026, 12:15:18) [GCC 13.3.0]",py312_cuml_adaptive,profiler_cuml_adaptive_fix1,QHY411-1_Lum_bin2,37.8,15.340579509735107,354.0,2026-09-01T22:45:11.270Z,7100.0,5325.0,Lum,2012QD8,,430.0,36.0,fix1,local,23.1794,0.0111,15.0,L40S (48 GB),2026-09-01 22:45:11.270000+00:00
hp3,L40S,"3.12.3 (main, Mar  3 2026, 12:15:18) [GCC 13.3.0]",py312_cuml_adaptive,profiler_cuml_adaptive_fix1,QHY411-1_Lum_bin2,37.8,13.908640623092651,354.0,2026-09-01T22:45:34.962Z,7100.0,5325.0,Lum,2012QD8,,430.0,36.0,fix1,local,23.1794,0.0111,15.0,L40S (48 GB),2026-09-01 22:45:34.962000+00:00
hp3,L40S,"3.12.3 (main, Mar  3 2026, 12:15:18) [GCC 13.3.0]",py312_cuml_adaptive,profiler_cuml_adaptive_fix1,QHY411-1_Lum_bin2,37.8,13.892825365066528,354.0,2026-09-01T22:45:59.181Z,7100.0,5325.0,Lum,2012QD8,,430.0,35.0,fix1,local,23.1794,0.0111,15.0,L40S (48 GB),2026-09-01 22:45:59.181000+00:00
hp3,L40S,"3.8.10 (default, Nov 22 2023, 10:22:35) 
[GCC 9.4.0]",py38_baseline,profiler_py38_fix1,QHY411-1_Lum_full,151.2,33.91770124435425,808.0,2026-09-01T23:16:12.417Z,14200.0,10650.0,Lum,2025PR1,,430.0,47.0,fix1,local,24.5555,0.0076,57.0,L40S (48 GB),2026-09-01 23:16:12.417000+00:00
hp3,L40S,"3.8.10 (default, Nov 22 2023, 10:22:35) 
[GCC 9.4.0]",py38_baseline,profiler_py38_fix1,QHY411-1_Lum_full,151.2,34.24489665031433,808.0,2026-09-01T23:16:50.474Z,14200.0,10650.0,Lum,2025PR1,,430.0,48.0,fix1,local,24.5555,0.0076,57.0,L40S (48 GB),2026-09-01 23:16:50.474000+00:00
hp3,L40S,"3.8.10 (default, Nov 22 2023, 10:22:35) 
[GCC 9.4.0]",py38_baseline,profiler_py38_fix1,QHY411-1_Lum_full,151.2,33.600501537323,808.0,2026-09-01T23:17:27.978Z,14200.0,10650.0,Lum,2025PR1,,430.0,48.0,fix1,local,24.5555,0.0076,57.0,L40S (48 GB),2026-09-01 23:17:27.978000+00:00
hp3,L40S,"3.8.10 (default, Nov 22 2023, 10:22:35) 
[GCC 9.4.0]",py38_baseline,profiler_py38_fix1,QHY411-1_Lum_full,151.2,33.882185220718384,808.0,2026-09-01T23:18:05.668Z,14200.0,10650.0,Lum,2025PR1,,430.0,48.0,fix1,local,24.5555,0.0076,57.0,L40S (48 GB),2026-09-01 23:18:05.668000+00:00
hp3,L40S,"3.8.10 (default, Nov 22 2023, 10:22:35) 
[GCC 9.4.0]",py38_baseline,profiler_py38_fix1,QHY411-1_Lum_full,151.2,33.53639507293701,808.0,2026-09-01T23:18:43.078Z,14200.0,10650.0,Lum,2025PR1,,430.0,48.0,fix1,local,24.5555,0.0076,57.0,L40S (48 GB),2026-09-01 23:18:43.078000+00:00
hp3,L40S,"3.8.10 (default, Nov 22 2023, 10:22:35) 
[GCC 9.4.0]",py38_baseline,profiler_py38_fix1,QHY411-1_Lum_full,151.2,33.55625057220459,808.0,2026-09-01T23:19:20.261Z,14200.0,10650.0,Lum,2025PR1,,430.0,48.0,fix1,local,24.5555,0.0076,57.0,L40S (48 GB),2026-09-01 23:19:20.261000+00:00
hp3,L40S,"3.8.10 (default, Nov 22 2023, 10:22:35) 
[GCC 9.4.0]",py38_baseline,profiler_py38_fix1,QHY411-1_Lum_full,151.2,32.84749698638916,808.0,2026-09-01T23:19:56.713Z,14200.0,10650.0,Lum,2025PR1,,430.0,48.0,fix1,local,24.5555,0.0076,57.0,L40S (48 GB),2026-09-01 23:19:56.713000+00:00
hp3,L40S,"3.8.10 (default, Nov 22 2023, 10:22:35) 
[GCC 9.4.0]",py38_baseline,profiler_py38_fix1,QHY411-1_Lum_full,151.2,33.85457158088684,808.0,2026-09-01T23:20:34.529Z,14200.0,10650.0,Lum,2025PR1,,430.0,48.0,fix1,local,24.5555,0.0076,57.0,L40S (48 GB),2026-09-01 23:20:34.529000+00:00
hp3,L40S,"3.12.3 (main, Mar  3 2026, 12:15:18) [GCC 13.3.0]",py312_cuml_adaptive,profiler_cuml_adaptive_fix1,QHY411-1_Lum_full,151.2,70.93796253204346,808.0,2026-09-01T23:00:03.396Z,14200.0,10650.0,Lum,2025PR1,,430.0,48.0,fix1,local,24.5578,0.0088,58.0,L40S (48 GB),2026-09-01 23:00:03.396000+00:00
hp3,L40S,"3.12.3 (main, Mar  3 2026, 12:15:18) [GCC 13.3.0]",py312_cuml_adaptive,profiler_cuml_adaptive_fix1,QHY411-1_Lum_full,151.2,67.65717959403992,808.0,2026-09-01T23:01:20.457Z,14200.0,10650.0,Lum,2025PR1,,430.0,49.0,fix1,local,24.5578,0.0088,58.0,L40S (48 GB),2026-09-01 23:01:20.457000+00:00
hp3,L40S,"3.12.3 (main, Mar  3 2026, 12:15:18) [GCC 13.3.0]",py312_cuml_adaptive,profiler_cuml_adaptive_fix1,QHY411-1_Lum_full,151.2,71.27055597305298,808.0,2026-09-01T23:02:41.160Z,14200.0,10650.0,Lum,2025PR1,,430.0,52.0,fix1,local,24.5578,0.0088,58.0,L40S (48 GB),2026-09-01 23:02:41.160000+00:00
hp3,L40S,"3.12.3 (main, Mar  3 2026, 12:15:18) [GCC 13.3.0]",py312_cuml_adaptive,profiler_cuml_adaptive_fix1,QHY411-1_Lum_full,151.2,70.34353351593018,808.0,2026-09-01T23:09:44.892Z,14200.0,10650.0,Lum,2025PR1,,430.0,51.0,fix1,local,24.5578,0.0088,58.0,L40S (48 GB),2026-09-01 23:09:44.892000+00:00
hp3,L40S,"3.12.3 (main, Mar  3 2026, 12:15:18) [GCC 13.3.0]",py312_cuml_adaptive,profiler_cuml_adaptive_fix1,QHY411-1_Lum_full,151.2,70.67610692977905,808.0,2026-09-01T23:12:39.940Z,14200.0,10650.0,Lum,2025PR1,,430.0,51.0,fix1,local,24.5578,0.0088,58.0,L40S (48 GB),2026-09-01 23:12:39.940000+00:00
hp3,L40S,"3.8.10 (default, Nov 22 2023, 10:22:35) 
[GCC 9.4.0]",py38_baseline,profiler_py38_fix1,QHY411-1_SDSSg_2k,37.8,17.568283557891846,4754.0,2026-09-02T00:30:49.577Z,7100.0,5325.0,SDSSg,Eugenia,,430.0,38.0,fix1,local,22.4733,0.0024,193.0,L40S (48 GB),2026-09-02 00:30:49.577000+00:00
hp3,L40S,"3.8.10 (default, Nov 22 2023, 10:22:35) 
[GCC 9.4.0]",py38_baseline,profiler_py38_fix1,QHY411-1_SDSSg_2k,37.8,19.13759636878968,4754.0,2026-09-02T00:31:37.634Z,7100.0,5325.0,SDSSg,Eugenia,,430.0,39.0,fix1,local,22.4733,0.0024,193.0,L40S (48 GB),2026-09-02 00:31:37.634000+00:00
hp3,L40S,"3.8.10 (default, Nov 22 2023, 10:22:35) 
[GCC 9.4.0]",py38_baseline,profiler_py38_fix1,QHY411-1_SDSSg_2k,37.8,19.63919997215271,4754.0,2026-09-02T00:32:01.742Z,7100.0,5325.0,SDSSg,Eugenia,,430.0,39.0,fix1,local,22.4733,0.0024,193.0,L40S (48 GB),2026-09-02 00:32:01.742000+00:00
hp3,L40S,"3.8.10 (default, Nov 22 2023, 10:22:35) 
[GCC 9.4.0]",py38_baseline,profiler_py38_fix1,QHY411-1_SDSSg_2k,37.8,19.641608953475952,4754.0,2026-09-02T00:32:25.025Z,7100.0,5325.0,SDSSg,Eugenia,,430.0,39.0,fix1,local,22.4733,0.0024,193.0,L40S (48 GB),2026-09-02 00:32:25.025000+00:00
hp3,L40S,"3.8.10 (default, Nov 22 2023, 10:22:35) 
[GCC 9.4.0]",py38_baseline,profiler_py38_fix1,QHY411-1_SDSSg_2k,37.8,19.560486316680908,4754.0,2026-09-02T00:32:48.318Z,7100.0,5325.0,SDSSg,Eugenia,,430.0,39.0,fix1,local,22.4733,0.0024,193.0,L40S (48 GB),2026-09-02 00:32:48.318000+00:00
hp3,L40S,"3.8.10 (default, Nov 22 2023, 10:22:35) 
[GCC 9.4.0]",py38_baseline,profiler_py38_fix1,QHY411-1_SDSSg_2k,37.8,18.884581565856934,4754.0,2026-09-02T00:33:40.207Z,7100.0,5325.0,SDSSg,Eugenia,,430.0,39.0,fix1,local,22.4733,0.0024,193.0,L40S (48 GB),2026-09-02 00:33:40.207000+00:00
hp3,L40S,"3.8.10 (default, Nov 22 2023, 10:22:35) 
[GCC 9.4.0]",py38_baseline,profiler_py38_fix1,QHY411-1_SDSSg_2k,37.8,18.79879093170166,4754.0,2026-09-02T00:34:02.687Z,7100.0,5325.0,SDSSg,Eugenia,,430.0,39.0,fix1,local,22.4733,0.0024,193.0,L40S (48 GB),2026-09-02 00:34:02.687000+00:00
hp3,L40S,"3.8.10 (default, Nov 22 2023, 10:22:35) 
[GCC 9.4.0]",py38_baseline,profiler_py38_fix1,QHY411-1_SDSSg_2k,37.8,19.154930114746094,4754.0,2026-09-02T00:34:26.456Z,7100.0,5325.0,SDSSg,Eugenia,,430.0,39.0,fix1,local,22.4733,0.0024,193.0,L40S (48 GB),2026-09-02 00:34:26.456000+00:00
hp3,L40S,"3.12.3 (main, Mar  3 2026, 12:15:18) [GCC 13.3.0]",py312_cuml_adaptive,profiler_cuml_adaptive_fix1,QHY411-1_SDSSg_2k,37.8,22.968523502349854,4754.0,2026-09-02T00:24:25.923Z,7100.0,5325.0,SDSSg,Eugenia,,430.0,36.0,fix1,local,22.4726,0.0024,193.0,L40S (48 GB),2026-09-02 00:24:25.923000+00:00
hp3,L40S,"3.12.3 (main, Mar  3 2026, 12:15:18) [GCC 13.3.0]",py312_cuml_adaptive,profiler_cuml_adaptive_fix1,QHY411-1_SDSSg_2k,37.8,20.99266219139099,4754.0,2026-09-02T00:24:55.519Z,7100.0,5325.0,SDSSg,Eugenia,,430.0,36.0,fix1,local,22.4726,0.0024,193.0,L40S (48 GB),2026-09-02 00:24:55.519000+00:00
hp3,L40S,"3.12.3 (main, Mar  3 2026, 12:15:18) [GCC 13.3.0]",py312_cuml_adaptive,profiler_cuml_adaptive_fix1,QHY411-1_SDSSg_2k,37.8,21.577195644378666,4754.0,2026-09-02T00:25:56.688Z,7100.0,5325.0,SDSSg,Eugenia,,430.0,38.0,fix1,local,22.4726,0.0024,193.0,L40S (48 GB),2026-09-02 00:25:56.688000+00:00
hp3,L40S,"3.12.3 (main, Mar  3 2026, 12:15:18) [GCC 13.3.0]",py312_cuml_adaptive,profiler_cuml_adaptive_fix1,QHY411-1_SDSSg_2k,37.8,19.70536088943481,4754.0,2026-09-02T00:27:32.820Z,7100.0,5325.0,SDSSg,Eugenia,,430.0,36.0,fix1,local,22.4726,0.0024,193.0,L40S (48 GB),2026-09-02 00:27:32.820000+00:00
hp3,L40S,"3.12.3 (main, Mar  3 2026, 12:15:18) [GCC 13.3.0]",py312_cuml_adaptive,profiler_cuml_adaptive_fix1,QHY411-1_SDSSg_2k,37.8,19.74460482597351,4754.0,2026-09-02T00:29:30.590Z,7100.0,5325.0,SDSSg,Eugenia,,430.0,36.0,fix1,local,22.4726,0.0024,193.0,L40S (48 GB),2026-09-02 00:29:30.590000+00:00
hp3,L40S,"3.8.10 (default, Nov 22 2023, 10:22:35) 
[GCC 9.4.0]",py38_baseline,profiler_py38_fix1,QHY411-1_SDSSi_bin2,37.8,9.62321710586548,621.0,2026-09-01T22:49:19.072Z,7100.0,5325.0,SDSSi,GaiaDR33534005919872722560,,430.0,39.0,fix1,local,21.0013,0.0082,35.0,L40S (48 GB),2026-09-01 22:49:19.072000+00:00
hp3,L40S,"3.8.10 (default, Nov 22 2023, 10:22:35) 
[GCC 9.4.0]",py38_baseline,profiler_py38_fix1,QHY411-1_SDSSi_bin2,37.8,9.746939897537231,621.0,2026-09-01T22:49:32.389Z,7100.0,5325.0,SDSSi,GaiaDR33534005919872722560,,430.0,40.0,fix1,local,21.0013,0.0082,35.0,L40S (48 GB),2026-09-01 22:49:32.389000+00:00
hp3,L40S,"3.8.10 (default, Nov 22 2023, 10:22:35) 
[GCC 9.4.0]",py38_baseline,profiler_py38_fix1,QHY411-1_SDSSi_bin2,37.8,9.233331680297852,621.0,2026-09-01T22:49:45.299Z,7100.0,5325.0,SDSSi,GaiaDR33534005919872722560,,430.0,40.0,fix1,local,21.0013,0.0082,35.0,L40S (48 GB),2026-09-01 22:49:45.299000+00:00
hp3,L40S,"3.8.10 (default, Nov 22 2023, 10:22:35) 
[GCC 9.4.0]",py38_baseline,profiler_py38_fix1,QHY411-1_SDSSi_bin2,37.8,9.430678367614746,621.0,2026-09-01T22:49:58.492Z,7100.0,5325.0,SDSSi,GaiaDR33534005919872722560,,430.0,40.0,fix1,local,21.0013,0.0082,35.0,L40S (48 GB),2026-09-01 22:49:58.492000+00:00
hp3,L40S,"3.8.10 (default, Nov 22 2023, 10:22:35) 
[GCC 9.4.0]",py38_baseline,profiler_py38_fix1,QHY411-1_SDSSi_bin2,37.8,9.395302295684814,621.0,2026-09-01T22:50:12.653Z,7100.0,5325.0,SDSSi,GaiaDR33534005919872722560,,430.0,39.0,fix1,local,21.0013,0.0082,35.0,L40S (48 GB),2026-09-01 22:50:12.653000+00:00
hp3,L40S,"3.8.10 (default, Nov 22 2023, 10:22:35) 
[GCC 9.4.0]",py38_baseline,profiler_py38_fix1,QHY411-1_SDSSi_bin2,37.8,9.967536926269531,621.0,2026-09-01T22:50:26.144Z,7100.0,5325.0,SDSSi,GaiaDR33534005919872722560,,430.0,39.0,fix1,local,21.0013,0.0082,35.0,L40S (48 GB),2026-09-01 22:50:26.144000+00:00
hp3,L40S,"3.8.10 (default, Nov 22 2023, 10:22:35) 
[GCC 9.4.0]",py38_baseline,profiler_py38_fix1,QHY411-1_SDSSi_bin2,37.8,9.652761697769163,621.0,2026-09-01T22:50:39.429Z,7100.0,5325.0,SDSSi,GaiaDR33534005919872722560,,430.0,40.0,fix1,local,21.0013,0.0082,35.0,L40S (48 GB),2026-09-01 22:50:39.429000+00:00
hp3,L40S,"3.8.10 (default, Nov 22 2023, 10:22:35) 
[GCC 9.4.0]",py38_baseline,profiler_py38_fix1,QHY411-1_SDSSi_bin2,37.8,9.833105564117432,621.0,2026-09-01T22:50:53.114Z,7100.0,5325.0,SDSSi,GaiaDR33534005919872722560,,430.0,40.0,fix1,local,21.0013,0.0082,35.0,L40S (48 GB),2026-09-01 22:50:53.114000+00:00
hp3,L40S,"3.8.10 (default, Nov 22 2023, 10:22:35) 
[GCC 9.4.0]",py38_baseline,profiler_py38_fix1,QHY411-1_SDSSi_bin2,37.8,9.422924757003784,621.0,2026-09-01T22:51:06.408Z,7100.0,5325.0,SDSSi,GaiaDR33534005919872722560,,430.0,40.0,fix1,local,21.0013,0.0082,35.0,L40S (48 GB),2026-09-01 22:51:06.408000+00:00
hp3,L40S,"3.12.3 (main, Mar  3 2026, 12:15:18) [GCC 13.3.0]",py312_cuml_adaptive,profiler_cuml_adaptive_fix1,QHY411-1_SDSSi_bin2,37.8,13.736262559890749,621.0,2026-09-01T22:52:42.228Z,7100.0,5325.0,SDSSi,GaiaDR33534005919872722560,,430.0,38.0,fix1,local,21.0036,0.0082,34.0,L40S (48 GB),2026-09-01 22:52:42.228000+00:00
hp3,L40S,"3.12.3 (main, Mar  3 2026, 12:15:18) [GCC 13.3.0]",py312_cuml_adaptive,profiler_cuml_adaptive_fix1,QHY411-1_SDSSi_bin2,37.8,13.934442520141602,621.0,2026-09-01T22:53:03.061Z,7100.0,5325.0,SDSSi,GaiaDR33534005919872722560,,430.0,39.0,fix1,local,21.0036,0.0082,34.0,L40S (48 GB),2026-09-01 22:53:03.061000+00:00
hp3,L40S,"3.12.3 (main, Mar  3 2026, 12:15:18) [GCC 13.3.0]",py312_cuml_adaptive,profiler_cuml_adaptive_fix1,QHY411-1_SDSSi_bin2,37.8,12.250431060791016,621.0,2026-09-01T22:53:24.880Z,7100.0,5325.0,SDSSi,GaiaDR33534005919872722560,,430.0,38.0,fix1,local,21.0036,0.0082,34.0,L40S (48 GB),2026-09-01 22:53:24.880000+00:00
hp3,L40S,"3.12.3 (main, Mar  3 2026, 12:15:18) [GCC 13.3.0]",py312_cuml_adaptive,profiler_cuml_adaptive_fix1,QHY411-1_SDSSi_bin2,37.8,14.401774406433104,621.0,2026-09-01T22:53:48.843Z,7100.0,5325.0,SDSSi,GaiaDR33534005919872722560,,430.0,38.0,fix1,local,21.0036,0.0082,34.0,L40S (48 GB),2026-09-01 22:53:48.843000+00:00
hp3,L40S,"3.12.3 (main, Mar  3 2026, 12:15:18) [GCC 13.3.0]",py312_cuml_adaptive,profiler_cuml_adaptive_fix1,QHY411-1_SDSSi_bin2,37.8,14.30501627922058,621.0,2026-09-01T22:54:12.958Z,7100.0,5325.0,SDSSi,GaiaDR33534005919872722560,,430.0,38.0,fix1,local,21.0036,0.0082,34.0,L40S (48 GB),2026-09-01 22:54:12.958000+00:00
hp3,L40S,"3.12.3 (main, Mar  3 2026, 12:15:18) [GCC 13.3.0]",py312_cuml_adaptive,profiler_cuml_adaptive_fix1,QHY411-1_SDSSi_bin2,37.8,13.426632642745972,621.0,2026-09-01T22:54:34.041Z,7100.0,5325.0,SDSSi,GaiaDR33534005919872722560,,430.0,38.0,fix1,local,21.0036,0.0082,34.0,L40S (48 GB),2026-09-01 22:54:34.041000+00:00
hp3,L40S,"3.12.3 (main, Mar  3 2026, 12:15:18) [GCC 13.3.0]",py312_cuml_adaptive,profiler_cuml_adaptive_fix1,QHY411-1_SDSSi_bin2,37.8,11.561354160308838,621.0,2026-09-01T22:54:55.174Z,7100.0,5325.0,SDSSi,GaiaDR33534005919872722560,,430.0,37.0,fix1,local,21.0036,0.0082,34.0,L40S (48 GB),2026-09-01 22:54:55.174000+00:00
hp3,L40S,"3.12.3 (main, Mar  3 2026, 12:15:18) [GCC 13.3.0]",py312_cuml_adaptive,profiler_cuml_adaptive_fix1,QHY411-1_SDSSi_bin2,37.8,13.56676697731018,621.0,2026-09-01T22:55:18.195Z,7100.0,5325.0,SDSSi,GaiaDR33534005919872722560,,430.0,37.0,fix1,local,21.0036,0.0082,34.0,L40S (48 GB),2026-09-01 22:55:18.195000+00:00
hp3,L40S,"3.12.3 (main, Mar  3 2026, 12:15:18) [GCC 13.3.0]",py312_cuml_adaptive,profiler_cuml_adaptive_fix1,QHY411-1_SDSSi_bin2,37.8,14.275474071502686,621.0,2026-09-01T22:55:42.051Z,7100.0,5325.0,SDSSi,GaiaDR33534005919872722560,,430.0,37.0,fix1,local,21.0036,0.0082,34.0,L40S (48 GB),2026-09-01 22:55:42.051000+00:00
hp3,L40S,"3.12.3 (main, Mar  3 2026, 12:15:18) [GCC 13.3.0]",py312_cuml_adaptive,profiler_cuml_adaptive_fix1,QHY411-1_SDSSi_bin2,37.8,14.177599430084229,621.0,2026-09-01T22:56:05.501Z,7100.0,5325.0,SDSSi,GaiaDR33534005919872722560,,430.0,37.0,fix1,local,21.0036,0.0082,34.0,L40S (48 GB),2026-09-01 22:56:05.501000+00:00
hp3,L40S,"3.8.10 (default, Nov 22 2023, 10:22:35) 
[GCC 9.4.0]",py38_baseline,profiler_py38_fix1,QHY411-1_SDSSr_7k,37.8,23.05437970161438,12832.0,2026-08-31T19:21:23.376Z,7100.0,5325.0,SDSSr,V445Pup-griz,,430.0,41.0,fix1,local,21.7994,0.0022,168.0,L40S (48 GB),2026-08-31 19:21:23.376000+00:00
hp3,L40S,"3.8.10 (default, Nov 22 2023, 10:22:35) 
[GCC 9.4.0]",py38_baseline,profiler_py38_fix1,QHY411-1_SDSSr_7k,37.8,23.35053896903992,12832.0,2026-08-31T19:21:49.934Z,7100.0,5325.0,SDSSr,V445Pup-griz,,430.0,42.0,fix1,local,21.7994,0.0022,168.0,L40S (48 GB),2026-08-31 19:21:49.934000+00:00
hp3,L40S,"3.8.10 (default, Nov 22 2023, 10:22:35) 
[GCC 9.4.0]",py38_baseline,profiler_py38_fix1,QHY411-1_SDSSr_7k,37.8,23.94456648826599,12832.0,2026-08-31T19:22:17.037Z,7100.0,5325.0,SDSSr,V445Pup-griz,,430.0,41.0,fix1,local,21.7994,0.0022,168.0,L40S (48 GB),2026-08-31 19:22:17.037000+00:00
hp3,L40S,"3.8.10 (default, Nov 22 2023, 10:22:35) 
[GCC 9.4.0]",py38_baseline,profiler_py38_fix1,QHY411-1_SDSSr_7k,37.8,23.347501039505005,12832.0,2026-08-31T19:22:44.640Z,7100.0,5325.0,SDSSr,V445Pup-griz,,430.0,41.0,fix1,local,21.7994,0.0022,168.0,L40S (48 GB),2026-08-31 19:22:44.640000+00:00
hp3,L40S,"3.8.10 (default, Nov 22 2023, 10:22:35) 
[GCC 9.4.0]",py38_baseline,profiler_py38_fix1,QHY411-1_SDSSr_7k,37.8,22.6286358833313,12832.0,2026-08-31T19:23:10.555Z,7100.0,5325.0,SDSSr,V445Pup-griz,,430.0,41.0,fix1,local,21.7994,0.0022,168.0,L40S (48 GB),2026-08-31 19:23:10.555000+00:00
hp3,L40S,"3.8.10 (default, Nov 22 2023, 10:22:35) 
[GCC 9.4.0]",py38_baseline,profiler_py38_fix1,QHY411-1_SDSSr_7k,37.8,23.06410026550293,12832.0,2026-08-31T19:23:36.793Z,7100.0,5325.0,SDSSr,V445Pup-griz,,430.0,41.0,fix1,local,21.7994,0.0022,168.0,L40S (48 GB),2026-08-31 19:23:36.793000+00:00
hp3,L40S,"3.8.10 (default, Nov 22 2023, 10:22:35) 
[GCC 9.4.0]",py38_baseline,profiler_py38_fix1,QHY411-1_SDSSr_7k,37.8,21.887832403182983,12832.0,2026-08-31T19:24:02.887Z,7100.0,5325.0,SDSSr,V445Pup-griz,,430.0,41.0,fix1,local,21.7994,0.0022,168.0,L40S (48 GB),2026-08-31 19:24:02.887000+00:00
hp3,L40S,"3.8.10 (default, Nov 22 2023, 10:22:35) 
[GCC 9.4.0]",py38_baseline,profiler_py38_fix1,QHY411-1_SDSSr_7k,37.8,23.12821674346924,12832.0,2026-08-31T19:24:29.140Z,7100.0,5325.0,SDSSr,V445Pup-griz,,430.0,41.0,fix1,local,21.7994,0.0022,168.0,L40S (48 GB),2026-08-31 19:24:29.140000+00:00
hp3,L40S,"3.8.10 (default, Nov 22 2023, 10:22:35) 
[GCC 9.4.0]",py38_baseline,profiler_py38_fix1,QHY411-1_SDSSr_7k,37.8,23.14675664901733,12832.0,2026-08-31T19:24:55.378Z,7100.0,5325.0,SDSSr,V445Pup-griz,,430.0,41.0,fix1,local,21.7994,0.0022,168.0,L40S (48 GB),2026-08-31 19:24:55.378000+00:00
hp3,L40S,"3.8.10 (default, Nov 22 2023, 10:22:35) 
[GCC 9.4.0]",py38_baseline,profiler_py38_fix1,QHY411-1_SDSSr_7k,37.8,22.76379156112671,12832.0,2026-08-31T19:25:22.382Z,7100.0,5325.0,SDSSr,V445Pup-griz,,430.0,41.0,fix1,local,21.7994,0.0022,168.0,L40S (48 GB),2026-08-31 19:25:22.382000+00:00
hp3,L40S,"3.8.10 (default, Nov 22 2023, 10:22:35) 
[GCC 9.4.0]",py38_baseline,profiler_py38_fix1,QHY411-1_SDSSr_7k,37.8,23.070443630218502,12832.0,2026-08-31T19:25:48.642Z,7100.0,5325.0,SDSSr,V445Pup-griz,,430.0,41.0,fix1,local,21.7994,0.0022,168.0,L40S (48 GB),2026-08-31 19:25:48.642000+00:00
hp3,L40S,"3.8.10 (default, Nov 22 2023, 10:22:35) 
[GCC 9.4.0]",py38_baseline,profiler_py38_fix1,QHY411-1_SDSSr_7k,37.8,22.4830219745636,12832.0,2026-08-31T19:26:14.286Z,7100.0,5325.0,SDSSr,V445Pup-griz,,430.0,42.0,fix1,local,21.7994,0.0022,168.0,L40S (48 GB),2026-08-31 19:26:14.286000+00:00
hp3,L40S,"3.8.10 (default, Nov 22 2023, 10:22:35) 
[GCC 9.4.0]",py38_baseline,profiler_py38_fix1,QHY411-1_SDSSr_7k,37.8,23.594447135925293,12832.0,2026-08-31T19:26:42.168Z,7100.0,5325.0,SDSSr,V445Pup-griz,,430.0,41.0,fix1,local,21.7994,0.0022,168.0,L40S (48 GB),2026-08-31 19:26:42.168000+00:00
hp3,L40S,"3.8.10 (default, Nov 22 2023, 10:22:35) 
[GCC 9.4.0]",py38_baseline,profiler_py38_fix1,QHY411-1_SDSSr_7k,37.8,22.88600325584412,12832.0,2026-08-31T19:27:08.274Z,7100.0,5325.0,SDSSr,V445Pup-griz,,430.0,41.0,fix1,local,21.7994,0.0022,168.0,L40S (48 GB),2026-08-31 19:27:08.274000+00:00
hp3,L40S,"3.8.10 (default, Nov 22 2023, 10:22:35) 
[GCC 9.4.0]",py38_baseline,profiler_py38_fix1,QHY411-1_SDSSr_7k,37.8,22.081604957580566,12832.0,2026-08-31T19:27:33.439Z,7100.0,5325.0,SDSSr,V445Pup-griz,,430.0,42.0,fix1,local,21.7994,0.0022,168.0,L40S (48 GB),2026-08-31 19:27:33.439000+00:00
hp3,L40S,"3.12.3 (main, Mar  3 2026, 12:15:18) [GCC 13.3.0]",py312_cuml_adaptive,profiler_cuml_adaptive_fix1,QHY411-1_SDSSr_7k,37.8,22.27240467071533,12832.0,2026-08-31T16:38:39.032Z,7100.0,5325.0,SDSSr,V445Pup-griz,,430.0,41.0,fix1,local,21.7986,0.0022,168.0,L40S (48 GB),2026-08-31 16:38:39.032000+00:00
hp3,L40S,"3.12.3 (main, Mar  3 2026, 12:15:18) [GCC 13.3.0]",py312_cuml_adaptive,profiler_cuml_adaptive_fix1,QHY411-1_SDSSr_7k,37.8,24.76879620552063,12832.0,2026-08-31T16:39:12.951Z,7100.0,5325.0,SDSSr,V445Pup-griz,,430.0,40.0,fix1,local,21.7986,0.0022,168.0,L40S (48 GB),2026-08-31 16:39:12.951000+00:00
hp3,L40S,"3.12.3 (main, Mar  3 2026, 12:15:18) [GCC 13.3.0]",py312_cuml_adaptive,profiler_cuml_adaptive_fix1,QHY411-1_SDSSr_7k,37.8,23.865355491638184,12832.0,2026-08-31T16:39:44.802Z,7100.0,5325.0,SDSSr,V445Pup-griz,,430.0,40.0,fix1,local,21.7986,0.0022,168.0,L40S (48 GB),2026-08-31 16:39:44.802000+00:00
hp3,L40S,"3.12.3 (main, Mar  3 2026, 12:15:18) [GCC 13.3.0]",py312_cuml_adaptive,profiler_cuml_adaptive_fix1,QHY411-1_SDSSr_7k,37.8,22.980844736099243,12832.0,2026-08-31T16:40:16.921Z,7100.0,5325.0,SDSSr,V445Pup-griz,,430.0,40.0,fix1,local,21.7986,0.0022,168.0,L40S (48 GB),2026-08-31 16:40:16.921000+00:00
hp3,L40S,"3.12.3 (main, Mar  3 2026, 12:15:18) [GCC 13.3.0]",py312_cuml_adaptive,profiler_cuml_adaptive_fix1,QHY411-1_SDSSr_7k,37.8,23.638150453567505,12832.0,2026-08-31T16:40:48.269Z,7100.0,5325.0,SDSSr,V445Pup-griz,,430.0,40.0,fix1,local,21.7986,0.0022,168.0,L40S (48 GB),2026-08-31 16:40:48.269000+00:00
hp3,L40S,"3.12.3 (main, Mar  3 2026, 12:15:18) [GCC 13.3.0]",py312_cuml_adaptive,profiler_cuml_adaptive_fix1,QHY411-1_SDSSr_7k,37.8,24.189366102218628,12832.0,2026-08-31T16:41:22.149Z,7100.0,5325.0,SDSSr,V445Pup-griz,,430.0,40.0,fix1,local,21.7986,0.0022,168.0,L40S (48 GB),2026-08-31 16:41:22.149000+00:00
hp3,L40S,"3.12.3 (main, Mar  3 2026, 12:15:18) [GCC 13.3.0]",py312_cuml_adaptive,profiler_cuml_adaptive_fix1,QHY411-1_SDSSr_7k,37.8,22.82319283485413,12832.0,2026-08-31T16:41:54.041Z,7100.0,5325.0,SDSSr,V445Pup-griz,,430.0,40.0,fix1,local,21.7986,0.0022,168.0,L40S (48 GB),2026-08-31 16:41:54.041000+00:00
hp3,L40S,"3.12.3 (main, Mar  3 2026, 12:15:18) [GCC 13.3.0]",py312_cuml_adaptive,profiler_cuml_adaptive_fix1,QHY411-1_SDSSr_7k,37.8,23.73909044265747,12832.0,2026-08-31T16:42:27.877Z,7100.0,5325.0,SDSSr,V445Pup-griz,,430.0,40.0,fix1,local,21.7986,0.0022,168.0,L40S (48 GB),2026-08-31 16:42:27.877000+00:00
hp3,L40S,"3.12.3 (main, Mar  3 2026, 12:15:18) [GCC 13.3.0]",py312_cuml_adaptive,profiler_cuml_adaptive_fix1,QHY411-1_SDSSr_7k,37.8,22.64515781402588,12832.0,2026-08-31T16:42:57.327Z,7100.0,5325.0,SDSSr,V445Pup-griz,,430.0,40.0,fix1,local,21.7986,0.0022,168.0,L40S (48 GB),2026-08-31 16:42:57.327000+00:00
hp3,L40S,"3.12.3 (main, Mar  3 2026, 12:15:18) [GCC 13.3.0]",py312_cuml_adaptive,profiler_cuml_adaptive_fix1,QHY411-1_SDSSr_7k,37.8,22.441325187683105,12832.0,2026-08-31T16:43:29.566Z,7100.0,5325.0,SDSSr,V445Pup-griz,,430.0,40.0,fix1,local,21.7986,0.0022,168.0,L40S (48 GB),2026-08-31 16:43:29.566000+00:00
hp3,L40S,"3.12.3 (main, Mar  3 2026, 12:15:18) [GCC 13.3.0]",py312_cuml_adaptive,profiler_cuml_adaptive_fix1,QHY411-1_SDSSr_7k,37.8,21.743131160736084,12832.0,2026-08-31T16:43:56.434Z,7100.0,5325.0,SDSSr,V445Pup-griz,,430.0,41.0,fix1,local,21.7986,0.0022,168.0,L40S (48 GB),2026-08-31 16:43:56.434000+00:00
hp3,L40S,"3.12.3 (main, Mar  3 2026, 12:15:18) [GCC 13.3.0]",py312_cuml_adaptive,profiler_cuml_adaptive_fix1,QHY411-1_SDSSr_7k,37.8,22.94745135307312,12832.0,2026-08-31T16:44:27.995Z,7100.0,5325.0,SDSSr,V445Pup-griz,,430.0,41.0,fix1,local,21.7986,0.0022,168.0,L40S (48 GB),2026-08-31 16:44:27.995000+00:00
hp3,L40S,"3.12.3 (main, Mar  3 2026, 12:15:18) [GCC 13.3.0]",py312_cuml_adaptive,profiler_cuml_adaptive_fix1,QHY411-1_SDSSr_7k,37.8,22.345642805099487,12832.0,2026-08-31T16:44:56.928Z,7100.0,5325.0,SDSSr,V445Pup-griz,,430.0,41.0,fix1,local,21.7986,0.0022,168.0,L40S (48 GB),2026-08-31 16:44:56.928000+00:00
hp3,L40S,"3.12.3 (main, Mar  3 2026, 12:15:18) [GCC 13.3.0]",py312_cuml_adaptive,profiler_cuml_adaptive_fix1,QHY411-1_SDSSr_7k,37.8,21.72292423248291,12832.0,2026-08-31T16:45:27.409Z,7100.0,5325.0,SDSSr,V445Pup-griz,,430.0,41.0,fix1,local,21.7986,0.0022,168.0,L40S (48 GB),2026-08-31 16:45:27.409000+00:00
hp3,L40S,"3.12.3 (main, Mar  3 2026, 12:15:18) [GCC 13.3.0]",py312_cuml_adaptive,profiler_cuml_adaptive_fix1,QHY411-1_SDSSr_7k,37.8,22.30553364753723,12832.0,2026-08-31T16:45:57.035Z,7100.0,5325.0,SDSSr,V445Pup-griz,,430.0,41.0,fix1,local,21.7986,0.0022,168.0,L40S (48 GB),2026-08-31 16:45:57.035000+00:00
hp3,L40S,"3.12.3 (main, Mar  3 2026, 12:15:18) [GCC 13.3.0]",py312_cuml_adaptive,profiler_cuml_adaptive_fix1,QHY411-1_SDSSr_7k,37.8,23.97243332862854,12832.0,2026-08-31T16:46:30.639Z,7100.0,5325.0,SDSSr,V445Pup-griz,,430.0,40.0,fix1,local,21.7986,0.0022,168.0,L40S (48 GB),2026-08-31 16:46:30.639000+00:00
hp3,L40S,"3.12.3 (main, Mar  3 2026, 12:15:18) [GCC 13.3.0]",py312_cuml_adaptive,profiler_cuml_adaptive_fix1,QHY411-1_SDSSr_7k,37.8,22.74557328224182,12832.0,2026-08-31T16:47:02.394Z,7100.0,5325.0,SDSSr,V445Pup-griz,,430.0,40.0,fix1,local,21.7986,0.0022,168.0,L40S (48 GB),2026-08-31 16:47:02.394000+00:00
hp3,L40S,"3.12.3 (main, Mar  3 2026, 12:15:18) [GCC 13.3.0]",py312_cuml_adaptive,profiler_cuml_adaptive_fix1,QHY411-1_SDSSr_7k,37.8,24.885504245758057,12832.0,2026-08-31T16:47:37.148Z,7100.0,5325.0,SDSSr,V445Pup-griz,,430.0,40.0,fix1,local,21.7986,0.0022,168.0,L40S (48 GB),2026-08-31 16:47:37.148000+00:00
hp3,L40S,"3.12.3 (main, Mar  3 2026, 12:15:18) [GCC 13.3.0]",py312_cuml_adaptive,profiler_cuml_adaptive_fix1,QHY411-1_SDSSr_7k,37.8,23.538673877716064,12832.0,2026-08-31T16:48:09.796Z,7100.0,5325.0,SDSSr,V445Pup-griz,,430.0,40.0,fix1,local,21.7986,0.0022,168.0,L40S (48 GB),2026-08-31 16:48:09.796000+00:00
hp3,L40S,"3.12.3 (main, Mar  3 2026, 12:15:18) [GCC 13.3.0]",py312_cuml_adaptive,profiler_cuml_adaptive_fix1,QHY411-1_SDSSr_7k,37.8,26.11166286468506,12832.0,2026-08-31T16:48:45.602Z,7100.0,5325.0,SDSSr,V445Pup-griz,,430.0,40.0,fix1,local,21.7986,0.0022,168.0,L40S (48 GB),2026-08-31 16:48:45.602000+00:00
hp3,L40S,"3.12.3 (main, Mar  3 2026, 12:15:18) [GCC 13.3.0]",py312_cuml_adaptive,profiler_cuml_adaptive_fix1,QHY411-1_SDSSr_7k,37.8,25.11718773841858,12832.0,2026-08-31T16:49:17.446Z,7100.0,5325.0,SDSSr,V445Pup-griz,,430.0,40.0,fix1,local,21.7986,0.0022,168.0,L40S (48 GB),2026-08-31 16:49:17.446000+00:00
hp3,L40S,"3.12.3 (main, Mar  3 2026, 12:15:18) [GCC 13.3.0]",py312_cuml_adaptive,profiler_cuml_adaptive_fix1,QHY411-1_SDSSr_7k,37.8,24.77455449104309,12832.0,2026-08-31T16:49:51.809Z,7100.0,5325.0,SDSSr,V445Pup-griz,,430.0,40.0,fix1,local,21.7986,0.0022,168.0,L40S (48 GB),2026-08-31 16:49:51.809000+00:00
hp3,L40S,"3.12.3 (main, Mar  3 2026, 12:15:18) [GCC 13.3.0]",py312_cuml_adaptive,profiler_cuml_adaptive_fix1,QHY411-1_SDSSr_7k,37.8,23.76541543006897,12832.0,2026-08-31T16:50:24.480Z,7100.0,5325.0,SDSSr,V445Pup-griz,,430.0,40.0,fix1,local,21.7986,0.0022,168.0,L40S (48 GB),2026-08-31 16:50:24.480000+00:00
hp3,L40S,"3.8.10 (default, Nov 22 2023, 10:22:35) 
[GCC 9.4.0]",py38_baseline,profiler_py38_fix1,QHY411-3_Lum_131k,151.2,44.09529137611389,134206.0,2026-08-31T20:01:47.493Z,14200.0,10650.0,Lum,C2025N1,,430.0,40.0,fix1,local,25.1618,0.0013,185.0,L40S (48 GB),2026-08-31 20:01:47.493000+00:00
hp3,L40S,"3.8.10 (default, Nov 22 2023, 10:22:35) 
[GCC 9.4.0]",py38_baseline,profiler_py38_fix1,QHY411-3_Lum_131k,151.2,45.55975389480591,134206.0,2026-08-31T20:02:37.451Z,14200.0,10650.0,Lum,C2025N1,,430.0,41.0,fix1,local,25.1618,0.0013,185.0,L40S (48 GB),2026-08-31 20:02:37.451000+00:00
hp3,L40S,"3.8.10 (default, Nov 22 2023, 10:22:35) 
[GCC 9.4.0]",py38_baseline,profiler_py38_fix1,QHY411-3_Lum_131k,151.2,44.12922120094299,134206.0,2026-08-31T20:03:24.726Z,14200.0,10650.0,Lum,C2025N1,,430.0,42.0,fix1,local,25.1618,0.0013,185.0,L40S (48 GB),2026-08-31 20:03:24.726000+00:00
hp3,L40S,"3.8.10 (default, Nov 22 2023, 10:22:35) 
[GCC 9.4.0]",py38_baseline,profiler_py38_fix1,QHY411-3_Lum_131k,151.2,43.52541899681091,134206.0,2026-08-31T20:04:12.694Z,14200.0,10650.0,Lum,C2025N1,,430.0,41.0,fix1,local,25.1618,0.0013,185.0,L40S (48 GB),2026-08-31 20:04:12.694000+00:00
hp3,L40S,"3.8.10 (default, Nov 22 2023, 10:22:35) 
[GCC 9.4.0]",py38_baseline,profiler_py38_fix1,QHY411-3_Lum_131k,151.2,43.38379764556885,134206.0,2026-08-31T20:04:59.243Z,14200.0,10650.0,Lum,C2025N1,,430.0,42.0,fix1,local,25.1618,0.0013,185.0,L40S (48 GB),2026-08-31 20:04:59.243000+00:00
hp3,L40S,"3.8.10 (default, Nov 22 2023, 10:22:35) 
[GCC 9.4.0]",py38_baseline,profiler_py38_fix1,QHY411-3_Lum_131k,151.2,45.171961069107056,134206.0,2026-08-31T20:05:48.519Z,14200.0,10650.0,Lum,C2025N1,,430.0,42.0,fix1,local,25.1618,0.0013,185.0,L40S (48 GB),2026-08-31 20:05:48.519000+00:00
hp3,L40S,"3.8.10 (default, Nov 22 2023, 10:22:35) 
[GCC 9.4.0]",py38_baseline,profiler_py38_fix1,QHY411-3_Lum_131k,151.2,45.51699113845825,134206.0,2026-08-31T20:07:28.269Z,14200.0,10650.0,Lum,C2025N1,,430.0,41.0,fix1,local,25.1618,0.0013,185.0,L40S (48 GB),2026-08-31 20:07:28.269000+00:00
hp3,L40S,"3.8.10 (default, Nov 22 2023, 10:22:35) 
[GCC 9.4.0]",py38_baseline,profiler_py38_fix1,QHY411-3_Lum_131k,151.2,44.12141227722168,134206.0,2026-08-31T20:08:15.606Z,14200.0,10650.0,Lum,C2025N1,,430.0,42.0,fix1,local,25.1618,0.0013,185.0,L40S (48 GB),2026-08-31 20:08:15.606000+00:00
hp3,L40S,"3.8.10 (default, Nov 22 2023, 10:22:35) 
[GCC 9.4.0]",py38_baseline,profiler_py38_fix1,QHY411-3_Lum_131k,151.2,43.77997517585754,134206.0,2026-08-31T20:09:03.670Z,14200.0,10650.0,Lum,C2025N1,,430.0,41.0,fix1,local,25.1618,0.0013,185.0,L40S (48 GB),2026-08-31 20:09:03.670000+00:00
hp3,L40S,"3.8.10 (default, Nov 22 2023, 10:22:35) 
[GCC 9.4.0]",py38_baseline,profiler_py38_fix1,QHY411-3_Lum_131k,151.2,43.15741181373596,134206.0,2026-08-31T20:09:49.991Z,14200.0,10650.0,Lum,C2025N1,,430.0,42.0,fix1,local,25.1618,0.0013,185.0,L40S (48 GB),2026-08-31 20:09:49.991000+00:00
hp3,L40S,"3.8.10 (default, Nov 22 2023, 10:22:35) 
[GCC 9.4.0]",py38_baseline,profiler_py38_fix1,QHY411-3_Lum_131k,151.2,44.872676849365234,134206.0,2026-08-31T20:10:39.102Z,14200.0,10650.0,Lum,C2025N1,,430.0,41.0,fix1,local,25.1618,0.0013,185.0,L40S (48 GB),2026-08-31 20:10:39.102000+00:00
hp3,L40S,"3.12.3 (main, Mar  3 2026, 12:15:18) [GCC 13.3.0]",py312_cuml_adaptive,profiler_cuml_adaptive_fix1,QHY411-3_Lum_131k,151.2,118.34490323066711,134206.0,2026-08-31T17:36:00.067Z,14200.0,10650.0,Lum,C2025N1,,430.0,39.0,fix1,local,25.1677,0.0013,184.0,L40S (48 GB),2026-08-31 17:36:00.067000+00:00
hp3,L40S,"3.12.3 (main, Mar  3 2026, 12:15:18) [GCC 13.3.0]",py312_cuml_adaptive,profiler_cuml_adaptive_fix1,QHY411-3_Lum_131k,151.2,95.70761728286745,134206.0,2026-08-31T17:37:42.881Z,14200.0,10650.0,Lum,C2025N1,,430.0,40.0,fix1,local,25.1677,0.0013,184.0,L40S (48 GB),2026-08-31 17:37:42.881000+00:00
hp3,L40S,"3.12.3 (main, Mar  3 2026, 12:15:18) [GCC 13.3.0]",py312_cuml_adaptive,profiler_cuml_adaptive_fix1,QHY411-3_Lum_131k,151.2,72.96056127548218,134206.0,2026-08-31T17:39:05.610Z,14200.0,10650.0,Lum,C2025N1,,430.0,40.0,fix1,local,25.1677,0.0013,184.0,L40S (48 GB),2026-08-31 17:39:05.610000+00:00
hp3,L40S,"3.12.3 (main, Mar  3 2026, 12:15:18) [GCC 13.3.0]",py312_cuml_adaptive,profiler_cuml_adaptive_fix1,QHY411-3_Lum_131k,151.2,59.56840419769287,134206.0,2026-08-31T17:40:13.623Z,14200.0,10650.0,Lum,C2025N1,,430.0,40.0,fix1,local,25.1677,0.0013,184.0,L40S (48 GB),2026-08-31 17:40:13.623000+00:00
hp3,L40S,"3.12.3 (main, Mar  3 2026, 12:15:18) [GCC 13.3.0]",py312_cuml_adaptive,profiler_cuml_adaptive_fix1,QHY411-3_Lum_131k,151.2,44.41985273361206,134206.0,2026-08-31T17:41:08.040Z,14200.0,10650.0,Lum,C2025N1,,430.0,40.0,fix1,local,25.1677,0.0013,184.0,L40S (48 GB),2026-08-31 17:41:08.040000+00:00
hp3,L40S,"3.12.3 (main, Mar  3 2026, 12:15:18) [GCC 13.3.0]",py312_cuml_adaptive,profiler_cuml_adaptive_fix1,QHY411-3_Lum_131k,151.2,86.1220109462738,134206.0,2026-08-31T17:42:42.373Z,14200.0,10650.0,Lum,C2025N1,,430.0,41.0,fix1,local,25.1677,0.0013,184.0,L40S (48 GB),2026-08-31 17:42:42.373000+00:00
hp3,L40S,"3.12.3 (main, Mar  3 2026, 12:15:18) [GCC 13.3.0]",py312_cuml_adaptive,profiler_cuml_adaptive_fix1,QHY411-3_Lum_131k,151.2,94.06546545028688,134206.0,2026-08-31T17:44:26.202Z,14200.0,10650.0,Lum,C2025N1,,430.0,40.0,fix1,local,25.1677,0.0013,184.0,L40S (48 GB),2026-08-31 17:44:26.202000+00:00
hp3,L40S,"3.12.3 (main, Mar  3 2026, 12:15:18) [GCC 13.3.0]",py312_cuml_adaptive,profiler_cuml_adaptive_fix1,QHY411-3_Lum_131k,151.2,115.6955943107605,134206.0,2026-08-31T17:46:30.111Z,14200.0,10650.0,Lum,C2025N1,,430.0,40.0,fix1,local,25.1677,0.0013,184.0,L40S (48 GB),2026-08-31 17:46:30.111000+00:00
hp3,L40S,"3.12.3 (main, Mar  3 2026, 12:15:18) [GCC 13.3.0]",py312_cuml_adaptive,profiler_cuml_adaptive_fix1,QHY411-3_Lum_131k,151.2,126.9627742767334,134206.0,2026-08-31T17:48:47.090Z,14200.0,10650.0,Lum,C2025N1,,430.0,40.0,fix1,local,25.1677,0.0013,184.0,L40S (48 GB),2026-08-31 17:48:47.090000+00:00
hp3,L40S,"3.12.3 (main, Mar  3 2026, 12:15:18) [GCC 13.3.0]",py312_cuml_adaptive,profiler_cuml_adaptive_fix1,QHY411-3_Lum_131k,151.2,118.12282371520996,134206.0,2026-08-31T17:50:54.185Z,14200.0,10650.0,Lum,C2025N1,,430.0,39.0,fix1,local,25.1677,0.0013,184.0,L40S (48 GB),2026-08-31 17:50:54.185000+00:00
hp3,L40S,"3.12.3 (main, Mar  3 2026, 12:15:18) [GCC 13.3.0]",py312_cuml_adaptive,profiler_cuml_adaptive_fix1,QHY411-3_Lum_131k,151.2,94.4790735244751,134206.0,2026-08-31T17:52:37.200Z,14200.0,10650.0,Lum,C2025N1,,430.0,39.0,fix1,local,25.1677,0.0013,184.0,L40S (48 GB),2026-08-31 17:52:37.200000+00:00
hp3,L40S,"3.12.3 (main, Mar  3 2026, 12:15:18) [GCC 13.3.0]",py312_cuml_adaptive,profiler_cuml_adaptive_fix1,QHY411-3_Lum_131k,151.2,95.1069314479828,134206.0,2026-08-31T17:54:20.628Z,14200.0,10650.0,Lum,C2025N1,,430.0,40.0,fix1,local,25.1677,0.0013,184.0,L40S (48 GB),2026-08-31 17:54:20.628000+00:00
hp3,L40S,"3.12.3 (main, Mar  3 2026, 12:15:18) [GCC 13.3.0]",py312_cuml_adaptive,profiler_cuml_adaptive_fix1,QHY411-3_Lum_131k,151.2,79.44784140586853,134206.0,2026-08-31T17:55:49.034Z,14200.0,10650.0,Lum,C2025N1,,430.0,39.0,fix1,local,25.1677,0.0013,184.0,L40S (48 GB),2026-08-31 17:55:49.034000+00:00
hp3,L40S,"3.12.3 (main, Mar  3 2026, 12:15:18) [GCC 13.3.0]",py312_cuml_adaptive,profiler_cuml_adaptive_fix1,QHY411-3_Lum_131k,151.2,64.92558693885803,134206.0,2026-08-31T17:57:02.941Z,14200.0,10650.0,Lum,C2025N1,,430.0,40.0,fix1,local,25.1677,0.0013,184.0,L40S (48 GB),2026-08-31 17:57:02.941000+00:00
hp3,L40S,"3.12.3 (main, Mar  3 2026, 12:15:18) [GCC 13.3.0]",py312_cuml_adaptive,profiler_cuml_adaptive_fix1,QHY411-3_Lum_131k,151.2,68.26193737983704,134206.0,2026-08-31T17:58:20.364Z,14200.0,10650.0,Lum,C2025N1,,430.0,40.0,fix1,local,25.1677,0.0013,184.0,L40S (48 GB),2026-08-31 17:58:20.364000+00:00
hp3,L40S,"3.12.3 (main, Mar  3 2026, 12:15:18) [GCC 13.3.0]",py312_cuml_adaptive,profiler_cuml_adaptive_fix1,QHY411-3_Lum_131k,151.2,103.65741395950316,134206.0,2026-08-31T18:00:14.078Z,14200.0,10650.0,Lum,C2025N1,,430.0,40.0,fix1,local,25.1677,0.0013,184.0,L40S (48 GB),2026-08-31 18:00:14.078000+00:00
hp3,L40S,"3.12.3 (main, Mar  3 2026, 12:15:18) [GCC 13.3.0]",py312_cuml_adaptive,profiler_cuml_adaptive_fix1,QHY411-3_Lum_131k,151.2,93.13433361053468,134206.0,2026-08-31T18:01:55.798Z,14200.0,10650.0,Lum,C2025N1,,430.0,40.0,fix1,local,25.1677,0.0013,184.0,L40S (48 GB),2026-08-31 18:01:55.798000+00:00
hp3,L40S,"3.12.3 (main, Mar  3 2026, 12:15:18) [GCC 13.3.0]",py312_cuml_adaptive,profiler_cuml_adaptive_fix1,QHY411-3_Lum_131k,151.2,96.90779185295104,134206.0,2026-08-31T18:03:42.404Z,14200.0,10650.0,Lum,C2025N1,,430.0,39.0,fix1,local,25.1677,0.0013,184.0,L40S (48 GB),2026-08-31 18:03:42.404000+00:00
hp3,L40S,"3.12.3 (main, Mar  3 2026, 12:15:18) [GCC 13.3.0]",py312_cuml_adaptive,profiler_cuml_adaptive_fix1,QHY411-3_Lum_131k,151.2,77.69507479667664,134206.0,2026-08-31T18:05:09.918Z,14200.0,10650.0,Lum,C2025N1,,430.0,39.0,fix1,local,25.1677,0.0013,184.0,L40S (48 GB),2026-08-31 18:05:09.918000+00:00
hp3,L40S,"3.12.3 (main, Mar  3 2026, 12:15:18) [GCC 13.3.0]",py312_cuml_adaptive,profiler_cuml_adaptive_fix1,QHY411-3_Lum_131k,151.2,47.51486372947693,134206.0,2026-08-31T18:06:05.886Z,14200.0,10650.0,Lum,C2025N1,,430.0,40.0,fix1,local,25.1677,0.0013,184.0,L40S (48 GB),2026-08-31 18:06:05.886000+00:00
hp3,L40S,"3.12.3 (main, Mar  3 2026, 12:15:18) [GCC 13.3.0]",py312_cuml_adaptive,profiler_cuml_adaptive_fix1,QHY411-3_Lum_131k,151.2,42.72334885597229,134206.0,2026-08-31T18:06:57.449Z,14200.0,10650.0,Lum,C2025N1,,430.0,40.0,fix1,local,25.1677,0.0013,184.0,L40S (48 GB),2026-08-31 18:06:57.449000+00:00
hp3,L40S,"3.12.3 (main, Mar  3 2026, 12:15:18) [GCC 13.3.0]",py312_cuml_adaptive,profiler_cuml_adaptive_fix1,QHY411-3_Lum_131k,151.2,43.326148986816406,134206.0,2026-08-31T18:07:50.650Z,14200.0,10650.0,Lum,C2025N1,,430.0,41.0,fix1,local,25.1677,0.0013,184.0,L40S (48 GB),2026-08-31 18:07:50.650000+00:00
hp3,L40S,"3.12.3 (main, Mar  3 2026, 12:15:18) [GCC 13.3.0]",py312_cuml_adaptive,profiler_cuml_adaptive_fix1,QHY411-3_Lum_131k,151.2,87.83194303512573,134206.0,2026-08-31T18:09:27.263Z,14200.0,10650.0,Lum,C2025N1,,430.0,41.0,fix1,local,25.1677,0.0013,184.0,L40S (48 GB),2026-08-31 18:09:27.263000+00:00
hp3,L40S,"3.8.10 (default, Nov 22 2023, 10:22:35) 
[GCC 9.4.0]",py38_baseline,profiler_py38_fix1,QHY411-3_SDSSg_10k,151.2,34.64529204368591,10168.0,2026-09-02T00:38:35.302Z,14200.0,10650.0,SDSSg,M106,,430.0,38.0,fix1,local,24.5596,0.0018,140.0,L40S (48 GB),2026-09-02 00:38:35.302000+00:00
hp3,L40S,"3.8.10 (default, Nov 22 2023, 10:22:35) 
[GCC 9.4.0]",py38_baseline,profiler_py38_fix1,QHY411-3_SDSSg_10k,151.2,36.6793909072876,10168.0,2026-09-02T00:39:15.764Z,14200.0,10650.0,SDSSg,M106,,430.0,40.0,fix1,local,24.5596,0.0018,140.0,L40S (48 GB),2026-09-02 00:39:15.764000+00:00
hp3,L40S,"3.8.10 (default, Nov 22 2023, 10:22:35) 
[GCC 9.4.0]",py38_baseline,profiler_py38_fix1,QHY411-3_SDSSg_10k,151.2,32.5622034072876,10168.0,2026-09-02T00:39:52.240Z,14200.0,10650.0,SDSSg,M106,,430.0,40.0,fix1,local,24.5596,0.0018,140.0,L40S (48 GB),2026-09-02 00:39:52.240000+00:00
hp3,L40S,"3.8.10 (default, Nov 22 2023, 10:22:35) 
[GCC 9.4.0]",py38_baseline,profiler_py38_fix1,QHY411-3_SDSSg_10k,151.2,34.346116065979004,10168.0,2026-09-02T00:40:30.327Z,14200.0,10650.0,SDSSg,M106,,430.0,41.0,fix1,local,24.5596,0.0018,140.0,L40S (48 GB),2026-09-02 00:40:30.327000+00:00
hp3,L40S,"3.8.10 (default, Nov 22 2023, 10:22:35) 
[GCC 9.4.0]",py38_baseline,profiler_py38_fix1,QHY411-3_SDSSg_10k,151.2,36.45547413825989,10168.0,2026-09-02T00:41:10.610Z,14200.0,10650.0,SDSSg,M106,,430.0,41.0,fix1,local,24.5596,0.0018,140.0,L40S (48 GB),2026-09-02 00:41:10.610000+00:00
hp3,L40S,"3.8.10 (default, Nov 22 2023, 10:22:35) 
[GCC 9.4.0]",py38_baseline,profiler_py38_fix1,QHY411-3_SDSSg_10k,151.2,33.01048040390015,10168.0,2026-09-02T00:41:47.339Z,14200.0,10650.0,SDSSg,M106,,430.0,41.0,fix1,local,24.5596,0.0018,140.0,L40S (48 GB),2026-09-02 00:41:47.339000+00:00
hp3,L40S,"3.8.10 (default, Nov 22 2023, 10:22:35) 
[GCC 9.4.0]",py38_baseline,profiler_py38_fix1,QHY411-3_SDSSg_10k,151.2,30.463292598724365,10168.0,2026-09-02T00:42:21.851Z,14200.0,10650.0,SDSSg,M106,,430.0,41.0,fix1,local,24.5596,0.0018,140.0,L40S (48 GB),2026-09-02 00:42:21.851000+00:00
hp3,L40S,"3.8.10 (default, Nov 22 2023, 10:22:35) 
[GCC 9.4.0]",py38_baseline,profiler_py38_fix1,QHY411-3_SDSSg_10k,151.2,33.810539960861206,10168.0,2026-09-02T00:42:59.446Z,14200.0,10650.0,SDSSg,M106,,430.0,42.0,fix1,local,24.5596,0.0018,140.0,L40S (48 GB),2026-09-02 00:42:59.446000+00:00
hp3,L40S,"3.8.10 (default, Nov 22 2023, 10:22:35) 
[GCC 9.4.0]",py38_baseline,profiler_py38_fix1,QHY411-3_SDSSg_10k,151.2,33.28540921211243,10168.0,2026-09-02T00:43:36.502Z,14200.0,10650.0,SDSSg,M106,,430.0,42.0,fix1,local,24.5596,0.0018,140.0,L40S (48 GB),2026-09-02 00:43:36.502000+00:00
hp3,L40S,"3.12.3 (main, Mar  3 2026, 12:15:18) [GCC 13.3.0]",py312_cuml_adaptive,profiler_cuml_adaptive_fix1,QHY411-3_SDSSg_10k,151.2,34.17743945121765,10168.0,2026-09-02T00:49:23.458Z,14200.0,10650.0,SDSSg,M106,,430.0,38.0,fix1,local,24.5599,0.0017,141.0,L40S (48 GB),2026-09-02 00:49:23.458000+00:00
hp3,L40S,"3.12.3 (main, Mar  3 2026, 12:15:18) [GCC 13.3.0]",py312_cuml_adaptive,profiler_cuml_adaptive_fix1,QHY411-3_SDSSg_10k,151.2,33.9059784412384,10168.0,2026-09-02T00:50:54.848Z,14200.0,10650.0,SDSSg,M106,,430.0,39.0,fix1,local,24.5599,0.0017,141.0,L40S (48 GB),2026-09-02 00:50:54.848000+00:00
hp3,L40S,"3.12.3 (main, Mar  3 2026, 12:15:18) [GCC 13.3.0]",py312_cuml_adaptive,profiler_cuml_adaptive_fix1,QHY411-3_SDSSg_10k,151.2,34.567708253860474,10168.0,2026-09-02T00:51:38.776Z,14200.0,10650.0,SDSSg,M106,,430.0,39.0,fix1,local,24.5599,0.0017,141.0,L40S (48 GB),2026-09-02 00:51:38.776000+00:00
hp3,L40S,"3.12.3 (main, Mar  3 2026, 12:15:18) [GCC 13.3.0]",py312_cuml_adaptive,profiler_cuml_adaptive_fix1,QHY411-3_SDSSg_10k,151.2,35.7476646900177,10168.0,2026-09-02T00:52:24.080Z,14200.0,10650.0,SDSSg,M106,,430.0,40.0,fix1,local,24.5599,0.0017,141.0,L40S (48 GB),2026-09-02 00:52:24.080000+00:00
hp3,L40S,"3.8.10 (default, Nov 22 2023, 10:22:35) 
[GCC 9.4.0]",py38_baseline,profiler_py38_fix1,QHY411-3_SDSSr_full,151.2,31.04164981842041,15390.0,2026-09-01T23:55:57.234Z,14200.0,10650.0,SDSSr,M81,,430.0,40.0,fix1,local,24.0879,0.0012,186.0,L40S (48 GB),2026-09-01 23:55:57.234000+00:00
hp3,L40S,"3.8.10 (default, Nov 22 2023, 10:22:35) 
[GCC 9.4.0]",py38_baseline,profiler_py38_fix1,QHY411-3_SDSSr_full,151.2,31.976258277893063,15390.0,2026-09-01T23:56:32.997Z,14200.0,10650.0,SDSSr,M81,,430.0,41.0,fix1,local,24.0879,0.0012,186.0,L40S (48 GB),2026-09-01 23:56:32.997000+00:00
hp3,L40S,"3.8.10 (default, Nov 22 2023, 10:22:35) 
[GCC 9.4.0]",py38_baseline,profiler_py38_fix1,QHY411-3_SDSSr_full,151.2,31.48682928085327,15390.0,2026-09-01T23:57:08.203Z,14200.0,10650.0,SDSSr,M81,,430.0,41.0,fix1,local,24.0879,0.0012,186.0,L40S (48 GB),2026-09-01 23:57:08.203000+00:00
hp3,L40S,"3.8.10 (default, Nov 22 2023, 10:22:35) 
[GCC 9.4.0]",py38_baseline,profiler_py38_fix1,QHY411-3_SDSSr_full,151.2,31.276423454284668,15390.0,2026-09-01T23:57:43.439Z,14200.0,10650.0,SDSSr,M81,,430.0,42.0,fix1,local,24.0879,0.0012,186.0,L40S (48 GB),2026-09-01 23:57:43.439000+00:00
hp3,L40S,"3.8.10 (default, Nov 22 2023, 10:22:35) 
[GCC 9.4.0]",py38_baseline,profiler_py38_fix1,QHY411-3_SDSSr_full,151.2,31.49828004837036,15390.0,2026-09-01T23:58:18.651Z,14200.0,10650.0,SDSSr,M81,,430.0,42.0,fix1,local,24.0879,0.0012,186.0,L40S (48 GB),2026-09-01 23:58:18.651000+00:00
hp3,L40S,"3.8.10 (default, Nov 22 2023, 10:22:35) 
[GCC 9.4.0]",py38_baseline,profiler_py38_fix1,QHY411-3_SDSSr_full,151.2,31.73761796951294,15390.0,2026-09-01T23:59:34.707Z,14200.0,10650.0,SDSSr,M81,,430.0,42.0,fix1,local,24.0879,0.0012,186.0,L40S (48 GB),2026-09-01 23:59:34.707000+00:00
hp3,L40S,"3.12.3 (main, Mar  3 2026, 12:15:18) [GCC 13.3.0]",py312_cuml_adaptive,profiler_cuml_adaptive_fix1,QHY411-3_SDSSr_full,151.2,34.99120330810547,15390.0,2026-09-01T23:45:19.863Z,14200.0,10650.0,SDSSr,M81,,430.0,37.0,fix1,local,24.0872,0.0011,184.0,L40S (48 GB),2026-09-01 23:45:19.863000+00:00
hp3,L40S,"3.12.3 (main, Mar  3 2026, 12:15:18) [GCC 13.3.0]",py312_cuml_adaptive,profiler_cuml_adaptive_fix1,QHY411-3_SDSSr_full,151.2,35.14744734764099,15390.0,2026-09-01T23:46:54.013Z,14200.0,10650.0,SDSSr,M81,,430.0,38.0,fix1,local,24.0872,0.0011,184.0,L40S (48 GB),2026-09-01 23:46:54.013000+00:00
hp3,L40S,"3.12.3 (main, Mar  3 2026, 12:15:18) [GCC 13.3.0]",py312_cuml_adaptive,profiler_cuml_adaptive_fix1,QHY411-3_SDSSr_full,151.2,35.623814821243286,15390.0,2026-09-01T23:47:39.030Z,14200.0,10650.0,SDSSr,M81,,430.0,38.0,fix1,local,24.0872,0.0011,184.0,L40S (48 GB),2026-09-01 23:47:39.030000+00:00
hp3,L40S,"3.12.3 (main, Mar  3 2026, 12:15:18) [GCC 13.3.0]",py312_cuml_adaptive,profiler_cuml_adaptive_fix1,QHY411-3_SDSSr_full,151.2,33.61341166496277,15390.0,2026-09-01T23:48:22.010Z,14200.0,10650.0,SDSSr,M81,,430.0,39.0,fix1,local,24.0872,0.0011,184.0,L40S (48 GB),2026-09-01 23:48:22.010000+00:00
hp3,L40S,"3.12.3 (main, Mar  3 2026, 12:15:18) [GCC 13.3.0]",py312_cuml_adaptive,profiler_cuml_adaptive_fix1,QHY411-3_SDSSr_full,151.2,35.2217493057251,15390.0,2026-09-01T23:49:06.789Z,14200.0,10650.0,SDSSr,M81,,430.0,39.0,fix1,local,24.0872,0.0011,184.0,L40S (48 GB),2026-09-01 23:49:06.789000+00:00
hp3,L40S,"3.12.3 (main, Mar  3 2026, 12:15:18) [GCC 13.3.0]",py312_cuml_adaptive,profiler_cuml_adaptive_fix1,QHY411-3_SDSSr_full,151.2,35.00346779823303,15390.0,2026-09-01T23:50:39.600Z,14200.0,10650.0,SDSSr,M81,,430.0,37.0,fix1,local,24.0872,0.0011,184.0,L40S (48 GB),2026-09-01 23:50:39.600000+00:00
hp3,L40S,"3.12.3 (main, Mar  3 2026, 12:15:18) [GCC 13.3.0]",py312_cuml_adaptive,profiler_cuml_adaptive_fix1,QHY411-3_SDSSr_full,151.2,34.09179925918579,15390.0,2026-09-01T23:51:22.895Z,14200.0,10650.0,SDSSr,M81,,430.0,38.0,fix1,local,24.0872,0.0011,184.0,L40S (48 GB),2026-09-01 23:51:22.895000+00:00
hp3,L40S,"3.8.10 (default, Nov 22 2023, 10:22:35) 
[GCC 9.4.0]",py38_baseline,profiler_py38_fix1,QHY600-3_Lum,6.8,5.542004346847534,8093.0,2026-09-01T22:22:56.691Z,3191.0,2129.0,Lum,C2025R2,,430.0,35.0,fix1,local,26.8056,0.0082,8.0,L40S (48 GB),2026-09-01 22:22:56.691000+00:00
hp3,L40S,"3.8.10 (default, Nov 22 2023, 10:22:35) 
[GCC 9.4.0]",py38_baseline,profiler_py38_fix1,QHY600-3_Lum,6.8,5.624499559402466,8093.0,2026-09-01T22:23:06.033Z,3191.0,2129.0,Lum,C2025R2,,430.0,35.0,fix1,local,26.8056,0.0082,8.0,L40S (48 GB),2026-09-01 22:23:06.033000+00:00
hp3,L40S,"3.8.10 (default, Nov 22 2023, 10:22:35) 
[GCC 9.4.0]",py38_baseline,profiler_py38_fix1,QHY600-3_Lum,6.8,5.7805540561676025,8093.0,2026-09-01T22:23:25.414Z,3191.0,2129.0,Lum,C2025R2,,430.0,35.0,fix1,local,26.8056,0.0082,8.0,L40S (48 GB),2026-09-01 22:23:25.414000+00:00
hp3,L40S,"3.8.10 (default, Nov 22 2023, 10:22:35) 
[GCC 9.4.0]",py38_baseline,profiler_py38_fix1,QHY600-3_Lum,6.8,5.689452648162842,8093.0,2026-09-01T22:23:34.805Z,3191.0,2129.0,Lum,C2025R2,,430.0,36.0,fix1,local,26.8056,0.0082,8.0,L40S (48 GB),2026-09-01 22:23:34.805000+00:00
hp3,L40S,"3.8.10 (default, Nov 22 2023, 10:22:35) 
[GCC 9.4.0]",py38_baseline,profiler_py38_fix1,QHY600-3_Lum,6.8,5.784970283508301,8093.0,2026-09-01T22:23:44.390Z,3191.0,2129.0,Lum,C2025R2,,430.0,36.0,fix1,local,26.8056,0.0082,8.0,L40S (48 GB),2026-09-01 22:23:44.390000+00:00
hp3,L40S,"3.8.10 (default, Nov 22 2023, 10:22:35) 
[GCC 9.4.0]",py38_baseline,profiler_py38_fix1,QHY600-3_Lum,6.8,5.783080816268921,8093.0,2026-09-01T22:23:54.113Z,3191.0,2129.0,Lum,C2025R2,,430.0,36.0,fix1,local,26.8056,0.0082,8.0,L40S (48 GB),2026-09-01 22:23:54.113000+00:00
hp3,L40S,"3.8.10 (default, Nov 22 2023, 10:22:35) 
[GCC 9.4.0]",py38_baseline,profiler_py38_fix1,QHY600-3_Lum,6.8,5.775113344192505,8093.0,2026-09-01T22:24:03.540Z,3191.0,2129.0,Lum,C2025R2,,430.0,36.0,fix1,local,26.8056,0.0082,8.0,L40S (48 GB),2026-09-01 22:24:03.540000+00:00
hp3,L40S,"3.8.10 (default, Nov 22 2023, 10:22:35) 
[GCC 9.4.0]",py38_baseline,profiler_py38_fix1,QHY600-3_Lum,6.8,5.720917224884033,8093.0,2026-09-01T22:24:23.327Z,3191.0,2129.0,Lum,C2025R2,,430.0,36.0,fix1,local,26.8056,0.0082,8.0,L40S (48 GB),2026-09-01 22:24:23.327000+00:00
hp3,L40S,"3.12.3 (main, Mar  3 2026, 12:15:18) [GCC 13.3.0]",py312_cuml_adaptive,profiler_cuml_adaptive_fix1,QHY600-3_Lum,6.8,6.394155263900757,8093.0,2026-09-01T22:25:11.765Z,3191.0,2129.0,Lum,C2025R2,,430.0,35.0,fix1,local,26.8056,0.0082,8.0,L40S (48 GB),2026-09-01 22:25:11.765000+00:00
hp3,L40S,"3.12.3 (main, Mar  3 2026, 12:15:18) [GCC 13.3.0]",py312_cuml_adaptive,profiler_cuml_adaptive_fix1,QHY600-3_Lum,6.8,7.284829616546631,8093.0,2026-09-01T22:25:28.558Z,3191.0,2129.0,Lum,C2025R2,,430.0,35.0,fix1,local,26.8056,0.0082,8.0,L40S (48 GB),2026-09-01 22:25:28.558000+00:00
hp3,L40S,"3.12.3 (main, Mar  3 2026, 12:15:18) [GCC 13.3.0]",py312_cuml_adaptive,profiler_cuml_adaptive_fix1,QHY600-3_Lum,6.8,7.096326589584351,8093.0,2026-09-01T22:25:41.709Z,3191.0,2129.0,Lum,C2025R2,,430.0,35.0,fix1,local,26.8056,0.0082,8.0,L40S (48 GB),2026-09-01 22:25:41.709000+00:00
hp3,L40S,"3.12.3 (main, Mar  3 2026, 12:15:18) [GCC 13.3.0]",py312_cuml_adaptive,profiler_cuml_adaptive_fix1,QHY600-3_Lum,6.8,6.135085821151733,8093.0,2026-09-01T22:25:57.711Z,3191.0,2129.0,Lum,C2025R2,,430.0,35.0,fix1,local,26.8056,0.0082,8.0,L40S (48 GB),2026-09-01 22:25:57.711000+00:00
hp3,L40S,"3.12.3 (main, Mar  3 2026, 12:15:18) [GCC 13.3.0]",py312_cuml_adaptive,profiler_cuml_adaptive_fix1,QHY600-3_Lum,6.8,6.540040493011475,8093.0,2026-09-01T22:26:13.568Z,3191.0,2129.0,Lum,C2025R2,,430.0,35.0,fix1,local,26.8056,0.0082,8.0,L40S (48 GB),2026-09-01 22:26:13.568000+00:00
hp3,L40S,"3.12.3 (main, Mar  3 2026, 12:15:18) [GCC 13.3.0]",py312_cuml_adaptive,profiler_cuml_adaptive_fix1,QHY600-3_Lum,6.8,6.727139711380005,8093.0,2026-09-01T22:26:27.376Z,3191.0,2129.0,Lum,C2025R2,,430.0,35.0,fix1,local,26.8056,0.0082,8.0,L40S (48 GB),2026-09-01 22:26:27.376000+00:00
hp3,L40S,"3.12.3 (main, Mar  3 2026, 12:15:18) [GCC 13.3.0]",py312_cuml_adaptive,profiler_cuml_adaptive_fix1,QHY600-3_Lum,6.8,6.850933313369751,8093.0,2026-09-01T22:26:41.520Z,3191.0,2129.0,Lum,C2025R2,,430.0,35.0,fix1,local,26.8056,0.0082,8.0,L40S (48 GB),2026-09-01 22:26:41.520000+00:00
hp3,L40S,"3.12.3 (main, Mar  3 2026, 12:15:18) [GCC 13.3.0]",py312_cuml_adaptive,profiler_cuml_adaptive_fix1,QHY600-3_Lum,6.8,6.512048006057739,8093.0,2026-09-01T22:26:57.412Z,3191.0,2129.0,Lum,C2025R2,,430.0,35.0,fix1,local,26.8056,0.0082,8.0,L40S (48 GB),2026-09-01 22:26:57.412000+00:00
hp3,L40S,"3.12.3 (main, Mar  3 2026, 12:15:18) [GCC 13.3.0]",py312_cuml_adaptive,profiler_cuml_adaptive_fix1,QHY600-3_Lum,6.8,6.680379152297974,8093.0,2026-09-01T22:27:12.769Z,3191.0,2129.0,Lum,C2025R2,,430.0,35.0,fix1,local,26.8056,0.0082,8.0,L40S (48 GB),2026-09-01 22:27:12.769000+00:00
hp3,L40S,"3.12.3 (main, Mar  3 2026, 12:15:18) [GCC 13.3.0]",py312_cuml_adaptive,profiler_cuml_adaptive_fix1,QHY600-3_Lum,6.8,6.665917634963989,8093.0,2026-09-01T22:27:29.162Z,3191.0,2129.0,Lum,C2025R2,,430.0,34.0,fix1,local,26.8056,0.0082,8.0,L40S (48 GB),2026-09-01 22:27:29.162000+00:00
hp3,L40S,"3.8.10 (default, Nov 22 2023, 10:22:35) 
[GCC 9.4.0]",py38_baseline,profiler_py38_fix1,QHY600-3_SDSSi_2k,6.8,5.730363130569458,3515.0,2026-09-02T00:00:56.651Z,3191.0,2129.0,SDSSi,Atira,,430.0,40.0,fix1,local,22.0127,0.0015,177.0,L40S (48 GB),2026-09-02 00:00:56.651000+00:00
hp3,L40S,"3.8.10 (default, Nov 22 2023, 10:22:35) 
[GCC 9.4.0]",py38_baseline,profiler_py38_fix1,QHY600-3_SDSSi_2k,6.8,5.608917236328125,3515.0,2026-09-02T00:01:06.904Z,3191.0,2129.0,SDSSi,Atira,,430.0,39.0,fix1,local,22.0127,0.0015,177.0,L40S (48 GB),2026-09-02 00:01:06.904000+00:00
hp3,L40S,"3.8.10 (default, Nov 22 2023, 10:22:35) 
[GCC 9.4.0]",py38_baseline,profiler_py38_fix1,QHY600-3_SDSSi_2k,6.8,5.713557243347168,3515.0,2026-09-02T00:01:16.295Z,3191.0,2129.0,SDSSi,Atira,,430.0,39.0,fix1,local,22.0127,0.0015,177.0,L40S (48 GB),2026-09-02 00:01:16.295000+00:00
hp3,L40S,"3.8.10 (default, Nov 22 2023, 10:22:35) 
[GCC 9.4.0]",py38_baseline,profiler_py38_fix1,QHY600-3_SDSSi_2k,6.8,6.2407143115997314,3515.0,2026-09-02T00:01:26.197Z,3191.0,2129.0,SDSSi,Atira,,430.0,39.0,fix1,local,22.0127,0.0015,177.0,L40S (48 GB),2026-09-02 00:01:26.197000+00:00
hp3,L40S,"3.8.10 (default, Nov 22 2023, 10:22:35) 
[GCC 9.4.0]",py38_baseline,profiler_py38_fix1,QHY600-3_SDSSi_2k,6.8,5.925663948059082,3515.0,2026-09-02T00:01:35.830Z,3191.0,2129.0,SDSSi,Atira,,430.0,39.0,fix1,local,22.0127,0.0015,177.0,L40S (48 GB),2026-09-02 00:01:35.830000+00:00
hp3,L40S,"3.8.10 (default, Nov 22 2023, 10:22:35) 
[GCC 9.4.0]",py38_baseline,profiler_py38_fix1,QHY600-3_SDSSi_2k,6.8,5.942418336868286,3515.0,2026-09-02T00:01:45.562Z,3191.0,2129.0,SDSSi,Atira,,430.0,39.0,fix1,local,22.0127,0.0015,177.0,L40S (48 GB),2026-09-02 00:01:45.562000+00:00
hp3,L40S,"3.8.10 (default, Nov 22 2023, 10:22:35) 
[GCC 9.4.0]",py38_baseline,profiler_py38_fix1,QHY600-3_SDSSi_2k,6.8,6.533979892730713,3515.0,2026-09-02T00:01:55.812Z,3191.0,2129.0,SDSSi,Atira,,430.0,39.0,fix1,local,22.0127,0.0015,177.0,L40S (48 GB),2026-09-02 00:01:55.812000+00:00
hp3,L40S,"3.8.10 (default, Nov 22 2023, 10:22:35) 
[GCC 9.4.0]",py38_baseline,profiler_py38_fix1,QHY600-3_SDSSi_2k,6.8,6.153259754180908,3515.0,2026-09-02T00:02:06.567Z,3191.0,2129.0,SDSSi,Atira,,430.0,38.0,fix1,local,22.0127,0.0015,177.0,L40S (48 GB),2026-09-02 00:02:06.567000+00:00
hp3,L40S,"3.8.10 (default, Nov 22 2023, 10:22:35) 
[GCC 9.4.0]",py38_baseline,profiler_py38_fix1,QHY600-3_SDSSi_2k,6.8,6.2948198318481445,3515.0,2026-09-02T00:02:16.647Z,3191.0,2129.0,SDSSi,Atira,,430.0,38.0,fix1,local,22.0127,0.0015,177.0,L40S (48 GB),2026-09-02 00:02:16.647000+00:00
hp3,L40S,"3.8.10 (default, Nov 22 2023, 10:22:35) 
[GCC 9.4.0]",py38_baseline,profiler_py38_fix1,QHY600-3_SDSSi_2k,6.8,6.443476915359497,3515.0,2026-09-02T00:02:27.002Z,3191.0,2129.0,SDSSi,Atira,,430.0,38.0,fix1,local,22.0127,0.0015,177.0,L40S (48 GB),2026-09-02 00:02:27.002000+00:00
hp3,L40S,"3.12.3 (main, Mar  3 2026, 12:15:18) [GCC 13.3.0]",py312_cuml_adaptive,profiler_cuml_adaptive_fix1,QHY600-3_SDSSi_2k,6.8,6.861490726470947,3515.0,2026-09-02T00:03:16.250Z,3191.0,2129.0,SDSSi,Atira,,430.0,36.0,fix1,local,22.0127,0.0015,177.0,L40S (48 GB),2026-09-02 00:03:16.250000+00:00
hp3,L40S,"3.12.3 (main, Mar  3 2026, 12:15:18) [GCC 13.3.0]",py312_cuml_adaptive,profiler_cuml_adaptive_fix1,QHY600-3_SDSSi_2k,6.8,6.8446738719940186,3515.0,2026-09-02T00:03:29.401Z,3191.0,2129.0,SDSSi,Atira,,430.0,36.0,fix1,local,22.0127,0.0015,177.0,L40S (48 GB),2026-09-02 00:03:29.401000+00:00
hp3,L40S,"3.12.3 (main, Mar  3 2026, 12:15:18) [GCC 13.3.0]",py312_cuml_adaptive,profiler_cuml_adaptive_fix1,QHY600-3_SDSSi_2k,6.8,7.508218765258789,3515.0,2026-09-02T00:03:42.606Z,3191.0,2129.0,SDSSi,Atira,,430.0,36.0,fix1,local,22.0127,0.0015,177.0,L40S (48 GB),2026-09-02 00:03:42.606000+00:00
hp3,L40S,"3.12.3 (main, Mar  3 2026, 12:15:18) [GCC 13.3.0]",py312_cuml_adaptive,profiler_cuml_adaptive_fix1,QHY600-3_SDSSi_2k,6.8,6.8428380489349365,3515.0,2026-09-02T00:03:59.172Z,3191.0,2129.0,SDSSi,Atira,,430.0,35.0,fix1,local,22.0127,0.0015,177.0,L40S (48 GB),2026-09-02 00:03:59.172000+00:00
hp3,L40S,"3.12.3 (main, Mar  3 2026, 12:15:18) [GCC 13.3.0]",py312_cuml_adaptive,profiler_cuml_adaptive_fix1,QHY600-3_SDSSi_2k,6.8,7.8948073387146,3515.0,2026-09-02T00:04:16.843Z,3191.0,2129.0,SDSSi,Atira,,430.0,35.0,fix1,local,22.0127,0.0015,177.0,L40S (48 GB),2026-09-02 00:04:16.843000+00:00
hp3,L40S,"3.12.3 (main, Mar  3 2026, 12:15:18) [GCC 13.3.0]",py312_cuml_adaptive,profiler_cuml_adaptive_fix1,QHY600-3_SDSSi_2k,6.8,7.02221941947937,3515.0,2026-09-02T00:04:31.508Z,3191.0,2129.0,SDSSi,Atira,,430.0,35.0,fix1,local,22.0127,0.0015,177.0,L40S (48 GB),2026-09-02 00:04:31.508000+00:00
hp3,L40S,"3.12.3 (main, Mar  3 2026, 12:15:18) [GCC 13.3.0]",py312_cuml_adaptive,profiler_cuml_adaptive_fix1,QHY600-3_SDSSi_2k,6.8,7.513487100601196,3515.0,2026-09-02T00:04:46.456Z,3191.0,2129.0,SDSSi,Atira,,430.0,35.0,fix1,local,22.0127,0.0015,177.0,L40S (48 GB),2026-09-02 00:04:46.456000+00:00
hp3,L40S,"3.12.3 (main, Mar  3 2026, 12:15:18) [GCC 13.3.0]",py312_cuml_adaptive,profiler_cuml_adaptive_fix1,QHY600-3_SDSSi_2k,6.8,7.18767523765564,3515.0,2026-09-02T00:05:03.100Z,3191.0,2129.0,SDSSi,Atira,,430.0,34.0,fix1,local,22.0127,0.0015,177.0,L40S (48 GB),2026-09-02 00:05:03.100000+00:00
hp3,L40S,"3.12.3 (main, Mar  3 2026, 12:15:18) [GCC 13.3.0]",py312_cuml_adaptive,profiler_cuml_adaptive_fix1,QHY600-3_SDSSi_2k,6.8,6.974013566970825,3515.0,2026-09-02T00:05:19.676Z,3191.0,2129.0,SDSSi,Atira,,430.0,34.0,fix1,local,22.0127,0.0015,177.0,L40S (48 GB),2026-09-02 00:05:19.676000+00:00
hp3,L40S,"3.12.3 (main, Mar  3 2026, 12:15:18) [GCC 13.3.0]",py312_cuml_adaptive,profiler_cuml_adaptive_fix1,QHY600-3_SDSSi_2k,6.8,7.314140319824219,3515.0,2026-09-02T00:05:34.775Z,3191.0,2129.0,SDSSi,Atira,,430.0,34.0,fix1,local,22.0127,0.0015,177.0,L40S (48 GB),2026-09-02 00:05:34.775000+00:00
hp3,L40S,"3.8.10 (default, Nov 22 2023, 10:22:35) 
[GCC 9.4.0]",py38_baseline,profiler_py38_fix1,QHY600-4_Ha,15.3,7.254090309143066,601.0,2026-09-01T22:34:55.393Z,4787.0,3193.0,Ha,NGC2903,,430.0,38.0,fix1,local,19.4353,0.0724,9.0,L40S (48 GB),2026-09-01 22:34:55.393000+00:00
hp3,L40S,"3.8.10 (default, Nov 22 2023, 10:22:35) 
[GCC 9.4.0]",py38_baseline,profiler_py38_fix1,QHY600-4_Ha,15.3,7.492514848709106,601.0,2026-09-01T22:35:06.458Z,4787.0,3193.0,Ha,NGC2903,,430.0,38.0,fix1,local,19.4353,0.0724,9.0,L40S (48 GB),2026-09-01 22:35:06.458000+00:00
hp3,L40S,"3.8.10 (default, Nov 22 2023, 10:22:35) 
[GCC 9.4.0]",py38_baseline,profiler_py38_fix1,QHY600-4_Ha,15.3,8.020958185195923,601.0,2026-09-01T22:35:19.302Z,4787.0,3193.0,Ha,NGC2903,,430.0,38.0,fix1,local,19.4353,0.0724,9.0,L40S (48 GB),2026-09-01 22:35:19.302000+00:00
hp3,L40S,"3.8.10 (default, Nov 22 2023, 10:22:35) 
[GCC 9.4.0]",py38_baseline,profiler_py38_fix1,QHY600-4_Ha,15.3,8.00037670135498,601.0,2026-09-01T22:35:30.929Z,4787.0,3193.0,Ha,NGC2903,,430.0,38.0,fix1,local,19.4353,0.0724,9.0,L40S (48 GB),2026-09-01 22:35:30.929000+00:00
hp3,L40S,"3.8.10 (default, Nov 22 2023, 10:22:35) 
[GCC 9.4.0]",py38_baseline,profiler_py38_fix1,QHY600-4_Ha,15.3,8.124484062194824,601.0,2026-09-01T22:35:42.734Z,4787.0,3193.0,Ha,NGC2903,,430.0,38.0,fix1,local,19.4353,0.0724,9.0,L40S (48 GB),2026-09-01 22:35:42.734000+00:00
hp3,L40S,"3.8.10 (default, Nov 22 2023, 10:22:35) 
[GCC 9.4.0]",py38_baseline,profiler_py38_fix1,QHY600-4_Ha,15.3,7.911586761474609,601.0,2026-09-01T22:35:54.249Z,4787.0,3193.0,Ha,NGC2903,,430.0,38.0,fix1,local,19.4353,0.0724,9.0,L40S (48 GB),2026-09-01 22:35:54.249000+00:00
hp3,L40S,"3.8.10 (default, Nov 22 2023, 10:22:35) 
[GCC 9.4.0]",py38_baseline,profiler_py38_fix1,QHY600-4_Ha,15.3,8.454951763153076,601.0,2026-09-01T22:36:06.437Z,4787.0,3193.0,Ha,NGC2903,,430.0,38.0,fix1,local,19.4353,0.0724,9.0,L40S (48 GB),2026-09-01 22:36:06.437000+00:00
hp3,L40S,"3.8.10 (default, Nov 22 2023, 10:22:35) 
[GCC 9.4.0]",py38_baseline,profiler_py38_fix1,QHY600-4_Ha,15.3,8.097083568572998,601.0,2026-09-01T22:36:18.223Z,4787.0,3193.0,Ha,NGC2903,,430.0,38.0,fix1,local,19.4353,0.0724,9.0,L40S (48 GB),2026-09-01 22:36:18.223000+00:00
hp3,L40S,"3.8.10 (default, Nov 22 2023, 10:22:35) 
[GCC 9.4.0]",py38_baseline,profiler_py38_fix1,QHY600-4_Ha,15.3,8.620310544967651,601.0,2026-09-01T22:36:31.706Z,4787.0,3193.0,Ha,NGC2903,,430.0,37.0,fix1,local,19.4353,0.0724,9.0,L40S (48 GB),2026-09-01 22:36:31.706000+00:00
hp3,L40S,"3.8.10 (default, Nov 22 2023, 10:22:35) 
[GCC 9.4.0]",py38_baseline,profiler_py38_fix1,QHY600-4_Ha,15.3,8.368064403533936,601.0,2026-09-01T22:36:43.753Z,4787.0,3193.0,Ha,NGC2903,,430.0,38.0,fix1,local,19.4353,0.0724,9.0,L40S (48 GB),2026-09-01 22:36:43.753000+00:00
hp3,L40S,"3.12.3 (main, Mar  3 2026, 12:15:18) [GCC 13.3.0]",py312_cuml_adaptive,profiler_cuml_adaptive_fix1,QHY600-4_Ha,15.3,12.333146333694458,601.0,2026-09-01T22:37:52.012Z,4787.0,3193.0,Ha,NGC2903,,430.0,35.0,fix1,local,19.4353,0.0724,9.0,L40S (48 GB),2026-09-01 22:37:52.012000+00:00
hp3,L40S,"3.12.3 (main, Mar  3 2026, 12:15:18) [GCC 13.3.0]",py312_cuml_adaptive,profiler_cuml_adaptive_fix1,QHY600-4_Ha,15.3,12.419451236724854,601.0,2026-09-01T22:38:13.314Z,4787.0,3193.0,Ha,NGC2903,,430.0,36.0,fix1,local,19.4353,0.0724,9.0,L40S (48 GB),2026-09-01 22:38:13.314000+00:00
hp3,L40S,"3.12.3 (main, Mar  3 2026, 12:15:18) [GCC 13.3.0]",py312_cuml_adaptive,profiler_cuml_adaptive_fix1,QHY600-4_Ha,15.3,12.051974058151243,601.0,2026-09-01T22:38:35.021Z,4787.0,3193.0,Ha,NGC2903,,430.0,36.0,fix1,local,19.4353,0.0724,9.0,L40S (48 GB),2026-09-01 22:38:35.021000+00:00
hp3,L40S,"3.12.3 (main, Mar  3 2026, 12:15:18) [GCC 13.3.0]",py312_cuml_adaptive,profiler_cuml_adaptive_fix1,QHY600-4_Ha,15.3,12.668526649475098,601.0,2026-09-01T22:38:57.199Z,4787.0,3193.0,Ha,NGC2903,,430.0,36.0,fix1,local,19.4353,0.0724,9.0,L40S (48 GB),2026-09-01 22:38:57.199000+00:00
hp3,L40S,"3.12.3 (main, Mar  3 2026, 12:15:18) [GCC 13.3.0]",py312_cuml_adaptive,profiler_cuml_adaptive_fix1,QHY600-4_Ha,15.3,12.49173140525818,601.0,2026-09-01T22:39:18.357Z,4787.0,3193.0,Ha,NGC2903,,430.0,36.0,fix1,local,19.4353,0.0724,9.0,L40S (48 GB),2026-09-01 22:39:18.357000+00:00
hp3,L40S,"3.12.3 (main, Mar  3 2026, 12:15:18) [GCC 13.3.0]",py312_cuml_adaptive,profiler_cuml_adaptive_fix1,QHY600-4_Ha,15.3,11.310044765472412,601.0,2026-09-01T22:39:36.959Z,4787.0,3193.0,Ha,NGC2903,,430.0,36.0,fix1,local,19.4353,0.0724,9.0,L40S (48 GB),2026-09-01 22:39:36.959000+00:00
hp3,L40S,"3.12.3 (main, Mar  3 2026, 12:15:18) [GCC 13.3.0]",py312_cuml_adaptive,profiler_cuml_adaptive_fix1,QHY600-4_Ha,15.3,12.526508569717407,601.0,2026-09-01T22:40:00.536Z,4787.0,3193.0,Ha,NGC2903,,430.0,36.0,fix1,local,19.4353,0.0724,9.0,L40S (48 GB),2026-09-01 22:40:00.536000+00:00
hp3,L40S,"3.12.3 (main, Mar  3 2026, 12:15:18) [GCC 13.3.0]",py312_cuml_adaptive,profiler_cuml_adaptive_fix1,QHY600-4_Ha,15.3,11.94054388999939,601.0,2026-09-01T22:40:22.170Z,4787.0,3193.0,Ha,NGC2903,,430.0,35.0,fix1,local,19.4353,0.0724,9.0,L40S (48 GB),2026-09-01 22:40:22.170000+00:00
hp3,L40S,"3.12.3 (main, Mar  3 2026, 12:15:18) [GCC 13.3.0]",py312_cuml_adaptive,profiler_cuml_adaptive_fix1,QHY600-4_Ha,15.3,12.262994766235352,601.0,2026-09-01T22:40:44.002Z,4787.0,3193.0,Ha,NGC2903,,430.0,36.0,fix1,local,19.4353,0.0724,9.0,L40S (48 GB),2026-09-01 22:40:44.002000+00:00
hp3,L40S,"3.12.3 (main, Mar  3 2026, 12:15:18) [GCC 13.3.0]",py312_cuml_adaptive,profiler_cuml_adaptive_fix1,QHY600-4_Ha,15.3,9.816303253173828,601.0,2026-09-01T22:41:03.259Z,4787.0,3193.0,Ha,NGC2903,,430.0,36.0,fix1,local,19.4353,0.0724,9.0,L40S (48 GB),2026-09-01 22:41:03.259000+00:00
hp3,L40S,"3.8.10 (default, Nov 22 2023, 10:22:35) 
[GCC 9.4.0]",py38_baseline,profiler_py38_fix1,QHY600-4_Lum_2k,15.3,11.866455078125,2938.0,2026-09-02T00:11:35.685Z,4787.0,3193.0,Lum,1620,,430.0,37.0,fix1,local,23.5044,0.0014,176.0,L40S (48 GB),2026-09-02 00:11:35.685000+00:00
hp3,L40S,"3.8.10 (default, Nov 22 2023, 10:22:35) 
[GCC 9.4.0]",py38_baseline,profiler_py38_fix1,QHY600-4_Lum_2k,15.3,11.53632354736328,2938.0,2026-09-02T00:11:50.940Z,4787.0,3193.0,Lum,1620,,430.0,37.0,fix1,local,23.5044,0.0014,176.0,L40S (48 GB),2026-09-02 00:11:50.940000+00:00
hp3,L40S,"3.8.10 (default, Nov 22 2023, 10:22:35) 
[GCC 9.4.0]",py38_baseline,profiler_py38_fix1,QHY600-4_Lum_2k,15.3,11.985111474990845,2938.0,2026-09-02T00:12:22.755Z,4787.0,3193.0,Lum,1620,,430.0,37.0,fix1,local,23.5044,0.0014,176.0,L40S (48 GB),2026-09-02 00:12:22.755000+00:00
hp3,L40S,"3.8.10 (default, Nov 22 2023, 10:22:35) 
[GCC 9.4.0]",py38_baseline,profiler_py38_fix1,QHY600-4_Lum_2k,15.3,11.826425075531006,2938.0,2026-09-02T00:12:38.275Z,4787.0,3193.0,Lum,1620,,430.0,37.0,fix1,local,23.5044,0.0014,176.0,L40S (48 GB),2026-09-02 00:12:38.275000+00:00
hp3,L40S,"3.8.10 (default, Nov 22 2023, 10:22:35) 
[GCC 9.4.0]",py38_baseline,profiler_py38_fix1,QHY600-4_Lum_2k,15.3,11.66826629638672,2938.0,2026-09-02T00:12:53.645Z,4787.0,3193.0,Lum,1620,,430.0,38.0,fix1,local,23.5044,0.0014,176.0,L40S (48 GB),2026-09-02 00:12:53.645000+00:00
hp3,L40S,"3.8.10 (default, Nov 22 2023, 10:22:35) 
[GCC 9.4.0]",py38_baseline,profiler_py38_fix1,QHY600-4_Lum_2k,15.3,11.963112354278564,2938.0,2026-09-02T00:13:10.152Z,4787.0,3193.0,Lum,1620,,430.0,38.0,fix1,local,23.5044,0.0014,176.0,L40S (48 GB),2026-09-02 00:13:10.152000+00:00
hp3,L40S,"3.8.10 (default, Nov 22 2023, 10:22:35) 
[GCC 9.4.0]",py38_baseline,profiler_py38_fix1,QHY600-4_Lum_2k,15.3,11.843316078186035,2938.0,2026-09-02T00:13:25.616Z,4787.0,3193.0,Lum,1620,,430.0,38.0,fix1,local,23.5044,0.0014,176.0,L40S (48 GB),2026-09-02 00:13:25.616000+00:00
hp3,L40S,"3.8.10 (default, Nov 22 2023, 10:22:35) 
[GCC 9.4.0]",py38_baseline,profiler_py38_fix1,QHY600-4_Lum_2k,15.3,12.19191837310791,2938.0,2026-09-02T00:13:41.473Z,4787.0,3193.0,Lum,1620,,430.0,38.0,fix1,local,23.5044,0.0014,176.0,L40S (48 GB),2026-09-02 00:13:41.473000+00:00
hp3,L40S,"3.8.10 (default, Nov 22 2023, 10:22:35) 
[GCC 9.4.0]",py38_baseline,profiler_py38_fix1,QHY600-4_Lum_2k,15.3,11.707702159881592,2938.0,2026-09-02T00:13:56.821Z,4787.0,3193.0,Lum,1620,,430.0,38.0,fix1,local,23.5044,0.0014,176.0,L40S (48 GB),2026-09-02 00:13:56.821000+00:00
hp3,L40S,"3.12.3 (main, Mar  3 2026, 12:15:18) [GCC 13.3.0]",py312_cuml_adaptive,profiler_cuml_adaptive_fix1,QHY600-4_Lum_2k,15.3,15.73209023475647,2938.0,2026-09-02T00:06:56.851Z,4787.0,3193.0,Lum,1620,,430.0,34.0,fix1,local,23.5036,0.0014,177.0,L40S (48 GB),2026-09-02 00:06:56.851000+00:00
hp3,L40S,"3.12.3 (main, Mar  3 2026, 12:15:18) [GCC 13.3.0]",py312_cuml_adaptive,profiler_cuml_adaptive_fix1,QHY600-4_Lum_2k,15.3,17.179935216903687,2938.0,2026-09-02T00:07:23.383Z,4787.0,3193.0,Lum,1620,,430.0,34.0,fix1,local,23.5036,0.0014,177.0,L40S (48 GB),2026-09-02 00:07:23.383000+00:00
hp3,L40S,"3.12.3 (main, Mar  3 2026, 12:15:18) [GCC 13.3.0]",py312_cuml_adaptive,profiler_cuml_adaptive_fix1,QHY600-4_Lum_2k,15.3,17.014009714126587,2938.0,2026-09-02T00:07:47.917Z,4787.0,3193.0,Lum,1620,,430.0,35.0,fix1,local,23.5036,0.0014,177.0,L40S (48 GB),2026-09-02 00:07:47.917000+00:00
hp3,L40S,"3.12.3 (main, Mar  3 2026, 12:15:18) [GCC 13.3.0]",py312_cuml_adaptive,profiler_cuml_adaptive_fix1,QHY600-4_Lum_2k,15.3,17.704672813415527,2938.0,2026-09-02T00:08:15.290Z,4787.0,3193.0,Lum,1620,,430.0,35.0,fix1,local,23.5036,0.0014,177.0,L40S (48 GB),2026-09-02 00:08:15.290000+00:00
hp3,L40S,"3.12.3 (main, Mar  3 2026, 12:15:18) [GCC 13.3.0]",py312_cuml_adaptive,profiler_cuml_adaptive_fix1,QHY600-4_Lum_2k,15.3,13.80816102027893,2938.0,2026-09-02T00:08:38.475Z,4787.0,3193.0,Lum,1620,,430.0,35.0,fix1,local,23.5036,0.0014,177.0,L40S (48 GB),2026-09-02 00:08:38.475000+00:00
hp3,L40S,"3.12.3 (main, Mar  3 2026, 12:15:18) [GCC 13.3.0]",py312_cuml_adaptive,profiler_cuml_adaptive_fix1,QHY600-4_Lum_2k,15.3,16.184935331344604,2938.0,2026-09-02T00:09:02.953Z,4787.0,3193.0,Lum,1620,,430.0,35.0,fix1,local,23.5036,0.0014,177.0,L40S (48 GB),2026-09-02 00:09:02.953000+00:00
hp3,L40S,"3.12.3 (main, Mar  3 2026, 12:15:18) [GCC 13.3.0]",py312_cuml_adaptive,profiler_cuml_adaptive_fix1,QHY600-4_Lum_2k,15.3,16.493351697921753,2938.0,2026-09-02T00:09:29.126Z,4787.0,3193.0,Lum,1620,,430.0,34.0,fix1,local,23.5036,0.0014,177.0,L40S (48 GB),2026-09-02 00:09:29.126000+00:00
hp3,L40S,"3.12.3 (main, Mar  3 2026, 12:15:18) [GCC 13.3.0]",py312_cuml_adaptive,profiler_cuml_adaptive_fix1,QHY600-4_Lum_2k,15.3,17.156861543655396,2938.0,2026-09-02T00:09:51.922Z,4787.0,3193.0,Lum,1620,,430.0,35.0,fix1,local,23.5036,0.0014,177.0,L40S (48 GB),2026-09-02 00:09:51.922000+00:00
hp3,L40S,"3.12.3 (main, Mar  3 2026, 12:15:18) [GCC 13.3.0]",py312_cuml_adaptive,profiler_cuml_adaptive_fix1,QHY600-4_Lum_2k,15.3,16.47944688796997,2938.0,2026-09-02T00:10:17.579Z,4787.0,3193.0,Lum,1620,,430.0,35.0,fix1,local,23.5036,0.0014,177.0,L40S (48 GB),2026-09-02 00:10:17.579000+00:00
hp3,L40S,"3.12.3 (main, Mar  3 2026, 12:15:18) [GCC 13.3.0]",py312_cuml_adaptive,profiler_cuml_adaptive_fix1,QHY600-4_Lum_2k,15.3,17.212955951690674,2938.0,2026-09-02T00:10:44.101Z,4787.0,3193.0,Lum,1620,,430.0,36.0,fix1,local,23.5036,0.0014,177.0,L40S (48 GB),2026-09-02 00:10:44.101000+00:00
hp3,L40S,"3.8.10 (default, Nov 22 2023, 10:22:35) 
[GCC 9.4.0]",py38_baseline,profiler_py38_fix1,QHY600-4_SDSSg,15.3,8.146410465240479,307.0,2026-09-01T22:32:32.200Z,4787.0,3193.0,SDSSg,WASP-43-b,,430.0,37.0,fix1,local,22.8741,0.003,33.0,L40S (48 GB),2026-09-01 22:32:32.200000+00:00
hp3,L40S,"3.8.10 (default, Nov 22 2023, 10:22:35) 
[GCC 9.4.0]",py38_baseline,profiler_py38_fix1,QHY600-4_SDSSg,15.3,7.739776134490967,307.0,2026-09-01T22:32:43.559Z,4787.0,3193.0,SDSSg,WASP-43-b,,430.0,37.0,fix1,local,22.8741,0.003,33.0,L40S (48 GB),2026-09-01 22:32:43.559000+00:00
hp3,L40S,"3.8.10 (default, Nov 22 2023, 10:22:35) 
[GCC 9.4.0]",py38_baseline,profiler_py38_fix1,QHY600-4_SDSSg,15.3,8.053953886032104,307.0,2026-09-01T22:32:55.279Z,4787.0,3193.0,SDSSg,WASP-43-b,,430.0,37.0,fix1,local,22.8741,0.003,33.0,L40S (48 GB),2026-09-01 22:32:55.279000+00:00
hp3,L40S,"3.8.10 (default, Nov 22 2023, 10:22:35) 
[GCC 9.4.0]",py38_baseline,profiler_py38_fix1,QHY600-4_SDSSg,15.3,7.764625072479248,307.0,2026-09-01T22:33:07.976Z,4787.0,3193.0,SDSSg,WASP-43-b,,430.0,37.0,fix1,local,22.8741,0.003,33.0,L40S (48 GB),2026-09-01 22:33:07.976000+00:00
hp3,L40S,"3.8.10 (default, Nov 22 2023, 10:22:35) 
[GCC 9.4.0]",py38_baseline,profiler_py38_fix1,QHY600-4_SDSSg,15.3,7.8491051197052,307.0,2026-09-01T22:33:31.993Z,4787.0,3193.0,SDSSg,WASP-43-b,,430.0,37.0,fix1,local,22.8741,0.003,33.0,L40S (48 GB),2026-09-01 22:33:31.993000+00:00
hp3,L40S,"3.8.10 (default, Nov 22 2023, 10:22:35) 
[GCC 9.4.0]",py38_baseline,profiler_py38_fix1,QHY600-4_SDSSg,15.3,7.997914791107178,307.0,2026-09-01T22:33:43.685Z,4787.0,3193.0,SDSSg,WASP-43-b,,430.0,37.0,fix1,local,22.8741,0.003,33.0,L40S (48 GB),2026-09-01 22:33:43.685000+00:00
hp3,L40S,"3.8.10 (default, Nov 22 2023, 10:22:35) 
[GCC 9.4.0]",py38_baseline,profiler_py38_fix1,QHY600-4_SDSSg,15.3,8.142570495605469,307.0,2026-09-01T22:33:55.548Z,4787.0,3193.0,SDSSg,WASP-43-b,,430.0,38.0,fix1,local,22.8741,0.003,33.0,L40S (48 GB),2026-09-01 22:33:55.548000+00:00
hp3,L40S,"3.8.10 (default, Nov 22 2023, 10:22:35) 
[GCC 9.4.0]",py38_baseline,profiler_py38_fix1,QHY600-4_SDSSg,15.3,7.960107326507568,307.0,2026-09-01T22:34:07.118Z,4787.0,3193.0,SDSSg,WASP-43-b,,430.0,38.0,fix1,local,22.8741,0.003,33.0,L40S (48 GB),2026-09-01 22:34:07.118000+00:00
hp3,L40S,"3.8.10 (default, Nov 22 2023, 10:22:35) 
[GCC 9.4.0]",py38_baseline,profiler_py38_fix1,QHY600-4_SDSSg,15.3,8.388064861297607,307.0,2026-09-01T22:34:19.204Z,4787.0,3193.0,SDSSg,WASP-43-b,,430.0,38.0,fix1,local,22.8741,0.003,33.0,L40S (48 GB),2026-09-01 22:34:19.204000+00:00
hp3,L40S,"3.12.3 (main, Mar  3 2026, 12:15:18) [GCC 13.3.0]",py312_cuml_adaptive,profiler_cuml_adaptive_fix1,QHY600-4_SDSSg,15.3,12.267163515090942,307.0,2026-09-01T22:28:36.702Z,4787.0,3193.0,SDSSg,WASP-43-b,,430.0,35.0,fix1,local,22.8707,0.004,38.0,L40S (48 GB),2026-09-01 22:28:36.702000+00:00
hp3,L40S,"3.12.3 (main, Mar  3 2026, 12:15:18) [GCC 13.3.0]",py312_cuml_adaptive,profiler_cuml_adaptive_fix1,QHY600-4_SDSSg,15.3,13.105065822601318,307.0,2026-09-01T22:28:59.511Z,4787.0,3193.0,SDSSg,WASP-43-b,,430.0,35.0,fix1,local,22.8707,0.004,38.0,L40S (48 GB),2026-09-01 22:28:59.511000+00:00
hp3,L40S,"3.12.3 (main, Mar  3 2026, 12:15:18) [GCC 13.3.0]",py312_cuml_adaptive,profiler_cuml_adaptive_fix1,QHY600-4_SDSSg,15.3,13.010865926742554,307.0,2026-09-01T22:29:21.065Z,4787.0,3193.0,SDSSg,WASP-43-b,,430.0,35.0,fix1,local,22.8707,0.004,38.0,L40S (48 GB),2026-09-01 22:29:21.065000+00:00
hp3,L40S,"3.12.3 (main, Mar  3 2026, 12:15:18) [GCC 13.3.0]",py312_cuml_adaptive,profiler_cuml_adaptive_fix1,QHY600-4_SDSSg,15.3,10.726426362991331,307.0,2026-09-01T22:29:41.237Z,4787.0,3193.0,SDSSg,WASP-43-b,,430.0,35.0,fix1,local,22.8707,0.004,38.0,L40S (48 GB),2026-09-01 22:29:41.237000+00:00
hp3,L40S,"3.12.3 (main, Mar  3 2026, 12:15:18) [GCC 13.3.0]",py312_cuml_adaptive,profiler_cuml_adaptive_fix1,QHY600-4_SDSSg,15.3,13.468276739120483,307.0,2026-09-01T22:30:03.993Z,4787.0,3193.0,SDSSg,WASP-43-b,,430.0,35.0,fix1,local,22.8707,0.004,38.0,L40S (48 GB),2026-09-01 22:30:03.993000+00:00
hp3,L40S,"3.12.3 (main, Mar  3 2026, 12:15:18) [GCC 13.3.0]",py312_cuml_adaptive,profiler_cuml_adaptive_fix1,QHY600-4_SDSSg,15.3,11.955624103546144,307.0,2026-09-01T22:30:25.569Z,4787.0,3193.0,SDSSg,WASP-43-b,,430.0,35.0,fix1,local,22.8707,0.004,38.0,L40S (48 GB),2026-09-01 22:30:25.569000+00:00
hp3,L40S,"3.12.3 (main, Mar  3 2026, 12:15:18) [GCC 13.3.0]",py312_cuml_adaptive,profiler_cuml_adaptive_fix1,QHY600-4_SDSSg,15.3,12.060870170593262,307.0,2026-09-01T22:30:46.757Z,4787.0,3193.0,SDSSg,WASP-43-b,,430.0,36.0,fix1,local,22.8707,0.004,38.0,L40S (48 GB),2026-09-01 22:30:46.757000+00:00
hp3,L40S,"3.12.3 (main, Mar  3 2026, 12:15:18) [GCC 13.3.0]",py312_cuml_adaptive,profiler_cuml_adaptive_fix1,QHY600-4_SDSSg,15.3,12.709617614746094,307.0,2026-09-01T22:31:08.594Z,4787.0,3193.0,SDSSg,WASP-43-b,,430.0,36.0,fix1,local,22.8707,0.004,38.0,L40S (48 GB),2026-09-01 22:31:08.594000+00:00
hp3,L40S,"3.12.3 (main, Mar  3 2026, 12:15:18) [GCC 13.3.0]",py312_cuml_adaptive,profiler_cuml_adaptive_fix1,QHY600-4_SDSSg,15.3,12.79431939125061,307.0,2026-09-01T22:31:30.877Z,4787.0,3193.0,SDSSg,WASP-43-b,,430.0,35.0,fix1,local,22.8707,0.004,38.0,L40S (48 GB),2026-09-01 22:31:30.877000+00:00
hp3,L40S,"3.12.3 (main, Mar  3 2026, 12:15:18) [GCC 13.3.0]",py312_cuml_adaptive,profiler_cuml_adaptive_fix1,QHY600-4_SDSSg,15.3,13.835164546966553,307.0,2026-09-01T22:31:54.131Z,4787.0,3193.0,SDSSg,WASP-43-b,,430.0,35.0,fix1,local,22.8707,0.004,38.0,L40S (48 GB),2026-09-01 22:31:54.131000+00:00
hp3,L40S,"3.8.10 (default, Nov 22 2023, 10:22:35) 
[GCC 9.4.0]",py38_baseline,profiler_py38_fix1,QHY600-4_SDSSg_4k,15.3,12.331732749938965,8294.0,2026-09-02T00:15:05.345Z,4787.0,3193.0,SDSSg,hermione,,430.0,37.0,fix1,local,22.8943,0.0018,181.0,L40S (48 GB),2026-09-02 00:15:05.345000+00:00
hp3,L40S,"3.8.10 (default, Nov 22 2023, 10:22:35) 
[GCC 9.4.0]",py38_baseline,profiler_py38_fix1,QHY600-4_SDSSg_4k,15.3,12.115241289138794,8294.0,2026-09-02T00:15:38.596Z,4787.0,3193.0,SDSSg,hermione,,430.0,38.0,fix1,local,22.8943,0.0018,181.0,L40S (48 GB),2026-09-02 00:15:38.596000+00:00
hp3,L40S,"3.8.10 (default, Nov 22 2023, 10:22:35) 
[GCC 9.4.0]",py38_baseline,profiler_py38_fix1,QHY600-4_SDSSg_4k,15.3,12.215798139572144,8294.0,2026-09-02T00:15:54.559Z,4787.0,3193.0,SDSSg,hermione,,430.0,38.0,fix1,local,22.8943,0.0018,181.0,L40S (48 GB),2026-09-02 00:15:54.559000+00:00
hp3,L40S,"3.8.10 (default, Nov 22 2023, 10:22:35) 
[GCC 9.4.0]",py38_baseline,profiler_py38_fix1,QHY600-4_SDSSg_4k,15.3,12.079851627349854,8294.0,2026-09-02T00:16:10.213Z,4787.0,3193.0,SDSSg,hermione,,430.0,38.0,fix1,local,22.8943,0.0018,181.0,L40S (48 GB),2026-09-02 00:16:10.213000+00:00
hp3,L40S,"3.8.10 (default, Nov 22 2023, 10:22:35) 
[GCC 9.4.0]",py38_baseline,profiler_py38_fix1,QHY600-4_SDSSg_4k,15.3,11.704777717590332,8294.0,2026-09-02T00:16:42.158Z,4787.0,3193.0,SDSSg,hermione,,430.0,38.0,fix1,local,22.8943,0.0018,181.0,L40S (48 GB),2026-09-02 00:16:42.158000+00:00
hp3,L40S,"3.8.10 (default, Nov 22 2023, 10:22:35) 
[GCC 9.4.0]",py38_baseline,profiler_py38_fix1,QHY600-4_SDSSg_4k,15.3,11.991449356079102,8294.0,2026-09-02T00:16:57.864Z,4787.0,3193.0,SDSSg,hermione,,430.0,38.0,fix1,local,22.8943,0.0018,181.0,L40S (48 GB),2026-09-02 00:16:57.864000+00:00
hp3,L40S,"3.8.10 (default, Nov 22 2023, 10:22:35) 
[GCC 9.4.0]",py38_baseline,profiler_py38_fix1,QHY600-4_SDSSg_4k,15.3,12.003607034683228,8294.0,2026-09-02T00:17:13.469Z,4787.0,3193.0,SDSSg,hermione,,430.0,38.0,fix1,local,22.8943,0.0018,181.0,L40S (48 GB),2026-09-02 00:17:13.469000+00:00
hp3,L40S,"3.12.3 (main, Mar  3 2026, 12:15:18) [GCC 13.3.0]",py312_cuml_adaptive,profiler_cuml_adaptive_fix1,QHY600-4_SDSSg_4k,15.3,16.53615951538086,8294.0,2026-09-02T00:18:50.953Z,4787.0,3193.0,SDSSg,hermione,,430.0,36.0,fix1,local,22.8958,0.002,182.0,L40S (48 GB),2026-09-02 00:18:50.953000+00:00
hp3,L40S,"3.12.3 (main, Mar  3 2026, 12:15:18) [GCC 13.3.0]",py312_cuml_adaptive,profiler_cuml_adaptive_fix1,QHY600-4_SDSSg_4k,15.3,16.196925163269043,8294.0,2026-09-02T00:19:16.737Z,4787.0,3193.0,SDSSg,hermione,,430.0,35.0,fix1,local,22.8958,0.002,182.0,L40S (48 GB),2026-09-02 00:19:16.737000+00:00
hp3,L40S,"3.12.3 (main, Mar  3 2026, 12:15:18) [GCC 13.3.0]",py312_cuml_adaptive,profiler_cuml_adaptive_fix1,QHY600-4_SDSSg_4k,15.3,14.152628660202026,8294.0,2026-09-02T00:19:40.394Z,4787.0,3193.0,SDSSg,hermione,,430.0,35.0,fix1,local,22.8958,0.002,182.0,L40S (48 GB),2026-09-02 00:19:40.394000+00:00
hp3,L40S,"3.12.3 (main, Mar  3 2026, 12:15:18) [GCC 13.3.0]",py312_cuml_adaptive,profiler_cuml_adaptive_fix1,QHY600-4_SDSSg_4k,15.3,16.779316902160645,8294.0,2026-09-02T00:20:31.420Z,4787.0,3193.0,SDSSg,hermione,,430.0,35.0,fix1,local,22.8958,0.002,182.0,L40S (48 GB),2026-09-02 00:20:31.420000+00:00
hp3,L40S,"3.12.3 (main, Mar  3 2026, 12:15:18) [GCC 13.3.0]",py312_cuml_adaptive,profiler_cuml_adaptive_fix1,QHY600-4_SDSSg_4k,15.3,17.0683536529541,8294.0,2026-09-02T00:21:00.069Z,4787.0,3193.0,SDSSg,hermione,,430.0,35.0,fix1,local,22.8958,0.002,182.0,L40S (48 GB),2026-09-02 00:21:00.069000+00:00
hp3,L40S,"3.12.3 (main, Mar  3 2026, 12:15:18) [GCC 13.3.0]",py312_cuml_adaptive,profiler_cuml_adaptive_fix1,QHY600-4_SDSSg_4k,15.3,16.61988115310669,8294.0,2026-09-02T00:21:26.579Z,4787.0,3193.0,SDSSg,hermione,,430.0,36.0,fix1,local,22.8958,0.002,182.0,L40S (48 GB),2026-09-02 00:21:26.579000+00:00
hp3,L40S,"3.12.3 (main, Mar  3 2026, 12:15:18) [GCC 13.3.0]",py312_cuml_adaptive,profiler_cuml_adaptive_fix1,QHY600-4_SDSSg_4k,15.3,15.552362442016602,8294.0,2026-09-02T00:21:57.653Z,4787.0,3193.0,SDSSg,hermione,,430.0,35.0,fix1,local,22.8958,0.002,182.0,L40S (48 GB),2026-09-02 00:21:57.653000+00:00
hp3,L40S,"3.12.3 (main, Mar  3 2026, 12:15:18) [GCC 13.3.0]",py312_cuml_adaptive,profiler_cuml_adaptive_fix1,QHY600-4_SDSSg_4k,15.3,16.597903728485107,8294.0,2026-09-02T00:22:23.681Z,4787.0,3193.0,SDSSg,hermione,,430.0,35.0,fix1,local,22.8958,0.002,182.0,L40S (48 GB),2026-09-02 00:22:23.681000+00:00
hp3,L40S,"3.12.3 (main, Mar  3 2026, 12:15:18) [GCC 13.3.0]",py312_cuml_adaptive,profiler_cuml_adaptive_fix1,QHY600-4_SDSSg_4k,15.3,14.723086833953856,8294.0,2026-09-02T00:22:47.430Z,4787.0,3193.0,SDSSg,hermione,,430.0,35.0,fix1,local,22.8958,0.002,182.0,L40S (48 GB),2026-09-02 00:22:47.430000+00:00
hp3,L40S,"3.8.10 (default, Nov 22 2023, 10:22:35) 
[GCC 9.4.0]",py38_baseline,profiler_py38_fix1,iKon936_Lum,4.2,6.414663791656494,228.0,2026-09-01T22:20:58.454Z,2048.0,2048.0,Lum,C2025A6,,430.0,33.0,fix1,local,26.2298,0.0239,25.0,L40S (48 GB),2026-09-01 22:20:58.454000+00:00
hp3,L40S,"3.8.10 (default, Nov 22 2023, 10:22:35) 
[GCC 9.4.0]",py38_baseline,profiler_py38_fix1,iKon936_Lum,4.2,6.258878707885742,228.0,2026-09-01T22:21:08.520Z,2048.0,2048.0,Lum,C2025A6,,430.0,33.0,fix1,local,26.2298,0.0239,25.0,L40S (48 GB),2026-09-01 22:21:08.520000+00:00
hp3,L40S,"3.8.10 (default, Nov 22 2023, 10:22:35) 
[GCC 9.4.0]",py38_baseline,profiler_py38_fix1,iKon936_Lum,4.2,5.72206711769104,228.0,2026-09-01T22:21:17.902Z,2048.0,2048.0,Lum,C2025A6,,430.0,34.0,fix1,local,26.2298,0.0239,25.0,L40S (48 GB),2026-09-01 22:21:17.902000+00:00
hp3,L40S,"3.8.10 (default, Nov 22 2023, 10:22:35) 
[GCC 9.4.0]",py38_baseline,profiler_py38_fix1,iKon936_Lum,4.2,5.790891885757446,228.0,2026-09-01T22:21:27.387Z,2048.0,2048.0,Lum,C2025A6,,430.0,34.0,fix1,local,26.2298,0.0239,25.0,L40S (48 GB),2026-09-01 22:21:27.387000+00:00
hp3,L40S,"3.8.10 (default, Nov 22 2023, 10:22:35) 
[GCC 9.4.0]",py38_baseline,profiler_py38_fix1,iKon936_Lum,4.2,6.102783918380737,228.0,2026-09-01T22:21:37.250Z,2048.0,2048.0,Lum,C2025A6,,430.0,34.0,fix1,local,26.2298,0.0239,25.0,L40S (48 GB),2026-09-01 22:21:37.250000+00:00
hp3,L40S,"3.8.10 (default, Nov 22 2023, 10:22:35) 
[GCC 9.4.0]",py38_baseline,profiler_py38_fix1,iKon936_Lum,4.2,5.402963638305664,228.0,2026-09-01T22:21:47.336Z,2048.0,2048.0,Lum,C2025A6,,430.0,34.0,fix1,local,26.2298,0.0239,25.0,L40S (48 GB),2026-09-01 22:21:47.336000+00:00
hp3,L40S,"3.8.10 (default, Nov 22 2023, 10:22:35) 
[GCC 9.4.0]",py38_baseline,profiler_py38_fix1,iKon936_Lum,4.2,5.396780014038086,228.0,2026-09-01T22:21:56.546Z,2048.0,2048.0,Lum,C2025A6,,430.0,34.0,fix1,local,26.2298,0.0239,25.0,L40S (48 GB),2026-09-01 22:21:56.546000+00:00
hp3,L40S,"3.8.10 (default, Nov 22 2023, 10:22:35) 
[GCC 9.4.0]",py38_baseline,profiler_py38_fix1,iKon936_Lum,4.2,5.520849227905273,228.0,2026-09-01T22:22:06.221Z,2048.0,2048.0,Lum,C2025A6,,430.0,34.0,fix1,local,26.2298,0.0239,25.0,L40S (48 GB),2026-09-01 22:22:06.221000+00:00
hp3,L40S,"3.8.10 (default, Nov 22 2023, 10:22:35) 
[GCC 9.4.0]",py38_baseline,profiler_py38_fix1,iKon936_Lum,4.2,6.368214845657349,228.0,2026-09-01T22:22:17.708Z,2048.0,2048.0,Lum,C2025A6,,430.0,34.0,fix1,local,26.2298,0.0239,25.0,L40S (48 GB),2026-09-01 22:22:17.708000+00:00
hp3,L40S,"3.8.10 (default, Nov 22 2023, 10:22:35) 
[GCC 9.4.0]",py38_baseline,profiler_py38_fix1,iKon936_Lum,4.2,5.241551160812378,228.0,2026-09-01T22:22:26.599Z,2048.0,2048.0,Lum,C2025A6,,430.0,34.0,fix1,local,26.2298,0.0239,25.0,L40S (48 GB),2026-09-01 22:22:26.599000+00:00
hp3,L40S,"3.12.3 (main, Mar  3 2026, 12:15:18) [GCC 13.3.0]",py312_cuml_adaptive,profiler_cuml_adaptive_fix1,iKon936_Lum,4.2,6.220897436141968,228.0,2026-09-01T22:17:30.253Z,2048.0,2048.0,Lum,C2025A6,,430.0,28.0,fix1,local,26.2298,0.0239,25.0,L40S (48 GB),2026-09-01 22:17:30.253000+00:00
hp3,L40S,"3.12.3 (main, Mar  3 2026, 12:15:18) [GCC 13.3.0]",py312_cuml_adaptive,profiler_cuml_adaptive_fix1,iKon936_Lum,4.2,6.711722135543823,228.0,2026-09-01T22:17:46.852Z,2048.0,2048.0,Lum,C2025A6,,430.0,29.0,fix1,local,26.2298,0.0239,25.0,L40S (48 GB),2026-09-01 22:17:46.852000+00:00
hp3,L40S,"3.12.3 (main, Mar  3 2026, 12:15:18) [GCC 13.3.0]",py312_cuml_adaptive,profiler_cuml_adaptive_fix1,iKon936_Lum,4.2,5.873337745666504,228.0,2026-09-01T22:18:02.724Z,2048.0,2048.0,Lum,C2025A6,,430.0,30.0,fix1,local,26.2298,0.0239,25.0,L40S (48 GB),2026-09-01 22:18:02.724000+00:00
hp3,L40S,"3.12.3 (main, Mar  3 2026, 12:15:18) [GCC 13.3.0]",py312_cuml_adaptive,profiler_cuml_adaptive_fix1,iKon936_Lum,4.2,6.302035093307495,228.0,2026-09-01T22:18:16.012Z,2048.0,2048.0,Lum,C2025A6,,430.0,30.0,fix1,local,26.2298,0.0239,25.0,L40S (48 GB),2026-09-01 22:18:16.012000+00:00
hp3,L40S,"3.12.3 (main, Mar  3 2026, 12:15:18) [GCC 13.3.0]",py312_cuml_adaptive,profiler_cuml_adaptive_fix1,iKon936_Lum,4.2,6.391957998275757,228.0,2026-09-01T22:19:00.543Z,2048.0,2048.0,Lum,C2025A6,,430.0,30.0,fix1,local,26.2298,0.0239,25.0,L40S (48 GB),2026-09-01 22:19:00.543000+00:00
hp3,L40S,"3.12.3 (main, Mar  3 2026, 12:15:18) [GCC 13.3.0]",py312_cuml_adaptive,profiler_cuml_adaptive_fix1,iKon936_Lum,4.2,5.87263560295105,228.0,2026-09-01T22:19:17.337Z,2048.0,2048.0,Lum,C2025A6,,430.0,30.0,fix1,local,26.2298,0.0239,25.0,L40S (48 GB),2026-09-01 22:19:17.337000+00:00
hp3,L40S,"3.12.3 (main, Mar  3 2026, 12:15:18) [GCC 13.3.0]",py312_cuml_adaptive,profiler_cuml_adaptive_fix1,iKon936_Lum,4.2,5.770732164382935,228.0,2026-09-01T22:19:36.535Z,2048.0,2048.0,Lum,C2025A6,,430.0,30.0,fix1,local,26.2298,0.0239,25.0,L40S (48 GB),2026-09-01 22:19:36.535000+00:00
hp3,L40S,"3.12.3 (main, Mar  3 2026, 12:15:18) [GCC 13.3.0]",py312_cuml_adaptive,profiler_cuml_adaptive_fix1,iKon936_Lum,4.2,6.177329301834106,228.0,2026-09-01T22:19:52.392Z,2048.0,2048.0,Lum,C2025A6,,430.0,31.0,fix1,local,26.2298,0.0239,25.0,L40S (48 GB),2026-09-01 22:19:52.392000+00:00
hp3,L40S,"3.12.3 (main, Mar  3 2026, 12:15:18) [GCC 13.3.0]",py312_cuml_adaptive,profiler_cuml_adaptive_fix1,iKon936_Lum,4.2,6.434006690979004,228.0,2026-09-01T22:20:08.427Z,2048.0,2048.0,Lum,C2025A6,,430.0,31.0,fix1,local,26.2298,0.0239,25.0,L40S (48 GB),2026-09-01 22:20:08.427000+00:00
lenovo_tttserver,A100-SXM4-80GB,"3.8.10 (default, Nov 22 2023, 10:22:35) 
[GCC 9.4.0]",py38_baseline,profiler_py38_fix1,QHY411-1_Lum_bin2,37.8,8.95721697807312,354.0,2026-09-01T22:42:09.974Z,7100.0,5325.0,Lum,2012QD8,,424.0,36.0,fix1,local,23.1794,0.0111,15.0,A100 (80 GB),2026-09-01 22:42:09.974000+00:00
lenovo_tttserver,A100-SXM4-80GB,"3.8.10 (default, Nov 22 2023, 10:22:35) 
[GCC 9.4.0]",py38_baseline,profiler_py38_fix1,QHY411-1_Lum_bin2,37.8,8.487574815750122,354.0,2026-09-01T22:42:24.259Z,7100.0,5325.0,Lum,2012QD8,,424.0,36.0,fix1,local,23.1794,0.0111,15.0,A100 (80 GB),2026-09-01 22:42:24.259000+00:00
lenovo_tttserver,A100-SXM4-80GB,"3.8.10 (default, Nov 22 2023, 10:22:35) 
[GCC 9.4.0]",py38_baseline,profiler_py38_fix1,QHY411-1_Lum_bin2,37.8,7.238101720809936,354.0,2026-09-01T22:42:35.312Z,7100.0,5325.0,Lum,2012QD8,,424.0,37.0,fix1,local,23.1794,0.0111,15.0,A100 (80 GB),2026-09-01 22:42:35.312000+00:00
lenovo_tttserver,A100-SXM4-80GB,"3.8.10 (default, Nov 22 2023, 10:22:35) 
[GCC 9.4.0]",py38_baseline,profiler_py38_fix1,QHY411-1_Lum_bin2,37.8,7.896800518035889,354.0,2026-09-01T22:42:47.195Z,7100.0,5325.0,Lum,2012QD8,,424.0,36.0,fix1,local,23.1794,0.0111,15.0,A100 (80 GB),2026-09-01 22:42:47.195000+00:00
lenovo_tttserver,A100-SXM4-80GB,"3.8.10 (default, Nov 22 2023, 10:22:35) 
[GCC 9.4.0]",py38_baseline,profiler_py38_fix1,QHY411-1_Lum_bin2,37.8,7.759805202484131,354.0,2026-09-01T22:42:58.837Z,7100.0,5325.0,Lum,2012QD8,,424.0,36.0,fix1,local,23.1794,0.0111,15.0,A100 (80 GB),2026-09-01 22:42:58.837000+00:00
lenovo_tttserver,A100-SXM4-80GB,"3.8.10 (default, Nov 22 2023, 10:22:35) 
[GCC 9.4.0]",py38_baseline,profiler_py38_fix1,QHY411-1_Lum_bin2,37.8,7.314364910125732,354.0,2026-09-01T22:43:10.085Z,7100.0,5325.0,Lum,2012QD8,,424.0,37.0,fix1,local,23.1794,0.0111,15.0,A100 (80 GB),2026-09-01 22:43:10.085000+00:00
lenovo_tttserver,A100-SXM4-80GB,"3.8.10 (default, Nov 22 2023, 10:22:35) 
[GCC 9.4.0]",py38_baseline,profiler_py38_fix1,QHY411-1_Lum_bin2,37.8,7.1215550899505615,354.0,2026-09-01T22:43:21.032Z,7100.0,5325.0,Lum,2012QD8,,424.0,37.0,fix1,local,23.1794,0.0111,15.0,A100 (80 GB),2026-09-01 22:43:21.032000+00:00
lenovo_tttserver,A100-SXM4-80GB,"3.8.10 (default, Nov 22 2023, 10:22:35) 
[GCC 9.4.0]",py38_baseline,profiler_py38_fix1,QHY411-1_Lum_bin2,37.8,8.337517738342285,354.0,2026-09-01T22:43:34.883Z,7100.0,5325.0,Lum,2012QD8,,424.0,36.0,fix1,local,23.1794,0.0111,15.0,A100 (80 GB),2026-09-01 22:43:34.883000+00:00
lenovo_tttserver,A100-SXM4-80GB,"3.8.10 (default, Nov 22 2023, 10:22:35) 
[GCC 9.4.0]",py38_baseline,profiler_py38_fix1,QHY411-1_Lum_bin2,37.8,9.415610074996948,354.0,2026-09-01T22:43:48.532Z,7100.0,5325.0,Lum,2012QD8,,424.0,36.0,fix1,local,23.1794,0.0111,15.0,A100 (80 GB),2026-09-01 22:43:48.532000+00:00
lenovo_tttserver,A100-SXM4-80GB,"3.8.10 (default, Nov 22 2023, 10:22:35) 
[GCC 9.4.0]",py38_baseline,profiler_py38_fix1,QHY411-1_Lum_bin2,37.8,7.27707028388977,354.0,2026-09-01T22:43:59.723Z,7100.0,5325.0,Lum,2012QD8,,424.0,36.0,fix1,local,23.1794,0.0111,15.0,A100 (80 GB),2026-09-01 22:43:59.723000+00:00
lenovo_tttserver,A100-SXM4-80GB,"3.12.3 (main, Mar  3 2026, 12:15:18) [GCC 13.3.0]",py312_cuml_adaptive,profiler_cuml_adaptive_fix1,QHY411-1_Lum_bin2,37.8,9.236958503723145,354.0,2026-09-01T22:39:07.704Z,7100.0,5325.0,Lum,2012QD8,,424.0,35.0,fix1,local,23.1794,0.0111,15.0,A100 (80 GB),2026-09-01 22:39:07.704000+00:00
lenovo_tttserver,A100-SXM4-80GB,"3.12.3 (main, Mar  3 2026, 12:15:18) [GCC 13.3.0]",py312_cuml_adaptive,profiler_cuml_adaptive_fix1,QHY411-1_Lum_bin2,37.8,8.338900804519653,354.0,2026-09-01T22:39:23.157Z,7100.0,5325.0,Lum,2012QD8,,424.0,35.0,fix1,local,23.1794,0.0111,15.0,A100 (80 GB),2026-09-01 22:39:23.157000+00:00
lenovo_tttserver,A100-SXM4-80GB,"3.12.3 (main, Mar  3 2026, 12:15:18) [GCC 13.3.0]",py312_cuml_adaptive,profiler_cuml_adaptive_fix1,QHY411-1_Lum_bin2,37.8,9.074377298355104,354.0,2026-09-01T22:39:39.440Z,7100.0,5325.0,Lum,2012QD8,,424.0,35.0,fix1,local,23.1794,0.0111,15.0,A100 (80 GB),2026-09-01 22:39:39.440000+00:00
lenovo_tttserver,A100-SXM4-80GB,"3.12.3 (main, Mar  3 2026, 12:15:18) [GCC 13.3.0]",py312_cuml_adaptive,profiler_cuml_adaptive_fix1,QHY411-1_Lum_bin2,37.8,8.57387900352478,354.0,2026-09-01T22:39:55.717Z,7100.0,5325.0,Lum,2012QD8,,424.0,35.0,fix1,local,23.1794,0.0111,15.0,A100 (80 GB),2026-09-01 22:39:55.717000+00:00
lenovo_tttserver,A100-SXM4-80GB,"3.12.3 (main, Mar  3 2026, 12:15:18) [GCC 13.3.0]",py312_cuml_adaptive,profiler_cuml_adaptive_fix1,QHY411-1_Lum_bin2,37.8,8.397549152374268,354.0,2026-09-01T22:40:12.375Z,7100.0,5325.0,Lum,2012QD8,,424.0,35.0,fix1,local,23.1794,0.0111,15.0,A100 (80 GB),2026-09-01 22:40:12.375000+00:00
lenovo_tttserver,A100-SXM4-80GB,"3.12.3 (main, Mar  3 2026, 12:15:18) [GCC 13.3.0]",py312_cuml_adaptive,profiler_cuml_adaptive_fix1,QHY411-1_Lum_bin2,37.8,8.146657228469849,354.0,2026-09-01T22:40:27.410Z,7100.0,5325.0,Lum,2012QD8,,424.0,35.0,fix1,local,23.1794,0.0111,15.0,A100 (80 GB),2026-09-01 22:40:27.410000+00:00
lenovo_tttserver,A100-SXM4-80GB,"3.12.3 (main, Mar  3 2026, 12:15:18) [GCC 13.3.0]",py312_cuml_adaptive,profiler_cuml_adaptive_fix1,QHY411-1_Lum_bin2,37.8,8.585108041763306,354.0,2026-09-01T22:40:42.483Z,7100.0,5325.0,Lum,2012QD8,,424.0,36.0,fix1,local,23.1794,0.0111,15.0,A100 (80 GB),2026-09-01 22:40:42.483000+00:00
lenovo_tttserver,A100-SXM4-80GB,"3.12.3 (main, Mar  3 2026, 12:15:18) [GCC 13.3.0]",py312_cuml_adaptive,profiler_cuml_adaptive_fix1,QHY411-1_Lum_bin2,37.8,9.26011347770691,354.0,2026-09-01T22:40:58.493Z,7100.0,5325.0,Lum,2012QD8,,424.0,36.0,fix1,local,23.1794,0.0111,15.0,A100 (80 GB),2026-09-01 22:40:58.493000+00:00
lenovo_tttserver,A100-SXM4-80GB,"3.12.3 (main, Mar  3 2026, 12:15:18) [GCC 13.3.0]",py312_cuml_adaptive,profiler_cuml_adaptive_fix1,QHY411-1_Lum_bin2,37.8,8.2393479347229,354.0,2026-09-01T22:41:15.878Z,7100.0,5325.0,Lum,2012QD8,,424.0,35.0,fix1,local,23.1794,0.0111,15.0,A100 (80 GB),2026-09-01 22:41:15.878000+00:00
lenovo_tttserver,A100-SXM4-80GB,"3.12.3 (main, Mar  3 2026, 12:15:18) [GCC 13.3.0]",py312_cuml_adaptive,profiler_cuml_adaptive_fix1,QHY411-1_Lum_bin2,37.8,8.381022453308105,354.0,2026-09-01T22:41:31.035Z,7100.0,5325.0,Lum,2012QD8,,424.0,36.0,fix1,local,23.1794,0.0111,15.0,A100 (80 GB),2026-09-01 22:41:31.035000+00:00
lenovo_tttserver,A100-SXM4-80GB,"3.8.10 (default, Nov 22 2023, 10:22:35) 
[GCC 9.4.0]",py38_baseline,profiler_py38_fix1,QHY411-1_Lum_full,151.2,17.749619722366333,808.0,2026-09-01T22:58:47.362Z,14200.0,10650.0,Lum,2025PR1,,424.0,42.0,fix1,local,24.5555,0.0076,57.0,A100 (80 GB),2026-09-01 22:58:47.362000+00:00
lenovo_tttserver,A100-SXM4-80GB,"3.8.10 (default, Nov 22 2023, 10:22:35) 
[GCC 9.4.0]",py38_baseline,profiler_py38_fix1,QHY411-1_Lum_full,151.2,18.005178689956665,808.0,2026-09-01T22:59:10.595Z,14200.0,10650.0,Lum,2025PR1,,424.0,41.0,fix1,local,24.5555,0.0076,57.0,A100 (80 GB),2026-09-01 22:59:10.595000+00:00
lenovo_tttserver,A100-SXM4-80GB,"3.8.10 (default, Nov 22 2023, 10:22:35) 
[GCC 9.4.0]",py38_baseline,profiler_py38_fix1,QHY411-1_Lum_full,151.2,17.96453046798706,808.0,2026-09-01T22:59:32.315Z,14200.0,10650.0,Lum,2025PR1,,424.0,41.0,fix1,local,24.5555,0.0076,57.0,A100 (80 GB),2026-09-01 22:59:32.315000+00:00
lenovo_tttserver,A100-SXM4-80GB,"3.8.10 (default, Nov 22 2023, 10:22:35) 
[GCC 9.4.0]",py38_baseline,profiler_py38_fix1,QHY411-1_Lum_full,151.2,18.35010433197021,808.0,2026-09-01T22:59:54.928Z,14200.0,10650.0,Lum,2025PR1,,424.0,41.0,fix1,local,24.5555,0.0076,57.0,A100 (80 GB),2026-09-01 22:59:54.928000+00:00
lenovo_tttserver,A100-SXM4-80GB,"3.8.10 (default, Nov 22 2023, 10:22:35) 
[GCC 9.4.0]",py38_baseline,profiler_py38_fix1,QHY411-1_Lum_full,151.2,18.33062243461609,808.0,2026-09-01T23:00:18.663Z,14200.0,10650.0,Lum,2025PR1,,424.0,40.0,fix1,local,24.5555,0.0076,57.0,A100 (80 GB),2026-09-01 23:00:18.663000+00:00
lenovo_tttserver,A100-SXM4-80GB,"3.8.10 (default, Nov 22 2023, 10:22:35) 
[GCC 9.4.0]",py38_baseline,profiler_py38_fix1,QHY411-1_Lum_full,151.2,17.648188591003418,808.0,2026-09-01T23:00:40.253Z,14200.0,10650.0,Lum,2025PR1,,424.0,41.0,fix1,local,24.5555,0.0076,57.0,A100 (80 GB),2026-09-01 23:00:40.253000+00:00
lenovo_tttserver,A100-SXM4-80GB,"3.8.10 (default, Nov 22 2023, 10:22:35) 
[GCC 9.4.0]",py38_baseline,profiler_py38_fix1,QHY411-1_Lum_full,151.2,17.71316695213318,808.0,2026-09-01T23:01:51.570Z,14200.0,10650.0,Lum,2025PR1,,424.0,40.0,fix1,local,24.5555,0.0076,57.0,A100 (80 GB),2026-09-01 23:01:51.570000+00:00
lenovo_tttserver,A100-SXM4-80GB,"3.8.10 (default, Nov 22 2023, 10:22:35) 
[GCC 9.4.0]",py38_baseline,profiler_py38_fix1,QHY411-1_Lum_full,151.2,17.290786504745483,808.0,2026-09-01T23:02:12.632Z,14200.0,10650.0,Lum,2025PR1,,424.0,40.0,fix1,local,24.5555,0.0076,57.0,A100 (80 GB),2026-09-01 23:02:12.632000+00:00
lenovo_tttserver,A100-SXM4-80GB,"3.12.3 (main, Mar  3 2026, 12:15:18) [GCC 13.3.0]",py312_cuml_adaptive,profiler_cuml_adaptive_fix1,QHY411-1_Lum_full,151.2,29.961800813674927,808.0,2026-09-01T22:51:56.587Z,14200.0,10650.0,Lum,2025PR1,,424.0,39.0,fix1,local,24.5578,0.0088,58.0,A100 (80 GB),2026-09-01 22:51:56.587000+00:00
lenovo_tttserver,A100-SXM4-80GB,"3.12.3 (main, Mar  3 2026, 12:15:18) [GCC 13.3.0]",py312_cuml_adaptive,profiler_cuml_adaptive_fix1,QHY411-1_Lum_full,151.2,29.054255485534668,808.0,2026-09-01T22:52:32.918Z,14200.0,10650.0,Lum,2025PR1,,424.0,40.0,fix1,local,24.5578,0.0088,58.0,A100 (80 GB),2026-09-01 22:52:32.918000+00:00
lenovo_tttserver,A100-SXM4-80GB,"3.12.3 (main, Mar  3 2026, 12:15:18) [GCC 13.3.0]",py312_cuml_adaptive,profiler_cuml_adaptive_fix1,QHY411-1_Lum_full,151.2,29.19678258895874,808.0,2026-09-01T22:53:52.444Z,14200.0,10650.0,Lum,2025PR1,,424.0,41.0,fix1,local,24.5578,0.0088,58.0,A100 (80 GB),2026-09-01 22:53:52.444000+00:00
lenovo_tttserver,A100-SXM4-80GB,"3.12.3 (main, Mar  3 2026, 12:15:18) [GCC 13.3.0]",py312_cuml_adaptive,profiler_cuml_adaptive_fix1,QHY411-1_Lum_full,151.2,30.01597046852112,808.0,2026-09-01T22:54:31.313Z,14200.0,10650.0,Lum,2025PR1,,424.0,41.0,fix1,local,24.5578,0.0088,58.0,A100 (80 GB),2026-09-01 22:54:31.313000+00:00
lenovo_tttserver,A100-SXM4-80GB,"3.12.3 (main, Mar  3 2026, 12:15:18) [GCC 13.3.0]",py312_cuml_adaptive,profiler_cuml_adaptive_fix1,QHY411-1_Lum_full,151.2,29.06645393371582,808.0,2026-09-01T22:55:06.806Z,14200.0,10650.0,Lum,2025PR1,,424.0,41.0,fix1,local,24.5578,0.0088,58.0,A100 (80 GB),2026-09-01 22:55:06.806000+00:00
lenovo_tttserver,A100-SXM4-80GB,"3.12.3 (main, Mar  3 2026, 12:15:18) [GCC 13.3.0]",py312_cuml_adaptive,profiler_cuml_adaptive_fix1,QHY411-1_Lum_full,151.2,29.32293820381165,808.0,2026-09-01T22:55:45.380Z,14200.0,10650.0,Lum,2025PR1,,424.0,41.0,fix1,local,24.5578,0.0088,58.0,A100 (80 GB),2026-09-01 22:55:45.380000+00:00
lenovo_tttserver,A100-SXM4-80GB,"3.12.3 (main, Mar  3 2026, 12:15:18) [GCC 13.3.0]",py312_cuml_adaptive,profiler_cuml_adaptive_fix1,QHY411-1_Lum_full,151.2,28.89840149879456,808.0,2026-09-01T22:56:20.877Z,14200.0,10650.0,Lum,2025PR1,,424.0,42.0,fix1,local,24.5578,0.0088,58.0,A100 (80 GB),2026-09-01 22:56:20.877000+00:00
lenovo_tttserver,A100-SXM4-80GB,"3.12.3 (main, Mar  3 2026, 12:15:18) [GCC 13.3.0]",py312_cuml_adaptive,profiler_cuml_adaptive_fix1,QHY411-1_Lum_full,151.2,29.284273386001587,808.0,2026-09-01T22:56:58.152Z,14200.0,10650.0,Lum,2025PR1,,424.0,42.0,fix1,local,24.5578,0.0088,58.0,A100 (80 GB),2026-09-01 22:56:58.152000+00:00
lenovo_tttserver,A100-SXM4-80GB,"3.12.3 (main, Mar  3 2026, 12:15:18) [GCC 13.3.0]",py312_cuml_adaptive,profiler_cuml_adaptive_fix1,QHY411-1_Lum_full,151.2,29.51337480545044,808.0,2026-09-01T22:57:35.320Z,14200.0,10650.0,Lum,2025PR1,,424.0,42.0,fix1,local,24.5578,0.0088,58.0,A100 (80 GB),2026-09-01 22:57:35.320000+00:00
lenovo_tttserver,A100-SXM4-80GB,"3.8.10 (default, Nov 22 2023, 10:22:35) 
[GCC 9.4.0]",py38_baseline,profiler_py38_fix1,QHY411-1_SDSSg_2k,37.8,20.066898107528687,4754.0,2026-09-01T23:57:55.397Z,7100.0,5325.0,SDSSg,Eugenia,,424.0,35.0,fix1,local,22.4733,0.0024,193.0,A100 (80 GB),2026-09-01 23:57:55.397000+00:00
lenovo_tttserver,A100-SXM4-80GB,"3.8.10 (default, Nov 22 2023, 10:22:35) 
[GCC 9.4.0]",py38_baseline,profiler_py38_fix1,QHY411-1_SDSSg_2k,37.8,18.09856963157653,4754.0,2026-09-01T23:58:17.338Z,7100.0,5325.0,SDSSg,Eugenia,,424.0,35.0,fix1,local,22.4733,0.0024,193.0,A100 (80 GB),2026-09-01 23:58:17.338000+00:00
lenovo_tttserver,A100-SXM4-80GB,"3.8.10 (default, Nov 22 2023, 10:22:35) 
[GCC 9.4.0]",py38_baseline,profiler_py38_fix1,QHY411-1_SDSSg_2k,37.8,18.481045961380005,4754.0,2026-09-01T23:58:39.649Z,7100.0,5325.0,SDSSg,Eugenia,,424.0,35.0,fix1,local,22.4733,0.0024,193.0,A100 (80 GB),2026-09-01 23:58:39.649000+00:00
lenovo_tttserver,A100-SXM4-80GB,"3.8.10 (default, Nov 22 2023, 10:22:35) 
[GCC 9.4.0]",py38_baseline,profiler_py38_fix1,QHY411-1_SDSSg_2k,37.8,18.36242175102234,4754.0,2026-09-01T23:59:33.577Z,7100.0,5325.0,SDSSg,Eugenia,,424.0,35.0,fix1,local,22.4733,0.0024,193.0,A100 (80 GB),2026-09-01 23:59:33.577000+00:00
lenovo_tttserver,A100-SXM4-80GB,"3.8.10 (default, Nov 22 2023, 10:22:35) 
[GCC 9.4.0]",py38_baseline,profiler_py38_fix1,QHY411-1_SDSSg_2k,37.8,20.11236953735352,4754.0,2026-09-01T23:59:57.456Z,7100.0,5325.0,SDSSg,Eugenia,,424.0,35.0,fix1,local,22.4733,0.0024,193.0,A100 (80 GB),2026-09-01 23:59:57.456000+00:00
lenovo_tttserver,A100-SXM4-80GB,"3.8.10 (default, Nov 22 2023, 10:22:35) 
[GCC 9.4.0]",py38_baseline,profiler_py38_fix1,QHY411-1_SDSSg_2k,37.8,19.88265371322632,4754.0,2026-09-02T00:00:53.613Z,7100.0,5325.0,SDSSg,Eugenia,,424.0,35.0,fix1,local,22.4733,0.0024,193.0,A100 (80 GB),2026-09-02 00:00:53.613000+00:00
lenovo_tttserver,A100-SXM4-80GB,"3.8.10 (default, Nov 22 2023, 10:22:35) 
[GCC 9.4.0]",py38_baseline,profiler_py38_fix1,QHY411-1_SDSSg_2k,37.8,18.91894578933716,4754.0,2026-09-02T00:01:16.549Z,7100.0,5325.0,SDSSg,Eugenia,,424.0,35.0,fix1,local,22.4733,0.0024,193.0,A100 (80 GB),2026-09-02 00:01:16.549000+00:00
lenovo_tttserver,A100-SXM4-80GB,"3.8.10 (default, Nov 22 2023, 10:22:35) 
[GCC 9.4.0]",py38_baseline,profiler_py38_fix1,QHY411-1_SDSSg_2k,37.8,19.921504974365234,4754.0,2026-09-02T00:01:41.197Z,7100.0,5325.0,SDSSg,Eugenia,,424.0,35.0,fix1,local,22.4733,0.0024,193.0,A100 (80 GB),2026-09-02 00:01:41.197000+00:00
lenovo_tttserver,A100-SXM4-80GB,"3.12.3 (main, Mar  3 2026, 12:15:18) [GCC 13.3.0]",py312_cuml_adaptive,profiler_cuml_adaptive_fix1,QHY411-1_SDSSg_2k,37.8,18.153154373168945,4754.0,2026-09-01T23:52:41.889Z,7100.0,5325.0,SDSSg,Eugenia,,424.0,34.0,fix1,local,22.4726,0.0024,193.0,A100 (80 GB),2026-09-01 23:52:41.889000+00:00
lenovo_tttserver,A100-SXM4-80GB,"3.12.3 (main, Mar  3 2026, 12:15:18) [GCC 13.3.0]",py312_cuml_adaptive,profiler_cuml_adaptive_fix1,QHY411-1_SDSSg_2k,37.8,18.119181394577023,4754.0,2026-09-01T23:53:06.671Z,7100.0,5325.0,SDSSg,Eugenia,,424.0,35.0,fix1,local,22.4726,0.0024,193.0,A100 (80 GB),2026-09-01 23:53:06.671000+00:00
lenovo_tttserver,A100-SXM4-80GB,"3.12.3 (main, Mar  3 2026, 12:15:18) [GCC 13.3.0]",py312_cuml_adaptive,profiler_cuml_adaptive_fix1,QHY411-1_SDSSg_2k,37.8,18.88177490234375,4754.0,2026-09-01T23:53:32.039Z,7100.0,5325.0,SDSSg,Eugenia,,424.0,35.0,fix1,local,22.4726,0.0024,193.0,A100 (80 GB),2026-09-01 23:53:32.039000+00:00
lenovo_tttserver,A100-SXM4-80GB,"3.12.3 (main, Mar  3 2026, 12:15:18) [GCC 13.3.0]",py312_cuml_adaptive,profiler_cuml_adaptive_fix1,QHY411-1_SDSSg_2k,37.8,19.058900356292725,4754.0,2026-09-01T23:54:00.169Z,7100.0,5325.0,SDSSg,Eugenia,,424.0,34.0,fix1,local,22.4726,0.0024,193.0,A100 (80 GB),2026-09-01 23:54:00.169000+00:00
lenovo_tttserver,A100-SXM4-80GB,"3.12.3 (main, Mar  3 2026, 12:15:18) [GCC 13.3.0]",py312_cuml_adaptive,profiler_cuml_adaptive_fix1,QHY411-1_SDSSg_2k,37.8,17.884191274642944,4754.0,2026-09-01T23:54:24.700Z,7100.0,5325.0,SDSSg,Eugenia,,424.0,35.0,fix1,local,22.4726,0.0024,193.0,A100 (80 GB),2026-09-01 23:54:24.700000+00:00
lenovo_tttserver,A100-SXM4-80GB,"3.12.3 (main, Mar  3 2026, 12:15:18) [GCC 13.3.0]",py312_cuml_adaptive,profiler_cuml_adaptive_fix1,QHY411-1_SDSSg_2k,37.8,17.930474758148193,4754.0,2026-09-01T23:55:18.142Z,7100.0,5325.0,SDSSg,Eugenia,,424.0,35.0,fix1,local,22.4726,0.0024,193.0,A100 (80 GB),2026-09-01 23:55:18.142000+00:00
lenovo_tttserver,A100-SXM4-80GB,"3.12.3 (main, Mar  3 2026, 12:15:18) [GCC 13.3.0]",py312_cuml_adaptive,profiler_cuml_adaptive_fix1,QHY411-1_SDSSg_2k,37.8,17.96731209754944,4754.0,2026-09-01T23:55:42.857Z,7100.0,5325.0,SDSSg,Eugenia,,424.0,35.0,fix1,local,22.4726,0.0024,193.0,A100 (80 GB),2026-09-01 23:55:42.857000+00:00
lenovo_tttserver,A100-SXM4-80GB,"3.12.3 (main, Mar  3 2026, 12:15:18) [GCC 13.3.0]",py312_cuml_adaptive,profiler_cuml_adaptive_fix1,QHY411-1_SDSSg_2k,37.8,18.450300455093384,4754.0,2026-09-01T23:56:07.876Z,7100.0,5325.0,SDSSg,Eugenia,,424.0,35.0,fix1,local,22.4726,0.0024,193.0,A100 (80 GB),2026-09-01 23:56:07.876000+00:00
lenovo_tttserver,A100-SXM4-80GB,"3.12.3 (main, Mar  3 2026, 12:15:18) [GCC 13.3.0]",py312_cuml_adaptive,profiler_cuml_adaptive_fix1,QHY411-1_SDSSg_2k,37.8,18.045034646987915,4754.0,2026-09-01T23:56:35.007Z,7100.0,5325.0,SDSSg,Eugenia,,424.0,35.0,fix1,local,22.4726,0.0024,193.0,A100 (80 GB),2026-09-01 23:56:35.007000+00:00
lenovo_tttserver,A100-SXM4-80GB,"3.8.10 (default, Nov 22 2023, 10:22:35) 
[GCC 9.4.0]",py38_baseline,profiler_py38_fix1,QHY411-1_SDSSi_bin2,37.8,8.519527912139893,621.0,2026-09-01T22:45:11.694Z,7100.0,5325.0,SDSSi,GaiaDR33534005919872722560,,424.0,37.0,fix1,local,21.0013,0.0082,35.0,A100 (80 GB),2026-09-01 22:45:11.694000+00:00
lenovo_tttserver,A100-SXM4-80GB,"3.8.10 (default, Nov 22 2023, 10:22:35) 
[GCC 9.4.0]",py38_baseline,profiler_py38_fix1,QHY411-1_SDSSi_bin2,37.8,8.131942510604858,621.0,2026-09-01T22:45:23.689Z,7100.0,5325.0,SDSSi,GaiaDR33534005919872722560,,424.0,37.0,fix1,local,21.0013,0.0082,35.0,A100 (80 GB),2026-09-01 22:45:23.689000+00:00
lenovo_tttserver,A100-SXM4-80GB,"3.8.10 (default, Nov 22 2023, 10:22:35) 
[GCC 9.4.0]",py38_baseline,profiler_py38_fix1,QHY411-1_SDSSi_bin2,37.8,7.968801736831665,621.0,2026-09-01T22:45:35.892Z,7100.0,5325.0,SDSSi,GaiaDR33534005919872722560,,424.0,37.0,fix1,local,21.0013,0.0082,35.0,A100 (80 GB),2026-09-01 22:45:35.892000+00:00
lenovo_tttserver,A100-SXM4-80GB,"3.8.10 (default, Nov 22 2023, 10:22:35) 
[GCC 9.4.0]",py38_baseline,profiler_py38_fix1,QHY411-1_SDSSi_bin2,37.8,8.445796251296997,621.0,2026-09-01T22:45:49.511Z,7100.0,5325.0,SDSSi,GaiaDR33534005919872722560,,424.0,37.0,fix1,local,21.0013,0.0082,35.0,A100 (80 GB),2026-09-01 22:45:49.511000+00:00
lenovo_tttserver,A100-SXM4-80GB,"3.8.10 (default, Nov 22 2023, 10:22:35) 
[GCC 9.4.0]",py38_baseline,profiler_py38_fix1,QHY411-1_SDSSi_bin2,37.8,8.904134273529053,621.0,2026-09-01T22:46:02.313Z,7100.0,5325.0,SDSSi,GaiaDR33534005919872722560,,424.0,37.0,fix1,local,21.0013,0.0082,35.0,A100 (80 GB),2026-09-01 22:46:02.313000+00:00
lenovo_tttserver,A100-SXM4-80GB,"3.8.10 (default, Nov 22 2023, 10:22:35) 
[GCC 9.4.0]",py38_baseline,profiler_py38_fix1,QHY411-1_SDSSi_bin2,37.8,8.381259441375732,621.0,2026-09-01T22:46:29.290Z,7100.0,5325.0,SDSSi,GaiaDR33534005919872722560,,424.0,37.0,fix1,local,21.0013,0.0082,35.0,A100 (80 GB),2026-09-01 22:46:29.290000+00:00
lenovo_tttserver,A100-SXM4-80GB,"3.8.10 (default, Nov 22 2023, 10:22:35) 
[GCC 9.4.0]",py38_baseline,profiler_py38_fix1,QHY411-1_SDSSi_bin2,37.8,7.734346866607666,621.0,2026-09-01T22:46:40.982Z,7100.0,5325.0,SDSSi,GaiaDR33534005919872722560,,424.0,37.0,fix1,local,21.0013,0.0082,35.0,A100 (80 GB),2026-09-01 22:46:40.982000+00:00
lenovo_tttserver,A100-SXM4-80GB,"3.12.3 (main, Mar  3 2026, 12:15:18) [GCC 13.3.0]",py312_cuml_adaptive,profiler_cuml_adaptive_fix1,QHY411-1_SDSSi_bin2,37.8,9.480024814605711,621.0,2026-09-01T22:47:33.131Z,7100.0,5325.0,SDSSi,GaiaDR33534005919872722560,,424.0,36.0,fix1,local,21.0036,0.0082,34.0,A100 (80 GB),2026-09-01 22:47:33.131000+00:00
lenovo_tttserver,A100-SXM4-80GB,"3.12.3 (main, Mar  3 2026, 12:15:18) [GCC 13.3.0]",py312_cuml_adaptive,profiler_cuml_adaptive_fix1,QHY411-1_SDSSi_bin2,37.8,8.679240226745605,621.0,2026-09-01T22:47:48.926Z,7100.0,5325.0,SDSSi,GaiaDR33534005919872722560,,424.0,36.0,fix1,local,21.0036,0.0082,34.0,A100 (80 GB),2026-09-01 22:47:48.926000+00:00
lenovo_tttserver,A100-SXM4-80GB,"3.12.3 (main, Mar  3 2026, 12:15:18) [GCC 13.3.0]",py312_cuml_adaptive,profiler_cuml_adaptive_fix1,QHY411-1_SDSSi_bin2,37.8,8.620677709579468,621.0,2026-09-01T22:48:05.961Z,7100.0,5325.0,SDSSi,GaiaDR33534005919872722560,,424.0,36.0,fix1,local,21.0036,0.0082,34.0,A100 (80 GB),2026-09-01 22:48:05.961000+00:00
lenovo_tttserver,A100-SXM4-80GB,"3.12.3 (main, Mar  3 2026, 12:15:18) [GCC 13.3.0]",py312_cuml_adaptive,profiler_cuml_adaptive_fix1,QHY411-1_SDSSi_bin2,37.8,9.146620512008669,621.0,2026-09-01T22:48:21.835Z,7100.0,5325.0,SDSSi,GaiaDR33534005919872722560,,424.0,36.0,fix1,local,21.0036,0.0082,34.0,A100 (80 GB),2026-09-01 22:48:21.835000+00:00
lenovo_tttserver,A100-SXM4-80GB,"3.12.3 (main, Mar  3 2026, 12:15:18) [GCC 13.3.0]",py312_cuml_adaptive,profiler_cuml_adaptive_fix1,QHY411-1_SDSSi_bin2,37.8,8.51363492012024,621.0,2026-09-01T22:48:37.267Z,7100.0,5325.0,SDSSi,GaiaDR33534005919872722560,,424.0,36.0,fix1,local,21.0036,0.0082,34.0,A100 (80 GB),2026-09-01 22:48:37.267000+00:00
lenovo_tttserver,A100-SXM4-80GB,"3.12.3 (main, Mar  3 2026, 12:15:18) [GCC 13.3.0]",py312_cuml_adaptive,profiler_cuml_adaptive_fix1,QHY411-1_SDSSi_bin2,37.8,10.262796878814695,621.0,2026-09-01T22:48:54.796Z,7100.0,5325.0,SDSSi,GaiaDR33534005919872722560,,424.0,36.0,fix1,local,21.0036,0.0082,34.0,A100 (80 GB),2026-09-01 22:48:54.796000+00:00
lenovo_tttserver,A100-SXM4-80GB,"3.12.3 (main, Mar  3 2026, 12:15:18) [GCC 13.3.0]",py312_cuml_adaptive,profiler_cuml_adaptive_fix1,QHY411-1_SDSSi_bin2,37.8,8.679144620895386,621.0,2026-09-01T22:49:12.602Z,7100.0,5325.0,SDSSi,GaiaDR33534005919872722560,,424.0,36.0,fix1,local,21.0036,0.0082,34.0,A100 (80 GB),2026-09-01 22:49:12.602000+00:00
lenovo_tttserver,A100-SXM4-80GB,"3.12.3 (main, Mar  3 2026, 12:15:18) [GCC 13.3.0]",py312_cuml_adaptive,profiler_cuml_adaptive_fix1,QHY411-1_SDSSi_bin2,37.8,8.441417217254639,621.0,2026-09-01T22:49:27.793Z,7100.0,5325.0,SDSSi,GaiaDR33534005919872722560,,424.0,36.0,fix1,local,21.0036,0.0082,34.0,A100 (80 GB),2026-09-01 22:49:27.793000+00:00
lenovo_tttserver,A100-SXM4-80GB,"3.12.3 (main, Mar  3 2026, 12:15:18) [GCC 13.3.0]",py312_cuml_adaptive,profiler_cuml_adaptive_fix1,QHY411-1_SDSSi_bin2,37.8,8.34996509552002,621.0,2026-09-01T22:49:43.106Z,7100.0,5325.0,SDSSi,GaiaDR33534005919872722560,,424.0,36.0,fix1,local,21.0036,0.0082,34.0,A100 (80 GB),2026-09-01 22:49:43.106000+00:00
lenovo_tttserver,A100-SXM4-80GB,"3.12.3 (main, Mar  3 2026, 12:15:18) [GCC 13.3.0]",py312_cuml_adaptive,profiler_cuml_adaptive_fix1,QHY411-1_SDSSi_bin2,37.8,9.663928031921388,621.0,2026-09-01T22:49:59.875Z,7100.0,5325.0,SDSSi,GaiaDR33534005919872722560,,424.0,37.0,fix1,local,21.0036,0.0082,34.0,A100 (80 GB),2026-09-01 22:49:59.875000+00:00
lenovo_tttserver,A100-SXM4-80GB,"3.8.10 (default, Nov 22 2023, 10:22:35) 
[GCC 9.4.0]",py38_baseline,profiler_py38_fix1,QHY411-1_SDSSr_7k,37.8,26.04819917678833,12832.0,2026-08-31T16:57:04.010Z,7100.0,5325.0,SDSSr,V445Pup-griz,,424.0,44.0,fix1,local,21.7994,0.0022,168.0,A100 (80 GB),2026-08-31 16:57:04.010000+00:00
lenovo_tttserver,A100-SXM4-80GB,"3.8.10 (default, Nov 22 2023, 10:22:35) 
[GCC 9.4.0]",py38_baseline,profiler_py38_fix1,QHY411-1_SDSSr_7k,37.8,26.280787467956543,12832.0,2026-08-31T16:57:34.849Z,7100.0,5325.0,SDSSr,V445Pup-griz,,424.0,44.0,fix1,local,21.7994,0.0022,168.0,A100 (80 GB),2026-08-31 16:57:34.849000+00:00
lenovo_tttserver,A100-SXM4-80GB,"3.8.10 (default, Nov 22 2023, 10:22:35) 
[GCC 9.4.0]",py38_baseline,profiler_py38_fix1,QHY411-1_SDSSr_7k,37.8,23.89974570274353,12832.0,2026-08-31T16:58:02.189Z,7100.0,5325.0,SDSSr,V445Pup-griz,,424.0,44.0,fix1,local,21.7994,0.0022,168.0,A100 (80 GB),2026-08-31 16:58:02.189000+00:00
lenovo_tttserver,A100-SXM4-80GB,"3.8.10 (default, Nov 22 2023, 10:22:35) 
[GCC 9.4.0]",py38_baseline,profiler_py38_fix1,QHY411-1_SDSSr_7k,37.8,27.04108238220215,12832.0,2026-08-31T16:58:32.777Z,7100.0,5325.0,SDSSr,V445Pup-griz,,424.0,44.0,fix1,local,21.7994,0.0022,168.0,A100 (80 GB),2026-08-31 16:58:32.777000+00:00
lenovo_tttserver,A100-SXM4-80GB,"3.8.10 (default, Nov 22 2023, 10:22:35) 
[GCC 9.4.0]",py38_baseline,profiler_py38_fix1,QHY411-1_SDSSr_7k,37.8,24.727137088775635,12832.0,2026-08-31T16:59:01.986Z,7100.0,5325.0,SDSSr,V445Pup-griz,,424.0,44.0,fix1,local,21.7994,0.0022,168.0,A100 (80 GB),2026-08-31 16:59:01.986000+00:00
lenovo_tttserver,A100-SXM4-80GB,"3.8.10 (default, Nov 22 2023, 10:22:35) 
[GCC 9.4.0]",py38_baseline,profiler_py38_fix1,QHY411-1_SDSSr_7k,37.8,27.886115074157715,12832.0,2026-08-31T16:59:33.615Z,7100.0,5325.0,SDSSr,V445Pup-griz,,424.0,44.0,fix1,local,21.7994,0.0022,168.0,A100 (80 GB),2026-08-31 16:59:33.615000+00:00
lenovo_tttserver,A100-SXM4-80GB,"3.8.10 (default, Nov 22 2023, 10:22:35) 
[GCC 9.4.0]",py38_baseline,profiler_py38_fix1,QHY411-1_SDSSr_7k,37.8,25.212877988815308,12832.0,2026-08-31T17:00:02.536Z,7100.0,5325.0,SDSSr,V445Pup-griz,,424.0,44.0,fix1,local,21.7994,0.0022,168.0,A100 (80 GB),2026-08-31 17:00:02.536000+00:00
lenovo_tttserver,A100-SXM4-80GB,"3.8.10 (default, Nov 22 2023, 10:22:35) 
[GCC 9.4.0]",py38_baseline,profiler_py38_fix1,QHY411-1_SDSSr_7k,37.8,27.15206027030945,12832.0,2026-08-31T17:00:33.364Z,7100.0,5325.0,SDSSr,V445Pup-griz,,424.0,44.0,fix1,local,21.7994,0.0022,168.0,A100 (80 GB),2026-08-31 17:00:33.364000+00:00
lenovo_tttserver,A100-SXM4-80GB,"3.8.10 (default, Nov 22 2023, 10:22:35) 
[GCC 9.4.0]",py38_baseline,profiler_py38_fix1,QHY411-1_SDSSr_7k,37.8,26.378743648529053,12832.0,2026-08-31T17:01:03.264Z,7100.0,5325.0,SDSSr,V445Pup-griz,,424.0,45.0,fix1,local,21.7994,0.0022,168.0,A100 (80 GB),2026-08-31 17:01:03.264000+00:00
lenovo_tttserver,A100-SXM4-80GB,"3.8.10 (default, Nov 22 2023, 10:22:35) 
[GCC 9.4.0]",py38_baseline,profiler_py38_fix1,QHY411-1_SDSSr_7k,37.8,26.990461349487305,12832.0,2026-08-31T17:01:35.138Z,7100.0,5325.0,SDSSr,V445Pup-griz,,424.0,44.0,fix1,local,21.7994,0.0022,168.0,A100 (80 GB),2026-08-31 17:01:35.138000+00:00
lenovo_tttserver,A100-SXM4-80GB,"3.8.10 (default, Nov 22 2023, 10:22:35) 
[GCC 9.4.0]",py38_baseline,profiler_py38_fix1,QHY411-1_SDSSr_7k,37.8,27.93475151062012,12832.0,2026-08-31T17:02:06.757Z,7100.0,5325.0,SDSSr,V445Pup-griz,,424.0,45.0,fix1,local,21.7994,0.0022,168.0,A100 (80 GB),2026-08-31 17:02:06.757000+00:00
lenovo_tttserver,A100-SXM4-80GB,"3.8.10 (default, Nov 22 2023, 10:22:35) 
[GCC 9.4.0]",py38_baseline,profiler_py38_fix1,QHY411-1_SDSSr_7k,37.8,27.05343651771545,12832.0,2026-08-31T17:02:38.625Z,7100.0,5325.0,SDSSr,V445Pup-griz,,424.0,44.0,fix1,local,21.7994,0.0022,168.0,A100 (80 GB),2026-08-31 17:02:38.625000+00:00
lenovo_tttserver,A100-SXM4-80GB,"3.8.10 (default, Nov 22 2023, 10:22:35) 
[GCC 9.4.0]",py38_baseline,profiler_py38_fix1,QHY411-1_SDSSr_7k,37.8,27.40656518936157,12832.0,2026-08-31T17:03:09.746Z,7100.0,5325.0,SDSSr,V445Pup-griz,,424.0,44.0,fix1,local,21.7994,0.0022,168.0,A100 (80 GB),2026-08-31 17:03:09.746000+00:00
lenovo_tttserver,A100-SXM4-80GB,"3.8.10 (default, Nov 22 2023, 10:22:35) 
[GCC 9.4.0]",py38_baseline,profiler_py38_fix1,QHY411-1_SDSSr_7k,37.8,26.353559494018555,12832.0,2026-08-31T17:03:40.715Z,7100.0,5325.0,SDSSr,V445Pup-griz,,424.0,44.0,fix1,local,21.7994,0.0022,168.0,A100 (80 GB),2026-08-31 17:03:40.715000+00:00
lenovo_tttserver,A100-SXM4-80GB,"3.8.10 (default, Nov 22 2023, 10:22:35) 
[GCC 9.4.0]",py38_baseline,profiler_py38_fix1,QHY411-1_SDSSr_7k,37.8,24.79965090751648,12832.0,2026-08-31T17:04:09.324Z,7100.0,5325.0,SDSSr,V445Pup-griz,,424.0,44.0,fix1,local,21.7994,0.0022,168.0,A100 (80 GB),2026-08-31 17:04:09.324000+00:00
lenovo_tttserver,A100-SXM4-80GB,"3.8.10 (default, Nov 22 2023, 10:22:35) 
[GCC 9.4.0]",py38_baseline,profiler_py38_fix1,QHY411-1_SDSSr_7k,37.8,25.86145257949829,12832.0,2026-08-31T17:04:38.886Z,7100.0,5325.0,SDSSr,V445Pup-griz,,424.0,44.0,fix1,local,21.7994,0.0022,168.0,A100 (80 GB),2026-08-31 17:04:38.886000+00:00
lenovo_tttserver,A100-SXM4-80GB,"3.8.10 (default, Nov 22 2023, 10:22:35) 
[GCC 9.4.0]",py38_baseline,profiler_py38_fix1,QHY411-1_SDSSr_7k,37.8,25.983842134475708,12832.0,2026-08-31T17:05:09.401Z,7100.0,5325.0,SDSSr,V445Pup-griz,,424.0,44.0,fix1,local,21.7994,0.0022,168.0,A100 (80 GB),2026-08-31 17:05:09.401000+00:00
lenovo_tttserver,A100-SXM4-80GB,"3.8.10 (default, Nov 22 2023, 10:22:35) 
[GCC 9.4.0]",py38_baseline,profiler_py38_fix1,QHY411-1_SDSSr_7k,37.8,27.060975074768063,12832.0,2026-08-31T17:05:40.387Z,7100.0,5325.0,SDSSr,V445Pup-griz,,424.0,44.0,fix1,local,21.7994,0.0022,168.0,A100 (80 GB),2026-08-31 17:05:40.387000+00:00
lenovo_tttserver,A100-SXM4-80GB,"3.8.10 (default, Nov 22 2023, 10:22:35) 
[GCC 9.4.0]",py38_baseline,profiler_py38_fix1,QHY411-1_SDSSr_7k,37.8,26.69129180908203,12832.0,2026-08-31T17:06:11.777Z,7100.0,5325.0,SDSSr,V445Pup-griz,,424.0,44.0,fix1,local,21.7994,0.0022,168.0,A100 (80 GB),2026-08-31 17:06:11.777000+00:00
lenovo_tttserver,A100-SXM4-80GB,"3.8.10 (default, Nov 22 2023, 10:22:35) 
[GCC 9.4.0]",py38_baseline,profiler_py38_fix1,QHY411-1_SDSSr_7k,37.8,23.817598581314087,12832.0,2026-08-31T17:06:39.029Z,7100.0,5325.0,SDSSr,V445Pup-griz,,424.0,44.0,fix1,local,21.7994,0.0022,168.0,A100 (80 GB),2026-08-31 17:06:39.029000+00:00
lenovo_tttserver,A100-SXM4-80GB,"3.8.10 (default, Nov 22 2023, 10:22:35) 
[GCC 9.4.0]",py38_baseline,profiler_py38_fix1,QHY411-1_SDSSr_7k,37.8,25.603344202041622,12832.0,2026-08-31T17:07:08.009Z,7100.0,5325.0,SDSSr,V445Pup-griz,,424.0,44.0,fix1,local,21.7994,0.0022,168.0,A100 (80 GB),2026-08-31 17:07:08.009000+00:00
lenovo_tttserver,A100-SXM4-80GB,"3.8.10 (default, Nov 22 2023, 10:22:35) 
[GCC 9.4.0]",py38_baseline,profiler_py38_fix1,QHY411-1_SDSSr_7k,37.8,26.43048906326294,12832.0,2026-08-31T17:07:39.345Z,7100.0,5325.0,SDSSr,V445Pup-griz,,424.0,44.0,fix1,local,21.7994,0.0022,168.0,A100 (80 GB),2026-08-31 17:07:39.345000+00:00
lenovo_tttserver,A100-SXM4-80GB,"3.8.10 (default, Nov 22 2023, 10:22:35) 
[GCC 9.4.0]",py38_baseline,profiler_py38_fix1,QHY411-1_SDSSr_7k,37.8,23.47466230392456,12832.0,2026-08-31T17:08:06.339Z,7100.0,5325.0,SDSSr,V445Pup-griz,,424.0,44.0,fix1,local,21.7994,0.0022,168.0,A100 (80 GB),2026-08-31 17:08:06.339000+00:00
lenovo_tttserver,A100-SXM4-80GB,"3.12.3 (main, Mar  3 2026, 12:15:18) [GCC 13.3.0]",py312_cuml_adaptive,profiler_cuml_adaptive_fix1,QHY411-1_SDSSr_7k,37.8,24.232335090637207,12832.0,2026-08-31T15:03:20.402Z,7100.0,5325.0,SDSSr,V445Pup-griz,,424.0,44.0,fix1,local,21.7986,0.0022,168.0,A100 (80 GB),2026-08-31 15:03:20.402000+00:00
lenovo_tttserver,A100-SXM4-80GB,"3.12.3 (main, Mar  3 2026, 12:15:18) [GCC 13.3.0]",py312_cuml_adaptive,profiler_cuml_adaptive_fix1,QHY411-1_SDSSr_7k,37.8,23.71772050857544,12832.0,2026-08-31T15:03:50.535Z,7100.0,5325.0,SDSSr,V445Pup-griz,,424.0,44.0,fix1,local,21.7986,0.0022,168.0,A100 (80 GB),2026-08-31 15:03:50.535000+00:00
lenovo_tttserver,A100-SXM4-80GB,"3.12.3 (main, Mar  3 2026, 12:15:18) [GCC 13.3.0]",py312_cuml_adaptive,profiler_cuml_adaptive_fix1,QHY411-1_SDSSr_7k,37.8,23.878437757492065,12832.0,2026-08-31T15:04:22.557Z,7100.0,5325.0,SDSSr,V445Pup-griz,,424.0,44.0,fix1,local,21.7986,0.0022,168.0,A100 (80 GB),2026-08-31 15:04:22.557000+00:00
lenovo_tttserver,A100-SXM4-80GB,"3.12.3 (main, Mar  3 2026, 12:15:18) [GCC 13.3.0]",py312_cuml_adaptive,profiler_cuml_adaptive_fix1,QHY411-1_SDSSr_7k,37.8,21.073021173477173,12832.0,2026-08-31T15:04:49.953Z,7100.0,5325.0,SDSSr,V445Pup-griz,,424.0,44.0,fix1,local,21.7986,0.0022,168.0,A100 (80 GB),2026-08-31 15:04:49.953000+00:00
lenovo_tttserver,A100-SXM4-80GB,"3.12.3 (main, Mar  3 2026, 12:15:18) [GCC 13.3.0]",py312_cuml_adaptive,profiler_cuml_adaptive_fix1,QHY411-1_SDSSr_7k,37.8,21.620221376419067,12832.0,2026-08-31T15:05:18.046Z,7100.0,5325.0,SDSSr,V445Pup-griz,,424.0,44.0,fix1,local,21.7986,0.0022,168.0,A100 (80 GB),2026-08-31 15:05:18.046000+00:00
lenovo_tttserver,A100-SXM4-80GB,"3.12.3 (main, Mar  3 2026, 12:15:18) [GCC 13.3.0]",py312_cuml_adaptive,profiler_cuml_adaptive_fix1,QHY411-1_SDSSr_7k,37.8,21.733259916305546,12832.0,2026-08-31T15:05:47.730Z,7100.0,5325.0,SDSSr,V445Pup-griz,,424.0,44.0,fix1,local,21.7986,0.0022,168.0,A100 (80 GB),2026-08-31 15:05:47.730000+00:00
lenovo_tttserver,A100-SXM4-80GB,"3.12.3 (main, Mar  3 2026, 12:15:18) [GCC 13.3.0]",py312_cuml_adaptive,profiler_cuml_adaptive_fix1,QHY411-1_SDSSr_7k,37.8,21.54272413253784,12832.0,2026-08-31T15:06:15.207Z,7100.0,5325.0,SDSSr,V445Pup-griz,,424.0,44.0,fix1,local,21.7986,0.0022,168.0,A100 (80 GB),2026-08-31 15:06:15.207000+00:00
lenovo_tttserver,A100-SXM4-80GB,"3.12.3 (main, Mar  3 2026, 12:15:18) [GCC 13.3.0]",py312_cuml_adaptive,profiler_cuml_adaptive_fix1,QHY411-1_SDSSr_7k,37.8,22.721007347106934,12832.0,2026-08-31T15:06:43.928Z,7100.0,5325.0,SDSSr,V445Pup-griz,,424.0,44.0,fix1,local,21.7986,0.0022,168.0,A100 (80 GB),2026-08-31 15:06:43.928000+00:00
lenovo_tttserver,A100-SXM4-80GB,"3.12.3 (main, Mar  3 2026, 12:15:18) [GCC 13.3.0]",py312_cuml_adaptive,profiler_cuml_adaptive_fix1,QHY411-1_SDSSr_7k,37.8,21.134855270385746,12832.0,2026-08-31T15:07:13.153Z,7100.0,5325.0,SDSSr,V445Pup-griz,,424.0,44.0,fix1,local,21.7986,0.0022,168.0,A100 (80 GB),2026-08-31 15:07:13.153000+00:00
lenovo_tttserver,A100-SXM4-80GB,"3.12.3 (main, Mar  3 2026, 12:15:18) [GCC 13.3.0]",py312_cuml_adaptive,profiler_cuml_adaptive_fix1,QHY411-1_SDSSr_7k,37.8,22.47934317588806,12832.0,2026-08-31T15:07:42.182Z,7100.0,5325.0,SDSSr,V445Pup-griz,,424.0,44.0,fix1,local,21.7986,0.0022,168.0,A100 (80 GB),2026-08-31 15:07:42.182000+00:00
lenovo_tttserver,A100-SXM4-80GB,"3.12.3 (main, Mar  3 2026, 12:15:18) [GCC 13.3.0]",py312_cuml_adaptive,profiler_cuml_adaptive_fix1,QHY411-1_SDSSr_7k,37.8,24.192835807800293,12832.0,2026-08-31T15:08:12.557Z,7100.0,5325.0,SDSSr,V445Pup-griz,,424.0,44.0,fix1,local,21.7986,0.0022,168.0,A100 (80 GB),2026-08-31 15:08:12.557000+00:00
lenovo_tttserver,A100-SXM4-80GB,"3.12.3 (main, Mar  3 2026, 12:15:18) [GCC 13.3.0]",py312_cuml_adaptive,profiler_cuml_adaptive_fix1,QHY411-1_SDSSr_7k,37.8,22.152873039245605,12832.0,2026-08-31T15:08:42.775Z,7100.0,5325.0,SDSSr,V445Pup-griz,,424.0,44.0,fix1,local,21.7986,0.0022,168.0,A100 (80 GB),2026-08-31 15:08:42.775000+00:00
lenovo_tttserver,A100-SXM4-80GB,"3.12.3 (main, Mar  3 2026, 12:15:18) [GCC 13.3.0]",py312_cuml_adaptive,profiler_cuml_adaptive_fix1,QHY411-1_SDSSr_7k,37.8,23.03080940246582,12832.0,2026-08-31T15:09:12.005Z,7100.0,5325.0,SDSSr,V445Pup-griz,,424.0,44.0,fix1,local,21.7986,0.0022,168.0,A100 (80 GB),2026-08-31 15:09:12.005000+00:00
lenovo_tttserver,A100-SXM4-80GB,"3.12.3 (main, Mar  3 2026, 12:15:18) [GCC 13.3.0]",py312_cuml_adaptive,profiler_cuml_adaptive_fix1,QHY411-1_SDSSr_7k,37.8,22.788998126983643,12832.0,2026-08-31T15:09:41.269Z,7100.0,5325.0,SDSSr,V445Pup-griz,,424.0,44.0,fix1,local,21.7986,0.0022,168.0,A100 (80 GB),2026-08-31 15:09:41.269000+00:00
lenovo_tttserver,A100-SXM4-80GB,"3.12.3 (main, Mar  3 2026, 12:15:18) [GCC 13.3.0]",py312_cuml_adaptive,profiler_cuml_adaptive_fix1,QHY411-1_SDSSr_7k,37.8,21.885246753692627,12832.0,2026-08-31T15:10:10.119Z,7100.0,5325.0,SDSSr,V445Pup-griz,,424.0,44.0,fix1,local,21.7986,0.0022,168.0,A100 (80 GB),2026-08-31 15:10:10.119000+00:00
lenovo_tttserver,A100-SXM4-80GB,"3.12.3 (main, Mar  3 2026, 12:15:18) [GCC 13.3.0]",py312_cuml_adaptive,profiler_cuml_adaptive_fix1,QHY411-1_SDSSr_7k,37.8,23.890188932418823,12832.0,2026-08-31T15:10:40.098Z,7100.0,5325.0,SDSSr,V445Pup-griz,,424.0,44.0,fix1,local,21.7986,0.0022,168.0,A100 (80 GB),2026-08-31 15:10:40.098000+00:00
lenovo_tttserver,A100-SXM4-80GB,"3.8.10 (default, Nov 22 2023, 10:22:35) 
[GCC 9.4.0]",py38_baseline,profiler_py38_fix1,QHY411-3_Lum_131k,151.2,37.69650101661682,134206.0,2026-08-31T16:35:07.688Z,14200.0,10650.0,Lum,C2025N1,,424.0,43.0,fix1,local,25.1618,0.0013,185.0,A100 (80 GB),2026-08-31 16:35:07.688000+00:00
lenovo_tttserver,A100-SXM4-80GB,"3.8.10 (default, Nov 22 2023, 10:22:35) 
[GCC 9.4.0]",py38_baseline,profiler_py38_fix1,QHY411-3_Lum_131k,151.2,37.21195316314697,134206.0,2026-08-31T16:35:48.411Z,14200.0,10650.0,Lum,C2025N1,,424.0,44.0,fix1,local,25.1618,0.0013,185.0,A100 (80 GB),2026-08-31 16:35:48.411000+00:00
lenovo_tttserver,A100-SXM4-80GB,"3.8.10 (default, Nov 22 2023, 10:22:35) 
[GCC 9.4.0]",py38_baseline,profiler_py38_fix1,QHY411-3_Lum_131k,151.2,37.62074208259583,134206.0,2026-08-31T16:36:30.552Z,14200.0,10650.0,Lum,C2025N1,,424.0,44.0,fix1,local,25.1618,0.0013,185.0,A100 (80 GB),2026-08-31 16:36:30.552000+00:00
lenovo_tttserver,A100-SXM4-80GB,"3.8.10 (default, Nov 22 2023, 10:22:35) 
[GCC 9.4.0]",py38_baseline,profiler_py38_fix1,QHY411-3_Lum_131k,151.2,37.79904294013977,134206.0,2026-08-31T16:37:11.716Z,14200.0,10650.0,Lum,C2025N1,,424.0,44.0,fix1,local,25.1618,0.0013,185.0,A100 (80 GB),2026-08-31 16:37:11.716000+00:00
lenovo_tttserver,A100-SXM4-80GB,"3.8.10 (default, Nov 22 2023, 10:22:35) 
[GCC 9.4.0]",py38_baseline,profiler_py38_fix1,QHY411-3_Lum_131k,151.2,36.69356489181519,134206.0,2026-08-31T16:37:53.251Z,14200.0,10650.0,Lum,C2025N1,,424.0,44.0,fix1,local,25.1618,0.0013,185.0,A100 (80 GB),2026-08-31 16:37:53.251000+00:00
lenovo_tttserver,A100-SXM4-80GB,"3.8.10 (default, Nov 22 2023, 10:22:35) 
[GCC 9.4.0]",py38_baseline,profiler_py38_fix1,QHY411-3_Lum_131k,151.2,36.8154022693634,134206.0,2026-08-31T16:38:33.448Z,14200.0,10650.0,Lum,C2025N1,,424.0,44.0,fix1,local,25.1618,0.0013,185.0,A100 (80 GB),2026-08-31 16:38:33.448000+00:00
lenovo_tttserver,A100-SXM4-80GB,"3.8.10 (default, Nov 22 2023, 10:22:35) 
[GCC 9.4.0]",py38_baseline,profiler_py38_fix1,QHY411-3_Lum_131k,151.2,39.90997838973999,134206.0,2026-08-31T16:39:18.242Z,14200.0,10650.0,Lum,C2025N1,,424.0,44.0,fix1,local,25.1618,0.0013,185.0,A100 (80 GB),2026-08-31 16:39:18.242000+00:00
lenovo_tttserver,A100-SXM4-80GB,"3.8.10 (default, Nov 22 2023, 10:22:35) 
[GCC 9.4.0]",py38_baseline,profiler_py38_fix1,QHY411-3_Lum_131k,151.2,37.59465742111206,134206.0,2026-08-31T16:39:59.315Z,14200.0,10650.0,Lum,C2025N1,,424.0,44.0,fix1,local,25.1618,0.0013,185.0,A100 (80 GB),2026-08-31 16:39:59.315000+00:00
lenovo_tttserver,A100-SXM4-80GB,"3.8.10 (default, Nov 22 2023, 10:22:35) 
[GCC 9.4.0]",py38_baseline,profiler_py38_fix1,QHY411-3_Lum_131k,151.2,37.513832330703735,134206.0,2026-08-31T16:40:41.426Z,14200.0,10650.0,Lum,C2025N1,,424.0,44.0,fix1,local,25.1618,0.0013,185.0,A100 (80 GB),2026-08-31 16:40:41.426000+00:00
lenovo_tttserver,A100-SXM4-80GB,"3.8.10 (default, Nov 22 2023, 10:22:35) 
[GCC 9.4.0]",py38_baseline,profiler_py38_fix1,QHY411-3_Lum_131k,151.2,40.18803834915161,134206.0,2026-08-31T17:10:39.742Z,14200.0,10650.0,Lum,C2025N1,,424.0,43.0,fix1,local,25.1618,0.0013,185.0,A100 (80 GB),2026-08-31 17:10:39.742000+00:00
lenovo_tttserver,A100-SXM4-80GB,"3.8.10 (default, Nov 22 2023, 10:22:35) 
[GCC 9.4.0]",py38_baseline,profiler_py38_fix1,QHY411-3_Lum_131k,151.2,39.86448836326599,134206.0,2026-08-31T17:11:23.305Z,14200.0,10650.0,Lum,C2025N1,,424.0,43.0,fix1,local,25.1618,0.0013,185.0,A100 (80 GB),2026-08-31 17:11:23.305000+00:00
lenovo_tttserver,A100-SXM4-80GB,"3.8.10 (default, Nov 22 2023, 10:22:35) 
[GCC 9.4.0]",py38_baseline,profiler_py38_fix1,QHY411-3_Lum_131k,151.2,44.684548139572144,134206.0,2026-08-31T17:12:12.627Z,14200.0,10650.0,Lum,C2025N1,,424.0,43.0,fix1,local,25.1618,0.0013,185.0,A100 (80 GB),2026-08-31 17:12:12.627000+00:00
lenovo_tttserver,A100-SXM4-80GB,"3.8.10 (default, Nov 22 2023, 10:22:35) 
[GCC 9.4.0]",py38_baseline,profiler_py38_fix1,QHY411-3_Lum_131k,151.2,38.37182664871216,134206.0,2026-08-31T17:12:54.363Z,14200.0,10650.0,Lum,C2025N1,,424.0,44.0,fix1,local,25.1618,0.0013,185.0,A100 (80 GB),2026-08-31 17:12:54.363000+00:00
lenovo_tttserver,A100-SXM4-80GB,"3.8.10 (default, Nov 22 2023, 10:22:35) 
[GCC 9.4.0]",py38_baseline,profiler_py38_fix1,QHY411-3_Lum_131k,151.2,39.741002559661865,134206.0,2026-08-31T17:13:38.672Z,14200.0,10650.0,Lum,C2025N1,,424.0,43.0,fix1,local,25.1618,0.0013,185.0,A100 (80 GB),2026-08-31 17:13:38.672000+00:00
lenovo_tttserver,A100-SXM4-80GB,"3.8.10 (default, Nov 22 2023, 10:22:35) 
[GCC 9.4.0]",py38_baseline,profiler_py38_fix1,QHY411-3_Lum_131k,151.2,39.80769562721253,134206.0,2026-08-31T17:14:22.222Z,14200.0,10650.0,Lum,C2025N1,,424.0,44.0,fix1,local,25.1618,0.0013,185.0,A100 (80 GB),2026-08-31 17:14:22.222000+00:00
lenovo_tttserver,A100-SXM4-80GB,"3.8.10 (default, Nov 22 2023, 10:22:35) 
[GCC 9.4.0]",py38_baseline,profiler_py38_fix1,QHY411-3_Lum_131k,151.2,41.54008364677429,134206.0,2026-08-31T17:15:08.338Z,14200.0,10650.0,Lum,C2025N1,,424.0,43.0,fix1,local,25.1618,0.0013,185.0,A100 (80 GB),2026-08-31 17:15:08.338000+00:00
lenovo_tttserver,A100-SXM4-80GB,"3.8.10 (default, Nov 22 2023, 10:22:35) 
[GCC 9.4.0]",py38_baseline,profiler_py38_fix1,QHY411-3_Lum_131k,151.2,45.58284497261048,134206.0,2026-08-31T17:15:57.599Z,14200.0,10650.0,Lum,C2025N1,,424.0,44.0,fix1,local,25.1618,0.0013,185.0,A100 (80 GB),2026-08-31 17:15:57.599000+00:00
lenovo_tttserver,A100-SXM4-80GB,"3.8.10 (default, Nov 22 2023, 10:22:35) 
[GCC 9.4.0]",py38_baseline,profiler_py38_fix1,QHY411-3_Lum_131k,151.2,38.79661464691162,134206.0,2026-08-31T17:16:41.159Z,14200.0,10650.0,Lum,C2025N1,,424.0,43.0,fix1,local,25.1618,0.0013,185.0,A100 (80 GB),2026-08-31 17:16:41.159000+00:00
lenovo_tttserver,A100-SXM4-80GB,"3.8.10 (default, Nov 22 2023, 10:22:35) 
[GCC 9.4.0]",py38_baseline,profiler_py38_fix1,QHY411-3_Lum_131k,151.2,38.7161545753479,134206.0,2026-08-31T17:17:23.609Z,14200.0,10650.0,Lum,C2025N1,,424.0,43.0,fix1,local,25.1618,0.0013,185.0,A100 (80 GB),2026-08-31 17:17:23.609000+00:00
lenovo_tttserver,A100-SXM4-80GB,"3.8.10 (default, Nov 22 2023, 10:22:35) 
[GCC 9.4.0]",py38_baseline,profiler_py38_fix1,QHY411-3_Lum_131k,151.2,42.11065912246704,134206.0,2026-08-31T17:18:10.490Z,14200.0,10650.0,Lum,C2025N1,,424.0,43.0,fix1,local,25.1618,0.0013,185.0,A100 (80 GB),2026-08-31 17:18:10.490000+00:00
lenovo_tttserver,A100-SXM4-80GB,"3.8.10 (default, Nov 22 2023, 10:22:35) 
[GCC 9.4.0]",py38_baseline,profiler_py38_fix1,QHY411-3_Lum_131k,151.2,39.10242819786072,134206.0,2026-08-31T17:18:53.004Z,14200.0,10650.0,Lum,C2025N1,,424.0,44.0,fix1,local,25.1618,0.0013,185.0,A100 (80 GB),2026-08-31 17:18:53.004000+00:00
lenovo_tttserver,A100-SXM4-80GB,"3.8.10 (default, Nov 22 2023, 10:22:35) 
[GCC 9.4.0]",py38_baseline,profiler_py38_fix1,QHY411-3_Lum_131k,151.2,38.91712880134583,134206.0,2026-08-31T17:19:36.463Z,14200.0,10650.0,Lum,C2025N1,,424.0,43.0,fix1,local,25.1618,0.0013,185.0,A100 (80 GB),2026-08-31 17:19:36.463000+00:00
lenovo_tttserver,A100-SXM4-80GB,"3.8.10 (default, Nov 22 2023, 10:22:35) 
[GCC 9.4.0]",py38_baseline,profiler_py38_fix1,QHY411-3_Lum_131k,151.2,41.761605978012085,134206.0,2026-08-31T17:20:22.079Z,14200.0,10650.0,Lum,C2025N1,,424.0,44.0,fix1,local,25.1618,0.0013,185.0,A100 (80 GB),2026-08-31 17:20:22.079000+00:00
lenovo_tttserver,A100-SXM4-80GB,"3.8.10 (default, Nov 22 2023, 10:22:35) 
[GCC 9.4.0]",py38_baseline,profiler_py38_fix1,QHY411-3_Lum_131k,151.2,42.83970522880554,134206.0,2026-08-31T17:21:09.641Z,14200.0,10650.0,Lum,C2025N1,,424.0,43.0,fix1,local,25.1618,0.0013,185.0,A100 (80 GB),2026-08-31 17:21:09.641000+00:00
lenovo_tttserver,A100-SXM4-80GB,"3.8.10 (default, Nov 22 2023, 10:22:35) 
[GCC 9.4.0]",py38_baseline,profiler_py38_fix1,QHY411-3_Lum_131k,151.2,39.76939558982849,134206.0,2026-08-31T17:21:52.881Z,14200.0,10650.0,Lum,C2025N1,,424.0,44.0,fix1,local,25.1618,0.0013,185.0,A100 (80 GB),2026-08-31 17:21:52.881000+00:00
lenovo_tttserver,A100-SXM4-80GB,"3.8.10 (default, Nov 22 2023, 10:22:35) 
[GCC 9.4.0]",py38_baseline,profiler_py38_fix1,QHY411-3_Lum_131k,151.2,39.02472853660584,134206.0,2026-08-31T17:22:36.430Z,14200.0,10650.0,Lum,C2025N1,,424.0,43.0,fix1,local,25.1618,0.0013,185.0,A100 (80 GB),2026-08-31 17:22:36.430000+00:00
lenovo_tttserver,A100-SXM4-80GB,"3.8.10 (default, Nov 22 2023, 10:22:35) 
[GCC 9.4.0]",py38_baseline,profiler_py38_fix1,QHY411-3_Lum_131k,151.2,41.14286684989929,134206.0,2026-08-31T17:23:21.283Z,14200.0,10650.0,Lum,C2025N1,,424.0,44.0,fix1,local,25.1618,0.0013,185.0,A100 (80 GB),2026-08-31 17:23:21.283000+00:00
lenovo_tttserver,A100-SXM4-80GB,"3.8.10 (default, Nov 22 2023, 10:22:35) 
[GCC 9.4.0]",py38_baseline,profiler_py38_fix1,QHY411-3_Lum_131k,151.2,41.56067943572998,134206.0,2026-08-31T17:24:07.359Z,14200.0,10650.0,Lum,C2025N1,,424.0,43.0,fix1,local,25.1618,0.0013,185.0,A100 (80 GB),2026-08-31 17:24:07.359000+00:00
lenovo_tttserver,A100-SXM4-80GB,"3.8.10 (default, Nov 22 2023, 10:22:35) 
[GCC 9.4.0]",py38_baseline,profiler_py38_fix1,QHY411-3_Lum_131k,151.2,38.152849435806274,134206.0,2026-08-31T17:25:41.801Z,14200.0,10650.0,Lum,C2025N1,,424.0,43.0,fix1,local,25.1618,0.0013,185.0,A100 (80 GB),2026-08-31 17:25:41.801000+00:00
lenovo_tttserver,A100-SXM4-80GB,"3.8.10 (default, Nov 22 2023, 10:22:35) 
[GCC 9.4.0]",py38_baseline,profiler_py38_fix1,QHY411-3_Lum_131k,151.2,42.66085457801819,134206.0,2026-08-31T17:27:18.377Z,14200.0,10650.0,Lum,C2025N1,,424.0,43.0,fix1,local,25.1618,0.0013,185.0,A100 (80 GB),2026-08-31 17:27:18.377000+00:00
lenovo_tttserver,A100-SXM4-80GB,"3.8.10 (default, Nov 22 2023, 10:22:35) 
[GCC 9.4.0]",py38_baseline,profiler_py38_fix1,QHY411-3_Lum_131k,151.2,40.88178491592407,134206.0,2026-08-31T17:28:02.680Z,14200.0,10650.0,Lum,C2025N1,,424.0,43.0,fix1,local,25.1618,0.0013,185.0,A100 (80 GB),2026-08-31 17:28:02.680000+00:00
lenovo_tttserver,A100-SXM4-80GB,"3.12.3 (main, Mar  3 2026, 12:15:18) [GCC 13.3.0]",py312_cuml_adaptive,profiler_cuml_adaptive_fix1,QHY411-3_Lum_131k,151.2,41.23617196083069,134206.0,2026-08-31T15:49:50.196Z,14200.0,10650.0,Lum,C2025N1,,424.0,43.0,fix1,local,25.1677,0.0013,184.0,A100 (80 GB),2026-08-31 15:49:50.196000+00:00
lenovo_tttserver,A100-SXM4-80GB,"3.12.3 (main, Mar  3 2026, 12:15:18) [GCC 13.3.0]",py312_cuml_adaptive,profiler_cuml_adaptive_fix1,QHY411-3_Lum_131k,151.2,42.81928396224976,134206.0,2026-08-31T15:50:40.031Z,14200.0,10650.0,Lum,C2025N1,,424.0,43.0,fix1,local,25.1677,0.0013,184.0,A100 (80 GB),2026-08-31 15:50:40.031000+00:00
lenovo_tttserver,A100-SXM4-80GB,"3.12.3 (main, Mar  3 2026, 12:15:18) [GCC 13.3.0]",py312_cuml_adaptive,profiler_cuml_adaptive_fix1,QHY411-3_Lum_131k,151.2,41.516769886016846,134206.0,2026-08-31T15:51:29.920Z,14200.0,10650.0,Lum,C2025N1,,424.0,43.0,fix1,local,25.1677,0.0013,184.0,A100 (80 GB),2026-08-31 15:51:29.920000+00:00
lenovo_tttserver,A100-SXM4-80GB,"3.12.3 (main, Mar  3 2026, 12:15:18) [GCC 13.3.0]",py312_cuml_adaptive,profiler_cuml_adaptive_fix1,QHY411-3_Lum_131k,151.2,39.94119715690613,134206.0,2026-08-31T15:52:17.290Z,14200.0,10650.0,Lum,C2025N1,,424.0,43.0,fix1,local,25.1677,0.0013,184.0,A100 (80 GB),2026-08-31 15:52:17.290000+00:00
lenovo_tttserver,A100-SXM4-80GB,"3.12.3 (main, Mar  3 2026, 12:15:18) [GCC 13.3.0]",py312_cuml_adaptive,profiler_cuml_adaptive_fix1,QHY411-3_Lum_131k,151.2,41.21472454071045,134206.0,2026-08-31T15:53:05.631Z,14200.0,10650.0,Lum,C2025N1,,424.0,44.0,fix1,local,25.1677,0.0013,184.0,A100 (80 GB),2026-08-31 15:53:05.631000+00:00
lenovo_tttserver,A100-SXM4-80GB,"3.12.3 (main, Mar  3 2026, 12:15:18) [GCC 13.3.0]",py312_cuml_adaptive,profiler_cuml_adaptive_fix1,QHY411-3_Lum_131k,151.2,40.47830939292908,134206.0,2026-08-31T15:53:54.335Z,14200.0,10650.0,Lum,C2025N1,,424.0,43.0,fix1,local,25.1677,0.0013,184.0,A100 (80 GB),2026-08-31 15:53:54.335000+00:00
lenovo_tttserver,A100-SXM4-80GB,"3.12.3 (main, Mar  3 2026, 12:15:18) [GCC 13.3.0]",py312_cuml_adaptive,profiler_cuml_adaptive_fix1,QHY411-3_Lum_131k,151.2,41.005011796951294,134206.0,2026-08-31T15:54:42.638Z,14200.0,10650.0,Lum,C2025N1,,424.0,44.0,fix1,local,25.1677,0.0013,184.0,A100 (80 GB),2026-08-31 15:54:42.638000+00:00
lenovo_tttserver,A100-SXM4-80GB,"3.12.3 (main, Mar  3 2026, 12:15:18) [GCC 13.3.0]",py312_cuml_adaptive,profiler_cuml_adaptive_fix1,QHY411-3_Lum_131k,151.2,41.77936625480652,134206.0,2026-08-31T15:55:32.812Z,14200.0,10650.0,Lum,C2025N1,,424.0,44.0,fix1,local,25.1677,0.0013,184.0,A100 (80 GB),2026-08-31 15:55:32.812000+00:00
lenovo_tttserver,A100-SXM4-80GB,"3.12.3 (main, Mar  3 2026, 12:15:18) [GCC 13.3.0]",py312_cuml_adaptive,profiler_cuml_adaptive_fix1,QHY411-3_Lum_131k,151.2,40.527119159698486,134206.0,2026-08-31T15:56:20.866Z,14200.0,10650.0,Lum,C2025N1,,424.0,44.0,fix1,local,25.1677,0.0013,184.0,A100 (80 GB),2026-08-31 15:56:20.866000+00:00
lenovo_tttserver,A100-SXM4-80GB,"3.12.3 (main, Mar  3 2026, 12:15:18) [GCC 13.3.0]",py312_cuml_adaptive,profiler_cuml_adaptive_fix1,QHY411-3_Lum_131k,151.2,42.02488803863525,134206.0,2026-08-31T15:57:10.154Z,14200.0,10650.0,Lum,C2025N1,,424.0,44.0,fix1,local,25.1677,0.0013,184.0,A100 (80 GB),2026-08-31 15:57:10.154000+00:00
lenovo_tttserver,A100-SXM4-80GB,"3.12.3 (main, Mar  3 2026, 12:15:18) [GCC 13.3.0]",py312_cuml_adaptive,profiler_cuml_adaptive_fix1,QHY411-3_Lum_131k,151.2,41.01573395729065,134206.0,2026-08-31T15:57:59.580Z,14200.0,10650.0,Lum,C2025N1,,424.0,43.0,fix1,local,25.1677,0.0013,184.0,A100 (80 GB),2026-08-31 15:57:59.580000+00:00
lenovo_tttserver,A100-SXM4-80GB,"3.12.3 (main, Mar  3 2026, 12:15:18) [GCC 13.3.0]",py312_cuml_adaptive,profiler_cuml_adaptive_fix1,QHY411-3_Lum_131k,151.2,41.7918004989624,134206.0,2026-08-31T15:58:48.342Z,14200.0,10650.0,Lum,C2025N1,,424.0,44.0,fix1,local,25.1677,0.0013,184.0,A100 (80 GB),2026-08-31 15:58:48.342000+00:00
lenovo_tttserver,A100-SXM4-80GB,"3.12.3 (main, Mar  3 2026, 12:15:18) [GCC 13.3.0]",py312_cuml_adaptive,profiler_cuml_adaptive_fix1,QHY411-3_Lum_131k,151.2,42.037086725234985,134206.0,2026-08-31T15:59:37.288Z,14200.0,10650.0,Lum,C2025N1,,424.0,44.0,fix1,local,25.1677,0.0013,184.0,A100 (80 GB),2026-08-31 15:59:37.288000+00:00
lenovo_tttserver,A100-SXM4-80GB,"3.12.3 (main, Mar  3 2026, 12:15:18) [GCC 13.3.0]",py312_cuml_adaptive,profiler_cuml_adaptive_fix1,QHY411-3_Lum_131k,151.2,41.948800563812256,134206.0,2026-08-31T16:00:26.603Z,14200.0,10650.0,Lum,C2025N1,,424.0,43.0,fix1,local,25.1677,0.0013,184.0,A100 (80 GB),2026-08-31 16:00:26.603000+00:00
lenovo_tttserver,A100-SXM4-80GB,"3.12.3 (main, Mar  3 2026, 12:15:18) [GCC 13.3.0]",py312_cuml_adaptive,profiler_cuml_adaptive_fix1,QHY411-3_Lum_131k,151.2,40.57159328460693,134206.0,2026-08-31T16:01:14.714Z,14200.0,10650.0,Lum,C2025N1,,424.0,43.0,fix1,local,25.1677,0.0013,184.0,A100 (80 GB),2026-08-31 16:01:14.714000+00:00
lenovo_tttserver,A100-SXM4-80GB,"3.12.3 (main, Mar  3 2026, 12:15:18) [GCC 13.3.0]",py312_cuml_adaptive,profiler_cuml_adaptive_fix1,QHY411-3_Lum_131k,151.2,41.12255263328552,134206.0,2026-08-31T16:02:04.497Z,14200.0,10650.0,Lum,C2025N1,,424.0,43.0,fix1,local,25.1677,0.0013,184.0,A100 (80 GB),2026-08-31 16:02:04.497000+00:00
lenovo_tttserver,A100-SXM4-80GB,"3.12.3 (main, Mar  3 2026, 12:15:18) [GCC 13.3.0]",py312_cuml_adaptive,profiler_cuml_adaptive_fix1,QHY411-3_Lum_131k,151.2,40.92972612380981,134206.0,2026-08-31T16:02:52.998Z,14200.0,10650.0,Lum,C2025N1,,424.0,43.0,fix1,local,25.1677,0.0013,184.0,A100 (80 GB),2026-08-31 16:02:52.998000+00:00
lenovo_tttserver,A100-SXM4-80GB,"3.12.3 (main, Mar  3 2026, 12:15:18) [GCC 13.3.0]",py312_cuml_adaptive,profiler_cuml_adaptive_fix1,QHY411-3_Lum_131k,151.2,44.85113000869751,134206.0,2026-08-31T16:03:45.362Z,14200.0,10650.0,Lum,C2025N1,,424.0,43.0,fix1,local,25.1677,0.0013,184.0,A100 (80 GB),2026-08-31 16:03:45.362000+00:00
lenovo_tttserver,A100-SXM4-80GB,"3.12.3 (main, Mar  3 2026, 12:15:18) [GCC 13.3.0]",py312_cuml_adaptive,profiler_cuml_adaptive_fix1,QHY411-3_Lum_131k,151.2,40.66090512275696,134206.0,2026-08-31T16:04:33.769Z,14200.0,10650.0,Lum,C2025N1,,424.0,43.0,fix1,local,25.1677,0.0013,184.0,A100 (80 GB),2026-08-31 16:04:33.769000+00:00
lenovo_tttserver,A100-SXM4-80GB,"3.12.3 (main, Mar  3 2026, 12:15:18) [GCC 13.3.0]",py312_cuml_adaptive,profiler_cuml_adaptive_fix1,QHY411-3_Lum_131k,151.2,40.143399238586426,134206.0,2026-08-31T16:05:21.075Z,14200.0,10650.0,Lum,C2025N1,,424.0,43.0,fix1,local,25.1677,0.0013,184.0,A100 (80 GB),2026-08-31 16:05:21.075000+00:00
lenovo_tttserver,A100-SXM4-80GB,"3.12.3 (main, Mar  3 2026, 12:15:18) [GCC 13.3.0]",py312_cuml_adaptive,profiler_cuml_adaptive_fix1,QHY411-3_Lum_131k,151.2,40.18152046203613,134206.0,2026-08-31T16:06:08.616Z,14200.0,10650.0,Lum,C2025N1,,424.0,43.0,fix1,local,25.1677,0.0013,184.0,A100 (80 GB),2026-08-31 16:06:08.616000+00:00
lenovo_tttserver,A100-SXM4-80GB,"3.12.3 (main, Mar  3 2026, 12:15:18) [GCC 13.3.0]",py312_cuml_adaptive,profiler_cuml_adaptive_fix1,QHY411-3_Lum_131k,151.2,45.19666290283203,134206.0,2026-08-31T16:07:01.121Z,14200.0,10650.0,Lum,C2025N1,,424.0,43.0,fix1,local,25.1677,0.0013,184.0,A100 (80 GB),2026-08-31 16:07:01.121000+00:00
lenovo_tttserver,A100-SXM4-80GB,"3.8.10 (default, Nov 22 2023, 10:22:35) 
[GCC 9.4.0]",py38_baseline,profiler_py38_fix1,QHY411-3_Lum_full,151.2,29.3870632648468,18712.0,2026-09-01T23:04:23.159Z,14200.0,10650.0,Lum,24P,,424.0,37.0,fix1,local,25.2256,0.0011,191.0,A100 (80 GB),2026-09-01 23:04:23.159000+00:00
lenovo_tttserver,A100-SXM4-80GB,"3.8.10 (default, Nov 22 2023, 10:22:35) 
[GCC 9.4.0]",py38_baseline,profiler_py38_fix1,QHY411-3_Lum_full,151.2,26.652893543243408,18712.0,2026-09-01T23:04:55.011Z,14200.0,10650.0,Lum,24P,,424.0,37.0,fix1,local,25.2256,0.0011,191.0,A100 (80 GB),2026-09-01 23:04:55.011000+00:00
lenovo_tttserver,A100-SXM4-80GB,"3.8.10 (default, Nov 22 2023, 10:22:35) 
[GCC 9.4.0]",py38_baseline,profiler_py38_fix1,QHY411-3_Lum_full,151.2,27.920262575149536,18712.0,2026-09-01T23:05:34.469Z,14200.0,10650.0,Lum,24P,,424.0,36.0,fix1,local,25.2256,0.0011,191.0,A100 (80 GB),2026-09-01 23:05:34.469000+00:00
lenovo_tttserver,A100-SXM4-80GB,"3.8.10 (default, Nov 22 2023, 10:22:35) 
[GCC 9.4.0]",py38_baseline,profiler_py38_fix1,QHY411-3_Lum_full,151.2,26.75507116317749,18712.0,2026-09-01T23:06:07.659Z,14200.0,10650.0,Lum,24P,,424.0,36.0,fix1,local,25.2256,0.0011,191.0,A100 (80 GB),2026-09-01 23:06:07.659000+00:00
lenovo_tttserver,A100-SXM4-80GB,"3.8.10 (default, Nov 22 2023, 10:22:35) 
[GCC 9.4.0]",py38_baseline,profiler_py38_fix1,QHY411-3_Lum_full,151.2,28.84706258773804,18712.0,2026-09-01T23:06:40.736Z,14200.0,10650.0,Lum,24P,,424.0,36.0,fix1,local,25.2256,0.0011,191.0,A100 (80 GB),2026-09-01 23:06:40.736000+00:00
lenovo_tttserver,A100-SXM4-80GB,"3.8.10 (default, Nov 22 2023, 10:22:35) 
[GCC 9.4.0]",py38_baseline,profiler_py38_fix1,QHY411-3_Lum_full,151.2,27.56016945838928,18712.0,2026-09-01T23:07:14.383Z,14200.0,10650.0,Lum,24P,,424.0,36.0,fix1,local,25.2256,0.0011,191.0,A100 (80 GB),2026-09-01 23:07:14.383000+00:00
lenovo_tttserver,A100-SXM4-80GB,"3.8.10 (default, Nov 22 2023, 10:22:35) 
[GCC 9.4.0]",py38_baseline,profiler_py38_fix1,QHY411-3_Lum_full,151.2,26.9800386428833,18712.0,2026-09-01T23:07:45.250Z,14200.0,10650.0,Lum,24P,,424.0,36.0,fix1,local,25.2256,0.0011,191.0,A100 (80 GB),2026-09-01 23:07:45.250000+00:00
lenovo_tttserver,A100-SXM4-80GB,"3.8.10 (default, Nov 22 2023, 10:22:35) 
[GCC 9.4.0]",py38_baseline,profiler_py38_fix1,QHY411-3_Lum_full,151.2,28.55338168144226,18712.0,2026-09-01T23:08:19.055Z,14200.0,10650.0,Lum,24P,,424.0,36.0,fix1,local,25.2256,0.0011,191.0,A100 (80 GB),2026-09-01 23:08:19.055000+00:00
lenovo_tttserver,A100-SXM4-80GB,"3.8.10 (default, Nov 22 2023, 10:22:35) 
[GCC 9.4.0]",py38_baseline,profiler_py38_fix1,QHY411-3_Lum_full,151.2,26.473105907440186,18712.0,2026-09-01T23:08:49.891Z,14200.0,10650.0,Lum,24P,,424.0,36.0,fix1,local,25.2256,0.0011,191.0,A100 (80 GB),2026-09-01 23:08:49.891000+00:00
lenovo_tttserver,A100-SXM4-80GB,"3.8.10 (default, Nov 22 2023, 10:22:35) 
[GCC 9.4.0]",py38_baseline,profiler_py38_fix1,QHY411-3_Lum_full,151.2,27.44235396385193,18712.0,2026-09-01T23:09:22.871Z,14200.0,10650.0,Lum,24P,,424.0,36.0,fix1,local,25.2256,0.0011,191.0,A100 (80 GB),2026-09-01 23:09:22.871000+00:00
lenovo_tttserver,A100-SXM4-80GB,"3.12.3 (main, Mar  3 2026, 12:15:18) [GCC 13.3.0]",py312_cuml_adaptive,profiler_cuml_adaptive_fix1,QHY411-3_Lum_full,151.2,28.70377802848816,18712.0,2026-09-01T23:11:10.619Z,14200.0,10650.0,Lum,24P,,424.0,35.0,fix1,local,25.2253,0.0011,191.0,A100 (80 GB),2026-09-01 23:11:10.619000+00:00
lenovo_tttserver,A100-SXM4-80GB,"3.12.3 (main, Mar  3 2026, 12:15:18) [GCC 13.3.0]",py312_cuml_adaptive,profiler_cuml_adaptive_fix1,QHY411-3_Lum_full,151.2,27.253984451293945,18712.0,2026-09-01T23:11:46.298Z,14200.0,10650.0,Lum,24P,,424.0,35.0,fix1,local,25.2253,0.0011,191.0,A100 (80 GB),2026-09-01 23:11:46.298000+00:00
lenovo_tttserver,A100-SXM4-80GB,"3.12.3 (main, Mar  3 2026, 12:15:18) [GCC 13.3.0]",py312_cuml_adaptive,profiler_cuml_adaptive_fix1,QHY411-3_Lum_full,151.2,27.621965169906616,18712.0,2026-09-01T23:12:20.488Z,14200.0,10650.0,Lum,24P,,424.0,36.0,fix1,local,25.2253,0.0011,191.0,A100 (80 GB),2026-09-01 23:12:20.488000+00:00
lenovo_tttserver,A100-SXM4-80GB,"3.12.3 (main, Mar  3 2026, 12:15:18) [GCC 13.3.0]",py312_cuml_adaptive,profiler_cuml_adaptive_fix1,QHY411-3_Lum_full,151.2,27.20088171958924,18712.0,2026-09-01T23:12:56.128Z,14200.0,10650.0,Lum,24P,,424.0,35.0,fix1,local,25.2253,0.0011,191.0,A100 (80 GB),2026-09-01 23:12:56.128000+00:00
lenovo_tttserver,A100-SXM4-80GB,"3.12.3 (main, Mar  3 2026, 12:15:18) [GCC 13.3.0]",py312_cuml_adaptive,profiler_cuml_adaptive_fix1,QHY411-3_Lum_full,151.2,27.248352527618408,18712.0,2026-09-01T23:13:30.147Z,14200.0,10650.0,Lum,24P,,424.0,35.0,fix1,local,25.2253,0.0011,191.0,A100 (80 GB),2026-09-01 23:13:30.147000+00:00
lenovo_tttserver,A100-SXM4-80GB,"3.12.3 (main, Mar  3 2026, 12:15:18) [GCC 13.3.0]",py312_cuml_adaptive,profiler_cuml_adaptive_fix1,QHY411-3_Lum_full,151.2,27.06945943832397,18712.0,2026-09-01T23:14:07.454Z,14200.0,10650.0,Lum,24P,,424.0,35.0,fix1,local,25.2253,0.0011,191.0,A100 (80 GB),2026-09-01 23:14:07.454000+00:00
lenovo_tttserver,A100-SXM4-80GB,"3.12.3 (main, Mar  3 2026, 12:15:18) [GCC 13.3.0]",py312_cuml_adaptive,profiler_cuml_adaptive_fix1,QHY411-3_Lum_full,151.2,27.12926030158997,18712.0,2026-09-01T23:14:41.263Z,14200.0,10650.0,Lum,24P,,424.0,35.0,fix1,local,25.2253,0.0011,191.0,A100 (80 GB),2026-09-01 23:14:41.263000+00:00
lenovo_tttserver,A100-SXM4-80GB,"3.12.3 (main, Mar  3 2026, 12:15:18) [GCC 13.3.0]",py312_cuml_adaptive,profiler_cuml_adaptive_fix1,QHY411-3_Lum_full,151.2,31.64567542076111,18712.0,2026-09-01T23:15:23.722Z,14200.0,10650.0,Lum,24P,,424.0,35.0,fix1,local,25.2253,0.0011,191.0,A100 (80 GB),2026-09-01 23:15:23.722000+00:00
lenovo_tttserver,A100-SXM4-80GB,"3.12.3 (main, Mar  3 2026, 12:15:18) [GCC 13.3.0]",py312_cuml_adaptive,profiler_cuml_adaptive_fix1,QHY411-3_Lum_full,151.2,27.81627655029297,18712.0,2026-09-01T23:15:58.398Z,14200.0,10650.0,Lum,24P,,424.0,35.0,fix1,local,25.2253,0.0011,191.0,A100 (80 GB),2026-09-01 23:15:58.398000+00:00
lenovo_tttserver,A100-SXM4-80GB,"3.12.3 (main, Mar  3 2026, 12:15:18) [GCC 13.3.0]",py312_cuml_adaptive,profiler_cuml_adaptive_fix1,QHY411-3_Lum_full,151.2,28.0446412563324,18712.0,2026-09-01T23:16:34.283Z,14200.0,10650.0,Lum,24P,,424.0,35.0,fix1,local,25.2253,0.0011,191.0,A100 (80 GB),2026-09-01 23:16:34.283000+00:00
lenovo_tttserver,A100-SXM4-80GB,"3.8.10 (default, Nov 22 2023, 10:22:35) 
[GCC 9.4.0]",py38_baseline,profiler_py38_fix1,QHY411-3_SDSSr_19k,151.2,27.23458433151245,19492.0,2026-09-02T00:29:04.530Z,14200.0,10650.0,SDSSr,NGC2683,,424.0,36.0,fix1,local,24.0577,0.0012,183.0,A100 (80 GB),2026-09-02 00:29:04.530000+00:00
lenovo_tttserver,A100-SXM4-80GB,"3.8.10 (default, Nov 22 2023, 10:22:35) 
[GCC 9.4.0]",py38_baseline,profiler_py38_fix1,QHY411-3_SDSSr_19k,151.2,27.812039375305176,19492.0,2026-09-02T00:29:36.162Z,14200.0,10650.0,SDSSr,NGC2683,,424.0,36.0,fix1,local,24.0577,0.0012,183.0,A100 (80 GB),2026-09-02 00:29:36.162000+00:00
lenovo_tttserver,A100-SXM4-80GB,"3.8.10 (default, Nov 22 2023, 10:22:35) 
[GCC 9.4.0]",py38_baseline,profiler_py38_fix1,QHY411-3_SDSSr_19k,151.2,27.55464625358581,19492.0,2026-09-02T00:30:08.549Z,14200.0,10650.0,SDSSr,NGC2683,,424.0,36.0,fix1,local,24.0577,0.0012,183.0,A100 (80 GB),2026-09-02 00:30:08.549000+00:00
lenovo_tttserver,A100-SXM4-80GB,"3.8.10 (default, Nov 22 2023, 10:22:35) 
[GCC 9.4.0]",py38_baseline,profiler_py38_fix1,QHY411-3_SDSSr_19k,151.2,26.684759855270386,19492.0,2026-09-02T00:30:39.378Z,14200.0,10650.0,SDSSr,NGC2683,,424.0,36.0,fix1,local,24.0577,0.0012,183.0,A100 (80 GB),2026-09-02 00:30:39.378000+00:00
lenovo_tttserver,A100-SXM4-80GB,"3.8.10 (default, Nov 22 2023, 10:22:35) 
[GCC 9.4.0]",py38_baseline,profiler_py38_fix1,QHY411-3_SDSSr_19k,151.2,27.01452612876892,19492.0,2026-09-02T00:31:48.621Z,14200.0,10650.0,SDSSr,NGC2683,,424.0,36.0,fix1,local,24.0577,0.0012,183.0,A100 (80 GB),2026-09-02 00:31:48.621000+00:00
lenovo_tttserver,A100-SXM4-80GB,"3.8.10 (default, Nov 22 2023, 10:22:35) 
[GCC 9.4.0]",py38_baseline,profiler_py38_fix1,QHY411-3_SDSSr_19k,151.2,26.623703241348267,19492.0,2026-09-02T00:32:19.412Z,14200.0,10650.0,SDSSr,NGC2683,,424.0,36.0,fix1,local,24.0577,0.0012,183.0,A100 (80 GB),2026-09-02 00:32:19.412000+00:00
lenovo_tttserver,A100-SXM4-80GB,"3.8.10 (default, Nov 22 2023, 10:22:35) 
[GCC 9.4.0]",py38_baseline,profiler_py38_fix1,QHY411-3_SDSSr_19k,151.2,26.06140923500061,19492.0,2026-09-02T00:33:26.158Z,14200.0,10650.0,SDSSr,NGC2683,,424.0,36.0,fix1,local,24.0577,0.0012,183.0,A100 (80 GB),2026-09-02 00:33:26.158000+00:00
lenovo_tttserver,A100-SXM4-80GB,"3.8.10 (default, Nov 22 2023, 10:22:35) 
[GCC 9.4.0]",py38_baseline,profiler_py38_fix1,QHY411-3_SDSSr_19k,151.2,26.46015453338623,19492.0,2026-09-02T00:33:56.654Z,14200.0,10650.0,SDSSr,NGC2683,,424.0,37.0,fix1,local,24.0577,0.0012,183.0,A100 (80 GB),2026-09-02 00:33:56.654000+00:00
lenovo_tttserver,A100-SXM4-80GB,"3.12.3 (main, Mar  3 2026, 12:15:18) [GCC 13.3.0]",py312_cuml_adaptive,profiler_cuml_adaptive_fix1,QHY411-3_SDSSr_19k,151.2,29.16360592842102,19492.0,2026-09-02T00:24:28.346Z,14200.0,10650.0,SDSSr,NGC2683,,424.0,35.0,fix1,local,24.0561,0.0013,187.0,A100 (80 GB),2026-09-02 00:24:28.346000+00:00
lenovo_tttserver,A100-SXM4-80GB,"3.12.3 (main, Mar  3 2026, 12:15:18) [GCC 13.3.0]",py312_cuml_adaptive,profiler_cuml_adaptive_fix1,QHY411-3_SDSSr_19k,151.2,29.58719539642334,19492.0,2026-09-02T00:25:05.526Z,14200.0,10650.0,SDSSr,NGC2683,,424.0,35.0,fix1,local,24.0561,0.0013,187.0,A100 (80 GB),2026-09-02 00:25:05.526000+00:00
lenovo_tttserver,A100-SXM4-80GB,"3.12.3 (main, Mar  3 2026, 12:15:18) [GCC 13.3.0]",py312_cuml_adaptive,profiler_cuml_adaptive_fix1,QHY411-3_SDSSr_19k,151.2,28.310142278671265,19492.0,2026-09-02T00:25:41.209Z,14200.0,10650.0,SDSSr,NGC2683,,424.0,35.0,fix1,local,24.0561,0.0013,187.0,A100 (80 GB),2026-09-02 00:25:41.209000+00:00
lenovo_tttserver,A100-SXM4-80GB,"3.12.3 (main, Mar  3 2026, 12:15:18) [GCC 13.3.0]",py312_cuml_adaptive,profiler_cuml_adaptive_fix1,QHY411-3_SDSSr_19k,151.2,29.887028694152832,19492.0,2026-09-02T00:26:18.007Z,14200.0,10650.0,SDSSr,NGC2683,,424.0,35.0,fix1,local,24.0561,0.0013,187.0,A100 (80 GB),2026-09-02 00:26:18.007000+00:00
lenovo_tttserver,A100-SXM4-80GB,"3.12.3 (main, Mar  3 2026, 12:15:18) [GCC 13.3.0]",py312_cuml_adaptive,profiler_cuml_adaptive_fix1,QHY411-3_SDSSr_19k,151.2,26.7528338432312,19492.0,2026-09-02T00:26:51.728Z,14200.0,10650.0,SDSSr,NGC2683,,424.0,35.0,fix1,local,24.0561,0.0013,187.0,A100 (80 GB),2026-09-02 00:26:51.728000+00:00
lenovo_tttserver,A100-SXM4-80GB,"3.12.3 (main, Mar  3 2026, 12:15:18) [GCC 13.3.0]",py312_cuml_adaptive,profiler_cuml_adaptive_fix1,QHY411-3_SDSSr_19k,151.2,28.90870237350464,19492.0,2026-09-02T00:27:27.802Z,14200.0,10650.0,SDSSr,NGC2683,,424.0,35.0,fix1,local,24.0561,0.0013,187.0,A100 (80 GB),2026-09-02 00:27:27.802000+00:00
lenovo_tttserver,A100-SXM4-80GB,"3.8.10 (default, Nov 22 2023, 10:22:35) 
[GCC 9.4.0]",py38_baseline,profiler_py38_fix1,QHY411-3_SDSSr_full,151.2,30.23218989372253,15390.0,2026-09-01T23:25:14.667Z,14200.0,10650.0,SDSSr,M81,,424.0,36.0,fix1,local,24.0879,0.0012,186.0,A100 (80 GB),2026-09-01 23:25:14.667000+00:00
lenovo_tttserver,A100-SXM4-80GB,"3.8.10 (default, Nov 22 2023, 10:22:35) 
[GCC 9.4.0]",py38_baseline,profiler_py38_fix1,QHY411-3_SDSSr_full,151.2,25.254098176956177,15390.0,2026-09-01T23:25:45.209Z,14200.0,10650.0,SDSSr,M81,,424.0,35.0,fix1,local,24.0879,0.0012,186.0,A100 (80 GB),2026-09-01 23:25:45.209000+00:00
lenovo_tttserver,A100-SXM4-80GB,"3.8.10 (default, Nov 22 2023, 10:22:35) 
[GCC 9.4.0]",py38_baseline,profiler_py38_fix1,QHY411-3_SDSSr_full,151.2,27.6026349067688,15390.0,2026-09-01T23:26:16.839Z,14200.0,10650.0,SDSSr,M81,,424.0,36.0,fix1,local,24.0879,0.0012,186.0,A100 (80 GB),2026-09-01 23:26:16.839000+00:00
lenovo_tttserver,A100-SXM4-80GB,"3.8.10 (default, Nov 22 2023, 10:22:35) 
[GCC 9.4.0]",py38_baseline,profiler_py38_fix1,QHY411-3_SDSSr_full,151.2,26.331625938415527,15390.0,2026-09-01T23:26:49.153Z,14200.0,10650.0,SDSSr,M81,,424.0,35.0,fix1,local,24.0879,0.0012,186.0,A100 (80 GB),2026-09-01 23:26:49.153000+00:00
lenovo_tttserver,A100-SXM4-80GB,"3.8.10 (default, Nov 22 2023, 10:22:35) 
[GCC 9.4.0]",py38_baseline,profiler_py38_fix1,QHY411-3_SDSSr_full,151.2,25.980127096176147,15390.0,2026-09-01T23:27:19.767Z,14200.0,10650.0,SDSSr,M81,,424.0,36.0,fix1,local,24.0879,0.0012,186.0,A100 (80 GB),2026-09-01 23:27:19.767000+00:00
lenovo_tttserver,A100-SXM4-80GB,"3.8.10 (default, Nov 22 2023, 10:22:35) 
[GCC 9.4.0]",py38_baseline,profiler_py38_fix1,QHY411-3_SDSSr_full,151.2,26.35786271095276,15390.0,2026-09-01T23:28:26.375Z,14200.0,10650.0,SDSSr,M81,,424.0,36.0,fix1,local,24.0879,0.0012,186.0,A100 (80 GB),2026-09-01 23:28:26.375000+00:00
lenovo_tttserver,A100-SXM4-80GB,"3.8.10 (default, Nov 22 2023, 10:22:35) 
[GCC 9.4.0]",py38_baseline,profiler_py38_fix1,QHY411-3_SDSSr_full,151.2,28.131582736969,15390.0,2026-09-01T23:29:41.490Z,14200.0,10650.0,SDSSr,M81,,424.0,36.0,fix1,local,24.0879,0.0012,186.0,A100 (80 GB),2026-09-01 23:29:41.490000+00:00
lenovo_tttserver,A100-SXM4-80GB,"3.8.10 (default, Nov 22 2023, 10:22:35) 
[GCC 9.4.0]",py38_baseline,profiler_py38_fix1,QHY411-3_SDSSr_full,151.2,26.64385747909546,15390.0,2026-09-01T23:30:13.205Z,14200.0,10650.0,SDSSr,M81,,424.0,36.0,fix1,local,24.0879,0.0012,186.0,A100 (80 GB),2026-09-01 23:30:13.205000+00:00
lenovo_tttserver,A100-SXM4-80GB,"3.12.3 (main, Mar  3 2026, 12:15:18) [GCC 13.3.0]",py312_cuml_adaptive,profiler_cuml_adaptive_fix1,QHY411-3_SDSSr_full,151.2,25.98507761955261,15390.0,2026-09-01T23:18:24.006Z,14200.0,10650.0,SDSSr,M81,,424.0,35.0,fix1,local,24.0872,0.0011,184.0,A100 (80 GB),2026-09-01 23:18:24.006000+00:00
lenovo_tttserver,A100-SXM4-80GB,"3.12.3 (main, Mar  3 2026, 12:15:18) [GCC 13.3.0]",py312_cuml_adaptive,profiler_cuml_adaptive_fix1,QHY411-3_SDSSr_full,151.2,27.3186297416687,15390.0,2026-09-01T23:18:59.488Z,14200.0,10650.0,SDSSr,M81,,424.0,35.0,fix1,local,24.0872,0.0011,184.0,A100 (80 GB),2026-09-01 23:18:59.488000+00:00
lenovo_tttserver,A100-SXM4-80GB,"3.12.3 (main, Mar  3 2026, 12:15:18) [GCC 13.3.0]",py312_cuml_adaptive,profiler_cuml_adaptive_fix1,QHY411-3_SDSSr_full,151.2,26.3084728717804,15390.0,2026-09-01T23:19:33.238Z,14200.0,10650.0,SDSSr,M81,,424.0,35.0,fix1,local,24.0872,0.0011,184.0,A100 (80 GB),2026-09-01 23:19:33.238000+00:00
lenovo_tttserver,A100-SXM4-80GB,"3.12.3 (main, Mar  3 2026, 12:15:18) [GCC 13.3.0]",py312_cuml_adaptive,profiler_cuml_adaptive_fix1,QHY411-3_SDSSr_full,151.2,27.45737147331237,15390.0,2026-09-01T23:20:08.698Z,14200.0,10650.0,SDSSr,M81,,424.0,35.0,fix1,local,24.0872,0.0011,184.0,A100 (80 GB),2026-09-01 23:20:08.698000+00:00
lenovo_tttserver,A100-SXM4-80GB,"3.12.3 (main, Mar  3 2026, 12:15:18) [GCC 13.3.0]",py312_cuml_adaptive,profiler_cuml_adaptive_fix1,QHY411-3_SDSSr_full,151.2,27.115737199783325,15390.0,2026-09-01T23:20:43.080Z,14200.0,10650.0,SDSSr,M81,,424.0,35.0,fix1,local,24.0872,0.0011,184.0,A100 (80 GB),2026-09-01 23:20:43.080000+00:00
lenovo_tttserver,A100-SXM4-80GB,"3.12.3 (main, Mar  3 2026, 12:15:18) [GCC 13.3.0]",py312_cuml_adaptive,profiler_cuml_adaptive_fix1,QHY411-3_SDSSr_full,151.2,26.69739055633545,15390.0,2026-09-01T23:21:17.721Z,14200.0,10650.0,SDSSr,M81,,424.0,35.0,fix1,local,24.0872,0.0011,184.0,A100 (80 GB),2026-09-01 23:21:17.721000+00:00
lenovo_tttserver,A100-SXM4-80GB,"3.12.3 (main, Mar  3 2026, 12:15:18) [GCC 13.3.0]",py312_cuml_adaptive,profiler_cuml_adaptive_fix1,QHY411-3_SDSSr_full,151.2,27.58909773826599,15390.0,2026-09-01T23:21:52.106Z,14200.0,10650.0,SDSSr,M81,,424.0,35.0,fix1,local,24.0872,0.0011,184.0,A100 (80 GB),2026-09-01 23:21:52.106000+00:00
lenovo_tttserver,A100-SXM4-80GB,"3.12.3 (main, Mar  3 2026, 12:15:18) [GCC 13.3.0]",py312_cuml_adaptive,profiler_cuml_adaptive_fix1,QHY411-3_SDSSr_full,151.2,26.881651878356934,15390.0,2026-09-01T23:22:28.385Z,14200.0,10650.0,SDSSr,M81,,424.0,35.0,fix1,local,24.0872,0.0011,184.0,A100 (80 GB),2026-09-01 23:22:28.385000+00:00
lenovo_tttserver,A100-SXM4-80GB,"3.12.3 (main, Mar  3 2026, 12:15:18) [GCC 13.3.0]",py312_cuml_adaptive,profiler_cuml_adaptive_fix1,QHY411-3_SDSSr_full,151.2,26.31463527679444,15390.0,2026-09-01T23:23:01.544Z,14200.0,10650.0,SDSSr,M81,,424.0,35.0,fix1,local,24.0872,0.0011,184.0,A100 (80 GB),2026-09-01 23:23:01.544000+00:00
lenovo_tttserver,A100-SXM4-80GB,"3.12.3 (main, Mar  3 2026, 12:15:18) [GCC 13.3.0]",py312_cuml_adaptive,profiler_cuml_adaptive_fix1,QHY411-3_SDSSr_full,151.2,25.92584800720215,15390.0,2026-09-01T23:23:36.750Z,14200.0,10650.0,SDSSr,M81,,424.0,35.0,fix1,local,24.0872,0.0011,184.0,A100 (80 GB),2026-09-01 23:23:36.750000+00:00
lenovo_tttserver,A100-SXM4-80GB,"3.8.10 (default, Nov 22 2023, 10:22:35) 
[GCC 9.4.0]",py38_baseline,profiler_py38_fix1,QHY600-3_Lum,6.8,5.826577663421631,8093.0,2026-09-01T22:22:45.010Z,3191.0,2129.0,Lum,C2025R2,,424.0,35.0,fix1,local,26.8056,0.0082,8.0,A100 (80 GB),2026-09-01 22:22:45.010000+00:00
lenovo_tttserver,A100-SXM4-80GB,"3.8.10 (default, Nov 22 2023, 10:22:35) 
[GCC 9.4.0]",py38_baseline,profiler_py38_fix1,QHY600-3_Lum,6.8,6.041894674301148,8093.0,2026-09-01T22:22:56.904Z,3191.0,2129.0,Lum,C2025R2,,424.0,35.0,fix1,local,26.8056,0.0082,8.0,A100 (80 GB),2026-09-01 22:22:56.904000+00:00
lenovo_tttserver,A100-SXM4-80GB,"3.8.10 (default, Nov 22 2023, 10:22:35) 
[GCC 9.4.0]",py38_baseline,profiler_py38_fix1,QHY600-3_Lum,6.8,5.678828716278076,8093.0,2026-09-01T22:23:06.786Z,3191.0,2129.0,Lum,C2025R2,,424.0,35.0,fix1,local,26.8056,0.0082,8.0,A100 (80 GB),2026-09-01 22:23:06.786000+00:00
lenovo_tttserver,A100-SXM4-80GB,"3.8.10 (default, Nov 22 2023, 10:22:35) 
[GCC 9.4.0]",py38_baseline,profiler_py38_fix1,QHY600-3_Lum,6.8,6.01903223991394,8093.0,2026-09-01T22:23:17.107Z,3191.0,2129.0,Lum,C2025R2,,424.0,35.0,fix1,local,26.8056,0.0082,8.0,A100 (80 GB),2026-09-01 22:23:17.107000+00:00
lenovo_tttserver,A100-SXM4-80GB,"3.8.10 (default, Nov 22 2023, 10:22:35) 
[GCC 9.4.0]",py38_baseline,profiler_py38_fix1,QHY600-3_Lum,6.8,5.328752756118774,8093.0,2026-09-01T22:23:26.303Z,3191.0,2129.0,Lum,C2025R2,,424.0,35.0,fix1,local,26.8056,0.0082,8.0,A100 (80 GB),2026-09-01 22:23:26.303000+00:00
lenovo_tttserver,A100-SXM4-80GB,"3.8.10 (default, Nov 22 2023, 10:22:35) 
[GCC 9.4.0]",py38_baseline,profiler_py38_fix1,QHY600-3_Lum,6.8,5.371096134185791,8093.0,2026-09-01T22:23:35.361Z,3191.0,2129.0,Lum,C2025R2,,424.0,35.0,fix1,local,26.8056,0.0082,8.0,A100 (80 GB),2026-09-01 22:23:35.361000+00:00
lenovo_tttserver,A100-SXM4-80GB,"3.8.10 (default, Nov 22 2023, 10:22:35) 
[GCC 9.4.0]",py38_baseline,profiler_py38_fix1,QHY600-3_Lum,6.8,5.292279481887817,8093.0,2026-09-01T22:23:44.464Z,3191.0,2129.0,Lum,C2025R2,,424.0,35.0,fix1,local,26.8056,0.0082,8.0,A100 (80 GB),2026-09-01 22:23:44.464000+00:00
lenovo_tttserver,A100-SXM4-80GB,"3.8.10 (default, Nov 22 2023, 10:22:35) 
[GCC 9.4.0]",py38_baseline,profiler_py38_fix1,QHY600-3_Lum,6.8,5.69865870475769,8093.0,2026-09-01T22:23:53.924Z,3191.0,2129.0,Lum,C2025R2,,424.0,35.0,fix1,local,26.8056,0.0082,8.0,A100 (80 GB),2026-09-01 22:23:53.924000+00:00
lenovo_tttserver,A100-SXM4-80GB,"3.8.10 (default, Nov 22 2023, 10:22:35) 
[GCC 9.4.0]",py38_baseline,profiler_py38_fix1,QHY600-3_Lum,6.8,5.399822235107422,8093.0,2026-09-01T22:24:04.555Z,3191.0,2129.0,Lum,C2025R2,,424.0,35.0,fix1,local,26.8056,0.0082,8.0,A100 (80 GB),2026-09-01 22:24:04.555000+00:00
lenovo_tttserver,A100-SXM4-80GB,"3.8.10 (default, Nov 22 2023, 10:22:35) 
[GCC 9.4.0]",py38_baseline,profiler_py38_fix1,QHY600-3_Lum,6.8,5.996413946151733,8093.0,2026-09-01T22:24:14.898Z,3191.0,2129.0,Lum,C2025R2,,424.0,35.0,fix1,local,26.8056,0.0082,8.0,A100 (80 GB),2026-09-01 22:24:14.898000+00:00
lenovo_tttserver,A100-SXM4-80GB,"3.12.3 (main, Mar  3 2026, 12:15:18) [GCC 13.3.0]",py312_cuml_adaptive,profiler_cuml_adaptive_fix1,QHY600-3_Lum,6.8,6.638747453689575,8093.0,2026-09-01T22:24:57.106Z,3191.0,2129.0,Lum,C2025R2,,424.0,35.0,fix1,local,26.8056,0.0082,8.0,A100 (80 GB),2026-09-01 22:24:57.106000+00:00
lenovo_tttserver,A100-SXM4-80GB,"3.12.3 (main, Mar  3 2026, 12:15:18) [GCC 13.3.0]",py312_cuml_adaptive,profiler_cuml_adaptive_fix1,QHY600-3_Lum,6.8,6.720027446746826,8093.0,2026-09-01T22:25:12.554Z,3191.0,2129.0,Lum,C2025R2,,424.0,34.0,fix1,local,26.8056,0.0082,8.0,A100 (80 GB),2026-09-01 22:25:12.554000+00:00
lenovo_tttserver,A100-SXM4-80GB,"3.12.3 (main, Mar  3 2026, 12:15:18) [GCC 13.3.0]",py312_cuml_adaptive,profiler_cuml_adaptive_fix1,QHY600-3_Lum,6.8,7.82865834236145,8093.0,2026-09-01T22:25:27.061Z,3191.0,2129.0,Lum,C2025R2,,424.0,35.0,fix1,local,26.8056,0.0082,8.0,A100 (80 GB),2026-09-01 22:25:27.061000+00:00
lenovo_tttserver,A100-SXM4-80GB,"3.12.3 (main, Mar  3 2026, 12:15:18) [GCC 13.3.0]",py312_cuml_adaptive,profiler_cuml_adaptive_fix1,QHY600-3_Lum,6.8,7.199736833572388,8093.0,2026-09-01T22:25:41.949Z,3191.0,2129.0,Lum,C2025R2,,424.0,34.0,fix1,local,26.8056,0.0082,8.0,A100 (80 GB),2026-09-01 22:25:41.949000+00:00
lenovo_tttserver,A100-SXM4-80GB,"3.12.3 (main, Mar  3 2026, 12:15:18) [GCC 13.3.0]",py312_cuml_adaptive,profiler_cuml_adaptive_fix1,QHY600-3_Lum,6.8,7.345546722412109,8093.0,2026-09-01T22:25:56.983Z,3191.0,2129.0,Lum,C2025R2,,424.0,35.0,fix1,local,26.8056,0.0082,8.0,A100 (80 GB),2026-09-01 22:25:56.983000+00:00
lenovo_tttserver,A100-SXM4-80GB,"3.12.3 (main, Mar  3 2026, 12:15:18) [GCC 13.3.0]",py312_cuml_adaptive,profiler_cuml_adaptive_fix1,QHY600-3_Lum,6.8,6.3428497314453125,8093.0,2026-09-01T22:26:10.365Z,3191.0,2129.0,Lum,C2025R2,,424.0,35.0,fix1,local,26.8056,0.0082,8.0,A100 (80 GB),2026-09-01 22:26:10.365000+00:00
lenovo_tttserver,A100-SXM4-80GB,"3.12.3 (main, Mar  3 2026, 12:15:18) [GCC 13.3.0]",py312_cuml_adaptive,profiler_cuml_adaptive_fix1,QHY600-3_Lum,6.8,7.285078525543213,8093.0,2026-09-01T22:26:25.756Z,3191.0,2129.0,Lum,C2025R2,,424.0,34.0,fix1,local,26.8056,0.0082,8.0,A100 (80 GB),2026-09-01 22:26:25.756000+00:00
lenovo_tttserver,A100-SXM4-80GB,"3.12.3 (main, Mar  3 2026, 12:15:18) [GCC 13.3.0]",py312_cuml_adaptive,profiler_cuml_adaptive_fix1,QHY600-3_Lum,6.8,7.355780124664307,8093.0,2026-09-01T22:26:39.698Z,3191.0,2129.0,Lum,C2025R2,,424.0,35.0,fix1,local,26.8056,0.0082,8.0,A100 (80 GB),2026-09-01 22:26:39.698000+00:00
lenovo_tttserver,A100-SXM4-80GB,"3.12.3 (main, Mar  3 2026, 12:15:18) [GCC 13.3.0]",py312_cuml_adaptive,profiler_cuml_adaptive_fix1,QHY600-3_Lum,6.8,7.249809980392456,8093.0,2026-09-01T22:26:53.927Z,3191.0,2129.0,Lum,C2025R2,,424.0,35.0,fix1,local,26.8056,0.0082,8.0,A100 (80 GB),2026-09-01 22:26:53.927000+00:00
lenovo_tttserver,A100-SXM4-80GB,"3.12.3 (main, Mar  3 2026, 12:15:18) [GCC 13.3.0]",py312_cuml_adaptive,profiler_cuml_adaptive_fix1,QHY600-3_Lum,6.8,7.101823329925537,8093.0,2026-09-01T22:27:08.653Z,3191.0,2129.0,Lum,C2025R2,,424.0,35.0,fix1,local,26.8056,0.0082,8.0,A100 (80 GB),2026-09-01 22:27:08.653000+00:00
lenovo_tttserver,A100-SXM4-80GB,"3.8.10 (default, Nov 22 2023, 10:22:35) 
[GCC 9.4.0]",py38_baseline,profiler_py38_fix1,QHY600-3_SDSSi_2k,6.8,5.999343633651733,3515.0,2026-09-01T23:30:47.918Z,3191.0,2129.0,SDSSi,Atira,,424.0,36.0,fix1,local,22.0127,0.0015,177.0,A100 (80 GB),2026-09-01 23:30:47.918000+00:00
lenovo_tttserver,A100-SXM4-80GB,"3.8.10 (default, Nov 22 2023, 10:22:35) 
[GCC 9.4.0]",py38_baseline,profiler_py38_fix1,QHY600-3_SDSSi_2k,6.8,7.036383152008057,3515.0,2026-09-01T23:31:00.286Z,3191.0,2129.0,SDSSi,Atira,,424.0,36.0,fix1,local,22.0127,0.0015,177.0,A100 (80 GB),2026-09-01 23:31:00.286000+00:00
lenovo_tttserver,A100-SXM4-80GB,"3.8.10 (default, Nov 22 2023, 10:22:35) 
[GCC 9.4.0]",py38_baseline,profiler_py38_fix1,QHY600-3_SDSSi_2k,6.8,7.127276659011841,3515.0,2026-09-01T23:31:11.619Z,3191.0,2129.0,SDSSi,Atira,,424.0,36.0,fix1,local,22.0127,0.0015,177.0,A100 (80 GB),2026-09-01 23:31:11.619000+00:00
lenovo_tttserver,A100-SXM4-80GB,"3.8.10 (default, Nov 22 2023, 10:22:35) 
[GCC 9.4.0]",py38_baseline,profiler_py38_fix1,QHY600-3_SDSSi_2k,6.8,6.107220888137817,3515.0,2026-09-01T23:31:21.579Z,3191.0,2129.0,SDSSi,Atira,,424.0,36.0,fix1,local,22.0127,0.0015,177.0,A100 (80 GB),2026-09-01 23:31:21.579000+00:00
lenovo_tttserver,A100-SXM4-80GB,"3.8.10 (default, Nov 22 2023, 10:22:35) 
[GCC 9.4.0]",py38_baseline,profiler_py38_fix1,QHY600-3_SDSSi_2k,6.8,5.659128665924072,3515.0,2026-09-01T23:31:30.989Z,3191.0,2129.0,SDSSi,Atira,,424.0,36.0,fix1,local,22.0127,0.0015,177.0,A100 (80 GB),2026-09-01 23:31:30.989000+00:00
lenovo_tttserver,A100-SXM4-80GB,"3.8.10 (default, Nov 22 2023, 10:22:35) 
[GCC 9.4.0]",py38_baseline,profiler_py38_fix1,QHY600-3_SDSSi_2k,6.8,5.746502161026001,3515.0,2026-09-01T23:31:40.613Z,3191.0,2129.0,SDSSi,Atira,,424.0,36.0,fix1,local,22.0127,0.0015,177.0,A100 (80 GB),2026-09-01 23:31:40.613000+00:00
lenovo_tttserver,A100-SXM4-80GB,"3.8.10 (default, Nov 22 2023, 10:22:35) 
[GCC 9.4.0]",py38_baseline,profiler_py38_fix1,QHY600-3_SDSSi_2k,6.8,6.495002269744873,3515.0,2026-09-01T23:31:50.737Z,3191.0,2129.0,SDSSi,Atira,,424.0,36.0,fix1,local,22.0127,0.0015,177.0,A100 (80 GB),2026-09-01 23:31:50.737000+00:00
lenovo_tttserver,A100-SXM4-80GB,"3.8.10 (default, Nov 22 2023, 10:22:35) 
[GCC 9.4.0]",py38_baseline,profiler_py38_fix1,QHY600-3_SDSSi_2k,6.8,6.749939203262329,3515.0,2026-09-01T23:32:03.037Z,3191.0,2129.0,SDSSi,Atira,,424.0,35.0,fix1,local,22.0127,0.0015,177.0,A100 (80 GB),2026-09-01 23:32:03.037000+00:00
lenovo_tttserver,A100-SXM4-80GB,"3.8.10 (default, Nov 22 2023, 10:22:35) 
[GCC 9.4.0]",py38_baseline,profiler_py38_fix1,QHY600-3_SDSSi_2k,6.8,7.0034027099609375,3515.0,2026-09-01T23:32:14.487Z,3191.0,2129.0,SDSSi,Atira,,424.0,36.0,fix1,local,22.0127,0.0015,177.0,A100 (80 GB),2026-09-01 23:32:14.487000+00:00
lenovo_tttserver,A100-SXM4-80GB,"3.8.10 (default, Nov 22 2023, 10:22:35) 
[GCC 9.4.0]",py38_baseline,profiler_py38_fix1,QHY600-3_SDSSi_2k,6.8,6.789207696914673,3515.0,2026-09-01T23:32:25.025Z,3191.0,2129.0,SDSSi,Atira,,424.0,36.0,fix1,local,22.0127,0.0015,177.0,A100 (80 GB),2026-09-01 23:32:25.025000+00:00
lenovo_tttserver,A100-SXM4-80GB,"3.12.3 (main, Mar  3 2026, 12:15:18) [GCC 13.3.0]",py312_cuml_adaptive,profiler_cuml_adaptive_fix1,QHY600-3_SDSSi_2k,6.8,8.15267014503479,3515.0,2026-09-01T23:33:41.027Z,3191.0,2129.0,SDSSi,Atira,,424.0,35.0,fix1,local,22.0127,0.0015,177.0,A100 (80 GB),2026-09-01 23:33:41.027000+00:00
lenovo_tttserver,A100-SXM4-80GB,"3.12.3 (main, Mar  3 2026, 12:15:18) [GCC 13.3.0]",py312_cuml_adaptive,profiler_cuml_adaptive_fix1,QHY600-3_SDSSi_2k,6.8,7.298932313919067,3515.0,2026-09-01T23:33:55.426Z,3191.0,2129.0,SDSSi,Atira,,424.0,35.0,fix1,local,22.0127,0.0015,177.0,A100 (80 GB),2026-09-01 23:33:55.426000+00:00
lenovo_tttserver,A100-SXM4-80GB,"3.12.3 (main, Mar  3 2026, 12:15:18) [GCC 13.3.0]",py312_cuml_adaptive,profiler_cuml_adaptive_fix1,QHY600-3_SDSSi_2k,6.8,7.59916353225708,3515.0,2026-09-01T23:34:10.588Z,3191.0,2129.0,SDSSi,Atira,,424.0,35.0,fix1,local,22.0127,0.0015,177.0,A100 (80 GB),2026-09-01 23:34:10.588000+00:00
lenovo_tttserver,A100-SXM4-80GB,"3.12.3 (main, Mar  3 2026, 12:15:18) [GCC 13.3.0]",py312_cuml_adaptive,profiler_cuml_adaptive_fix1,QHY600-3_SDSSi_2k,6.8,7.586503744125366,3515.0,2026-09-01T23:34:24.854Z,3191.0,2129.0,SDSSi,Atira,,424.0,35.0,fix1,local,22.0127,0.0015,177.0,A100 (80 GB),2026-09-01 23:34:24.854000+00:00
lenovo_tttserver,A100-SXM4-80GB,"3.12.3 (main, Mar  3 2026, 12:15:18) [GCC 13.3.0]",py312_cuml_adaptive,profiler_cuml_adaptive_fix1,QHY600-3_SDSSi_2k,6.8,7.61610746383667,3515.0,2026-09-01T23:34:39.059Z,3191.0,2129.0,SDSSi,Atira,,424.0,35.0,fix1,local,22.0127,0.0015,177.0,A100 (80 GB),2026-09-01 23:34:39.059000+00:00
lenovo_tttserver,A100-SXM4-80GB,"3.12.3 (main, Mar  3 2026, 12:15:18) [GCC 13.3.0]",py312_cuml_adaptive,profiler_cuml_adaptive_fix1,QHY600-3_SDSSi_2k,6.8,7.556001424789429,3515.0,2026-09-01T23:34:54.048Z,3191.0,2129.0,SDSSi,Atira,,424.0,35.0,fix1,local,22.0127,0.0015,177.0,A100 (80 GB),2026-09-01 23:34:54.048000+00:00
lenovo_tttserver,A100-SXM4-80GB,"3.12.3 (main, Mar  3 2026, 12:15:18) [GCC 13.3.0]",py312_cuml_adaptive,profiler_cuml_adaptive_fix1,QHY600-3_SDSSi_2k,6.8,7.531275749206543,3515.0,2026-09-01T23:35:08.810Z,3191.0,2129.0,SDSSi,Atira,,424.0,35.0,fix1,local,22.0127,0.0015,177.0,A100 (80 GB),2026-09-01 23:35:08.810000+00:00
lenovo_tttserver,A100-SXM4-80GB,"3.12.3 (main, Mar  3 2026, 12:15:18) [GCC 13.3.0]",py312_cuml_adaptive,profiler_cuml_adaptive_fix1,QHY600-3_SDSSi_2k,6.8,7.526158809661865,3515.0,2026-09-01T23:35:24.235Z,3191.0,2129.0,SDSSi,Atira,,424.0,34.0,fix1,local,22.0127,0.0015,177.0,A100 (80 GB),2026-09-01 23:35:24.235000+00:00
lenovo_tttserver,A100-SXM4-80GB,"3.8.10 (default, Nov 22 2023, 10:22:35) 
[GCC 9.4.0]",py38_baseline,profiler_py38_fix1,QHY600-4_Ha,15.3,6.623476982116699,601.0,2026-09-01T22:33:24.658Z,4787.0,3193.0,Ha,NGC2903,,424.0,36.0,fix1,local,19.4353,0.0724,9.0,A100 (80 GB),2026-09-01 22:33:24.658000+00:00
lenovo_tttserver,A100-SXM4-80GB,"3.8.10 (default, Nov 22 2023, 10:22:35) 
[GCC 9.4.0]",py38_baseline,profiler_py38_fix1,QHY600-4_Ha,15.3,7.317575931549072,601.0,2026-09-01T22:33:37.244Z,4787.0,3193.0,Ha,NGC2903,,424.0,35.0,fix1,local,19.4353,0.0724,9.0,A100 (80 GB),2026-09-01 22:33:37.244000+00:00
lenovo_tttserver,A100-SXM4-80GB,"3.8.10 (default, Nov 22 2023, 10:22:35) 
[GCC 9.4.0]",py38_baseline,profiler_py38_fix1,QHY600-4_Ha,15.3,7.051493883132935,601.0,2026-09-01T22:33:48.317Z,4787.0,3193.0,Ha,NGC2903,,424.0,36.0,fix1,local,19.4353,0.0724,9.0,A100 (80 GB),2026-09-01 22:33:48.317000+00:00
lenovo_tttserver,A100-SXM4-80GB,"3.8.10 (default, Nov 22 2023, 10:22:35) 
[GCC 9.4.0]",py38_baseline,profiler_py38_fix1,QHY600-4_Ha,15.3,7.699798345565796,601.0,2026-09-01T22:33:59.918Z,4787.0,3193.0,Ha,NGC2903,,424.0,36.0,fix1,local,19.4353,0.0724,9.0,A100 (80 GB),2026-09-01 22:33:59.918000+00:00
lenovo_tttserver,A100-SXM4-80GB,"3.8.10 (default, Nov 22 2023, 10:22:35) 
[GCC 9.4.0]",py38_baseline,profiler_py38_fix1,QHY600-4_Ha,15.3,7.970868825912476,601.0,2026-09-01T22:34:11.999Z,4787.0,3193.0,Ha,NGC2903,,424.0,35.0,fix1,local,19.4353,0.0724,9.0,A100 (80 GB),2026-09-01 22:34:11.999000+00:00
lenovo_tttserver,A100-SXM4-80GB,"3.8.10 (default, Nov 22 2023, 10:22:35) 
[GCC 9.4.0]",py38_baseline,profiler_py38_fix1,QHY600-4_Ha,15.3,7.40293288230896,601.0,2026-09-01T22:34:23.131Z,4787.0,3193.0,Ha,NGC2903,,424.0,36.0,fix1,local,19.4353,0.0724,9.0,A100 (80 GB),2026-09-01 22:34:23.131000+00:00
lenovo_tttserver,A100-SXM4-80GB,"3.8.10 (default, Nov 22 2023, 10:22:35) 
[GCC 9.4.0]",py38_baseline,profiler_py38_fix1,QHY600-4_Ha,15.3,6.9875168800354,601.0,2026-09-01T22:34:33.792Z,4787.0,3193.0,Ha,NGC2903,,424.0,36.0,fix1,local,19.4353,0.0724,9.0,A100 (80 GB),2026-09-01 22:34:33.792000+00:00
lenovo_tttserver,A100-SXM4-80GB,"3.8.10 (default, Nov 22 2023, 10:22:35) 
[GCC 9.4.0]",py38_baseline,profiler_py38_fix1,QHY600-4_Ha,15.3,6.416459083557129,601.0,2026-09-01T22:34:45.431Z,4787.0,3193.0,Ha,NGC2903,,424.0,35.0,fix1,local,19.4353,0.0724,9.0,A100 (80 GB),2026-09-01 22:34:45.431000+00:00
lenovo_tttserver,A100-SXM4-80GB,"3.8.10 (default, Nov 22 2023, 10:22:35) 
[GCC 9.4.0]",py38_baseline,profiler_py38_fix1,QHY600-4_Ha,15.3,6.3784167766571045,601.0,2026-09-01T22:34:55.455Z,4787.0,3193.0,Ha,NGC2903,,424.0,36.0,fix1,local,19.4353,0.0724,9.0,A100 (80 GB),2026-09-01 22:34:55.455000+00:00
lenovo_tttserver,A100-SXM4-80GB,"3.8.10 (default, Nov 22 2023, 10:22:35) 
[GCC 9.4.0]",py38_baseline,profiler_py38_fix1,QHY600-4_Ha,15.3,7.218297243118286,601.0,2026-09-01T22:35:06.526Z,4787.0,3193.0,Ha,NGC2903,,424.0,36.0,fix1,local,19.4353,0.0724,9.0,A100 (80 GB),2026-09-01 22:35:06.526000+00:00
lenovo_tttserver,A100-SXM4-80GB,"3.12.3 (main, Mar  3 2026, 12:15:18) [GCC 13.3.0]",py312_cuml_adaptive,profiler_cuml_adaptive_fix1,QHY600-4_Ha,15.3,7.914808988571167,601.0,2026-09-01T22:35:54.476Z,4787.0,3193.0,Ha,NGC2903,,424.0,35.0,fix1,local,19.4353,0.0724,9.0,A100 (80 GB),2026-09-01 22:35:54.476000+00:00
lenovo_tttserver,A100-SXM4-80GB,"3.12.3 (main, Mar  3 2026, 12:15:18) [GCC 13.3.0]",py312_cuml_adaptive,profiler_cuml_adaptive_fix1,QHY600-4_Ha,15.3,7.703113555908203,601.0,2026-09-01T22:36:09.070Z,4787.0,3193.0,Ha,NGC2903,,424.0,35.0,fix1,local,19.4353,0.0724,9.0,A100 (80 GB),2026-09-01 22:36:09.070000+00:00
lenovo_tttserver,A100-SXM4-80GB,"3.12.3 (main, Mar  3 2026, 12:15:18) [GCC 13.3.0]",py312_cuml_adaptive,profiler_cuml_adaptive_fix1,QHY600-4_Ha,15.3,8.905490636825562,601.0,2026-09-01T22:36:24.822Z,4787.0,3193.0,Ha,NGC2903,,424.0,35.0,fix1,local,19.4353,0.0724,9.0,A100 (80 GB),2026-09-01 22:36:24.822000+00:00
lenovo_tttserver,A100-SXM4-80GB,"3.12.3 (main, Mar  3 2026, 12:15:18) [GCC 13.3.0]",py312_cuml_adaptive,profiler_cuml_adaptive_fix1,QHY600-4_Ha,15.3,8.351550340652466,601.0,2026-09-01T22:36:40.963Z,4787.0,3193.0,Ha,NGC2903,,424.0,35.0,fix1,local,19.4353,0.0724,9.0,A100 (80 GB),2026-09-01 22:36:40.963000+00:00
lenovo_tttserver,A100-SXM4-80GB,"3.12.3 (main, Mar  3 2026, 12:15:18) [GCC 13.3.0]",py312_cuml_adaptive,profiler_cuml_adaptive_fix1,QHY600-4_Ha,15.3,8.859718322753906,601.0,2026-09-01T22:36:58.175Z,4787.0,3193.0,Ha,NGC2903,,424.0,35.0,fix1,local,19.4353,0.0724,9.0,A100 (80 GB),2026-09-01 22:36:58.175000+00:00
lenovo_tttserver,A100-SXM4-80GB,"3.12.3 (main, Mar  3 2026, 12:15:18) [GCC 13.3.0]",py312_cuml_adaptive,profiler_cuml_adaptive_fix1,QHY600-4_Ha,15.3,7.510080099105835,601.0,2026-09-01T22:37:13.024Z,4787.0,3193.0,Ha,NGC2903,,424.0,35.0,fix1,local,19.4353,0.0724,9.0,A100 (80 GB),2026-09-01 22:37:13.024000+00:00
lenovo_tttserver,A100-SXM4-80GB,"3.12.3 (main, Mar  3 2026, 12:15:18) [GCC 13.3.0]",py312_cuml_adaptive,profiler_cuml_adaptive_fix1,QHY600-4_Ha,15.3,7.303519010543823,601.0,2026-09-01T22:37:26.984Z,4787.0,3193.0,Ha,NGC2903,,424.0,35.0,fix1,local,19.4353,0.0724,9.0,A100 (80 GB),2026-09-01 22:37:26.984000+00:00
lenovo_tttserver,A100-SXM4-80GB,"3.12.3 (main, Mar  3 2026, 12:15:18) [GCC 13.3.0]",py312_cuml_adaptive,profiler_cuml_adaptive_fix1,QHY600-4_Ha,15.3,8.67039942741394,601.0,2026-09-01T22:37:42.384Z,4787.0,3193.0,Ha,NGC2903,,424.0,35.0,fix1,local,19.4353,0.0724,9.0,A100 (80 GB),2026-09-01 22:37:42.384000+00:00
lenovo_tttserver,A100-SXM4-80GB,"3.12.3 (main, Mar  3 2026, 12:15:18) [GCC 13.3.0]",py312_cuml_adaptive,profiler_cuml_adaptive_fix1,QHY600-4_Ha,15.3,7.588088035583496,601.0,2026-09-01T22:37:58.083Z,4787.0,3193.0,Ha,NGC2903,,424.0,35.0,fix1,local,19.4353,0.0724,9.0,A100 (80 GB),2026-09-01 22:37:58.083000+00:00
lenovo_tttserver,A100-SXM4-80GB,"3.12.3 (main, Mar  3 2026, 12:15:18) [GCC 13.3.0]",py312_cuml_adaptive,profiler_cuml_adaptive_fix1,QHY600-4_Ha,15.3,8.159542322158813,601.0,2026-09-01T22:38:13.277Z,4787.0,3193.0,Ha,NGC2903,,424.0,35.0,fix1,local,19.4353,0.0724,9.0,A100 (80 GB),2026-09-01 22:38:13.277000+00:00
lenovo_tttserver,A100-SXM4-80GB,"3.8.10 (default, Nov 22 2023, 10:22:35) 
[GCC 9.4.0]",py38_baseline,profiler_py38_fix1,QHY600-4_Lum_2k,15.3,13.159881830215454,2938.0,2026-09-01T23:40:48.388Z,4787.0,3193.0,Lum,1620,,424.0,35.0,fix1,local,23.5044,0.0014,176.0,A100 (80 GB),2026-09-01 23:40:48.388000+00:00
lenovo_tttserver,A100-SXM4-80GB,"3.8.10 (default, Nov 22 2023, 10:22:35) 
[GCC 9.4.0]",py38_baseline,profiler_py38_fix1,QHY600-4_Lum_2k,15.3,12.115211009979248,2938.0,2026-09-01T23:41:04.459Z,4787.0,3193.0,Lum,1620,,424.0,35.0,fix1,local,23.5044,0.0014,176.0,A100 (80 GB),2026-09-01 23:41:04.459000+00:00
lenovo_tttserver,A100-SXM4-80GB,"3.8.10 (default, Nov 22 2023, 10:22:35) 
[GCC 9.4.0]",py38_baseline,profiler_py38_fix1,QHY600-4_Lum_2k,15.3,13.173272371292114,2938.0,2026-09-01T23:41:21.358Z,4787.0,3193.0,Lum,1620,,424.0,35.0,fix1,local,23.5044,0.0014,176.0,A100 (80 GB),2026-09-01 23:41:21.358000+00:00
lenovo_tttserver,A100-SXM4-80GB,"3.8.10 (default, Nov 22 2023, 10:22:35) 
[GCC 9.4.0]",py38_baseline,profiler_py38_fix1,QHY600-4_Lum_2k,15.3,12.076685667037964,2938.0,2026-09-01T23:41:38.421Z,4787.0,3193.0,Lum,1620,,424.0,35.0,fix1,local,23.5044,0.0014,176.0,A100 (80 GB),2026-09-01 23:41:38.421000+00:00
lenovo_tttserver,A100-SXM4-80GB,"3.8.10 (default, Nov 22 2023, 10:22:35) 
[GCC 9.4.0]",py38_baseline,profiler_py38_fix1,QHY600-4_Lum_2k,15.3,12.849278450012209,2938.0,2026-09-01T23:41:55.114Z,4787.0,3193.0,Lum,1620,,424.0,35.0,fix1,local,23.5044,0.0014,176.0,A100 (80 GB),2026-09-01 23:41:55.114000+00:00
lenovo_tttserver,A100-SXM4-80GB,"3.8.10 (default, Nov 22 2023, 10:22:35) 
[GCC 9.4.0]",py38_baseline,profiler_py38_fix1,QHY600-4_Lum_2k,15.3,13.147934675216677,2938.0,2026-09-01T23:42:36.691Z,4787.0,3193.0,Lum,1620,,424.0,35.0,fix1,local,23.5044,0.0014,176.0,A100 (80 GB),2026-09-01 23:42:36.691000+00:00
lenovo_tttserver,A100-SXM4-80GB,"3.8.10 (default, Nov 22 2023, 10:22:35) 
[GCC 9.4.0]",py38_baseline,profiler_py38_fix1,QHY600-4_Lum_2k,15.3,12.063039302825928,2938.0,2026-09-01T23:42:53.722Z,4787.0,3193.0,Lum,1620,,424.0,35.0,fix1,local,23.5044,0.0014,176.0,A100 (80 GB),2026-09-01 23:42:53.722000+00:00
lenovo_tttserver,A100-SXM4-80GB,"3.8.10 (default, Nov 22 2023, 10:22:35) 
[GCC 9.4.0]",py38_baseline,profiler_py38_fix1,QHY600-4_Lum_2k,15.3,14.440874099731444,2938.0,2026-09-01T23:43:11.882Z,4787.0,3193.0,Lum,1620,,424.0,35.0,fix1,local,23.5044,0.0014,176.0,A100 (80 GB),2026-09-01 23:43:11.882000+00:00
lenovo_tttserver,A100-SXM4-80GB,"3.12.3 (main, Mar  3 2026, 12:15:18) [GCC 13.3.0]",py312_cuml_adaptive,profiler_cuml_adaptive_fix1,QHY600-4_Lum_2k,15.3,13.448888540267944,2938.0,2026-09-01T23:36:28.419Z,4787.0,3193.0,Lum,1620,,424.0,35.0,fix1,local,23.5036,0.0014,177.0,A100 (80 GB),2026-09-01 23:36:28.419000+00:00
lenovo_tttserver,A100-SXM4-80GB,"3.12.3 (main, Mar  3 2026, 12:15:18) [GCC 13.3.0]",py312_cuml_adaptive,profiler_cuml_adaptive_fix1,QHY600-4_Lum_2k,15.3,12.384146690368652,2938.0,2026-09-01T23:36:49.014Z,4787.0,3193.0,Lum,1620,,424.0,35.0,fix1,local,23.5036,0.0014,177.0,A100 (80 GB),2026-09-01 23:36:49.014000+00:00
lenovo_tttserver,A100-SXM4-80GB,"3.12.3 (main, Mar  3 2026, 12:15:18) [GCC 13.3.0]",py312_cuml_adaptive,profiler_cuml_adaptive_fix1,QHY600-4_Lum_2k,15.3,13.700428247451782,2938.0,2026-09-01T23:37:09.328Z,4787.0,3193.0,Lum,1620,,424.0,35.0,fix1,local,23.5036,0.0014,177.0,A100 (80 GB),2026-09-01 23:37:09.328000+00:00
lenovo_tttserver,A100-SXM4-80GB,"3.12.3 (main, Mar  3 2026, 12:15:18) [GCC 13.3.0]",py312_cuml_adaptive,profiler_cuml_adaptive_fix1,QHY600-4_Lum_2k,15.3,14.31058406829834,2938.0,2026-09-01T23:37:30.522Z,4787.0,3193.0,Lum,1620,,424.0,35.0,fix1,local,23.5036,0.0014,177.0,A100 (80 GB),2026-09-01 23:37:30.522000+00:00
lenovo_tttserver,A100-SXM4-80GB,"3.12.3 (main, Mar  3 2026, 12:15:18) [GCC 13.3.0]",py312_cuml_adaptive,profiler_cuml_adaptive_fix1,QHY600-4_Lum_2k,15.3,13.17112135887146,2938.0,2026-09-01T23:37:52.452Z,4787.0,3193.0,Lum,1620,,424.0,35.0,fix1,local,23.5036,0.0014,177.0,A100 (80 GB),2026-09-01 23:37:52.452000+00:00
lenovo_tttserver,A100-SXM4-80GB,"3.12.3 (main, Mar  3 2026, 12:15:18) [GCC 13.3.0]",py312_cuml_adaptive,profiler_cuml_adaptive_fix1,QHY600-4_Lum_2k,15.3,12.67061686515808,2938.0,2026-09-01T23:38:12.036Z,4787.0,3193.0,Lum,1620,,424.0,35.0,fix1,local,23.5036,0.0014,177.0,A100 (80 GB),2026-09-01 23:38:12.036000+00:00
lenovo_tttserver,A100-SXM4-80GB,"3.12.3 (main, Mar  3 2026, 12:15:18) [GCC 13.3.0]",py312_cuml_adaptive,profiler_cuml_adaptive_fix1,QHY600-4_Lum_2k,15.3,13.13467812538147,2938.0,2026-09-01T23:38:31.861Z,4787.0,3193.0,Lum,1620,,424.0,35.0,fix1,local,23.5036,0.0014,177.0,A100 (80 GB),2026-09-01 23:38:31.861000+00:00
lenovo_tttserver,A100-SXM4-80GB,"3.12.3 (main, Mar  3 2026, 12:15:18) [GCC 13.3.0]",py312_cuml_adaptive,profiler_cuml_adaptive_fix1,QHY600-4_Lum_2k,15.3,11.915253162384031,2938.0,2026-09-01T23:38:50.439Z,4787.0,3193.0,Lum,1620,,424.0,35.0,fix1,local,23.5036,0.0014,177.0,A100 (80 GB),2026-09-01 23:38:50.439000+00:00
lenovo_tttserver,A100-SXM4-80GB,"3.12.3 (main, Mar  3 2026, 12:15:18) [GCC 13.3.0]",py312_cuml_adaptive,profiler_cuml_adaptive_fix1,QHY600-4_Lum_2k,15.3,13.623600959777832,2938.0,2026-09-01T23:39:12.147Z,4787.0,3193.0,Lum,1620,,424.0,35.0,fix1,local,23.5036,0.0014,177.0,A100 (80 GB),2026-09-01 23:39:12.147000+00:00
lenovo_tttserver,A100-SXM4-80GB,"3.12.3 (main, Mar  3 2026, 12:15:18) [GCC 13.3.0]",py312_cuml_adaptive,profiler_cuml_adaptive_fix1,QHY600-4_Lum_2k,15.3,13.54366159439087,2938.0,2026-09-01T23:39:33.036Z,4787.0,3193.0,Lum,1620,,424.0,35.0,fix1,local,23.5036,0.0014,177.0,A100 (80 GB),2026-09-01 23:39:33.036000+00:00
lenovo_tttserver,A100-SXM4-80GB,"3.8.10 (default, Nov 22 2023, 10:22:35) 
[GCC 9.4.0]",py38_baseline,profiler_py38_fix1,QHY600-4_SDSSg,15.3,8.755866050720215,307.0,2026-09-01T22:31:01.777Z,4787.0,3193.0,SDSSg,WASP-43-b,,424.0,35.0,fix1,local,22.8741,0.003,33.0,A100 (80 GB),2026-09-01 22:31:01.777000+00:00
lenovo_tttserver,A100-SXM4-80GB,"3.8.10 (default, Nov 22 2023, 10:22:35) 
[GCC 9.4.0]",py38_baseline,profiler_py38_fix1,QHY600-4_SDSSg,15.3,8.338300704956055,307.0,2026-09-01T22:31:15.869Z,4787.0,3193.0,SDSSg,WASP-43-b,,424.0,35.0,fix1,local,22.8741,0.003,33.0,A100 (80 GB),2026-09-01 22:31:15.869000+00:00
lenovo_tttserver,A100-SXM4-80GB,"3.8.10 (default, Nov 22 2023, 10:22:35) 
[GCC 9.4.0]",py38_baseline,profiler_py38_fix1,QHY600-4_SDSSg,15.3,8.19464659690857,307.0,2026-09-01T22:31:27.772Z,4787.0,3193.0,SDSSg,WASP-43-b,,424.0,36.0,fix1,local,22.8741,0.003,33.0,A100 (80 GB),2026-09-01 22:31:27.772000+00:00
lenovo_tttserver,A100-SXM4-80GB,"3.8.10 (default, Nov 22 2023, 10:22:35) 
[GCC 9.4.0]",py38_baseline,profiler_py38_fix1,QHY600-4_SDSSg,15.3,7.047520637512207,307.0,2026-09-01T22:31:38.623Z,4787.0,3193.0,SDSSg,WASP-43-b,,424.0,36.0,fix1,local,22.8741,0.003,33.0,A100 (80 GB),2026-09-01 22:31:38.623000+00:00
lenovo_tttserver,A100-SXM4-80GB,"3.8.10 (default, Nov 22 2023, 10:22:35) 
[GCC 9.4.0]",py38_baseline,profiler_py38_fix1,QHY600-4_SDSSg,15.3,7.486191987991333,307.0,2026-09-01T22:31:49.822Z,4787.0,3193.0,SDSSg,WASP-43-b,,424.0,36.0,fix1,local,22.8741,0.003,33.0,A100 (80 GB),2026-09-01 22:31:49.822000+00:00
lenovo_tttserver,A100-SXM4-80GB,"3.8.10 (default, Nov 22 2023, 10:22:35) 
[GCC 9.4.0]",py38_baseline,profiler_py38_fix1,QHY600-4_SDSSg,15.3,8.156853437423706,307.0,2026-09-01T22:32:01.985Z,4787.0,3193.0,SDSSg,WASP-43-b,,424.0,36.0,fix1,local,22.8741,0.003,33.0,A100 (80 GB),2026-09-01 22:32:01.985000+00:00
lenovo_tttserver,A100-SXM4-80GB,"3.8.10 (default, Nov 22 2023, 10:22:35) 
[GCC 9.4.0]",py38_baseline,profiler_py38_fix1,QHY600-4_SDSSg,15.3,7.217251777648926,307.0,2026-09-01T22:32:13.063Z,4787.0,3193.0,SDSSg,WASP-43-b,,424.0,36.0,fix1,local,22.8741,0.003,33.0,A100 (80 GB),2026-09-01 22:32:13.063000+00:00
lenovo_tttserver,A100-SXM4-80GB,"3.8.10 (default, Nov 22 2023, 10:22:35) 
[GCC 9.4.0]",py38_baseline,profiler_py38_fix1,QHY600-4_SDSSg,15.3,7.33165693283081,307.0,2026-09-01T22:32:25.480Z,4787.0,3193.0,SDSSg,WASP-43-b,,424.0,35.0,fix1,local,22.8741,0.003,33.0,A100 (80 GB),2026-09-01 22:32:25.480000+00:00
lenovo_tttserver,A100-SXM4-80GB,"3.8.10 (default, Nov 22 2023, 10:22:35) 
[GCC 9.4.0]",py38_baseline,profiler_py38_fix1,QHY600-4_SDSSg,15.3,8.200941562652588,307.0,2026-09-01T22:32:37.776Z,4787.0,3193.0,SDSSg,WASP-43-b,,424.0,36.0,fix1,local,22.8741,0.003,33.0,A100 (80 GB),2026-09-01 22:32:37.776000+00:00
lenovo_tttserver,A100-SXM4-80GB,"3.8.10 (default, Nov 22 2023, 10:22:35) 
[GCC 9.4.0]",py38_baseline,profiler_py38_fix1,QHY600-4_SDSSg,15.3,7.950320482254028,307.0,2026-09-01T22:32:49.730Z,4787.0,3193.0,SDSSg,WASP-43-b,,424.0,36.0,fix1,local,22.8741,0.003,33.0,A100 (80 GB),2026-09-01 22:32:49.730000+00:00
lenovo_tttserver,A100-SXM4-80GB,"3.12.3 (main, Mar  3 2026, 12:15:18) [GCC 13.3.0]",py312_cuml_adaptive,profiler_cuml_adaptive_fix1,QHY600-4_SDSSg,15.3,8.134068965911865,307.0,2026-09-01T22:27:59.681Z,4787.0,3193.0,SDSSg,WASP-43-b,,424.0,35.0,fix1,local,22.8707,0.004,38.0,A100 (80 GB),2026-09-01 22:27:59.681000+00:00
lenovo_tttserver,A100-SXM4-80GB,"3.12.3 (main, Mar  3 2026, 12:15:18) [GCC 13.3.0]",py312_cuml_adaptive,profiler_cuml_adaptive_fix1,QHY600-4_SDSSg,15.3,9.74504566192627,307.0,2026-09-01T22:28:16.320Z,4787.0,3193.0,SDSSg,WASP-43-b,,424.0,35.0,fix1,local,22.8707,0.004,38.0,A100 (80 GB),2026-09-01 22:28:16.320000+00:00
lenovo_tttserver,A100-SXM4-80GB,"3.12.3 (main, Mar  3 2026, 12:15:18) [GCC 13.3.0]",py312_cuml_adaptive,profiler_cuml_adaptive_fix1,QHY600-4_SDSSg,15.3,8.767714023590088,307.0,2026-09-01T22:28:33.412Z,4787.0,3193.0,SDSSg,WASP-43-b,,424.0,35.0,fix1,local,22.8707,0.004,38.0,A100 (80 GB),2026-09-01 22:28:33.412000+00:00
lenovo_tttserver,A100-SXM4-80GB,"3.12.3 (main, Mar  3 2026, 12:15:18) [GCC 13.3.0]",py312_cuml_adaptive,profiler_cuml_adaptive_fix1,QHY600-4_SDSSg,15.3,8.321402549743652,307.0,2026-09-01T22:28:49.941Z,4787.0,3193.0,SDSSg,WASP-43-b,,424.0,35.0,fix1,local,22.8707,0.004,38.0,A100 (80 GB),2026-09-01 22:28:49.941000+00:00
lenovo_tttserver,A100-SXM4-80GB,"3.12.3 (main, Mar  3 2026, 12:15:18) [GCC 13.3.0]",py312_cuml_adaptive,profiler_cuml_adaptive_fix1,QHY600-4_SDSSg,15.3,7.904879331588745,307.0,2026-09-01T22:29:04.479Z,4787.0,3193.0,SDSSg,WASP-43-b,,424.0,35.0,fix1,local,22.8707,0.004,38.0,A100 (80 GB),2026-09-01 22:29:04.479000+00:00
lenovo_tttserver,A100-SXM4-80GB,"3.12.3 (main, Mar  3 2026, 12:15:18) [GCC 13.3.0]",py312_cuml_adaptive,profiler_cuml_adaptive_fix1,QHY600-4_SDSSg,15.3,8.672572374343872,307.0,2026-09-01T22:29:19.657Z,4787.0,3193.0,SDSSg,WASP-43-b,,424.0,35.0,fix1,local,22.8707,0.004,38.0,A100 (80 GB),2026-09-01 22:29:19.657000+00:00
lenovo_tttserver,A100-SXM4-80GB,"3.12.3 (main, Mar  3 2026, 12:15:18) [GCC 13.3.0]",py312_cuml_adaptive,profiler_cuml_adaptive_fix1,QHY600-4_SDSSg,15.3,8.162582159042358,307.0,2026-09-01T22:29:34.840Z,4787.0,3193.0,SDSSg,WASP-43-b,,424.0,35.0,fix1,local,22.8707,0.004,38.0,A100 (80 GB),2026-09-01 22:29:34.840000+00:00
lenovo_tttserver,A100-SXM4-80GB,"3.12.3 (main, Mar  3 2026, 12:15:18) [GCC 13.3.0]",py312_cuml_adaptive,profiler_cuml_adaptive_fix1,QHY600-4_SDSSg,15.3,9.734448671340942,307.0,2026-09-01T22:29:51.760Z,4787.0,3193.0,SDSSg,WASP-43-b,,424.0,35.0,fix1,local,22.8707,0.004,38.0,A100 (80 GB),2026-09-01 22:29:51.760000+00:00
lenovo_tttserver,A100-SXM4-80GB,"3.12.3 (main, Mar  3 2026, 12:15:18) [GCC 13.3.0]",py312_cuml_adaptive,profiler_cuml_adaptive_fix1,QHY600-4_SDSSg,15.3,8.324090719223022,307.0,2026-09-01T22:30:09.313Z,4787.0,3193.0,SDSSg,WASP-43-b,,424.0,35.0,fix1,local,22.8707,0.004,38.0,A100 (80 GB),2026-09-01 22:30:09.313000+00:00
lenovo_tttserver,A100-SXM4-80GB,"3.12.3 (main, Mar  3 2026, 12:15:18) [GCC 13.3.0]",py312_cuml_adaptive,profiler_cuml_adaptive_fix1,QHY600-4_SDSSg,15.3,8.90507960319519,307.0,2026-09-01T22:30:24.876Z,4787.0,3193.0,SDSSg,WASP-43-b,,424.0,35.0,fix1,local,22.8707,0.004,38.0,A100 (80 GB),2026-09-01 22:30:24.876000+00:00
lenovo_tttserver,A100-SXM4-80GB,"3.8.10 (default, Nov 22 2023, 10:22:35) 
[GCC 9.4.0]",py38_baseline,profiler_py38_fix1,QHY600-4_SDSSg_4k,15.3,12.648551225662231,8294.0,2026-09-01T23:44:41.519Z,4787.0,3193.0,SDSSg,hermione,,424.0,35.0,fix1,local,22.8943,0.0018,181.0,A100 (80 GB),2026-09-01 23:44:41.519000+00:00
lenovo_tttserver,A100-SXM4-80GB,"3.8.10 (default, Nov 22 2023, 10:22:35) 
[GCC 9.4.0]",py38_baseline,profiler_py38_fix1,QHY600-4_SDSSg_4k,15.3,11.46094298362732,8294.0,2026-09-01T23:45:20.886Z,4787.0,3193.0,SDSSg,hermione,,424.0,34.0,fix1,local,22.8943,0.0018,181.0,A100 (80 GB),2026-09-01 23:45:20.886000+00:00
lenovo_tttserver,A100-SXM4-80GB,"3.8.10 (default, Nov 22 2023, 10:22:35) 
[GCC 9.4.0]",py38_baseline,profiler_py38_fix1,QHY600-4_SDSSg_4k,15.3,12.317739725112917,8294.0,2026-09-01T23:45:37.298Z,4787.0,3193.0,SDSSg,hermione,,424.0,35.0,fix1,local,22.8943,0.0018,181.0,A100 (80 GB),2026-09-01 23:45:37.298000+00:00
lenovo_tttserver,A100-SXM4-80GB,"3.8.10 (default, Nov 22 2023, 10:22:35) 
[GCC 9.4.0]",py38_baseline,profiler_py38_fix1,QHY600-4_SDSSg_4k,15.3,11.26592206954956,8294.0,2026-09-01T23:45:52.818Z,4787.0,3193.0,SDSSg,hermione,,424.0,35.0,fix1,local,22.8943,0.0018,181.0,A100 (80 GB),2026-09-01 23:45:52.818000+00:00
lenovo_tttserver,A100-SXM4-80GB,"3.8.10 (default, Nov 22 2023, 10:22:35) 
[GCC 9.4.0]",py38_baseline,profiler_py38_fix1,QHY600-4_SDSSg_4k,15.3,13.002214670181274,8294.0,2026-09-01T23:46:09.671Z,4787.0,3193.0,SDSSg,hermione,,424.0,35.0,fix1,local,22.8943,0.0018,181.0,A100 (80 GB),2026-09-01 23:46:09.671000+00:00
lenovo_tttserver,A100-SXM4-80GB,"3.8.10 (default, Nov 22 2023, 10:22:35) 
[GCC 9.4.0]",py38_baseline,profiler_py38_fix1,QHY600-4_SDSSg_4k,15.3,12.218518733978271,8294.0,2026-09-01T23:46:46.218Z,4787.0,3193.0,SDSSg,hermione,,424.0,35.0,fix1,local,22.8943,0.0018,181.0,A100 (80 GB),2026-09-01 23:46:46.218000+00:00
lenovo_tttserver,A100-SXM4-80GB,"3.8.10 (default, Nov 22 2023, 10:22:35) 
[GCC 9.4.0]",py38_baseline,profiler_py38_fix1,QHY600-4_SDSSg_4k,15.3,11.621046543121338,8294.0,2026-09-01T23:47:01.711Z,4787.0,3193.0,SDSSg,hermione,,424.0,35.0,fix1,local,22.8943,0.0018,181.0,A100 (80 GB),2026-09-01 23:47:01.711000+00:00
lenovo_tttserver,A100-SXM4-80GB,"3.8.10 (default, Nov 22 2023, 10:22:35) 
[GCC 9.4.0]",py38_baseline,profiler_py38_fix1,QHY600-4_SDSSg_4k,15.3,11.844871044158936,8294.0,2026-09-01T23:47:17.361Z,4787.0,3193.0,SDSSg,hermione,,424.0,35.0,fix1,local,22.8943,0.0018,181.0,A100 (80 GB),2026-09-01 23:47:17.361000+00:00
lenovo_tttserver,A100-SXM4-80GB,"3.12.3 (main, Mar  3 2026, 12:15:18) [GCC 13.3.0]",py312_cuml_adaptive,profiler_cuml_adaptive_fix1,QHY600-4_SDSSg_4k,15.3,12.372379302978516,8294.0,2026-09-01T23:48:19.104Z,4787.0,3193.0,SDSSg,hermione,,424.0,34.0,fix1,local,22.8958,0.002,182.0,A100 (80 GB),2026-09-01 23:48:19.104000+00:00
lenovo_tttserver,A100-SXM4-80GB,"3.12.3 (main, Mar  3 2026, 12:15:18) [GCC 13.3.0]",py312_cuml_adaptive,profiler_cuml_adaptive_fix1,QHY600-4_SDSSg_4k,15.3,12.178449392318726,8294.0,2026-09-01T23:48:38.966Z,4787.0,3193.0,SDSSg,hermione,,424.0,34.0,fix1,local,22.8958,0.002,182.0,A100 (80 GB),2026-09-01 23:48:38.966000+00:00
lenovo_tttserver,A100-SXM4-80GB,"3.12.3 (main, Mar  3 2026, 12:15:18) [GCC 13.3.0]",py312_cuml_adaptive,profiler_cuml_adaptive_fix1,QHY600-4_SDSSg_4k,15.3,12.995437383651732,8294.0,2026-09-01T23:48:58.753Z,4787.0,3193.0,SDSSg,hermione,,424.0,35.0,fix1,local,22.8958,0.002,182.0,A100 (80 GB),2026-09-01 23:48:58.753000+00:00
lenovo_tttserver,A100-SXM4-80GB,"3.12.3 (main, Mar  3 2026, 12:15:18) [GCC 13.3.0]",py312_cuml_adaptive,profiler_cuml_adaptive_fix1,QHY600-4_SDSSg_4k,15.3,12.80976676940918,8294.0,2026-09-01T23:49:19.263Z,4787.0,3193.0,SDSSg,hermione,,424.0,35.0,fix1,local,22.8958,0.002,182.0,A100 (80 GB),2026-09-01 23:49:19.263000+00:00
lenovo_tttserver,A100-SXM4-80GB,"3.12.3 (main, Mar  3 2026, 12:15:18) [GCC 13.3.0]",py312_cuml_adaptive,profiler_cuml_adaptive_fix1,QHY600-4_SDSSg_4k,15.3,12.610217571258543,8294.0,2026-09-01T23:49:38.662Z,4787.0,3193.0,SDSSg,hermione,,424.0,35.0,fix1,local,22.8958,0.002,182.0,A100 (80 GB),2026-09-01 23:49:38.662000+00:00
lenovo_tttserver,A100-SXM4-80GB,"3.12.3 (main, Mar  3 2026, 12:15:18) [GCC 13.3.0]",py312_cuml_adaptive,profiler_cuml_adaptive_fix1,QHY600-4_SDSSg_4k,15.3,12.31551456451416,8294.0,2026-09-01T23:49:58.757Z,4787.0,3193.0,SDSSg,hermione,,424.0,34.0,fix1,local,22.8958,0.002,182.0,A100 (80 GB),2026-09-01 23:49:58.757000+00:00
lenovo_tttserver,A100-SXM4-80GB,"3.12.3 (main, Mar  3 2026, 12:15:18) [GCC 13.3.0]",py312_cuml_adaptive,profiler_cuml_adaptive_fix1,QHY600-4_SDSSg_4k,15.3,11.857563734054564,8294.0,2026-09-01T23:50:17.603Z,4787.0,3193.0,SDSSg,hermione,,424.0,35.0,fix1,local,22.8958,0.002,182.0,A100 (80 GB),2026-09-01 23:50:17.603000+00:00
lenovo_tttserver,A100-SXM4-80GB,"3.12.3 (main, Mar  3 2026, 12:15:18) [GCC 13.3.0]",py312_cuml_adaptive,profiler_cuml_adaptive_fix1,QHY600-4_SDSSg_4k,15.3,13.773289680480955,8294.0,2026-09-01T23:50:38.876Z,4787.0,3193.0,SDSSg,hermione,,424.0,34.0,fix1,local,22.8958,0.002,182.0,A100 (80 GB),2026-09-01 23:50:38.876000+00:00
lenovo_tttserver,A100-SXM4-80GB,"3.12.3 (main, Mar  3 2026, 12:15:18) [GCC 13.3.0]",py312_cuml_adaptive,profiler_cuml_adaptive_fix1,QHY600-4_SDSSg_4k,15.3,12.69040560722351,8294.0,2026-09-01T23:50:58.932Z,4787.0,3193.0,SDSSg,hermione,,424.0,34.0,fix1,local,22.8958,0.002,182.0,A100 (80 GB),2026-09-01 23:50:58.932000+00:00
lenovo_tttserver,A100-SXM4-80GB,"3.12.3 (main, Mar  3 2026, 12:15:18) [GCC 13.3.0]",py312_cuml_adaptive,profiler_cuml_adaptive_fix1,QHY600-4_SDSSg_4k,15.3,11.617698907852173,8294.0,2026-09-01T23:51:18.668Z,4787.0,3193.0,SDSSg,hermione,,424.0,34.0,fix1,local,22.8958,0.002,182.0,A100 (80 GB),2026-09-01 23:51:18.668000+00:00
lenovo_tttserver,A100-SXM4-80GB,"3.8.10 (default, Nov 22 2023, 10:22:35) 
[GCC 9.4.0]",py38_baseline,profiler_py38_fix1,QHY600-4_SDSSi_10k,15.3,13.14875030517578,15759.0,2026-08-31T16:51:24.824Z,4787.0,3193.0,SDSSi,MAXIJ1820+070,,424.0,44.0,fix1,local,21.2207,0.0011,166.0,A100 (80 GB),2026-08-31 16:51:24.824000+00:00
lenovo_tttserver,A100-SXM4-80GB,"3.8.10 (default, Nov 22 2023, 10:22:35) 
[GCC 9.4.0]",py38_baseline,profiler_py38_fix1,QHY600-4_SDSSi_10k,15.3,12.184689998626707,15759.0,2026-08-31T16:51:41.554Z,4787.0,3193.0,SDSSi,MAXIJ1820+070,,424.0,44.0,fix1,local,21.2207,0.0011,166.0,A100 (80 GB),2026-08-31 16:51:41.554000+00:00
lenovo_tttserver,A100-SXM4-80GB,"3.8.10 (default, Nov 22 2023, 10:22:35) 
[GCC 9.4.0]",py38_baseline,profiler_py38_fix1,QHY600-4_SDSSi_10k,15.3,13.051695346832275,15759.0,2026-08-31T16:51:58.172Z,4787.0,3193.0,SDSSi,MAXIJ1820+070,,424.0,44.0,fix1,local,21.2207,0.0011,166.0,A100 (80 GB),2026-08-31 16:51:58.172000+00:00
lenovo_tttserver,A100-SXM4-80GB,"3.8.10 (default, Nov 22 2023, 10:22:35) 
[GCC 9.4.0]",py38_baseline,profiler_py38_fix1,QHY600-4_SDSSi_10k,15.3,12.711125612258911,15759.0,2026-08-31T16:52:14.495Z,4787.0,3193.0,SDSSi,MAXIJ1820+070,,424.0,44.0,fix1,local,21.2207,0.0011,166.0,A100 (80 GB),2026-08-31 16:52:14.495000+00:00
lenovo_tttserver,A100-SXM4-80GB,"3.8.10 (default, Nov 22 2023, 10:22:35) 
[GCC 9.4.0]",py38_baseline,profiler_py38_fix1,QHY600-4_SDSSi_10k,15.3,12.08254337310791,15759.0,2026-08-31T16:52:30.154Z,4787.0,3193.0,SDSSi,MAXIJ1820+070,,424.0,44.0,fix1,local,21.2207,0.0011,166.0,A100 (80 GB),2026-08-31 16:52:30.154000+00:00
lenovo_tttserver,A100-SXM4-80GB,"3.8.10 (default, Nov 22 2023, 10:22:35) 
[GCC 9.4.0]",py38_baseline,profiler_py38_fix1,QHY600-4_SDSSi_10k,15.3,12.841542959213257,15759.0,2026-08-31T16:52:47.917Z,4787.0,3193.0,SDSSi,MAXIJ1820+070,,424.0,43.0,fix1,local,21.2207,0.0011,166.0,A100 (80 GB),2026-08-31 16:52:47.917000+00:00
lenovo_tttserver,A100-SXM4-80GB,"3.8.10 (default, Nov 22 2023, 10:22:35) 
[GCC 9.4.0]",py38_baseline,profiler_py38_fix1,QHY600-4_SDSSi_10k,15.3,12.324172019958496,15759.0,2026-08-31T16:53:03.975Z,4787.0,3193.0,SDSSi,MAXIJ1820+070,,424.0,44.0,fix1,local,21.2207,0.0011,166.0,A100 (80 GB),2026-08-31 16:53:03.975000+00:00
lenovo_tttserver,A100-SXM4-80GB,"3.8.10 (default, Nov 22 2023, 10:22:35) 
[GCC 9.4.0]",py38_baseline,profiler_py38_fix1,QHY600-4_SDSSi_10k,15.3,13.014782190322876,15759.0,2026-08-31T16:53:20.778Z,4787.0,3193.0,SDSSi,MAXIJ1820+070,,424.0,44.0,fix1,local,21.2207,0.0011,166.0,A100 (80 GB),2026-08-31 16:53:20.778000+00:00
lenovo_tttserver,A100-SXM4-80GB,"3.8.10 (default, Nov 22 2023, 10:22:35) 
[GCC 9.4.0]",py38_baseline,profiler_py38_fix1,QHY600-4_SDSSi_10k,15.3,12.972281455993652,15759.0,2026-08-31T16:53:37.546Z,4787.0,3193.0,SDSSi,MAXIJ1820+070,,424.0,44.0,fix1,local,21.2207,0.0011,166.0,A100 (80 GB),2026-08-31 16:53:37.546000+00:00
lenovo_tttserver,A100-SXM4-80GB,"3.8.10 (default, Nov 22 2023, 10:22:35) 
[GCC 9.4.0]",py38_baseline,profiler_py38_fix1,QHY600-4_SDSSi_10k,15.3,12.655911207199097,15759.0,2026-08-31T16:53:54.999Z,4787.0,3193.0,SDSSi,MAXIJ1820+070,,424.0,43.0,fix1,local,21.2207,0.0011,166.0,A100 (80 GB),2026-08-31 16:53:54.999000+00:00
lenovo_tttserver,A100-SXM4-80GB,"3.8.10 (default, Nov 22 2023, 10:22:35) 
[GCC 9.4.0]",py38_baseline,profiler_py38_fix1,QHY600-4_SDSSi_10k,15.3,12.71774125099182,15759.0,2026-08-31T16:54:11.144Z,4787.0,3193.0,SDSSi,MAXIJ1820+070,,424.0,44.0,fix1,local,21.2207,0.0011,166.0,A100 (80 GB),2026-08-31 16:54:11.144000+00:00
lenovo_tttserver,A100-SXM4-80GB,"3.8.10 (default, Nov 22 2023, 10:22:35) 
[GCC 9.4.0]",py38_baseline,profiler_py38_fix1,QHY600-4_SDSSi_10k,15.3,11.972225904464722,15759.0,2026-08-31T16:54:26.574Z,4787.0,3193.0,SDSSi,MAXIJ1820+070,,424.0,44.0,fix1,local,21.2207,0.0011,166.0,A100 (80 GB),2026-08-31 16:54:26.574000+00:00
lenovo_tttserver,A100-SXM4-80GB,"3.8.10 (default, Nov 22 2023, 10:22:35) 
[GCC 9.4.0]",py38_baseline,profiler_py38_fix1,QHY600-4_SDSSi_10k,15.3,12.190452814102173,15759.0,2026-08-31T16:54:42.561Z,4787.0,3193.0,SDSSi,MAXIJ1820+070,,424.0,44.0,fix1,local,21.2207,0.0011,166.0,A100 (80 GB),2026-08-31 16:54:42.561000+00:00
lenovo_tttserver,A100-SXM4-80GB,"3.8.10 (default, Nov 22 2023, 10:22:35) 
[GCC 9.4.0]",py38_baseline,profiler_py38_fix1,QHY600-4_SDSSi_10k,15.3,12.198945999145508,15759.0,2026-08-31T16:54:59.493Z,4787.0,3193.0,SDSSi,MAXIJ1820+070,,424.0,44.0,fix1,local,21.2207,0.0011,166.0,A100 (80 GB),2026-08-31 16:54:59.493000+00:00
lenovo_tttserver,A100-SXM4-80GB,"3.8.10 (default, Nov 22 2023, 10:22:35) 
[GCC 9.4.0]",py38_baseline,profiler_py38_fix1,QHY600-4_SDSSi_10k,15.3,12.191534042358398,15759.0,2026-08-31T16:55:15.226Z,4787.0,3193.0,SDSSi,MAXIJ1820+070,,424.0,44.0,fix1,local,21.2207,0.0011,166.0,A100 (80 GB),2026-08-31 16:55:15.226000+00:00
lenovo_tttserver,A100-SXM4-80GB,"3.8.10 (default, Nov 22 2023, 10:22:35) 
[GCC 9.4.0]",py38_baseline,profiler_py38_fix1,QHY600-4_SDSSi_10k,15.3,11.171287775039673,15759.0,2026-08-31T16:55:29.874Z,4787.0,3193.0,SDSSi,MAXIJ1820+070,,424.0,44.0,fix1,local,21.2207,0.0011,166.0,A100 (80 GB),2026-08-31 16:55:29.874000+00:00
lenovo_tttserver,A100-SXM4-80GB,"3.12.3 (main, Mar  3 2026, 12:15:18) [GCC 13.3.0]",py312_cuml_adaptive,profiler_cuml_adaptive_fix1,QHY600-4_SDSSi_10k,15.3,12.513224601745604,15759.0,2026-08-31T14:30:39.774Z,4787.0,3193.0,SDSSi,MAXIJ1820+070,,424.0,43.0,fix1,local,21.2206,0.0011,167.0,A100 (80 GB),2026-08-31 14:30:39.774000+00:00
lenovo_tttserver,A100-SXM4-80GB,"3.12.3 (main, Mar  3 2026, 12:15:18) [GCC 13.3.0]",py312_cuml_adaptive,profiler_cuml_adaptive_fix1,QHY600-4_SDSSi_10k,15.3,11.913630485534668,15759.0,2026-08-31T14:31:00.195Z,4787.0,3193.0,SDSSi,MAXIJ1820+070,,424.0,43.0,fix1,local,21.2206,0.0011,167.0,A100 (80 GB),2026-08-31 14:31:00.195000+00:00
lenovo_tttserver,A100-SXM4-80GB,"3.12.3 (main, Mar  3 2026, 12:15:18) [GCC 13.3.0]",py312_cuml_adaptive,profiler_cuml_adaptive_fix1,QHY600-4_SDSSi_10k,15.3,11.721599817276,15759.0,2026-08-31T14:31:18.718Z,4787.0,3193.0,SDSSi,MAXIJ1820+070,,424.0,43.0,fix1,local,21.2206,0.0011,167.0,A100 (80 GB),2026-08-31 14:31:18.718000+00:00
lenovo_tttserver,A100-SXM4-80GB,"3.12.3 (main, Mar  3 2026, 12:15:18) [GCC 13.3.0]",py312_cuml_adaptive,profiler_cuml_adaptive_fix1,QHY600-4_SDSSi_10k,15.3,12.13525390625,15759.0,2026-08-31T14:31:38.363Z,4787.0,3193.0,SDSSi,MAXIJ1820+070,,424.0,44.0,fix1,local,21.2206,0.0011,167.0,A100 (80 GB),2026-08-31 14:31:38.363000+00:00
lenovo_tttserver,A100-SXM4-80GB,"3.12.3 (main, Mar  3 2026, 12:15:18) [GCC 13.3.0]",py312_cuml_adaptive,profiler_cuml_adaptive_fix1,QHY600-4_SDSSi_10k,15.3,11.431923627853394,15759.0,2026-08-31T14:31:56.767Z,4787.0,3193.0,SDSSi,MAXIJ1820+070,,424.0,43.0,fix1,local,21.2206,0.0011,167.0,A100 (80 GB),2026-08-31 14:31:56.767000+00:00
lenovo_tttserver,A100-SXM4-80GB,"3.12.3 (main, Mar  3 2026, 12:15:18) [GCC 13.3.0]",py312_cuml_adaptive,profiler_cuml_adaptive_fix1,QHY600-4_SDSSi_10k,15.3,11.086123943328856,15759.0,2026-08-31T14:32:15.672Z,4787.0,3193.0,SDSSi,MAXIJ1820+070,,424.0,43.0,fix1,local,21.2206,0.0011,167.0,A100 (80 GB),2026-08-31 14:32:15.672000+00:00
lenovo_tttserver,A100-SXM4-80GB,"3.12.3 (main, Mar  3 2026, 12:15:18) [GCC 13.3.0]",py312_cuml_adaptive,profiler_cuml_adaptive_fix1,QHY600-4_SDSSi_10k,15.3,11.883575677871704,15759.0,2026-08-31T14:32:34.607Z,4787.0,3193.0,SDSSi,MAXIJ1820+070,,424.0,43.0,fix1,local,21.2206,0.0011,167.0,A100 (80 GB),2026-08-31 14:32:34.607000+00:00
lenovo_tttserver,A100-SXM4-80GB,"3.12.3 (main, Mar  3 2026, 12:15:18) [GCC 13.3.0]",py312_cuml_adaptive,profiler_cuml_adaptive_fix1,QHY600-4_SDSSi_10k,15.3,11.769360065460203,15759.0,2026-08-31T14:32:52.574Z,4787.0,3193.0,SDSSi,MAXIJ1820+070,,424.0,44.0,fix1,local,21.2206,0.0011,167.0,A100 (80 GB),2026-08-31 14:32:52.574000+00:00
lenovo_tttserver,A100-SXM4-80GB,"3.12.3 (main, Mar  3 2026, 12:15:18) [GCC 13.3.0]",py312_cuml_adaptive,profiler_cuml_adaptive_fix1,QHY600-4_SDSSi_10k,15.3,11.002640724182127,15759.0,2026-08-31T14:33:10.146Z,4787.0,3193.0,SDSSi,MAXIJ1820+070,,424.0,43.0,fix1,local,21.2206,0.0011,167.0,A100 (80 GB),2026-08-31 14:33:10.146000+00:00
lenovo_tttserver,A100-SXM4-80GB,"3.12.3 (main, Mar  3 2026, 12:15:18) [GCC 13.3.0]",py312_cuml_adaptive,profiler_cuml_adaptive_fix1,QHY600-4_SDSSi_10k,15.3,10.64655900001526,15759.0,2026-08-31T14:33:27.733Z,4787.0,3193.0,SDSSi,MAXIJ1820+070,,424.0,43.0,fix1,local,21.2206,0.0011,167.0,A100 (80 GB),2026-08-31 14:33:27.733000+00:00
lenovo_tttserver,A100-SXM4-80GB,"3.12.3 (main, Mar  3 2026, 12:15:18) [GCC 13.3.0]",py312_cuml_adaptive,profiler_cuml_adaptive_fix1,QHY600-4_SDSSi_10k,15.3,11.928802251815796,15759.0,2026-08-31T14:33:45.804Z,4787.0,3193.0,SDSSi,MAXIJ1820+070,,424.0,44.0,fix1,local,21.2206,0.0011,167.0,A100 (80 GB),2026-08-31 14:33:45.804000+00:00
lenovo_tttserver,A100-SXM4-80GB,"3.12.3 (main, Mar  3 2026, 12:15:18) [GCC 13.3.0]",py312_cuml_adaptive,profiler_cuml_adaptive_fix1,QHY600-4_SDSSi_10k,15.3,12.20122766494751,15759.0,2026-08-31T14:34:04.876Z,4787.0,3193.0,SDSSi,MAXIJ1820+070,,424.0,44.0,fix1,local,21.2206,0.0011,167.0,A100 (80 GB),2026-08-31 14:34:04.876000+00:00
lenovo_tttserver,A100-SXM4-80GB,"3.12.3 (main, Mar  3 2026, 12:15:18) [GCC 13.3.0]",py312_cuml_adaptive,profiler_cuml_adaptive_fix1,QHY600-4_SDSSi_10k,15.3,10.953579187393188,15759.0,2026-08-31T14:34:21.815Z,4787.0,3193.0,SDSSi,MAXIJ1820+070,,424.0,44.0,fix1,local,21.2206,0.0011,167.0,A100 (80 GB),2026-08-31 14:34:21.815000+00:00
lenovo_tttserver,A100-SXM4-80GB,"3.12.3 (main, Mar  3 2026, 12:15:18) [GCC 13.3.0]",py312_cuml_adaptive,profiler_cuml_adaptive_fix1,QHY600-4_SDSSi_10k,15.3,11.171108722686768,15759.0,2026-08-31T14:34:40.324Z,4787.0,3193.0,SDSSi,MAXIJ1820+070,,424.0,44.0,fix1,local,21.2206,0.0011,167.0,A100 (80 GB),2026-08-31 14:34:40.324000+00:00
lenovo_tttserver,A100-SXM4-80GB,"3.12.3 (main, Mar  3 2026, 12:15:18) [GCC 13.3.0]",py312_cuml_adaptive,profiler_cuml_adaptive_fix1,QHY600-4_SDSSi_10k,15.3,10.197190761566162,15759.0,2026-08-31T14:34:56.591Z,4787.0,3193.0,SDSSi,MAXIJ1820+070,,424.0,44.0,fix1,local,21.2206,0.0011,167.0,A100 (80 GB),2026-08-31 14:34:56.591000+00:00
lenovo_tttserver,A100-SXM4-80GB,"3.12.3 (main, Mar  3 2026, 12:15:18) [GCC 13.3.0]",py312_cuml_adaptive,profiler_cuml_adaptive_fix1,QHY600-4_SDSSi_10k,15.3,12.336270570755005,15759.0,2026-08-31T14:35:15.611Z,4787.0,3193.0,SDSSi,MAXIJ1820+070,,424.0,44.0,fix1,local,21.2206,0.0011,167.0,A100 (80 GB),2026-08-31 14:35:15.611000+00:00
lenovo_tttserver,A100-SXM4-80GB,"3.12.3 (main, Mar  3 2026, 12:15:18) [GCC 13.3.0]",py312_cuml_adaptive,profiler_cuml_adaptive_fix1,QHY600-4_SDSSi_10k,15.3,11.594081401824951,15759.0,2026-08-31T14:35:33.377Z,4787.0,3193.0,SDSSi,MAXIJ1820+070,,424.0,44.0,fix1,local,21.2206,0.0011,167.0,A100 (80 GB),2026-08-31 14:35:33.377000+00:00
lenovo_tttserver,A100-SXM4-80GB,"3.12.3 (main, Mar  3 2026, 12:15:18) [GCC 13.3.0]",py312_cuml_adaptive,profiler_cuml_adaptive_fix1,QHY600-4_SDSSi_10k,15.3,11.008204698562622,15759.0,2026-08-31T14:35:51.599Z,4787.0,3193.0,SDSSi,MAXIJ1820+070,,424.0,44.0,fix1,local,21.2206,0.0011,167.0,A100 (80 GB),2026-08-31 14:35:51.599000+00:00
lenovo_tttserver,A100-SXM4-80GB,"3.12.3 (main, Mar  3 2026, 12:15:18) [GCC 13.3.0]",py312_cuml_adaptive,profiler_cuml_adaptive_fix1,QHY600-4_SDSSi_10k,15.3,11.425543308258057,15759.0,2026-08-31T14:36:09.142Z,4787.0,3193.0,SDSSi,MAXIJ1820+070,,424.0,44.0,fix1,local,21.2206,0.0011,167.0,A100 (80 GB),2026-08-31 14:36:09.142000+00:00
lenovo_tttserver,A100-SXM4-80GB,"3.12.3 (main, Mar  3 2026, 12:15:18) [GCC 13.3.0]",py312_cuml_adaptive,profiler_cuml_adaptive_fix1,QHY600-4_SDSSi_10k,15.3,11.579509019851685,15759.0,2026-08-31T14:36:27.420Z,4787.0,3193.0,SDSSi,MAXIJ1820+070,,424.0,44.0,fix1,local,21.2206,0.0011,167.0,A100 (80 GB),2026-08-31 14:36:27.420000+00:00
lenovo_tttserver,A100-SXM4-80GB,"3.12.3 (main, Mar  3 2026, 12:15:18) [GCC 13.3.0]",py312_cuml_adaptive,profiler_cuml_adaptive_fix1,QHY600-4_SDSSi_10k,15.3,10.84553360939026,15759.0,2026-08-31T14:36:45.188Z,4787.0,3193.0,SDSSi,MAXIJ1820+070,,424.0,44.0,fix1,local,21.2206,0.0011,167.0,A100 (80 GB),2026-08-31 14:36:45.188000+00:00
lenovo_tttserver,A100-SXM4-80GB,"3.12.3 (main, Mar  3 2026, 12:15:18) [GCC 13.3.0]",py312_cuml_adaptive,profiler_cuml_adaptive_fix1,QHY600-4_SDSSi_10k,15.3,11.523618698120115,15759.0,2026-08-31T14:37:04.060Z,4787.0,3193.0,SDSSi,MAXIJ1820+070,,424.0,43.0,fix1,local,21.2206,0.0011,167.0,A100 (80 GB),2026-08-31 14:37:04.060000+00:00
lenovo_tttserver,A100-SXM4-80GB,"3.12.3 (main, Mar  3 2026, 12:15:18) [GCC 13.3.0]",py312_cuml_adaptive,profiler_cuml_adaptive_fix1,QHY600-4_SDSSi_10k,15.3,11.148293733596802,15759.0,2026-08-31T14:37:21.045Z,4787.0,3193.0,SDSSi,MAXIJ1820+070,,424.0,44.0,fix1,local,21.2206,0.0011,167.0,A100 (80 GB),2026-08-31 14:37:21.045000+00:00
lenovo_tttserver,A100-SXM4-80GB,"3.8.10 (default, Nov 22 2023, 10:22:35) 
[GCC 9.4.0]",py38_baseline,profiler_py38_fix1,iKon936_Lum,4.2,5.3916916847229,228.0,2026-09-01T22:20:42.482Z,2048.0,2048.0,Lum,C2025A6,,424.0,34.0,fix1,local,26.2298,0.0239,25.0,A100 (80 GB),2026-09-01 22:20:42.482000+00:00
lenovo_tttserver,A100-SXM4-80GB,"3.8.10 (default, Nov 22 2023, 10:22:35) 
[GCC 9.4.0]",py38_baseline,profiler_py38_fix1,iKon936_Lum,4.2,5.496353387832642,228.0,2026-09-01T22:20:51.815Z,2048.0,2048.0,Lum,C2025A6,,424.0,35.0,fix1,local,26.2298,0.0239,25.0,A100 (80 GB),2026-09-01 22:20:51.815000+00:00
lenovo_tttserver,A100-SXM4-80GB,"3.8.10 (default, Nov 22 2023, 10:22:35) 
[GCC 9.4.0]",py38_baseline,profiler_py38_fix1,iKon936_Lum,4.2,5.853742837905884,228.0,2026-09-01T22:21:02.170Z,2048.0,2048.0,Lum,C2025A6,,424.0,34.0,fix1,local,26.2298,0.0239,25.0,A100 (80 GB),2026-09-01 22:21:02.170000+00:00
lenovo_tttserver,A100-SXM4-80GB,"3.8.10 (default, Nov 22 2023, 10:22:35) 
[GCC 9.4.0]",py38_baseline,profiler_py38_fix1,iKon936_Lum,4.2,5.98944354057312,228.0,2026-09-01T22:21:12.153Z,2048.0,2048.0,Lum,C2025A6,,424.0,35.0,fix1,local,26.2298,0.0239,25.0,A100 (80 GB),2026-09-01 22:21:12.153000+00:00
lenovo_tttserver,A100-SXM4-80GB,"3.8.10 (default, Nov 22 2023, 10:22:35) 
[GCC 9.4.0]",py38_baseline,profiler_py38_fix1,iKon936_Lum,4.2,5.926396369934082,228.0,2026-09-01T22:21:22.523Z,2048.0,2048.0,Lum,C2025A6,,424.0,35.0,fix1,local,26.2298,0.0239,25.0,A100 (80 GB),2026-09-01 22:21:22.523000+00:00
lenovo_tttserver,A100-SXM4-80GB,"3.8.10 (default, Nov 22 2023, 10:22:35) 
[GCC 9.4.0]",py38_baseline,profiler_py38_fix1,iKon936_Lum,4.2,5.739199876785278,228.0,2026-09-01T22:21:32.154Z,2048.0,2048.0,Lum,C2025A6,,424.0,35.0,fix1,local,26.2298,0.0239,25.0,A100 (80 GB),2026-09-01 22:21:32.154000+00:00
lenovo_tttserver,A100-SXM4-80GB,"3.8.10 (default, Nov 22 2023, 10:22:35) 
[GCC 9.4.0]",py38_baseline,profiler_py38_fix1,iKon936_Lum,4.2,6.493879318237305,228.0,2026-09-01T22:21:43.034Z,2048.0,2048.0,Lum,C2025A6,,424.0,35.0,fix1,local,26.2298,0.0239,25.0,A100 (80 GB),2026-09-01 22:21:43.034000+00:00
lenovo_tttserver,A100-SXM4-80GB,"3.8.10 (default, Nov 22 2023, 10:22:35) 
[GCC 9.4.0]",py38_baseline,profiler_py38_fix1,iKon936_Lum,4.2,6.100646495819092,228.0,2026-09-01T22:21:54.948Z,2048.0,2048.0,Lum,C2025A6,,424.0,34.0,fix1,local,26.2298,0.0239,25.0,A100 (80 GB),2026-09-01 22:21:54.948000+00:00
lenovo_tttserver,A100-SXM4-80GB,"3.8.10 (default, Nov 22 2023, 10:22:35) 
[GCC 9.4.0]",py38_baseline,profiler_py38_fix1,iKon936_Lum,4.2,5.538538694381714,228.0,2026-09-01T22:22:04.771Z,2048.0,2048.0,Lum,C2025A6,,424.0,35.0,fix1,local,26.2298,0.0239,25.0,A100 (80 GB),2026-09-01 22:22:04.771000+00:00
lenovo_tttserver,A100-SXM4-80GB,"3.8.10 (default, Nov 22 2023, 10:22:35) 
[GCC 9.4.0]",py38_baseline,profiler_py38_fix1,iKon936_Lum,4.2,5.273987054824829,228.0,2026-09-01T22:22:14.969Z,2048.0,2048.0,Lum,C2025A6,,424.0,34.0,fix1,local,26.2298,0.0239,25.0,A100 (80 GB),2026-09-01 22:22:14.969000+00:00
lenovo_tttserver,A100-SXM4-80GB,"3.12.3 (main, Mar  3 2026, 12:15:18) [GCC 13.3.0]",py312_cuml_adaptive,profiler_cuml_adaptive_fix1,iKon936_Lum,4.2,6.782330513000488,228.0,2026-09-01T22:17:36.216Z,2048.0,2048.0,Lum,C2025A6,,424.0,34.0,fix1,local,26.2298,0.0239,25.0,A100 (80 GB),2026-09-01 22:17:36.216000+00:00
lenovo_tttserver,A100-SXM4-80GB,"3.12.3 (main, Mar  3 2026, 12:15:18) [GCC 13.3.0]",py312_cuml_adaptive,profiler_cuml_adaptive_fix1,iKon936_Lum,4.2,6.839295387268066,228.0,2026-09-01T22:17:50.208Z,2048.0,2048.0,Lum,C2025A6,,424.0,34.0,fix1,local,26.2298,0.0239,25.0,A100 (80 GB),2026-09-01 22:17:50.208000+00:00
lenovo_tttserver,A100-SXM4-80GB,"3.12.3 (main, Mar  3 2026, 12:15:18) [GCC 13.3.0]",py312_cuml_adaptive,profiler_cuml_adaptive_fix1,iKon936_Lum,4.2,6.403829097747803,228.0,2026-09-01T22:18:03.264Z,2048.0,2048.0,Lum,C2025A6,,424.0,34.0,fix1,local,26.2298,0.0239,25.0,A100 (80 GB),2026-09-01 22:18:03.264000+00:00
lenovo_tttserver,A100-SXM4-80GB,"3.12.3 (main, Mar  3 2026, 12:15:18) [GCC 13.3.0]",py312_cuml_adaptive,profiler_cuml_adaptive_fix1,iKon936_Lum,4.2,6.703658103942871,228.0,2026-09-01T22:18:17.420Z,2048.0,2048.0,Lum,C2025A6,,424.0,34.0,fix1,local,26.2298,0.0239,25.0,A100 (80 GB),2026-09-01 22:18:17.420000+00:00
lenovo_tttserver,A100-SXM4-80GB,"3.12.3 (main, Mar  3 2026, 12:15:18) [GCC 13.3.0]",py312_cuml_adaptive,profiler_cuml_adaptive_fix1,iKon936_Lum,4.2,7.595951795578003,228.0,2026-09-01T22:18:33.085Z,2048.0,2048.0,Lum,C2025A6,,424.0,34.0,fix1,local,26.2298,0.0239,25.0,A100 (80 GB),2026-09-01 22:18:33.085000+00:00
lenovo_tttserver,A100-SXM4-80GB,"3.12.3 (main, Mar  3 2026, 12:15:18) [GCC 13.3.0]",py312_cuml_adaptive,profiler_cuml_adaptive_fix1,iKon936_Lum,4.2,7.144491672515869,228.0,2026-09-01T22:19:02.585Z,2048.0,2048.0,Lum,C2025A6,,424.0,34.0,fix1,local,26.2298,0.0239,25.0,A100 (80 GB),2026-09-01 22:19:02.585000+00:00
lenovo_tttserver,A100-SXM4-80GB,"3.12.3 (main, Mar  3 2026, 12:15:18) [GCC 13.3.0]",py312_cuml_adaptive,profiler_cuml_adaptive_fix1,iKon936_Lum,4.2,6.881649255752564,228.0,2026-09-01T22:19:17.126Z,2048.0,2048.0,Lum,C2025A6,,424.0,34.0,fix1,local,26.2298,0.0239,25.0,A100 (80 GB),2026-09-01 22:19:17.126000+00:00
lenovo_tttserver,A100-SXM4-80GB,"3.12.3 (main, Mar  3 2026, 12:15:18) [GCC 13.3.0]",py312_cuml_adaptive,profiler_cuml_adaptive_fix1,iKon936_Lum,4.2,6.617184638977051,228.0,2026-09-01T22:19:35.917Z,2048.0,2048.0,Lum,C2025A6,,424.0,34.0,fix1,local,26.2298,0.0239,25.0,A100 (80 GB),2026-09-01 22:19:35.917000+00:00
lenovo_tttserver,A100-SXM4-80GB,"3.12.3 (main, Mar  3 2026, 12:15:18) [GCC 13.3.0]",py312_cuml_adaptive,profiler_cuml_adaptive_fix1,iKon936_Lum,4.2,7.277118682861328,228.0,2026-09-01T22:19:49.871Z,2048.0,2048.0,Lum,C2025A6,,424.0,34.0,fix1,local,26.2298,0.0239,25.0,A100 (80 GB),2026-09-01 22:19:49.871000+00:00
