# H100 py3.8 baseline measurements, post-fix campaign, local catalog (2026-09-10).
# Validation: 15/15 cells, 353 measured repetitions, 0 discarded rows. Deterministic source counts confirmed.
# Telemetry: host load median 1.77, GPU temperature 60-65 C.
# Bimodal behavior in QHY411-3 full-frame cells reflects PostgreSQL buffer cache warm-up on local catalog queries.
machine,gpu_name,python_ver,profiler_label,environment,image_label,mp,execution_time,n_sources_detected,timestamp,catalog_backend,remeasure_round,gpu_power_limit_w,gpu_power_draw_w,gpu_temp_c,host_load1,session,rep,is_warmup,image_file
azken,NVIDIA H100 PCIe,3.8.10,py38_baseline,profiler_py38_postfix,iKon936_Lum,4.2,42.560742,228,2026-09-10T20:21:30.471Z,local,postfix_2026-09-10,220.00,104.66,60,1.66,azken_py38_postfix_20260910_202107,0,1,TTT3_iKon936-1_2025-09-15-05-31-52-256207_C2025A6_Lum.fits
azken,NVIDIA H100 PCIe,3.8.10,py38_baseline,profiler_py38_postfix,iKon936_Lum,4.2,5.347885,228,2026-09-10T20:22:16.402Z,local,postfix_2026-09-10,220.00,102.85,60,1.61,azken_py38_postfix_20260910_202107,0,1,TTT3_iKon936-1_2025-09-15-05-31-52-256207_C2025A6_Lum.fits
azken,NVIDIA H100 PCIe,3.8.10,py38_baseline,profiler_py38_postfix,iKon936_Lum,4.2,5.137841,228,2026-09-10T20:22:24.034Z,local,postfix_2026-09-10,220.00,103.39,61,1.51,azken_py38_postfix_20260910_202107,1,0,TTT3_iKon936-1_2025-09-15-05-31-52-256207_C2025A6_Lum.fits
azken,NVIDIA H100 PCIe,3.8.10,py38_baseline,profiler_py38_postfix,iKon936_Lum,4.2,5.129879,228,2026-09-10T20:22:31.450Z,local,postfix_2026-09-10,220.00,103.39,61,1.47,azken_py38_postfix_20260910_202107,2,0,TTT3_iKon936-1_2025-09-15-05-31-52-256207_C2025A6_Lum.fits
azken,NVIDIA H100 PCIe,3.8.10,py38_baseline,profiler_py38_postfix,iKon936_Lum,4.2,5.260266,228,2026-09-10T20:22:38.876Z,local,postfix_2026-09-10,220.00,103.99,61,1.40,azken_py38_postfix_20260910_202107,3,0,TTT3_iKon936-1_2025-09-15-05-31-52-256207_C2025A6_Lum.fits
azken,NVIDIA H100 PCIe,3.8.10,py38_baseline,profiler_py38_postfix,iKon936_Lum,4.2,4.901945,228,2026-09-10T20:22:46.411Z,local,postfix_2026-09-10,220.00,103.52,61,1.29,azken_py38_postfix_20260910_202107,4,0,TTT3_iKon936-1_2025-09-15-05-31-52-256207_C2025A6_Lum.fits
azken,NVIDIA H100 PCIe,3.8.10,py38_baseline,profiler_py38_postfix,iKon936_Lum,4.2,4.976859,228,2026-09-10T20:22:53.585Z,local,postfix_2026-09-10,220.00,103.47,61,1.26,azken_py38_postfix_20260910_202107,5,0,TTT3_iKon936-1_2025-09-15-05-31-52-256207_C2025A6_Lum.fits
azken,NVIDIA H100 PCIe,3.8.10,py38_baseline,profiler_py38_postfix,iKon936_Lum,4.2,5.012397,228,2026-09-10T20:23:00.813Z,local,postfix_2026-09-10,220.00,103.31,61,1.22,azken_py38_postfix_20260910_202107,6,0,TTT3_iKon936-1_2025-09-15-05-31-52-256207_C2025A6_Lum.fits
azken,NVIDIA H100 PCIe,3.8.10,py38_baseline,profiler_py38_postfix,iKon936_Lum,4.2,5.523032,228,2026-09-10T20:23:08.113Z,local,postfix_2026-09-10,220.00,105.86,61,1.20,azken_py38_postfix_20260910_202107,7,0,TTT3_iKon936-1_2025-09-15-05-31-52-256207_C2025A6_Lum.fits
azken,NVIDIA H100 PCIe,3.8.10,py38_baseline,profiler_py38_postfix,iKon936_Lum,4.2,5.066004,228,2026-09-10T20:23:15.908Z,local,postfix_2026-09-10,220.00,103.42,61,1.09,azken_py38_postfix_20260910_202107,8,0,TTT3_iKon936-1_2025-09-15-05-31-52-256207_C2025A6_Lum.fits
azken,NVIDIA H100 PCIe,3.8.10,py38_baseline,profiler_py38_postfix,iKon936_Lum,4.2,4.822104,228,2026-09-10T20:23:23.274Z,local,postfix_2026-09-10,220.00,103.61,61,1.08,azken_py38_postfix_20260910_202107,9,0,TTT3_iKon936-1_2025-09-15-05-31-52-256207_C2025A6_Lum.fits
azken,NVIDIA H100 PCIe,3.8.10,py38_baseline,profiler_py38_postfix,iKon936_Lum,4.2,4.633940,228,2026-09-10T20:23:30.287Z,local,postfix_2026-09-10,220.00,103.64,61,1.07,azken_py38_postfix_20260910_202107,10,0,TTT3_iKon936-1_2025-09-15-05-31-52-256207_C2025A6_Lum.fits
azken,NVIDIA H100 PCIe,3.8.10,py38_baseline,profiler_py38_postfix,iKon936_Lum,4.2,4.744603,228,2026-09-10T20:23:37.182Z,local,postfix_2026-09-10,220.00,103.90,61,1.06,azken_py38_postfix_20260910_202107,11,0,TTT3_iKon936-1_2025-09-15-05-31-52-256207_C2025A6_Lum.fits
azken,NVIDIA H100 PCIe,3.8.10,py38_baseline,profiler_py38_postfix,iKon936_Lum,4.2,4.619942,228,2026-09-10T20:23:44.183Z,local,postfix_2026-09-10,220.00,103.93,61,1.06,azken_py38_postfix_20260910_202107,12,0,TTT3_iKon936-1_2025-09-15-05-31-52-256207_C2025A6_Lum.fits
azken,NVIDIA H100 PCIe,3.8.10,py38_baseline,profiler_py38_postfix,iKon936_Lum,4.2,5.384001,228,2026-09-10T20:23:51.098Z,local,postfix_2026-09-10,220.00,103.82,61,0.97,azken_py38_postfix_20260910_202107,13,0,TTT3_iKon936-1_2025-09-15-05-31-52-256207_C2025A6_Lum.fits
azken,NVIDIA H100 PCIe,3.8.10,py38_baseline,profiler_py38_postfix,iKon936_Lum,4.2,6.638372,228,2026-09-10T20:23:58.703Z,local,postfix_2026-09-10,220.00,103.47,61,1.05,azken_py38_postfix_20260910_202107,14,0,TTT3_iKon936-1_2025-09-15-05-31-52-256207_C2025A6_Lum.fits
azken,NVIDIA H100 PCIe,3.8.10,py38_baseline,profiler_py38_postfix,iKon936_Lum,4.2,5.401618,228,2026-09-10T20:24:07.586Z,local,postfix_2026-09-10,220.00,103.61,61,1.04,azken_py38_postfix_20260910_202107,15,0,TTT3_iKon936-1_2025-09-15-05-31-52-256207_C2025A6_Lum.fits
azken,NVIDIA H100 PCIe,3.8.10,py38_baseline,profiler_py38_postfix,iKon936_Lum,4.2,5.764463,228,2026-09-10T20:24:15.242Z,local,postfix_2026-09-10,220.00,103.49,61,0.95,azken_py38_postfix_20260910_202107,16,0,TTT3_iKon936-1_2025-09-15-05-31-52-256207_C2025A6_Lum.fits
azken,NVIDIA H100 PCIe,3.8.10,py38_baseline,profiler_py38_postfix,iKon936_Lum,4.2,5.422036,228,2026-09-10T20:24:23.227Z,local,postfix_2026-09-10,220.00,103.53,61,0.96,azken_py38_postfix_20260910_202107,17,0,TTT3_iKon936-1_2025-09-15-05-31-52-256207_C2025A6_Lum.fits
azken,NVIDIA H100 PCIe,3.8.10,py38_baseline,profiler_py38_postfix,iKon936_Lum,4.2,5.330740,228,2026-09-10T20:24:30.842Z,local,postfix_2026-09-10,220.00,103.40,61,0.88,azken_py38_postfix_20260910_202107,18,0,TTT3_iKon936-1_2025-09-15-05-31-52-256207_C2025A6_Lum.fits
azken,NVIDIA H100 PCIe,3.8.10,py38_baseline,profiler_py38_postfix,iKon936_Lum,4.2,5.003495,228,2026-09-10T20:24:38.435Z,local,postfix_2026-09-10,220.00,104.01,61,0.89,azken_py38_postfix_20260910_202107,19,0,TTT3_iKon936-1_2025-09-15-05-31-52-256207_C2025A6_Lum.fits
azken,NVIDIA H100 PCIe,3.8.10,py38_baseline,profiler_py38_postfix,iKon936_Lum,4.2,5.062099,228,2026-09-10T20:24:45.684Z,local,postfix_2026-09-10,220.00,103.45,61,0.83,azken_py38_postfix_20260910_202107,20,0,TTT3_iKon936-1_2025-09-15-05-31-52-256207_C2025A6_Lum.fits
azken,NVIDIA H100 PCIe,3.8.10,py38_baseline,profiler_py38_postfix,QHY600-3_Lum,6.8,5.116711,8093,2026-09-10T20:24:56.757Z,local,postfix_2026-09-10,220.00,102.25,60,1.02,azken_py38_postfix_20260910_202107,0,1,TTT3_QHY600-3_2025-12-01-23-02-47-487643_C2025R2_Lum.fits
azken,NVIDIA H100 PCIe,3.8.10,py38_baseline,profiler_py38_postfix,QHY600-3_Lum,6.8,4.581039,8093,2026-09-10T20:25:04.094Z,local,postfix_2026-09-10,220.00,103.26,61,1.02,azken_py38_postfix_20260910_202107,0,1,TTT3_QHY600-3_2025-12-01-23-02-47-487643_C2025R2_Lum.fits
azken,NVIDIA H100 PCIe,3.8.10,py38_baseline,profiler_py38_postfix,QHY600-3_Lum,6.8,4.903997,8093,2026-09-10T20:25:10.874Z,local,postfix_2026-09-10,220.00,103.53,61,1.08,azken_py38_postfix_20260910_202107,1,0,TTT3_QHY600-3_2025-12-01-23-02-47-487643_C2025R2_Lum.fits
azken,NVIDIA H100 PCIe,3.8.10,py38_baseline,profiler_py38_postfix,QHY600-3_Lum,6.8,5.250682,8093,2026-09-10T20:25:17.974Z,local,postfix_2026-09-10,220.00,103.67,61,1.24,azken_py38_postfix_20260910_202107,2,0,TTT3_QHY600-3_2025-12-01-23-02-47-487643_C2025R2_Lum.fits
azken,NVIDIA H100 PCIe,3.8.10,py38_baseline,profiler_py38_postfix,QHY600-3_Lum,6.8,4.886428,8093,2026-09-10T20:25:25.399Z,local,postfix_2026-09-10,220.00,104.07,61,1.43,azken_py38_postfix_20260910_202107,3,0,TTT3_QHY600-3_2025-12-01-23-02-47-487643_C2025R2_Lum.fits
azken,NVIDIA H100 PCIe,3.8.10,py38_baseline,profiler_py38_postfix,QHY600-3_Lum,6.8,5.231026,8093,2026-09-10T20:25:32.507Z,local,postfix_2026-09-10,220.00,104.55,61,1.39,azken_py38_postfix_20260910_202107,4,0,TTT3_QHY600-3_2025-12-01-23-02-47-487643_C2025R2_Lum.fits
azken,NVIDIA H100 PCIe,3.8.10,py38_baseline,profiler_py38_postfix,QHY600-3_Lum,6.8,6.034636,8093,2026-09-10T20:25:39.935Z,local,postfix_2026-09-10,220.00,105.56,61,1.25,azken_py38_postfix_20260910_202107,5,0,TTT3_QHY600-3_2025-12-01-23-02-47-487643_C2025R2_Lum.fits
azken,NVIDIA H100 PCIe,3.8.10,py38_baseline,profiler_py38_postfix,QHY600-3_Lum,6.8,4.734652,8093,2026-09-10T20:25:48.173Z,local,postfix_2026-09-10,220.00,104.30,61,1.23,azken_py38_postfix_20260910_202107,6,0,TTT3_QHY600-3_2025-12-01-23-02-47-487643_C2025R2_Lum.fits
azken,NVIDIA H100 PCIe,3.8.10,py38_baseline,profiler_py38_postfix,QHY600-3_Lum,6.8,5.518351,8093,2026-09-10T20:25:55.058Z,local,postfix_2026-09-10,220.00,104.06,61,1.20,azken_py38_postfix_20260910_202107,7,0,TTT3_QHY600-3_2025-12-01-23-02-47-487643_C2025R2_Lum.fits
azken,NVIDIA H100 PCIe,3.8.10,py38_baseline,profiler_py38_postfix,QHY600-3_Lum,6.8,4.640412,8093,2026-09-10T20:26:02.778Z,local,postfix_2026-09-10,220.00,104.01,61,1.18,azken_py38_postfix_20260910_202107,8,0,TTT3_QHY600-3_2025-12-01-23-02-47-487643_C2025R2_Lum.fits
azken,NVIDIA H100 PCIe,3.8.10,py38_baseline,profiler_py38_postfix,QHY600-3_Lum,6.8,4.605916,8093,2026-09-10T20:26:09.635Z,local,postfix_2026-09-10,220.00,103.93,61,1.17,azken_py38_postfix_20260910_202107,9,0,TTT3_QHY600-3_2025-12-01-23-02-47-487643_C2025R2_Lum.fits
azken,NVIDIA H100 PCIe,3.8.10,py38_baseline,profiler_py38_postfix,QHY600-3_Lum,6.8,5.050174,8093,2026-09-10T20:26:16.394Z,local,postfix_2026-09-10,220.00,104.27,61,1.06,azken_py38_postfix_20260910_202107,10,0,TTT3_QHY600-3_2025-12-01-23-02-47-487643_C2025R2_Lum.fits
azken,NVIDIA H100 PCIe,3.8.10,py38_baseline,profiler_py38_postfix,QHY600-3_Lum,6.8,4.580948,8093,2026-09-10T20:26:23.639Z,local,postfix_2026-09-10,220.00,104.38,61,1.05,azken_py38_postfix_20260910_202107,11,0,TTT3_QHY600-3_2025-12-01-23-02-47-487643_C2025R2_Lum.fits
azken,NVIDIA H100 PCIe,3.8.10,py38_baseline,profiler_py38_postfix,QHY600-3_Lum,6.8,5.191693,8093,2026-09-10T20:26:30.423Z,local,postfix_2026-09-10,220.00,104.36,61,1.05,azken_py38_postfix_20260910_202107,12,0,TTT3_QHY600-3_2025-12-01-23-02-47-487643_C2025R2_Lum.fits
azken,NVIDIA H100 PCIe,3.8.10,py38_baseline,profiler_py38_postfix,QHY600-3_Lum,6.8,4.999974,8093,2026-09-10T20:26:37.799Z,local,postfix_2026-09-10,220.00,103.98,61,1.12,azken_py38_postfix_20260910_202107,13,0,TTT3_QHY600-3_2025-12-01-23-02-47-487643_C2025R2_Lum.fits
azken,NVIDIA H100 PCIe,3.8.10,py38_baseline,profiler_py38_postfix,QHY600-3_Lum,6.8,4.688587,8093,2026-09-10T20:26:45.015Z,local,postfix_2026-09-10,220.00,104.96,62,1.26,azken_py38_postfix_20260910_202107,14,0,TTT3_QHY600-3_2025-12-01-23-02-47-487643_C2025R2_Lum.fits
azken,NVIDIA H100 PCIe,3.8.10,py38_baseline,profiler_py38_postfix,QHY600-3_Lum,6.8,4.649220,8093,2026-09-10T20:26:51.938Z,local,postfix_2026-09-10,220.00,104.59,62,1.24,azken_py38_postfix_20260910_202107,15,0,TTT3_QHY600-3_2025-12-01-23-02-47-487643_C2025R2_Lum.fits
azken,NVIDIA H100 PCIe,3.8.10,py38_baseline,profiler_py38_postfix,QHY600-3_Lum,6.8,4.604105,8093,2026-09-10T20:26:58.811Z,local,postfix_2026-09-10,220.00,104.27,61,1.78,azken_py38_postfix_20260910_202107,16,0,TTT3_QHY600-3_2025-12-01-23-02-47-487643_C2025R2_Lum.fits
azken,NVIDIA H100 PCIe,3.8.10,py38_baseline,profiler_py38_postfix,QHY600-3_Lum,6.8,4.445667,8093,2026-09-10T20:27:05.588Z,local,postfix_2026-09-10,220.00,104.37,62,1.66,azken_py38_postfix_20260910_202107,17,0,TTT3_QHY600-3_2025-12-01-23-02-47-487643_C2025R2_Lum.fits
azken,NVIDIA H100 PCIe,3.8.10,py38_baseline,profiler_py38_postfix,QHY600-3_Lum,6.8,4.975194,8093,2026-09-10T20:27:12.251Z,local,postfix_2026-09-10,220.00,104.43,62,1.61,azken_py38_postfix_20260910_202107,18,0,TTT3_QHY600-3_2025-12-01-23-02-47-487643_C2025R2_Lum.fits
azken,NVIDIA H100 PCIe,3.8.10,py38_baseline,profiler_py38_postfix,QHY600-3_Lum,6.8,4.390428,8093,2026-09-10T20:27:19.418Z,local,postfix_2026-09-10,220.00,104.61,62,1.56,azken_py38_postfix_20260910_202107,19,0,TTT3_QHY600-3_2025-12-01-23-02-47-487643_C2025R2_Lum.fits
azken,NVIDIA H100 PCIe,3.8.10,py38_baseline,profiler_py38_postfix,QHY600-3_Lum,6.8,4.733083,8093,2026-09-10T20:27:25.975Z,local,postfix_2026-09-10,220.00,104.42,62,1.39,azken_py38_postfix_20260910_202107,20,0,TTT3_QHY600-3_2025-12-01-23-02-47-487643_C2025R2_Lum.fits
azken,NVIDIA H100 PCIe,3.8.10,py38_baseline,profiler_py38_postfix,QHY600-3_SDSSi_2k,6.8,9.658335,3515,2026-09-10T20:27:36.945Z,local,postfix_2026-09-10,220.00,104.76,61,1.24,azken_py38_postfix_20260910_202107,0,1,TTT3_QHY600-3_2026-03-16-05-18-39-643993_Atira_SDSSi.fits
azken,NVIDIA H100 PCIe,3.8.10,py38_baseline,profiler_py38_postfix,QHY600-3_SDSSi_2k,6.8,5.169668,3515,2026-09-10T20:27:48.845Z,local,postfix_2026-09-10,220.00,103.49,61,1.30,azken_py38_postfix_20260910_202107,0,1,TTT3_QHY600-3_2026-03-16-05-18-39-643993_Atira_SDSSi.fits
azken,NVIDIA H100 PCIe,3.8.10,py38_baseline,profiler_py38_postfix,QHY600-3_SDSSi_2k,6.8,5.289431,3515,2026-09-10T20:27:56.210Z,local,postfix_2026-09-10,220.00,104.01,61,3.62,azken_py38_postfix_20260910_202107,1,0,TTT3_QHY600-3_2026-03-16-05-18-39-643993_Atira_SDSSi.fits
azken,NVIDIA H100 PCIe,3.8.10,py38_baseline,profiler_py38_postfix,QHY600-3_SDSSi_2k,6.8,5.366485,3515,2026-09-10T20:28:03.711Z,local,postfix_2026-09-10,220.00,103.87,61,3.41,azken_py38_postfix_20260910_202107,2,0,TTT3_QHY600-3_2026-03-16-05-18-39-643993_Atira_SDSSi.fits
azken,NVIDIA H100 PCIe,3.8.10,py38_baseline,profiler_py38_postfix,QHY600-3_SDSSi_2k,6.8,5.010753,3515,2026-09-10T20:28:11.319Z,local,postfix_2026-09-10,220.00,104.00,61,2.96,azken_py38_postfix_20260910_202107,3,0,TTT3_QHY600-3_2026-03-16-05-18-39-643993_Atira_SDSSi.fits
azken,NVIDIA H100 PCIe,3.8.10,py38_baseline,profiler_py38_postfix,QHY600-3_SDSSi_2k,6.8,4.817110,3515,2026-09-10T20:28:18.535Z,local,postfix_2026-09-10,220.00,104.20,61,2.88,azken_py38_postfix_20260910_202107,4,0,TTT3_QHY600-3_2026-03-16-05-18-39-643993_Atira_SDSSi.fits
azken,NVIDIA H100 PCIe,3.8.10,py38_baseline,profiler_py38_postfix,QHY600-3_SDSSi_2k,6.8,4.946056,3515,2026-09-10T20:28:25.575Z,local,postfix_2026-09-10,220.00,104.12,61,2.59,azken_py38_postfix_20260910_202107,5,0,TTT3_QHY600-3_2026-03-16-05-18-39-643993_Atira_SDSSi.fits
azken,NVIDIA H100 PCIe,3.8.10,py38_baseline,profiler_py38_postfix,QHY600-3_SDSSi_2k,6.8,4.856129,3515,2026-09-10T20:28:32.763Z,local,postfix_2026-09-10,220.00,104.05,61,2.46,azken_py38_postfix_20260910_202107,6,0,TTT3_QHY600-3_2026-03-16-05-18-39-643993_Atira_SDSSi.fits
azken,NVIDIA H100 PCIe,3.8.10,py38_baseline,profiler_py38_postfix,QHY600-3_SDSSi_2k,6.8,5.506187,3515,2026-09-10T20:28:39.850Z,local,postfix_2026-09-10,220.00,104.17,61,2.24,azken_py38_postfix_20260910_202107,7,0,TTT3_QHY600-3_2026-03-16-05-18-39-643993_Atira_SDSSi.fits
azken,NVIDIA H100 PCIe,3.8.10,py38_baseline,profiler_py38_postfix,QHY600-3_SDSSi_2k,6.8,5.441555,3515,2026-09-10T20:28:47.570Z,local,postfix_2026-09-10,220.00,105.58,61,2.14,azken_py38_postfix_20260910_202107,8,0,TTT3_QHY600-3_2026-03-16-05-18-39-643993_Atira_SDSSi.fits
azken,NVIDIA H100 PCIe,3.8.10,py38_baseline,profiler_py38_postfix,QHY600-3_SDSSi_2k,6.8,5.817789,3515,2026-09-10T20:28:55.206Z,local,postfix_2026-09-10,220.00,103.92,61,1.96,azken_py38_postfix_20260910_202107,9,0,TTT3_QHY600-3_2026-03-16-05-18-39-643993_Atira_SDSSi.fits
azken,NVIDIA H100 PCIe,3.8.10,py38_baseline,profiler_py38_postfix,QHY600-3_SDSSi_2k,6.8,4.959921,3515,2026-09-10T20:29:03.256Z,local,postfix_2026-09-10,220.00,104.19,61,1.89,azken_py38_postfix_20260910_202107,10,0,TTT3_QHY600-3_2026-03-16-05-18-39-643993_Atira_SDSSi.fits
azken,NVIDIA H100 PCIe,3.8.10,py38_baseline,profiler_py38_postfix,QHY600-3_SDSSi_2k,6.8,5.178210,3515,2026-09-10T20:29:10.438Z,local,postfix_2026-09-10,220.00,106.26,62,1.83,azken_py38_postfix_20260910_202107,11,0,TTT3_QHY600-3_2026-03-16-05-18-39-643993_Atira_SDSSi.fits
azken,NVIDIA H100 PCIe,3.8.10,py38_baseline,profiler_py38_postfix,QHY600-3_SDSSi_2k,6.8,4.887446,3515,2026-09-10T20:29:17.882Z,local,postfix_2026-09-10,220.00,104.29,61,1.76,azken_py38_postfix_20260910_202107,12,0,TTT3_QHY600-3_2026-03-16-05-18-39-643993_Atira_SDSSi.fits
azken,NVIDIA H100 PCIe,3.8.10,py38_baseline,profiler_py38_postfix,QHY600-3_SDSSi_2k,6.8,4.949807,3515,2026-09-10T20:29:24.990Z,local,postfix_2026-09-10,220.00,104.27,61,1.64,azken_py38_postfix_20260910_202107,13,0,TTT3_QHY600-3_2026-03-16-05-18-39-643993_Atira_SDSSi.fits
azken,NVIDIA H100 PCIe,3.8.10,py38_baseline,profiler_py38_postfix,QHY600-3_SDSSi_2k,6.8,4.998095,3515,2026-09-10T20:29:32.180Z,local,postfix_2026-09-10,220.00,104.41,61,1.67,azken_py38_postfix_20260910_202107,14,0,TTT3_QHY600-3_2026-03-16-05-18-39-643993_Atira_SDSSi.fits
azken,NVIDIA H100 PCIe,3.8.10,py38_baseline,profiler_py38_postfix,QHY600-3_SDSSi_2k,6.8,5.484626,3515,2026-09-10T20:29:39.361Z,local,postfix_2026-09-10,220.00,104.28,61,1.73,azken_py38_postfix_20260910_202107,15,0,TTT3_QHY600-3_2026-03-16-05-18-39-643993_Atira_SDSSi.fits
azken,NVIDIA H100 PCIe,3.8.10,py38_baseline,profiler_py38_postfix,QHY600-3_SDSSi_2k,6.8,4.887786,3515,2026-09-10T20:29:47.072Z,local,postfix_2026-09-10,220.00,104.28,62,1.83,azken_py38_postfix_20260910_202107,16,0,TTT3_QHY600-3_2026-03-16-05-18-39-643993_Atira_SDSSi.fits
azken,NVIDIA H100 PCIe,3.8.10,py38_baseline,profiler_py38_postfix,QHY600-3_SDSSi_2k,6.8,5.233795,3515,2026-09-10T20:29:54.178Z,local,postfix_2026-09-10,220.00,105.64,62,1.77,azken_py38_postfix_20260910_202107,17,0,TTT3_QHY600-3_2026-03-16-05-18-39-643993_Atira_SDSSi.fits
azken,NVIDIA H100 PCIe,3.8.10,py38_baseline,profiler_py38_postfix,QHY600-3_SDSSi_2k,6.8,5.325487,3515,2026-09-10T20:30:01.626Z,local,postfix_2026-09-10,220.00,104.32,61,1.72,azken_py38_postfix_20260910_202107,18,0,TTT3_QHY600-3_2026-03-16-05-18-39-643993_Atira_SDSSi.fits
azken,NVIDIA H100 PCIe,3.8.10,py38_baseline,profiler_py38_postfix,QHY600-3_SDSSi_2k,6.8,5.353367,3515,2026-09-10T20:30:09.227Z,local,postfix_2026-09-10,220.00,104.43,61,1.69,azken_py38_postfix_20260910_202107,19,0,TTT3_QHY600-3_2026-03-16-05-18-39-643993_Atira_SDSSi.fits
azken,NVIDIA H100 PCIe,3.8.10,py38_baseline,profiler_py38_postfix,QHY600-3_SDSSi_2k,6.8,5.612928,3515,2026-09-10T20:30:16.790Z,local,postfix_2026-09-10,220.00,104.06,61,1.64,azken_py38_postfix_20260910_202107,20,0,TTT3_QHY600-3_2026-03-16-05-18-39-643993_Atira_SDSSi.fits
azken,NVIDIA H100 PCIe,3.8.10,py38_baseline,profiler_py38_postfix,QHY600-3_SDSSi_2k,6.8,6.005984,3718,2026-09-10T20:30:28.179Z,local,postfix_2026-09-10,220.00,102.91,60,1.78,azken_py38_postfix_20260910_202107,0,1,TTT3_QHY600-3_2026-03-16-05-22-20-937513_Atira_SDSSi.fits
azken,NVIDIA H100 PCIe,3.8.10,py38_baseline,profiler_py38_postfix,QHY600-3_SDSSi_2k,6.8,5.436229,3718,2026-09-10T20:30:36.406Z,local,postfix_2026-09-10,220.00,105.59,61,1.58,azken_py38_postfix_20260910_202107,0,1,TTT3_QHY600-3_2026-03-16-05-22-20-937513_Atira_SDSSi.fits
azken,NVIDIA H100 PCIe,3.8.10,py38_baseline,profiler_py38_postfix,QHY600-3_SDSSi_2k,6.8,5.412833,3718,2026-09-10T20:30:44.038Z,local,postfix_2026-09-10,220.00,103.98,61,1.53,azken_py38_postfix_20260910_202107,1,0,TTT3_QHY600-3_2026-03-16-05-22-20-937513_Atira_SDSSi.fits
azken,NVIDIA H100 PCIe,3.8.10,py38_baseline,profiler_py38_postfix,QHY600-3_SDSSi_2k,6.8,5.749910,3718,2026-09-10T20:30:51.602Z,local,postfix_2026-09-10,220.00,103.84,61,1.37,azken_py38_postfix_20260910_202107,2,0,TTT3_QHY600-3_2026-03-16-05-22-20-937513_Atira_SDSSi.fits
azken,NVIDIA H100 PCIe,3.8.10,py38_baseline,profiler_py38_postfix,QHY600-3_SDSSi_2k,6.8,6.232876,3718,2026-09-10T20:30:59.575Z,local,postfix_2026-09-10,220.00,103.71,61,1.39,azken_py38_postfix_20260910_202107,3,0,TTT3_QHY600-3_2026-03-16-05-22-20-937513_Atira_SDSSi.fits
azken,NVIDIA H100 PCIe,3.8.10,py38_baseline,profiler_py38_postfix,QHY600-3_SDSSi_2k,6.8,5.457491,3718,2026-09-10T20:31:08.002Z,local,postfix_2026-09-10,220.00,104.18,61,1.35,azken_py38_postfix_20260910_202107,4,0,TTT3_QHY600-3_2026-03-16-05-22-20-937513_Atira_SDSSi.fits
azken,NVIDIA H100 PCIe,3.8.10,py38_baseline,profiler_py38_postfix,QHY600-3_SDSSi_2k,6.8,5.372853,3718,2026-09-10T20:31:15.711Z,local,postfix_2026-09-10,220.00,103.97,61,1.22,azken_py38_postfix_20260910_202107,5,0,TTT3_QHY600-3_2026-03-16-05-22-20-937513_Atira_SDSSi.fits
azken,NVIDIA H100 PCIe,3.8.10,py38_baseline,profiler_py38_postfix,QHY600-3_SDSSi_2k,6.8,5.314714,3718,2026-09-10T20:31:23.330Z,local,postfix_2026-09-10,220.00,104.00,61,1.20,azken_py38_postfix_20260910_202107,6,0,TTT3_QHY600-3_2026-03-16-05-22-20-937513_Atira_SDSSi.fits
azken,NVIDIA H100 PCIe,3.8.10,py38_baseline,profiler_py38_postfix,QHY600-3_SDSSi_2k,6.8,4.963473,3718,2026-09-10T20:31:30.839Z,local,postfix_2026-09-10,220.00,103.95,61,1.25,azken_py38_postfix_20260910_202107,7,0,TTT3_QHY600-3_2026-03-16-05-22-20-937513_Atira_SDSSi.fits
azken,NVIDIA H100 PCIe,3.8.10,py38_baseline,profiler_py38_postfix,QHY600-3_SDSSi_2k,6.8,5.241141,3718,2026-09-10T20:31:38.038Z,local,postfix_2026-09-10,220.00,104.53,61,1.23,azken_py38_postfix_20260910_202107,8,0,TTT3_QHY600-3_2026-03-16-05-22-20-937513_Atira_SDSSi.fits
azken,NVIDIA H100 PCIe,3.8.10,py38_baseline,profiler_py38_postfix,QHY600-3_SDSSi_2k,6.8,5.191735,3718,2026-09-10T20:31:45.459Z,local,postfix_2026-09-10,220.00,104.25,61,1.27,azken_py38_postfix_20260910_202107,9,0,TTT3_QHY600-3_2026-03-16-05-22-20-937513_Atira_SDSSi.fits
azken,NVIDIA H100 PCIe,3.8.10,py38_baseline,profiler_py38_postfix,QHY600-3_SDSSi_2k,6.8,5.345200,3718,2026-09-10T20:31:52.879Z,local,postfix_2026-09-10,220.00,104.60,61,1.25,azken_py38_postfix_20260910_202107,10,0,TTT3_QHY600-3_2026-03-16-05-22-20-937513_Atira_SDSSi.fits
azken,NVIDIA H100 PCIe,3.8.10,py38_baseline,profiler_py38_postfix,QHY600-3_SDSSi_2k,6.8,5.005723,3718,2026-09-10T20:32:00.450Z,local,postfix_2026-09-10,220.00,104.05,61,1.28,azken_py38_postfix_20260910_202107,11,0,TTT3_QHY600-3_2026-03-16-05-22-20-937513_Atira_SDSSi.fits
azken,NVIDIA H100 PCIe,3.8.10,py38_baseline,profiler_py38_postfix,QHY600-3_SDSSi_2k,6.8,5.365145,3718,2026-09-10T20:32:07.714Z,local,postfix_2026-09-10,220.00,104.50,61,1.34,azken_py38_postfix_20260910_202107,12,0,TTT3_QHY600-3_2026-03-16-05-22-20-937513_Atira_SDSSi.fits
azken,NVIDIA H100 PCIe,3.8.10,py38_baseline,profiler_py38_postfix,QHY600-3_SDSSi_2k,6.8,5.027511,3718,2026-09-10T20:32:15.286Z,local,postfix_2026-09-10,220.00,106.11,62,1.51,azken_py38_postfix_20260910_202107,13,0,TTT3_QHY600-3_2026-03-16-05-22-20-937513_Atira_SDSSi.fits
azken,NVIDIA H100 PCIe,3.8.10,py38_baseline,profiler_py38_postfix,QHY600-3_SDSSi_2k,6.8,6.034056,3718,2026-09-10T20:32:22.582Z,local,postfix_2026-09-10,220.00,104.07,61,1.47,azken_py38_postfix_20260910_202107,14,0,TTT3_QHY600-3_2026-03-16-05-22-20-937513_Atira_SDSSi.fits
azken,NVIDIA H100 PCIe,3.8.10,py38_baseline,profiler_py38_postfix,QHY600-3_SDSSi_2k,6.8,5.765656,3718,2026-09-10T20:32:30.842Z,local,postfix_2026-09-10,220.00,103.68,61,1.32,azken_py38_postfix_20260910_202107,15,0,TTT3_QHY600-3_2026-03-16-05-22-20-937513_Atira_SDSSi.fits
azken,NVIDIA H100 PCIe,3.8.10,py38_baseline,profiler_py38_postfix,QHY600-3_SDSSi_2k,6.8,4.966021,3718,2026-09-10T20:32:38.860Z,local,postfix_2026-09-10,220.00,103.70,61,1.29,azken_py38_postfix_20260910_202107,16,0,TTT3_QHY600-3_2026-03-16-05-22-20-937513_Atira_SDSSi.fits
azken,NVIDIA H100 PCIe,3.8.10,py38_baseline,profiler_py38_postfix,QHY600-3_SDSSi_2k,6.8,5.065734,3718,2026-09-10T20:32:46.003Z,local,postfix_2026-09-10,220.00,104.45,61,1.24,azken_py38_postfix_20260910_202107,17,0,TTT3_QHY600-3_2026-03-16-05-22-20-937513_Atira_SDSSi.fits
azken,NVIDIA H100 PCIe,3.8.10,py38_baseline,profiler_py38_postfix,QHY600-3_SDSSi_2k,6.8,5.225400,3718,2026-09-10T20:32:53.278Z,local,postfix_2026-09-10,220.00,104.10,61,1.22,azken_py38_postfix_20260910_202107,18,0,TTT3_QHY600-3_2026-03-16-05-22-20-937513_Atira_SDSSi.fits
azken,NVIDIA H100 PCIe,3.8.10,py38_baseline,profiler_py38_postfix,QHY600-3_SDSSi_2k,6.8,5.272302,3718,2026-09-10T20:33:00.738Z,local,postfix_2026-09-10,220.00,103.95,61,1.18,azken_py38_postfix_20260910_202107,19,0,TTT3_QHY600-3_2026-03-16-05-22-20-937513_Atira_SDSSi.fits
azken,NVIDIA H100 PCIe,3.8.10,py38_baseline,profiler_py38_postfix,QHY600-3_SDSSi_2k,6.8,6.527013,3718,2026-09-10T20:33:08.235Z,local,postfix_2026-09-10,220.00,103.91,61,1.15,azken_py38_postfix_20260910_202107,20,0,TTT3_QHY600-3_2026-03-16-05-22-20-937513_Atira_SDSSi.fits
azken,NVIDIA H100 PCIe,3.8.10,py38_baseline,profiler_py38_postfix,QHY600-3_SDSSi_2k,6.8,5.186351,3534,2026-09-10T20:33:20.589Z,local,postfix_2026-09-10,220.00,102.90,60,1.13,azken_py38_postfix_20260910_202107,0,1,TTT3_QHY600-3_2026-03-16-05-24-48-710462_Atira_SDSSi.fits
azken,NVIDIA H100 PCIe,3.8.10,py38_baseline,profiler_py38_postfix,QHY600-3_SDSSi_2k,6.8,5.370618,3534,2026-09-10T20:33:28.007Z,local,postfix_2026-09-10,220.00,103.49,61,1.28,azken_py38_postfix_20260910_202107,0,1,TTT3_QHY600-3_2026-03-16-05-24-48-710462_Atira_SDSSi.fits
azken,NVIDIA H100 PCIe,3.8.10,py38_baseline,profiler_py38_postfix,QHY600-3_SDSSi_2k,6.8,5.116307,3534,2026-09-10T20:33:35.568Z,local,postfix_2026-09-10,220.00,105.86,61,1.32,azken_py38_postfix_20260910_202107,1,0,TTT3_QHY600-3_2026-03-16-05-24-48-710462_Atira_SDSSi.fits
azken,NVIDIA H100 PCIe,3.8.10,py38_baseline,profiler_py38_postfix,QHY600-3_SDSSi_2k,6.8,5.195872,3534,2026-09-10T20:33:42.898Z,local,postfix_2026-09-10,220.00,103.86,61,1.29,azken_py38_postfix_20260910_202107,2,0,TTT3_QHY600-3_2026-03-16-05-24-48-710462_Atira_SDSSi.fits
azken,NVIDIA H100 PCIe,3.8.10,py38_baseline,profiler_py38_postfix,QHY600-3_SDSSi_2k,6.8,5.458767,3534,2026-09-10T20:33:50.322Z,local,postfix_2026-09-10,220.00,104.05,61,1.25,azken_py38_postfix_20260910_202107,3,0,TTT3_QHY600-3_2026-03-16-05-24-48-710462_Atira_SDSSi.fits
azken,NVIDIA H100 PCIe,3.8.10,py38_baseline,profiler_py38_postfix,QHY600-3_SDSSi_2k,6.8,5.062085,3534,2026-09-10T20:33:58.002Z,local,postfix_2026-09-10,220.00,104.01,61,1.31,azken_py38_postfix_20260910_202107,4,0,TTT3_QHY600-3_2026-03-16-05-24-48-710462_Atira_SDSSi.fits
azken,NVIDIA H100 PCIe,3.8.10,py38_baseline,profiler_py38_postfix,QHY600-3_SDSSi_2k,6.8,5.103956,3534,2026-09-10T20:34:05.239Z,local,postfix_2026-09-10,220.00,104.04,61,1.26,azken_py38_postfix_20260910_202107,5,0,TTT3_QHY600-3_2026-03-16-05-24-48-710462_Atira_SDSSi.fits
azken,NVIDIA H100 PCIe,3.8.10,py38_baseline,profiler_py38_postfix,QHY600-3_SDSSi_2k,6.8,5.220225,3534,2026-09-10T20:34:12.520Z,local,postfix_2026-09-10,220.00,104.18,61,1.24,azken_py38_postfix_20260910_202107,6,0,TTT3_QHY600-3_2026-03-16-05-24-48-710462_Atira_SDSSi.fits
azken,NVIDIA H100 PCIe,3.8.10,py38_baseline,profiler_py38_postfix,QHY600-3_SDSSi_2k,6.8,4.958780,3534,2026-09-10T20:34:19.922Z,local,postfix_2026-09-10,220.00,104.05,61,1.20,azken_py38_postfix_20260910_202107,7,0,TTT3_QHY600-3_2026-03-16-05-24-48-710462_Atira_SDSSi.fits
azken,NVIDIA H100 PCIe,3.8.10,py38_baseline,profiler_py38_postfix,QHY600-3_SDSSi_2k,6.8,5.094063,3534,2026-09-10T20:34:27.074Z,local,postfix_2026-09-10,220.00,103.95,61,1.18,azken_py38_postfix_20260910_202107,8,0,TTT3_QHY600-3_2026-03-16-05-24-48-710462_Atira_SDSSi.fits
azken,NVIDIA H100 PCIe,3.8.10,py38_baseline,profiler_py38_postfix,QHY600-3_SDSSi_2k,6.8,5.126956,3534,2026-09-10T20:34:34.380Z,local,postfix_2026-09-10,220.00,104.06,61,1.25,azken_py38_postfix_20260910_202107,9,0,TTT3_QHY600-3_2026-03-16-05-24-48-710462_Atira_SDSSi.fits
azken,NVIDIA H100 PCIe,3.8.10,py38_baseline,profiler_py38_postfix,QHY600-3_SDSSi_2k,6.8,5.344364,3534,2026-09-10T20:34:41.703Z,local,postfix_2026-09-10,220.00,104.09,61,1.13,azken_py38_postfix_20260910_202107,10,0,TTT3_QHY600-3_2026-03-16-05-24-48-710462_Atira_SDSSi.fits
azken,NVIDIA H100 PCIe,3.8.10,py38_baseline,profiler_py38_postfix,QHY600-3_SDSSi_2k,6.8,5.313588,3534,2026-09-10T20:34:49.282Z,local,postfix_2026-09-10,220.00,104.05,61,3.60,azken_py38_postfix_20260910_202107,11,0,TTT3_QHY600-3_2026-03-16-05-24-48-710462_Atira_SDSSi.fits
azken,NVIDIA H100 PCIe,3.8.10,py38_baseline,profiler_py38_postfix,QHY600-3_SDSSi_2k,6.8,5.340185,3534,2026-09-10T20:34:56.772Z,local,postfix_2026-09-10,220.00,104.01,61,3.12,azken_py38_postfix_20260910_202107,12,0,TTT3_QHY600-3_2026-03-16-05-24-48-710462_Atira_SDSSi.fits
azken,NVIDIA H100 PCIe,3.8.10,py38_baseline,profiler_py38_postfix,QHY600-3_SDSSi_2k,6.8,5.753321,3534,2026-09-10T20:35:04.347Z,local,postfix_2026-09-10,220.00,104.13,61,2.80,azken_py38_postfix_20260910_202107,13,0,TTT3_QHY600-3_2026-03-16-05-24-48-710462_Atira_SDSSi.fits
azken,NVIDIA H100 PCIe,3.8.10,py38_baseline,profiler_py38_postfix,QHY600-3_SDSSi_2k,6.8,5.727381,3534,2026-09-10T20:35:12.278Z,local,postfix_2026-09-10,220.00,104.07,61,2.65,azken_py38_postfix_20260910_202107,14,0,TTT3_QHY600-3_2026-03-16-05-24-48-710462_Atira_SDSSi.fits
azken,NVIDIA H100 PCIe,3.8.10,py38_baseline,profiler_py38_postfix,QHY600-3_SDSSi_2k,6.8,6.486372,3534,2026-09-10T20:35:20.215Z,local,postfix_2026-09-10,220.00,103.93,61,2.24,azken_py38_postfix_20260910_202107,15,0,TTT3_QHY600-3_2026-03-16-05-24-48-710462_Atira_SDSSi.fits
azken,NVIDIA H100 PCIe,3.8.10,py38_baseline,profiler_py38_postfix,QHY600-3_SDSSi_2k,6.8,5.662278,3534,2026-09-10T20:35:28.919Z,local,postfix_2026-09-10,220.00,103.90,61,2.14,azken_py38_postfix_20260910_202107,16,0,TTT3_QHY600-3_2026-03-16-05-24-48-710462_Atira_SDSSi.fits
azken,NVIDIA H100 PCIe,3.8.10,py38_baseline,profiler_py38_postfix,QHY600-3_SDSSi_2k,6.8,5.611604,3534,2026-09-10T20:35:36.743Z,local,postfix_2026-09-10,220.00,104.15,61,1.89,azken_py38_postfix_20260910_202107,17,0,TTT3_QHY600-3_2026-03-16-05-24-48-710462_Atira_SDSSi.fits
azken,NVIDIA H100 PCIe,3.8.10,py38_baseline,profiler_py38_postfix,QHY600-3_SDSSi_2k,6.8,5.344161,3534,2026-09-10T20:35:44.554Z,local,postfix_2026-09-10,220.00,104.00,61,1.75,azken_py38_postfix_20260910_202107,18,0,TTT3_QHY600-3_2026-03-16-05-24-48-710462_Atira_SDSSi.fits
azken,NVIDIA H100 PCIe,3.8.10,py38_baseline,profiler_py38_postfix,QHY600-3_SDSSi_2k,6.8,5.521034,3534,2026-09-10T20:35:52.122Z,local,postfix_2026-09-10,220.00,104.06,61,1.69,azken_py38_postfix_20260910_202107,19,0,TTT3_QHY600-3_2026-03-16-05-24-48-710462_Atira_SDSSi.fits
azken,NVIDIA H100 PCIe,3.8.10,py38_baseline,profiler_py38_postfix,QHY600-3_SDSSi_2k,6.8,5.147077,3534,2026-09-10T20:35:59.849Z,local,postfix_2026-09-10,220.00,104.00,61,1.58,azken_py38_postfix_20260910_202107,20,0,TTT3_QHY600-3_2026-03-16-05-24-48-710462_Atira_SDSSi.fits
azken,NVIDIA H100 PCIe,3.8.10,py38_baseline,profiler_py38_postfix,QHY600-4_SDSSg,15.3,8.394230,307,2026-09-10T20:36:10.767Z,local,postfix_2026-09-10,220.00,103.27,61,1.49,azken_py38_postfix_20260910_202107,0,1,TTT2_QHY600-4_2026-02-14-23-46-19-497908_WASP-43-b_SDSSg.fits
azken,NVIDIA H100 PCIe,3.8.10,py38_baseline,profiler_py38_postfix,QHY600-4_SDSSg,15.3,5.909134,307,2026-09-10T20:36:21.409Z,local,postfix_2026-09-10,220.00,104.11,61,1.50,azken_py38_postfix_20260910_202107,0,1,TTT2_QHY600-4_2026-02-14-23-46-19-497908_WASP-43-b_SDSSg.fits
azken,NVIDIA H100 PCIe,3.8.10,py38_baseline,profiler_py38_postfix,QHY600-4_SDSSg,15.3,5.971916,307,2026-09-10T20:36:29.518Z,local,postfix_2026-09-10,220.00,104.20,61,1.42,azken_py38_postfix_20260910_202107,1,0,TTT2_QHY600-4_2026-02-14-23-46-19-497908_WASP-43-b_SDSSg.fits
azken,NVIDIA H100 PCIe,3.8.10,py38_baseline,profiler_py38_postfix,QHY600-4_SDSSg,15.3,6.255704,307,2026-09-10T20:36:37.722Z,local,postfix_2026-09-10,220.00,105.69,62,1.39,azken_py38_postfix_20260910_202107,2,0,TTT2_QHY600-4_2026-02-14-23-46-19-497908_WASP-43-b_SDSSg.fits
azken,NVIDIA H100 PCIe,3.8.10,py38_baseline,profiler_py38_postfix,QHY600-4_SDSSg,15.3,6.083747,307,2026-09-10T20:36:46.184Z,local,postfix_2026-09-10,220.00,104.43,62,1.33,azken_py38_postfix_20260910_202107,3,0,TTT2_QHY600-4_2026-02-14-23-46-19-497908_WASP-43-b_SDSSg.fits
azken,NVIDIA H100 PCIe,3.8.10,py38_baseline,profiler_py38_postfix,QHY600-4_SDSSg,15.3,6.169434,307,2026-09-10T20:36:54.458Z,local,postfix_2026-09-10,220.00,104.59,62,1.36,azken_py38_postfix_20260910_202107,4,0,TTT2_QHY600-4_2026-02-14-23-46-19-497908_WASP-43-b_SDSSg.fits
azken,NVIDIA H100 PCIe,3.8.10,py38_baseline,profiler_py38_postfix,QHY600-4_SDSSg,15.3,5.909787,307,2026-09-10T20:37:02.875Z,local,postfix_2026-09-10,220.00,105.91,62,1.33,azken_py38_postfix_20260910_202107,5,0,TTT2_QHY600-4_2026-02-14-23-46-19-497908_WASP-43-b_SDSSg.fits
azken,NVIDIA H100 PCIe,3.8.10,py38_baseline,profiler_py38_postfix,QHY600-4_SDSSg,15.3,5.927465,307,2026-09-10T20:37:10.958Z,local,postfix_2026-09-10,220.00,106.34,62,1.20,azken_py38_postfix_20260910_202107,6,0,TTT2_QHY600-4_2026-02-14-23-46-19-497908_WASP-43-b_SDSSg.fits
azken,NVIDIA H100 PCIe,3.8.10,py38_baseline,profiler_py38_postfix,QHY600-4_SDSSg,15.3,5.735443,307,2026-09-10T20:37:19.074Z,local,postfix_2026-09-10,220.00,105.05,62,1.18,azken_py38_postfix_20260910_202107,7,0,TTT2_QHY600-4_2026-02-14-23-46-19-497908_WASP-43-b_SDSSg.fits
azken,NVIDIA H100 PCIe,3.8.10,py38_baseline,profiler_py38_postfix,QHY600-4_SDSSg,15.3,6.748763,307,2026-09-10T20:37:26.971Z,local,postfix_2026-09-10,220.00,105.98,62,1.15,azken_py38_postfix_20260910_202107,8,0,TTT2_QHY600-4_2026-02-14-23-46-19-497908_WASP-43-b_SDSSg.fits
azken,NVIDIA H100 PCIe,3.8.10,py38_baseline,profiler_py38_postfix,QHY600-4_SDSSg,15.3,6.470016,307,2026-09-10T20:37:35.922Z,local,postfix_2026-09-10,220.00,104.92,62,1.05,azken_py38_postfix_20260910_202107,9,0,TTT2_QHY600-4_2026-02-14-23-46-19-497908_WASP-43-b_SDSSg.fits
azken,NVIDIA H100 PCIe,3.8.10,py38_baseline,profiler_py38_postfix,QHY600-4_SDSSg,15.3,6.603291,307,2026-09-10T20:37:44.575Z,local,postfix_2026-09-10,220.00,105.09,62,0.96,azken_py38_postfix_20260910_202107,10,0,TTT2_QHY600-4_2026-02-14-23-46-19-497908_WASP-43-b_SDSSg.fits
azken,NVIDIA H100 PCIe,3.8.10,py38_baseline,profiler_py38_postfix,QHY600-4_SDSSg,15.3,5.746228,307,2026-09-10T20:37:53.374Z,local,postfix_2026-09-10,220.00,106.36,62,0.96,azken_py38_postfix_20260910_202107,11,0,TTT2_QHY600-4_2026-02-14-23-46-19-497908_WASP-43-b_SDSSg.fits
azken,NVIDIA H100 PCIe,3.8.10,py38_baseline,profiler_py38_postfix,QHY600-4_SDSSg,15.3,5.825962,307,2026-09-10T20:38:01.346Z,local,postfix_2026-09-10,220.00,105.19,62,1.04,azken_py38_postfix_20260910_202107,12,0,TTT2_QHY600-4_2026-02-14-23-46-19-497908_WASP-43-b_SDSSg.fits
azken,NVIDIA H100 PCIe,3.8.10,py38_baseline,profiler_py38_postfix,QHY600-4_SDSSg,15.3,6.227970,307,2026-09-10T20:38:09.415Z,local,postfix_2026-09-10,220.00,104.97,62,5.60,azken_py38_postfix_20260910_202107,13,0,TTT2_QHY600-4_2026-02-14-23-46-19-497908_WASP-43-b_SDSSg.fits
azken,NVIDIA H100 PCIe,3.8.10,py38_baseline,profiler_py38_postfix,QHY600-4_SDSSg,15.3,6.059454,307,2026-09-10T20:38:17.851Z,local,postfix_2026-09-10,220.00,105.03,62,5.47,azken_py38_postfix_20260910_202107,14,0,TTT2_QHY600-4_2026-02-14-23-46-19-497908_WASP-43-b_SDSSg.fits
azken,NVIDIA H100 PCIe,3.8.10,py38_baseline,profiler_py38_postfix,QHY600-4_SDSSg,15.3,6.338444,307,2026-09-10T20:38:26.106Z,local,postfix_2026-09-10,220.00,104.95,62,4.86,azken_py38_postfix_20260910_202107,15,0,TTT2_QHY600-4_2026-02-14-23-46-19-497908_WASP-43-b_SDSSg.fits
azken,NVIDIA H100 PCIe,3.8.10,py38_baseline,profiler_py38_postfix,QHY600-4_SDSSg,15.3,6.517925,307,2026-09-10T20:38:34.642Z,local,postfix_2026-09-10,220.00,104.82,62,4.59,azken_py38_postfix_20260910_202107,16,0,TTT2_QHY600-4_2026-02-14-23-46-19-497908_WASP-43-b_SDSSg.fits
azken,NVIDIA H100 PCIe,3.8.10,py38_baseline,profiler_py38_postfix,QHY600-4_SDSSg,15.3,6.524604,307,2026-09-10T20:38:43.363Z,local,postfix_2026-09-10,220.00,104.85,62,4.38,azken_py38_postfix_20260910_202107,17,0,TTT2_QHY600-4_2026-02-14-23-46-19-497908_WASP-43-b_SDSSg.fits
azken,NVIDIA H100 PCIe,3.8.10,py38_baseline,profiler_py38_postfix,QHY600-4_SDSSg,15.3,6.177840,307,2026-09-10T20:38:52.078Z,local,postfix_2026-09-10,220.00,104.90,62,4.15,azken_py38_postfix_20260910_202107,18,0,TTT2_QHY600-4_2026-02-14-23-46-19-497908_WASP-43-b_SDSSg.fits
azken,NVIDIA H100 PCIe,3.8.10,py38_baseline,profiler_py38_postfix,QHY600-4_SDSSg,15.3,6.399999,307,2026-09-10T20:39:00.442Z,local,postfix_2026-09-10,220.00,106.33,62,3.89,azken_py38_postfix_20260910_202107,19,0,TTT2_QHY600-4_2026-02-14-23-46-19-497908_WASP-43-b_SDSSg.fits
azken,NVIDIA H100 PCIe,3.8.10,py38_baseline,profiler_py38_postfix,QHY600-4_SDSSg,15.3,6.275186,307,2026-09-10T20:39:09.078Z,local,postfix_2026-09-10,220.00,106.33,62,3.45,azken_py38_postfix_20260910_202107,20,0,TTT2_QHY600-4_2026-02-14-23-46-19-497908_WASP-43-b_SDSSg.fits
azken,NVIDIA H100 PCIe,3.8.10,py38_baseline,profiler_py38_postfix,QHY600-4_Ha,15.3,7.107748,601,2026-09-10T20:39:21.676Z,local,postfix_2026-09-10,220.00,104.20,61,3.15,azken_py38_postfix_20260910_202107,0,1,TTT2_QHY600-4_2026-02-14-00-13-51-310869_NGC2903_Ha.fits
azken,NVIDIA H100 PCIe,3.8.10,py38_baseline,profiler_py38_postfix,QHY600-4_Ha,15.3,6.404664,601,2026-09-10T20:39:30.981Z,local,postfix_2026-09-10,220.00,105.85,62,2.81,azken_py38_postfix_20260910_202107,0,1,TTT2_QHY600-4_2026-02-14-00-13-51-310869_NGC2903_Ha.fits
azken,NVIDIA H100 PCIe,3.8.10,py38_baseline,profiler_py38_postfix,QHY600-4_Ha,15.3,6.108499,601,2026-09-10T20:39:39.570Z,local,postfix_2026-09-10,220.00,104.79,62,4.90,azken_py38_postfix_20260910_202107,1,0,TTT2_QHY600-4_2026-02-14-00-13-51-310869_NGC2903_Ha.fits
azken,NVIDIA H100 PCIe,3.8.10,py38_baseline,profiler_py38_postfix,QHY600-4_Ha,15.3,6.249876,601,2026-09-10T20:39:47.876Z,local,postfix_2026-09-10,220.00,104.56,62,4.58,azken_py38_postfix_20260910_202107,2,0,TTT2_QHY600-4_2026-02-14-00-13-51-310869_NGC2903_Ha.fits
azken,NVIDIA H100 PCIe,3.8.10,py38_baseline,profiler_py38_postfix,QHY600-4_Ha,15.3,5.564264,601,2026-09-10T20:39:56.323Z,local,postfix_2026-09-10,220.00,104.73,62,4.27,azken_py38_postfix_20260910_202107,3,0,TTT2_QHY600-4_2026-02-14-00-13-51-310869_NGC2903_Ha.fits
azken,NVIDIA H100 PCIe,3.8.10,py38_baseline,profiler_py38_postfix,QHY600-4_Ha,15.3,5.879841,601,2026-09-10T20:40:04.070Z,local,postfix_2026-09-10,220.00,106.10,62,4.00,azken_py38_postfix_20260910_202107,4,0,TTT2_QHY600-4_2026-02-14-00-13-51-310869_NGC2903_Ha.fits
azken,NVIDIA H100 PCIe,3.8.10,py38_baseline,profiler_py38_postfix,QHY600-4_Ha,15.3,6.967664,601,2026-09-10T20:40:12.174Z,local,postfix_2026-09-10,220.00,105.97,62,3.54,azken_py38_postfix_20260910_202107,5,0,TTT2_QHY600-4_2026-02-14-00-13-51-310869_NGC2903_Ha.fits
azken,NVIDIA H100 PCIe,3.8.10,py38_baseline,profiler_py38_postfix,QHY600-4_Ha,15.3,5.688870,601,2026-09-10T20:40:21.346Z,local,postfix_2026-09-10,220.00,105.12,62,3.07,azken_py38_postfix_20260910_202107,6,0,TTT2_QHY600-4_2026-02-14-00-13-51-310869_NGC2903_Ha.fits
azken,NVIDIA H100 PCIe,3.8.10,py38_baseline,profiler_py38_postfix,QHY600-4_Ha,15.3,6.588740,601,2026-09-10T20:40:29.246Z,local,postfix_2026-09-10,220.00,105.00,62,2.83,azken_py38_postfix_20260910_202107,7,0,TTT2_QHY600-4_2026-02-14-00-13-51-310869_NGC2903_Ha.fits
azken,NVIDIA H100 PCIe,3.8.10,py38_baseline,profiler_py38_postfix,QHY600-4_Ha,15.3,6.127741,601,2026-09-10T20:40:38.014Z,local,postfix_2026-09-10,220.00,105.46,62,2.69,azken_py38_postfix_20260910_202107,8,0,TTT2_QHY600-4_2026-02-14-00-13-51-310869_NGC2903_Ha.fits
azken,NVIDIA H100 PCIe,3.8.10,py38_baseline,profiler_py38_postfix,QHY600-4_Ha,15.3,6.398511,601,2026-09-10T20:40:46.335Z,local,postfix_2026-09-10,220.00,104.97,62,2.43,azken_py38_postfix_20260910_202107,9,0,TTT2_QHY600-4_2026-02-14-00-13-51-310869_NGC2903_Ha.fits
azken,NVIDIA H100 PCIe,3.8.10,py38_baseline,profiler_py38_postfix,QHY600-4_Ha,15.3,5.702723,601,2026-09-10T20:40:54.951Z,local,postfix_2026-09-10,220.00,105.01,62,2.36,azken_py38_postfix_20260910_202107,10,0,TTT2_QHY600-4_2026-02-14-00-13-51-310869_NGC2903_Ha.fits
azken,NVIDIA H100 PCIe,3.8.10,py38_baseline,profiler_py38_postfix,QHY600-4_Ha,15.3,5.995868,601,2026-09-10T20:41:02.834Z,local,postfix_2026-09-10,220.00,105.09,62,2.25,azken_py38_postfix_20260910_202107,11,0,TTT2_QHY600-4_2026-02-14-00-13-51-310869_NGC2903_Ha.fits
azken,NVIDIA H100 PCIe,3.8.10,py38_baseline,profiler_py38_postfix,QHY600-4_Ha,15.3,5.808479,601,2026-09-10T20:41:11.008Z,local,postfix_2026-09-10,220.00,106.24,62,1.98,azken_py38_postfix_20260910_202107,12,0,TTT2_QHY600-4_2026-02-14-00-13-51-310869_NGC2903_Ha.fits
azken,NVIDIA H100 PCIe,3.8.10,py38_baseline,profiler_py38_postfix,QHY600-4_Ha,15.3,5.555924,601,2026-09-10T20:41:19.014Z,local,postfix_2026-09-10,220.00,105.14,62,2.14,azken_py38_postfix_20260910_202107,13,0,TTT2_QHY600-4_2026-02-14-00-13-51-310869_NGC2903_Ha.fits
azken,NVIDIA H100 PCIe,3.8.10,py38_baseline,profiler_py38_postfix,QHY600-4_Ha,15.3,5.452610,601,2026-09-10T20:41:26.740Z,local,postfix_2026-09-10,220.00,105.14,62,1.96,azken_py38_postfix_20260910_202107,14,0,TTT2_QHY600-4_2026-02-14-00-13-51-310869_NGC2903_Ha.fits
azken,NVIDIA H100 PCIe,3.8.10,py38_baseline,profiler_py38_postfix,QHY600-4_Ha,15.3,5.617770,601,2026-09-10T20:41:34.386Z,local,postfix_2026-09-10,220.00,105.08,62,1.97,azken_py38_postfix_20260910_202107,15,0,TTT2_QHY600-4_2026-02-14-00-13-51-310869_NGC2903_Ha.fits
azken,NVIDIA H100 PCIe,3.8.10,py38_baseline,profiler_py38_postfix,QHY600-4_Ha,15.3,5.550560,601,2026-09-10T20:41:42.218Z,local,postfix_2026-09-10,220.00,105.19,62,2.19,azken_py38_postfix_20260910_202107,16,0,TTT2_QHY600-4_2026-02-14-00-13-51-310869_NGC2903_Ha.fits
azken,NVIDIA H100 PCIe,3.8.10,py38_baseline,profiler_py38_postfix,QHY600-4_Ha,15.3,5.792883,601,2026-09-10T20:41:49.978Z,local,postfix_2026-09-10,220.00,105.16,62,2.00,azken_py38_postfix_20260910_202107,17,0,TTT2_QHY600-4_2026-02-14-00-13-51-310869_NGC2903_Ha.fits
azken,NVIDIA H100 PCIe,3.8.10,py38_baseline,profiler_py38_postfix,QHY600-4_Ha,15.3,6.103269,601,2026-09-10T20:41:57.970Z,local,postfix_2026-09-10,220.00,105.17,62,2.00,azken_py38_postfix_20260910_202107,18,0,TTT2_QHY600-4_2026-02-14-00-13-51-310869_NGC2903_Ha.fits
azken,NVIDIA H100 PCIe,3.8.10,py38_baseline,profiler_py38_postfix,QHY600-4_Ha,15.3,5.810392,601,2026-09-10T20:42:06.263Z,local,postfix_2026-09-10,220.00,105.21,62,1.77,azken_py38_postfix_20260910_202107,19,0,TTT2_QHY600-4_2026-02-14-00-13-51-310869_NGC2903_Ha.fits
azken,NVIDIA H100 PCIe,3.8.10,py38_baseline,profiler_py38_postfix,QHY600-4_Ha,15.3,5.586617,601,2026-09-10T20:42:14.266Z,local,postfix_2026-09-10,220.00,105.20,62,1.71,azken_py38_postfix_20260910_202107,20,0,TTT2_QHY600-4_2026-02-14-00-13-51-310869_NGC2903_Ha.fits
azken,NVIDIA H100 PCIe,3.8.10,py38_baseline,profiler_py38_postfix,QHY600-4_Lum_2k,15.3,12.941413,2938,2026-09-10T20:42:25.516Z,local,postfix_2026-09-10,220.00,104.05,61,1.50,azken_py38_postfix_20260910_202107,0,1,TTT2_QHY600-4_2026-03-28-20-58-11-266552_1620_Lum.fits
azken,NVIDIA H100 PCIe,3.8.10,py38_baseline,profiler_py38_postfix,QHY600-4_Lum_2k,15.3,9.456538,2938,2026-09-10T20:42:40.658Z,local,postfix_2026-09-10,220.00,104.49,62,1.39,azken_py38_postfix_20260910_202107,0,1,TTT2_QHY600-4_2026-03-28-20-58-11-266552_1620_Lum.fits
azken,NVIDIA H100 PCIe,3.8.10,py38_baseline,profiler_py38_postfix,QHY600-4_Lum_2k,15.3,9.608124,2938,2026-09-10T20:42:52.350Z,local,postfix_2026-09-10,220.00,104.60,62,1.33,azken_py38_postfix_20260910_202107,1,0,TTT2_QHY600-4_2026-03-28-20-58-11-266552_1620_Lum.fits
azken,NVIDIA H100 PCIe,3.8.10,py38_baseline,profiler_py38_postfix,QHY600-4_Lum_2k,15.3,9.327598,2938,2026-09-10T20:43:04.203Z,local,postfix_2026-09-10,220.00,104.48,62,1.44,azken_py38_postfix_20260910_202107,2,0,TTT2_QHY600-4_2026-03-28-20-58-11-266552_1620_Lum.fits
azken,NVIDIA H100 PCIe,3.8.10,py38_baseline,profiler_py38_postfix,QHY600-4_Lum_2k,15.3,9.804873,2938,2026-09-10T20:43:15.723Z,local,postfix_2026-09-10,220.00,104.42,62,1.34,azken_py38_postfix_20260910_202107,3,0,TTT2_QHY600-4_2026-03-28-20-58-11-266552_1620_Lum.fits
azken,NVIDIA H100 PCIe,3.8.10,py38_baseline,profiler_py38_postfix,QHY600-4_Lum_2k,15.3,9.452207,2938,2026-09-10T20:43:27.763Z,local,postfix_2026-09-10,220.00,104.35,62,1.21,azken_py38_postfix_20260910_202107,4,0,TTT2_QHY600-4_2026-03-28-20-58-11-266552_1620_Lum.fits
azken,NVIDIA H100 PCIe,3.8.10,py38_baseline,profiler_py38_postfix,QHY600-4_Lum_2k,15.3,9.438900,2938,2026-09-10T20:43:39.430Z,local,postfix_2026-09-10,220.00,105.04,62,1.18,azken_py38_postfix_20260910_202107,5,0,TTT2_QHY600-4_2026-03-28-20-58-11-266552_1620_Lum.fits
azken,NVIDIA H100 PCIe,3.8.10,py38_baseline,profiler_py38_postfix,QHY600-4_Lum_2k,15.3,9.504797,2938,2026-09-10T20:43:51.027Z,local,postfix_2026-09-10,220.00,104.43,62,1.22,azken_py38_postfix_20260910_202107,6,0,TTT2_QHY600-4_2026-03-28-20-58-11-266552_1620_Lum.fits
azken,NVIDIA H100 PCIe,3.8.10,py38_baseline,profiler_py38_postfix,QHY600-4_Lum_2k,15.3,9.849517,2938,2026-09-10T20:44:02.714Z,local,postfix_2026-09-10,220.00,105.70,62,1.10,azken_py38_postfix_20260910_202107,7,0,TTT2_QHY600-4_2026-03-28-20-58-11-266552_1620_Lum.fits
azken,NVIDIA H100 PCIe,3.8.10,py38_baseline,profiler_py38_postfix,QHY600-4_Lum_2k,15.3,9.587944,2938,2026-09-10T20:44:14.778Z,local,postfix_2026-09-10,220.00,104.59,62,1.09,azken_py38_postfix_20260910_202107,8,0,TTT2_QHY600-4_2026-03-28-20-58-11-266552_1620_Lum.fits
azken,NVIDIA H100 PCIe,3.8.10,py38_baseline,profiler_py38_postfix,QHY600-4_Lum_2k,15.3,9.789623,2938,2026-09-10T20:44:26.571Z,local,postfix_2026-09-10,220.00,106.38,62,1.07,azken_py38_postfix_20260910_202107,9,0,TTT2_QHY600-4_2026-03-28-20-58-11-266552_1620_Lum.fits
azken,NVIDIA H100 PCIe,3.8.10,py38_baseline,profiler_py38_postfix,QHY600-4_Lum_2k,15.3,10.724868,2938,2026-09-10T20:44:38.546Z,local,postfix_2026-09-10,220.00,105.86,62,3.34,azken_py38_postfix_20260910_202107,10,0,TTT2_QHY600-4_2026-03-28-20-58-11-266552_1620_Lum.fits
azken,NVIDIA H100 PCIe,3.8.10,py38_baseline,profiler_py38_postfix,QHY600-4_Lum_2k,15.3,9.772744,2938,2026-09-10T20:44:51.502Z,local,postfix_2026-09-10,220.00,105.95,62,2.90,azken_py38_postfix_20260910_202107,11,0,TTT2_QHY600-4_2026-03-28-20-58-11-266552_1620_Lum.fits
azken,NVIDIA H100 PCIe,3.8.10,py38_baseline,profiler_py38_postfix,QHY600-4_Lum_2k,15.3,9.670283,2938,2026-09-10T20:45:03.450Z,local,postfix_2026-09-10,220.00,104.40,62,4.89,azken_py38_postfix_20260910_202107,12,0,TTT2_QHY600-4_2026-03-28-20-58-11-266552_1620_Lum.fits
azken,NVIDIA H100 PCIe,3.8.10,py38_baseline,profiler_py38_postfix,QHY600-4_Lum_2k,15.3,10.000275,2938,2026-09-10T20:45:15.331Z,local,postfix_2026-09-10,220.00,104.65,62,4.03,azken_py38_postfix_20260910_202107,13,0,TTT2_QHY600-4_2026-03-28-20-58-11-266552_1620_Lum.fits
azken,NVIDIA H100 PCIe,3.8.10,py38_baseline,profiler_py38_postfix,QHY600-4_Lum_2k,15.3,9.742552,2938,2026-09-10T20:45:27.506Z,local,postfix_2026-09-10,220.00,104.71,62,3.48,azken_py38_postfix_20260910_202107,14,0,TTT2_QHY600-4_2026-03-28-20-58-11-266552_1620_Lum.fits
azken,NVIDIA H100 PCIe,3.8.10,py38_baseline,profiler_py38_postfix,QHY600-4_Lum_2k,15.3,9.718206,2938,2026-09-10T20:45:39.422Z,local,postfix_2026-09-10,220.00,104.63,62,3.18,azken_py38_postfix_20260910_202107,15,0,TTT2_QHY600-4_2026-03-28-20-58-11-266552_1620_Lum.fits
azken,NVIDIA H100 PCIe,3.8.10,py38_baseline,profiler_py38_postfix,QHY600-4_Lum_2k,15.3,9.514441,2938,2026-09-10T20:45:51.300Z,local,postfix_2026-09-10,220.00,104.98,62,2.76,azken_py38_postfix_20260910_202107,16,0,TTT2_QHY600-4_2026-03-28-20-58-11-266552_1620_Lum.fits
azken,NVIDIA H100 PCIe,3.8.10,py38_baseline,profiler_py38_postfix,QHY600-4_Lum_2k,15.3,10.505700,2938,2026-09-10T20:46:03.014Z,local,postfix_2026-09-10,220.00,104.67,62,2.49,azken_py38_postfix_20260910_202107,17,0,TTT2_QHY600-4_2026-03-28-20-58-11-266552_1620_Lum.fits
azken,NVIDIA H100 PCIe,3.8.10,py38_baseline,profiler_py38_postfix,QHY600-4_Lum_2k,15.3,10.387957,2938,2026-09-10T20:46:15.730Z,local,postfix_2026-09-10,220.00,104.54,62,2.16,azken_py38_postfix_20260910_202107,18,0,TTT2_QHY600-4_2026-03-28-20-58-11-266552_1620_Lum.fits
azken,NVIDIA H100 PCIe,3.8.10,py38_baseline,profiler_py38_postfix,QHY600-4_Lum_2k,15.3,10.008473,2938,2026-09-10T20:46:28.322Z,local,postfix_2026-09-10,220.00,104.53,62,4.56,azken_py38_postfix_20260910_202107,19,0,TTT2_QHY600-4_2026-03-28-20-58-11-266552_1620_Lum.fits
azken,NVIDIA H100 PCIe,3.8.10,py38_baseline,profiler_py38_postfix,QHY600-4_Lum_2k,15.3,10.648547,2938,2026-09-10T20:46:40.506Z,local,postfix_2026-09-10,220.00,104.39,61,3.77,azken_py38_postfix_20260910_202107,20,0,TTT2_QHY600-4_2026-03-28-20-58-11-266552_1620_Lum.fits
azken,NVIDIA H100 PCIe,3.8.10,py38_baseline,profiler_py38_postfix,QHY600-4_SDSSg_4k,15.3,29.057880,8294,2026-09-10T20:46:57.556Z,local,postfix_2026-09-10,220.00,103.03,60,2.34,azken_py38_postfix_20260910_202107,0,1,TTT2_QHY600-4_2026-03-31-03-42-50-839737_hermione_SDSSg.fits
azken,NVIDIA H100 PCIe,3.8.10,py38_baseline,profiler_py38_postfix,QHY600-4_SDSSg_4k,15.3,10.537052,8294,2026-09-10T20:47:28.848Z,local,postfix_2026-09-10,220.00,103.59,61,2.06,azken_py38_postfix_20260910_202107,0,1,TTT2_QHY600-4_2026-03-31-03-42-50-839737_hermione_SDSSg.fits
azken,NVIDIA H100 PCIe,3.8.10,py38_baseline,profiler_py38_postfix,QHY600-4_SDSSg_4k,15.3,10.320250,8294,2026-09-10T20:47:41.621Z,local,postfix_2026-09-10,220.00,103.53,61,1.90,azken_py38_postfix_20260910_202107,1,0,TTT2_QHY600-4_2026-03-31-03-42-50-839737_hermione_SDSSg.fits
azken,NVIDIA H100 PCIe,3.8.10,py38_baseline,profiler_py38_postfix,QHY600-4_SDSSg_4k,15.3,11.514543,8294,2026-09-10T20:47:54.166Z,local,postfix_2026-09-10,220.00,103.51,61,3.72,azken_py38_postfix_20260910_202107,2,0,TTT2_QHY600-4_2026-03-31-03-42-50-839737_hermione_SDSSg.fits
azken,NVIDIA H100 PCIe,3.8.10,py38_baseline,profiler_py38_postfix,QHY600-4_SDSSg_4k,15.3,10.697422,8294,2026-09-10T20:48:07.912Z,local,postfix_2026-09-10,220.00,103.72,61,3.31,azken_py38_postfix_20260910_202107,3,0,TTT2_QHY600-4_2026-03-31-03-42-50-839737_hermione_SDSSg.fits
azken,NVIDIA H100 PCIe,3.8.10,py38_baseline,profiler_py38_postfix,QHY600-4_SDSSg_4k,15.3,11.048125,8294,2026-09-10T20:48:20.826Z,local,postfix_2026-09-10,220.00,103.54,61,2.86,azken_py38_postfix_20260910_202107,4,0,TTT2_QHY600-4_2026-03-31-03-42-50-839737_hermione_SDSSg.fits
azken,NVIDIA H100 PCIe,3.8.10,py38_baseline,profiler_py38_postfix,QHY600-4_SDSSg_4k,15.3,11.312495,8294,2026-09-10T20:48:34.103Z,local,postfix_2026-09-10,220.00,105.19,61,4.48,azken_py38_postfix_20260910_202107,5,0,TTT2_QHY600-4_2026-03-31-03-42-50-839737_hermione_SDSSg.fits
azken,NVIDIA H100 PCIe,3.8.10,py38_baseline,profiler_py38_postfix,QHY600-4_SDSSg_4k,15.3,10.816000,8294,2026-09-10T20:48:47.670Z,local,postfix_2026-09-10,220.00,105.43,61,4.02,azken_py38_postfix_20260910_202107,6,0,TTT2_QHY600-4_2026-03-31-03-42-50-839737_hermione_SDSSg.fits
azken,NVIDIA H100 PCIe,3.8.10,py38_baseline,profiler_py38_postfix,QHY600-4_SDSSg_4k,15.3,11.055846,8294,2026-09-10T20:49:00.729Z,local,postfix_2026-09-10,220.00,103.85,61,3.42,azken_py38_postfix_20260910_202107,7,0,TTT2_QHY600-4_2026-03-31-03-42-50-839737_hermione_SDSSg.fits
azken,NVIDIA H100 PCIe,3.8.10,py38_baseline,profiler_py38_postfix,QHY600-4_SDSSg_4k,15.3,10.687168,8294,2026-09-10T20:49:14.020Z,local,postfix_2026-09-10,220.00,104.61,61,5.25,azken_py38_postfix_20260910_202107,8,0,TTT2_QHY600-4_2026-03-31-03-42-50-839737_hermione_SDSSg.fits
azken,NVIDIA H100 PCIe,3.8.10,py38_baseline,profiler_py38_postfix,QHY600-4_SDSSg_4k,15.3,10.815212,8294,2026-09-10T20:49:26.934Z,local,postfix_2026-09-10,220.00,103.70,61,4.23,azken_py38_postfix_20260910_202107,9,0,TTT2_QHY600-4_2026-03-31-03-42-50-839737_hermione_SDSSg.fits
azken,NVIDIA H100 PCIe,3.8.10,py38_baseline,profiler_py38_postfix,QHY600-4_SDSSg_4k,15.3,11.150889,8294,2026-09-10T20:49:39.967Z,local,postfix_2026-09-10,220.00,103.90,61,3.51,azken_py38_postfix_20260910_202107,10,0,TTT2_QHY600-4_2026-03-31-03-42-50-839737_hermione_SDSSg.fits
azken,NVIDIA H100 PCIe,3.8.10,py38_baseline,profiler_py38_postfix,QHY600-4_SDSSg_4k,15.3,10.733521,8294,2026-09-10T20:49:53.326Z,local,postfix_2026-09-10,220.00,103.61,61,3.21,azken_py38_postfix_20260910_202107,11,0,TTT2_QHY600-4_2026-03-31-03-42-50-839737_hermione_SDSSg.fits
azken,NVIDIA H100 PCIe,3.8.10,py38_baseline,profiler_py38_postfix,QHY600-4_SDSSg_4k,15.3,10.302830,8294,2026-09-10T20:50:06.310Z,local,postfix_2026-09-10,220.00,104.02,61,2.65,azken_py38_postfix_20260910_202107,12,0,TTT2_QHY600-4_2026-03-31-03-42-50-839737_hermione_SDSSg.fits
azken,NVIDIA H100 PCIe,3.8.10,py38_baseline,profiler_py38_postfix,QHY600-4_SDSSg_4k,15.3,10.603445,8294,2026-09-10T20:50:18.819Z,local,postfix_2026-09-10,220.00,103.76,61,2.31,azken_py38_postfix_20260910_202107,13,0,TTT2_QHY600-4_2026-03-31-03-42-50-839737_hermione_SDSSg.fits
azken,NVIDIA H100 PCIe,3.8.10,py38_baseline,profiler_py38_postfix,QHY600-4_SDSSg_4k,15.3,11.256078,8294,2026-09-10T20:50:31.615Z,local,postfix_2026-09-10,220.00,105.16,61,1.94,azken_py38_postfix_20260910_202107,14,0,TTT2_QHY600-4_2026-03-31-03-42-50-839737_hermione_SDSSg.fits
azken,NVIDIA H100 PCIe,3.8.10,py38_baseline,profiler_py38_postfix,QHY600-4_SDSSg_4k,15.3,12.056531,8294,2026-09-10T20:50:45.094Z,local,postfix_2026-09-10,220.00,103.81,61,1.73,azken_py38_postfix_20260910_202107,15,0,TTT2_QHY600-4_2026-03-31-03-42-50-839737_hermione_SDSSg.fits
azken,NVIDIA H100 PCIe,3.8.10,py38_baseline,profiler_py38_postfix,QHY600-4_SDSSg_4k,15.3,10.714994,8294,2026-09-10T20:50:59.379Z,local,postfix_2026-09-10,220.00,105.38,61,3.82,azken_py38_postfix_20260910_202107,16,0,TTT2_QHY600-4_2026-03-31-03-42-50-839737_hermione_SDSSg.fits
azken,NVIDIA H100 PCIe,3.8.10,py38_baseline,profiler_py38_postfix,QHY600-4_SDSSg_4k,15.3,10.986197,8294,2026-09-10T20:51:12.270Z,local,postfix_2026-09-10,220.00,104.41,61,5.29,azken_py38_postfix_20260910_202107,17,0,TTT2_QHY600-4_2026-03-31-03-42-50-839737_hermione_SDSSg.fits
azken,NVIDIA H100 PCIe,3.8.10,py38_baseline,profiler_py38_postfix,QHY600-4_SDSSg_4k,15.3,10.696917,8294,2026-09-10T20:51:25.490Z,local,postfix_2026-09-10,220.00,104.35,61,4.26,azken_py38_postfix_20260910_202107,18,0,TTT2_QHY600-4_2026-03-31-03-42-50-839737_hermione_SDSSg.fits
azken,NVIDIA H100 PCIe,3.8.10,py38_baseline,profiler_py38_postfix,QHY600-4_SDSSg_4k,15.3,10.686002,8294,2026-09-10T20:51:38.432Z,local,postfix_2026-09-10,220.00,105.49,61,3.84,azken_py38_postfix_20260910_202107,19,0,TTT2_QHY600-4_2026-03-31-03-42-50-839737_hermione_SDSSg.fits
azken,NVIDIA H100 PCIe,3.8.10,py38_baseline,profiler_py38_postfix,QHY600-4_SDSSg_4k,15.3,11.597712,8294,2026-09-10T20:51:51.306Z,local,postfix_2026-09-10,220.00,103.78,61,3.28,azken_py38_postfix_20260910_202107,20,0,TTT2_QHY600-4_2026-03-31-03-42-50-839737_hermione_SDSSg.fits
azken,NVIDIA H100 PCIe,3.8.10,py38_baseline,profiler_py38_postfix,QHY411-1_Lum_bin2,37.8,9.825761,354,2026-09-10T20:52:08.750Z,local,postfix_2026-09-10,220.00,103.36,61,2.63,azken_py38_postfix_20260910_202107,0,1,TTT1_QHY411-1_2026-03-09-21-22-48-661122_2012QD8_Lum.fits
azken,NVIDIA H100 PCIe,3.8.10,py38_baseline,profiler_py38_postfix,QHY411-1_Lum_bin2,37.8,7.232746,354,2026-09-10T20:52:20.779Z,local,postfix_2026-09-10,220.00,104.07,61,2.30,azken_py38_postfix_20260910_202107,0,1,TTT1_QHY411-1_2026-03-09-21-22-48-661122_2012QD8_Lum.fits
azken,NVIDIA H100 PCIe,3.8.10,py38_baseline,profiler_py38_postfix,QHY411-1_Lum_bin2,37.8,7.124682,354,2026-09-10T20:52:30.223Z,local,postfix_2026-09-10,220.00,104.54,62,2.02,azken_py38_postfix_20260910_202107,1,0,TTT1_QHY411-1_2026-03-09-21-22-48-661122_2012QD8_Lum.fits
azken,NVIDIA H100 PCIe,3.8.10,py38_baseline,profiler_py38_postfix,QHY411-1_Lum_bin2,37.8,6.818978,354,2026-09-10T20:52:39.519Z,local,postfix_2026-09-10,220.00,104.86,62,1.93,azken_py38_postfix_20260910_202107,2,0,TTT1_QHY411-1_2026-03-09-21-22-48-661122_2012QD8_Lum.fits
azken,NVIDIA H100 PCIe,3.8.10,py38_baseline,profiler_py38_postfix,QHY411-1_Lum_bin2,37.8,7.797311,354,2026-09-10T20:52:48.561Z,local,postfix_2026-09-10,220.00,104.56,62,7.61,azken_py38_postfix_20260910_202107,3,0,TTT1_QHY411-1_2026-03-09-21-22-48-661122_2012QD8_Lum.fits
azken,NVIDIA H100 PCIe,3.8.10,py38_baseline,profiler_py38_postfix,QHY411-1_Lum_bin2,37.8,8.010248,354,2026-09-10T20:52:58.601Z,local,postfix_2026-09-10,220.00,104.61,62,11.82,azken_py38_postfix_20260910_202107,4,0,TTT1_QHY411-1_2026-03-09-21-22-48-661122_2012QD8_Lum.fits
azken,NVIDIA H100 PCIe,3.8.10,py38_baseline,profiler_py38_postfix,QHY411-1_Lum_bin2,37.8,7.511476,354,2026-09-10T20:53:08.854Z,local,postfix_2026-09-10,220.00,106.13,62,10.16,azken_py38_postfix_20260910_202107,5,0,TTT1_QHY411-1_2026-03-09-21-22-48-661122_2012QD8_Lum.fits
azken,NVIDIA H100 PCIe,3.8.10,py38_baseline,profiler_py38_postfix,QHY411-1_Lum_bin2,37.8,7.365365,354,2026-09-10T20:53:18.575Z,local,postfix_2026-09-10,220.00,104.94,62,14.64,azken_py38_postfix_20260910_202107,6,0,TTT1_QHY411-1_2026-03-09-21-22-48-661122_2012QD8_Lum.fits
azken,NVIDIA H100 PCIe,3.8.10,py38_baseline,profiler_py38_postfix,QHY411-1_Lum_bin2,37.8,7.890561,354,2026-09-10T20:53:28.186Z,local,postfix_2026-09-10,220.00,104.93,62,12.55,azken_py38_postfix_20260910_202107,7,0,TTT1_QHY411-1_2026-03-09-21-22-48-661122_2012QD8_Lum.fits
azken,NVIDIA H100 PCIe,3.8.10,py38_baseline,profiler_py38_postfix,QHY411-1_Lum_bin2,37.8,7.599904,354,2026-09-10T20:53:38.262Z,local,postfix_2026-09-10,220.00,105.18,62,10.77,azken_py38_postfix_20260910_202107,8,0,TTT1_QHY411-1_2026-03-09-21-22-48-661122_2012QD8_Lum.fits
azken,NVIDIA H100 PCIe,3.8.10,py38_baseline,profiler_py38_postfix,QHY411-1_Lum_bin2,37.8,6.971300,354,2026-09-10T20:53:48.023Z,local,postfix_2026-09-10,220.00,106.01,62,9.99,azken_py38_postfix_20260910_202107,9,0,TTT1_QHY411-1_2026-03-09-21-22-48-661122_2012QD8_Lum.fits
azken,NVIDIA H100 PCIe,3.8.10,py38_baseline,profiler_py38_postfix,QHY411-1_Lum_bin2,37.8,7.451839,354,2026-09-10T20:53:57.203Z,local,postfix_2026-09-10,220.00,105.02,62,8.76,azken_py38_postfix_20260910_202107,10,0,TTT1_QHY411-1_2026-03-09-21-22-48-661122_2012QD8_Lum.fits
azken,NVIDIA H100 PCIe,3.8.10,py38_baseline,profiler_py38_postfix,QHY411-1_Lum_bin2,37.8,6.649707,354,2026-09-10T20:54:06.839Z,local,postfix_2026-09-10,220.00,105.17,62,7.64,azken_py38_postfix_20260910_202107,11,0,TTT1_QHY411-1_2026-03-09-21-22-48-661122_2012QD8_Lum.fits
azken,NVIDIA H100 PCIe,3.8.10,py38_baseline,profiler_py38_postfix,QHY411-1_Lum_bin2,37.8,6.832541,354,2026-09-10T20:54:15.670Z,local,postfix_2026-09-10,220.00,105.11,62,6.54,azken_py38_postfix_20260910_202107,12,0,TTT1_QHY411-1_2026-03-09-21-22-48-661122_2012QD8_Lum.fits
azken,NVIDIA H100 PCIe,3.8.10,py38_baseline,profiler_py38_postfix,QHY411-1_Lum_bin2,37.8,7.053495,354,2026-09-10T20:54:24.688Z,local,postfix_2026-09-10,220.00,105.11,62,5.69,azken_py38_postfix_20260910_202107,13,0,TTT1_QHY411-1_2026-03-09-21-22-48-661122_2012QD8_Lum.fits
azken,NVIDIA H100 PCIe,3.8.10,py38_baseline,profiler_py38_postfix,QHY411-1_Lum_bin2,37.8,7.497469,354,2026-09-10T20:54:33.978Z,local,postfix_2026-09-10,220.00,105.11,62,4.97,azken_py38_postfix_20260910_202107,14,0,TTT1_QHY411-1_2026-03-09-21-22-48-661122_2012QD8_Lum.fits
azken,NVIDIA H100 PCIe,3.8.10,py38_baseline,profiler_py38_postfix,QHY411-1_Lum_bin2,37.8,7.001084,354,2026-09-10T20:54:43.690Z,local,postfix_2026-09-10,220.00,105.13,62,10.77,azken_py38_postfix_20260910_202107,15,0,TTT1_QHY411-1_2026-03-09-21-22-48-661122_2012QD8_Lum.fits
azken,NVIDIA H100 PCIe,3.8.10,py38_baseline,profiler_py38_postfix,QHY411-1_Lum_bin2,37.8,7.284830,354,2026-09-10T20:54:52.910Z,local,postfix_2026-09-10,220.00,104.99,62,9.99,azken_py38_postfix_20260910_202107,16,0,TTT1_QHY411-1_2026-03-09-21-22-48-661122_2012QD8_Lum.fits
azken,NVIDIA H100 PCIe,3.8.10,py38_baseline,profiler_py38_postfix,QHY411-1_Lum_bin2,37.8,7.332091,354,2026-09-10T20:55:02.386Z,local,postfix_2026-09-10,220.00,105.09,62,8.69,azken_py38_postfix_20260910_202107,17,0,TTT1_QHY411-1_2026-03-09-21-22-48-661122_2012QD8_Lum.fits
azken,NVIDIA H100 PCIe,3.8.10,py38_baseline,profiler_py38_postfix,QHY411-1_Lum_bin2,37.8,7.285727,354,2026-09-10T20:55:11.932Z,local,postfix_2026-09-10,220.00,106.31,62,7.50,azken_py38_postfix_20260910_202107,18,0,TTT1_QHY411-1_2026-03-09-21-22-48-661122_2012QD8_Lum.fits
azken,NVIDIA H100 PCIe,3.8.10,py38_baseline,profiler_py38_postfix,QHY411-1_Lum_bin2,37.8,7.939530,354,2026-09-10T20:55:21.423Z,local,postfix_2026-09-10,220.00,105.10,62,7.16,azken_py38_postfix_20260910_202107,19,0,TTT1_QHY411-1_2026-03-09-21-22-48-661122_2012QD8_Lum.fits
azken,NVIDIA H100 PCIe,3.8.10,py38_baseline,profiler_py38_postfix,QHY411-1_Lum_bin2,37.8,7.680331,354,2026-09-10T20:55:31.558Z,local,postfix_2026-09-10,220.00,105.10,62,6.21,azken_py38_postfix_20260910_202107,20,0,TTT1_QHY411-1_2026-03-09-21-22-48-661122_2012QD8_Lum.fits
azken,NVIDIA H100 PCIe,3.8.10,py38_baseline,profiler_py38_postfix,QHY411-1_SDSSi_bin2,37.8,13.074663,621,2026-09-10T20:55:45.331Z,local,postfix_2026-09-10,220.00,105.26,61,4.65,azken_py38_postfix_20260910_202107,0,1,TTT1_QHY411-1_2026-02-14-03-52-12-471080_GaiaDR33534005919872722560_SDSSi.fits
azken,NVIDIA H100 PCIe,3.8.10,py38_baseline,profiler_py38_postfix,QHY411-1_SDSSi_bin2,37.8,7.873626,621,2026-09-10T20:56:00.620Z,local,postfix_2026-09-10,220.00,104.65,62,4.01,azken_py38_postfix_20260910_202107,0,1,TTT1_QHY411-1_2026-02-14-03-52-12-471080_GaiaDR33534005919872722560_SDSSi.fits
azken,NVIDIA H100 PCIe,3.8.10,py38_baseline,profiler_py38_postfix,QHY411-1_SDSSi_bin2,37.8,8.415504,621,2026-09-10T20:56:10.715Z,local,postfix_2026-09-10,220.00,104.55,62,3.47,azken_py38_postfix_20260910_202107,1,0,TTT1_QHY411-1_2026-02-14-03-52-12-471080_GaiaDR33534005919872722560_SDSSi.fits
azken,NVIDIA H100 PCIe,3.8.10,py38_baseline,profiler_py38_postfix,QHY411-1_SDSSi_bin2,37.8,8.156111,621,2026-09-10T20:56:21.343Z,local,postfix_2026-09-10,220.00,105.03,62,3.09,azken_py38_postfix_20260910_202107,2,0,TTT1_QHY411-1_2026-02-14-03-52-12-471080_GaiaDR33534005919872722560_SDSSi.fits
azken,NVIDIA H100 PCIe,3.8.10,py38_baseline,profiler_py38_postfix,QHY411-1_SDSSi_bin2,37.8,8.013120,621,2026-09-10T20:56:31.686Z,local,postfix_2026-09-10,220.00,104.95,62,2.77,azken_py38_postfix_20260910_202107,3,0,TTT1_QHY411-1_2026-02-14-03-52-12-471080_GaiaDR33534005919872722560_SDSSi.fits
azken,NVIDIA H100 PCIe,3.8.10,py38_baseline,profiler_py38_postfix,QHY411-1_SDSSi_bin2,37.8,8.050614,621,2026-09-10T20:56:41.890Z,local,postfix_2026-09-10,220.00,104.94,62,2.49,azken_py38_postfix_20260910_202107,4,0,TTT1_QHY411-1_2026-02-14-03-52-12-471080_GaiaDR33534005919872722560_SDSSi.fits
azken,NVIDIA H100 PCIe,3.8.10,py38_baseline,profiler_py38_postfix,QHY411-1_SDSSi_bin2,37.8,8.179573,621,2026-09-10T20:56:52.155Z,local,postfix_2026-09-10,220.00,106.19,62,2.34,azken_py38_postfix_20260910_202107,5,0,TTT1_QHY411-1_2026-02-14-03-52-12-471080_GaiaDR33534005919872722560_SDSSi.fits
azken,NVIDIA H100 PCIe,3.8.10,py38_baseline,profiler_py38_postfix,QHY411-1_SDSSi_bin2,37.8,8.898100,621,2026-09-10T20:57:02.526Z,local,postfix_2026-09-10,220.00,106.96,62,2.26,azken_py38_postfix_20260910_202107,6,0,TTT1_QHY411-1_2026-02-14-03-52-12-471080_GaiaDR33534005919872722560_SDSSi.fits
azken,NVIDIA H100 PCIe,3.8.10,py38_baseline,profiler_py38_postfix,QHY411-1_SDSSi_bin2,37.8,7.730095,621,2026-09-10T20:57:13.606Z,local,postfix_2026-09-10,220.00,104.91,62,2.07,azken_py38_postfix_20260910_202107,7,0,TTT1_QHY411-1_2026-02-14-03-52-12-471080_GaiaDR33534005919872722560_SDSSi.fits
azken,NVIDIA H100 PCIe,3.8.10,py38_baseline,profiler_py38_postfix,QHY411-1_SDSSi_bin2,37.8,8.163218,621,2026-09-10T20:57:23.566Z,local,postfix_2026-09-10,220.00,105.17,62,1.98,azken_py38_postfix_20260910_202107,8,0,TTT1_QHY411-1_2026-02-14-03-52-12-471080_GaiaDR33534005919872722560_SDSSi.fits
azken,NVIDIA H100 PCIe,3.8.10,py38_baseline,profiler_py38_postfix,QHY411-1_SDSSi_bin2,37.8,8.624845,621,2026-09-10T20:57:33.930Z,local,postfix_2026-09-10,220.00,104.94,62,1.83,azken_py38_postfix_20260910_202107,9,0,TTT1_QHY411-1_2026-02-14-03-52-12-471080_GaiaDR33534005919872722560_SDSSi.fits
azken,NVIDIA H100 PCIe,3.8.10,py38_baseline,profiler_py38_postfix,QHY411-1_SDSSi_bin2,37.8,8.225987,621,2026-09-10T20:57:44.774Z,local,postfix_2026-09-10,220.00,105.02,62,1.62,azken_py38_postfix_20260910_202107,10,0,TTT1_QHY411-1_2026-02-14-03-52-12-471080_GaiaDR33534005919872722560_SDSSi.fits
azken,NVIDIA H100 PCIe,3.8.10,py38_baseline,profiler_py38_postfix,QHY411-1_SDSSi_bin2,37.8,7.998750,621,2026-09-10T20:57:55.242Z,local,postfix_2026-09-10,220.00,104.99,62,1.45,azken_py38_postfix_20260910_202107,11,0,TTT1_QHY411-1_2026-02-14-03-52-12-471080_GaiaDR33534005919872722560_SDSSi.fits
azken,NVIDIA H100 PCIe,3.8.10,py38_baseline,profiler_py38_postfix,QHY411-1_SDSSi_bin2,37.8,8.362200,621,2026-09-10T20:58:05.451Z,local,postfix_2026-09-10,220.00,104.94,62,1.37,azken_py38_postfix_20260910_202107,12,0,TTT1_QHY411-1_2026-02-14-03-52-12-471080_GaiaDR33534005919872722560_SDSSi.fits
azken,NVIDIA H100 PCIe,3.8.10,py38_baseline,profiler_py38_postfix,QHY411-1_SDSSi_bin2,37.8,7.757022,621,2026-09-10T20:58:16.026Z,local,postfix_2026-09-10,220.00,105.11,62,1.23,azken_py38_postfix_20260910_202107,13,0,TTT1_QHY411-1_2026-02-14-03-52-12-471080_GaiaDR33534005919872722560_SDSSi.fits
azken,NVIDIA H100 PCIe,3.8.10,py38_baseline,profiler_py38_postfix,QHY411-1_SDSSi_bin2,37.8,8.082621,621,2026-09-10T20:58:26.010Z,local,postfix_2026-09-10,220.00,105.09,62,1.12,azken_py38_postfix_20260910_202107,14,0,TTT1_QHY411-1_2026-02-14-03-52-12-471080_GaiaDR33534005919872722560_SDSSi.fits
azken,NVIDIA H100 PCIe,3.8.10,py38_baseline,profiler_py38_postfix,QHY411-1_SDSSi_bin2,37.8,8.472053,621,2026-09-10T20:58:36.309Z,local,postfix_2026-09-10,220.00,106.10,62,3.50,azken_py38_postfix_20260910_202107,15,0,TTT1_QHY411-1_2026-02-14-03-52-12-471080_GaiaDR33534005919872722560_SDSSi.fits
azken,NVIDIA H100 PCIe,3.8.10,py38_baseline,profiler_py38_postfix,QHY411-1_SDSSi_bin2,37.8,8.102579,621,2026-09-10T20:58:47.006Z,local,postfix_2026-09-10,220.00,106.24,62,3.20,azken_py38_postfix_20260910_202107,16,0,TTT1_QHY411-1_2026-02-14-03-52-12-471080_GaiaDR33534005919872722560_SDSSi.fits
azken,NVIDIA H100 PCIe,3.8.10,py38_baseline,profiler_py38_postfix,QHY411-1_SDSSi_bin2,37.8,8.021891,621,2026-09-10T20:58:57.315Z,local,postfix_2026-09-10,220.00,106.32,62,2.86,azken_py38_postfix_20260910_202107,17,0,TTT1_QHY411-1_2026-02-14-03-52-12-471080_GaiaDR33534005919872722560_SDSSi.fits
azken,NVIDIA H100 PCIe,3.8.10,py38_baseline,profiler_py38_postfix,QHY411-1_SDSSi_bin2,37.8,8.360489,621,2026-09-10T20:59:07.522Z,local,postfix_2026-09-10,220.00,104.96,62,2.57,azken_py38_postfix_20260910_202107,18,0,TTT1_QHY411-1_2026-02-14-03-52-12-471080_GaiaDR33534005919872722560_SDSSi.fits
azken,NVIDIA H100 PCIe,3.8.10,py38_baseline,profiler_py38_postfix,QHY411-1_SDSSi_bin2,37.8,8.199139,621,2026-09-10T20:59:18.103Z,local,postfix_2026-09-10,220.00,105.89,62,2.30,azken_py38_postfix_20260910_202107,19,0,TTT1_QHY411-1_2026-02-14-03-52-12-471080_GaiaDR33534005919872722560_SDSSi.fits
azken,NVIDIA H100 PCIe,3.8.10,py38_baseline,profiler_py38_postfix,QHY411-1_SDSSi_bin2,37.8,7.800693,621,2026-09-10T20:59:28.522Z,local,postfix_2026-09-10,220.00,105.86,62,2.10,azken_py38_postfix_20260910_202107,20,0,TTT1_QHY411-1_2026-02-14-03-52-12-471080_GaiaDR33534005919872722560_SDSSi.fits
azken,NVIDIA H100 PCIe,3.8.10,py38_baseline,profiler_py38_postfix,QHY411-1_SDSSg_2k,37.8,22.668873,4754,2026-09-10T20:59:43.108Z,local,postfix_2026-09-10,220.00,104.95,61,3.45,azken_py38_postfix_20260910_202107,0,1,TTT1_QHY411-1_2026-04-07-21-24-09-765452_Eugenia_SDSSg.fits
azken,NVIDIA H100 PCIe,3.8.10,py38_baseline,profiler_py38_postfix,QHY411-1_SDSSg_2k,37.8,15.342599,4754,2026-09-10T21:00:07.982Z,local,postfix_2026-09-10,220.00,105.94,61,2.81,azken_py38_postfix_20260910_202107,0,1,TTT1_QHY411-1_2026-04-07-21-24-09-765452_Eugenia_SDSSg.fits
azken,NVIDIA H100 PCIe,3.8.10,py38_baseline,profiler_py38_postfix,QHY411-1_SDSSg_2k,37.8,15.871083,4754,2026-09-10T21:00:25.574Z,local,postfix_2026-09-10,220.00,103.96,61,2.37,azken_py38_postfix_20260910_202107,1,0,TTT1_QHY411-1_2026-04-07-21-24-09-765452_Eugenia_SDSSg.fits
azken,NVIDIA H100 PCIe,3.8.10,py38_baseline,profiler_py38_postfix,QHY411-1_SDSSg_2k,37.8,15.827851,4754,2026-09-10T21:00:43.642Z,local,postfix_2026-09-10,220.00,103.94,61,4.08,azken_py38_postfix_20260910_202107,2,0,TTT1_QHY411-1_2026-04-07-21-24-09-765452_Eugenia_SDSSg.fits
azken,NVIDIA H100 PCIe,3.8.10,py38_baseline,profiler_py38_postfix,QHY411-1_SDSSg_2k,37.8,15.133888,4754,2026-09-10T21:01:01.698Z,local,postfix_2026-09-10,220.00,104.12,61,3.29,azken_py38_postfix_20260910_202107,3,0,TTT1_QHY411-1_2026-04-07-21-24-09-765452_Eugenia_SDSSg.fits
azken,NVIDIA H100 PCIe,3.8.10,py38_baseline,profiler_py38_postfix,QHY411-1_SDSSg_2k,37.8,15.031907,4754,2026-09-10T21:01:19.059Z,local,postfix_2026-09-10,220.00,103.95,61,4.87,azken_py38_postfix_20260910_202107,4,0,TTT1_QHY411-1_2026-04-07-21-24-09-765452_Eugenia_SDSSg.fits
azken,NVIDIA H100 PCIe,3.8.10,py38_baseline,profiler_py38_postfix,QHY411-1_SDSSg_2k,37.8,15.012838,4754,2026-09-10T21:01:36.246Z,local,postfix_2026-09-10,220.00,104.80,61,3.77,azken_py38_postfix_20260910_202107,5,0,TTT1_QHY411-1_2026-04-07-21-24-09-765452_Eugenia_SDSSg.fits
azken,NVIDIA H100 PCIe,3.8.10,py38_baseline,profiler_py38_postfix,QHY411-1_SDSSg_2k,37.8,14.969774,4754,2026-09-10T21:01:53.466Z,local,postfix_2026-09-10,220.00,105.40,61,5.26,azken_py38_postfix_20260910_202107,6,0,TTT1_QHY411-1_2026-04-07-21-24-09-765452_Eugenia_SDSSg.fits
azken,NVIDIA H100 PCIe,3.8.10,py38_baseline,profiler_py38_postfix,QHY411-1_SDSSg_2k,37.8,16.801062,4754,2026-09-10T21:02:10.627Z,local,postfix_2026-09-10,220.00,105.02,61,4.05,azken_py38_postfix_20260910_202107,7,0,TTT1_QHY411-1_2026-04-07-21-24-09-765452_Eugenia_SDSSg.fits
azken,NVIDIA H100 PCIe,3.8.10,py38_baseline,profiler_py38_postfix,QHY411-1_SDSSg_2k,37.8,14.517659,4754,2026-09-10T21:02:29.643Z,local,postfix_2026-09-10,220.00,104.06,61,3.37,azken_py38_postfix_20260910_202107,8,0,TTT1_QHY411-1_2026-04-07-21-24-09-765452_Eugenia_SDSSg.fits
azken,NVIDIA H100 PCIe,3.8.10,py38_baseline,profiler_py38_postfix,QHY411-1_SDSSg_2k,37.8,15.530516,4754,2026-09-10T21:02:46.338Z,local,postfix_2026-09-10,220.00,104.92,61,2.70,azken_py38_postfix_20260910_202107,9,0,TTT1_QHY411-1_2026-04-07-21-24-09-765452_Eugenia_SDSSg.fits
azken,NVIDIA H100 PCIe,3.8.10,py38_baseline,profiler_py38_postfix,QHY411-1_SDSSg_2k,37.8,15.250475,4754,2026-09-10T21:03:04.087Z,local,postfix_2026-09-10,220.00,103.82,61,4.66,azken_py38_postfix_20260910_202107,10,0,TTT1_QHY411-1_2026-04-07-21-24-09-765452_Eugenia_SDSSg.fits
azken,NVIDIA H100 PCIe,3.8.10,py38_baseline,profiler_py38_postfix,QHY411-1_SDSSg_2k,37.8,15.974528,4754,2026-09-10T21:03:21.538Z,local,postfix_2026-09-10,220.00,104.00,61,3.56,azken_py38_postfix_20260910_202107,11,0,TTT1_QHY411-1_2026-04-07-21-24-09-765452_Eugenia_SDSSg.fits
azken,NVIDIA H100 PCIe,3.8.10,py38_baseline,profiler_py38_postfix,QHY411-1_SDSSg_2k,37.8,15.141523,4754,2026-09-10T21:03:39.693Z,local,postfix_2026-09-10,220.00,105.45,61,2.98,azken_py38_postfix_20260910_202107,12,0,TTT1_QHY411-1_2026-04-07-21-24-09-765452_Eugenia_SDSSg.fits
azken,NVIDIA H100 PCIe,3.8.10,py38_baseline,profiler_py38_postfix,QHY411-1_SDSSg_2k,37.8,14.775887,4754,2026-09-10T21:03:57.050Z,local,postfix_2026-09-10,220.00,104.03,61,4.82,azken_py38_postfix_20260910_202107,13,0,TTT1_QHY411-1_2026-04-07-21-24-09-765452_Eugenia_SDSSg.fits
azken,NVIDIA H100 PCIe,3.8.10,py38_baseline,profiler_py38_postfix,QHY411-1_SDSSg_2k,37.8,15.604159,4754,2026-09-10T21:04:14.007Z,local,postfix_2026-09-10,220.00,105.29,61,6.08,azken_py38_postfix_20260910_202107,14,0,TTT1_QHY411-1_2026-04-07-21-24-09-765452_Eugenia_SDSSg.fits
azken,NVIDIA H100 PCIe,3.8.10,py38_baseline,profiler_py38_postfix,QHY411-1_SDSSg_2k,37.8,15.721443,4754,2026-09-10T21:04:31.867Z,local,postfix_2026-09-10,220.00,105.86,61,4.71,azken_py38_postfix_20260910_202107,15,0,TTT1_QHY411-1_2026-04-07-21-24-09-765452_Eugenia_SDSSg.fits
azken,NVIDIA H100 PCIe,3.8.10,py38_baseline,profiler_py38_postfix,QHY411-1_SDSSg_2k,37.8,15.265345,4754,2026-09-10T21:04:49.806Z,local,postfix_2026-09-10,220.00,104.80,61,3.89,azken_py38_postfix_20260910_202107,16,0,TTT1_QHY411-1_2026-04-07-21-24-09-765452_Eugenia_SDSSg.fits
azken,NVIDIA H100 PCIe,3.8.10,py38_baseline,profiler_py38_postfix,QHY411-1_SDSSg_2k,37.8,14.792093,4754,2026-09-10T21:05:07.267Z,local,postfix_2026-09-10,220.00,105.50,61,3.07,azken_py38_postfix_20260910_202107,17,0,TTT1_QHY411-1_2026-04-07-21-24-09-765452_Eugenia_SDSSg.fits
azken,NVIDIA H100 PCIe,3.8.10,py38_baseline,profiler_py38_postfix,QHY411-1_SDSSg_2k,37.8,15.563460,4754,2026-09-10T21:05:24.267Z,local,postfix_2026-09-10,220.00,105.43,61,4.70,azken_py38_postfix_20260910_202107,18,0,TTT1_QHY411-1_2026-04-07-21-24-09-765452_Eugenia_SDSSg.fits
azken,NVIDIA H100 PCIe,3.8.10,py38_baseline,profiler_py38_postfix,QHY411-1_SDSSg_2k,37.8,15.161201,4754,2026-09-10T21:05:42.010Z,local,postfix_2026-09-10,220.00,105.35,61,3.72,azken_py38_postfix_20260910_202107,19,0,TTT1_QHY411-1_2026-04-07-21-24-09-765452_Eugenia_SDSSg.fits
azken,NVIDIA H100 PCIe,3.8.10,py38_baseline,profiler_py38_postfix,QHY411-1_SDSSg_2k,37.8,15.208774,4754,2026-09-10T21:05:59.379Z,local,postfix_2026-09-10,220.00,103.86,61,5.29,azken_py38_postfix_20260910_202107,20,0,TTT1_QHY411-1_2026-04-07-21-24-09-765452_Eugenia_SDSSg.fits
azken,NVIDIA H100 PCIe,3.8.10,py38_baseline,profiler_py38_postfix,QHY411-1_SDSSg_2k,37.8,14.079197,3977,2026-09-10T21:06:20.314Z,local,postfix_2026-09-10,220.00,103.41,61,4.12,azken_py38_postfix_20260910_202107,0,1,TTT1_QHY411-1_2026-04-07-21-58-09-908367_Eugenia_SDSSg.fits
azken,NVIDIA H100 PCIe,3.8.10,py38_baseline,profiler_py38_postfix,QHY411-1_SDSSg_2k,37.8,14.446853,3977,2026-09-10T21:06:36.583Z,local,postfix_2026-09-10,220.00,103.62,61,3.49,azken_py38_postfix_20260910_202107,0,1,TTT1_QHY411-1_2026-04-07-21-58-09-908367_Eugenia_SDSSg.fits
azken,NVIDIA H100 PCIe,3.8.10,py38_baseline,profiler_py38_postfix,QHY411-1_SDSSg_2k,37.8,14.181745,3977,2026-09-10T21:06:53.214Z,local,postfix_2026-09-10,220.00,103.89,61,2.78,azken_py38_postfix_20260910_202107,1,0,TTT1_QHY411-1_2026-04-07-21-58-09-908367_Eugenia_SDSSg.fits
azken,NVIDIA H100 PCIe,3.8.10,py38_baseline,profiler_py38_postfix,QHY411-1_SDSSg_2k,37.8,14.243393,3977,2026-09-10T21:07:09.627Z,local,postfix_2026-09-10,220.00,105.29,61,2.39,azken_py38_postfix_20260910_202107,2,0,TTT1_QHY411-1_2026-04-07-21-58-09-908367_Eugenia_SDSSg.fits
azken,NVIDIA H100 PCIe,3.8.10,py38_baseline,profiler_py38_postfix,QHY411-1_SDSSg_2k,37.8,14.448712,3977,2026-09-10T21:07:26.063Z,local,postfix_2026-09-10,220.00,105.41,61,2.08,azken_py38_postfix_20260910_202107,3,0,TTT1_QHY411-1_2026-04-07-21-58-09-908367_Eugenia_SDSSg.fits
azken,NVIDIA H100 PCIe,3.8.10,py38_baseline,profiler_py38_postfix,QHY411-1_SDSSg_2k,37.8,13.663730,3977,2026-09-10T21:07:42.711Z,local,postfix_2026-09-10,220.00,105.47,61,1.77,azken_py38_postfix_20260910_202107,4,0,TTT1_QHY411-1_2026-04-07-21-58-09-908367_Eugenia_SDSSg.fits
azken,NVIDIA H100 PCIe,3.8.10,py38_baseline,profiler_py38_postfix,QHY411-1_SDSSg_2k,37.8,14.185877,3977,2026-09-10T21:07:58.607Z,local,postfix_2026-09-10,220.00,105.46,61,3.62,azken_py38_postfix_20260910_202107,5,0,TTT1_QHY411-1_2026-04-07-21-58-09-908367_Eugenia_SDSSg.fits
azken,NVIDIA H100 PCIe,3.8.10,py38_baseline,profiler_py38_postfix,QHY411-1_SDSSg_2k,37.8,14.497278,3977,2026-09-10T21:08:15.062Z,local,postfix_2026-09-10,220.00,105.88,61,3.03,azken_py38_postfix_20260910_202107,6,0,TTT1_QHY411-1_2026-04-07-21-58-09-908367_Eugenia_SDSSg.fits
azken,NVIDIA H100 PCIe,3.8.10,py38_baseline,profiler_py38_postfix,QHY411-1_SDSSg_2k,37.8,13.963227,3977,2026-09-10T21:08:31.774Z,local,postfix_2026-09-10,220.00,105.20,61,2.58,azken_py38_postfix_20260910_202107,7,0,TTT1_QHY411-1_2026-04-07-21-58-09-908367_Eugenia_SDSSg.fits
azken,NVIDIA H100 PCIe,3.8.10,py38_baseline,profiler_py38_postfix,QHY411-1_SDSSg_2k,37.8,14.480958,3977,2026-09-10T21:08:47.966Z,local,postfix_2026-09-10,220.00,103.83,61,2.13,azken_py38_postfix_20260910_202107,8,0,TTT1_QHY411-1_2026-04-07-21-58-09-908367_Eugenia_SDSSg.fits
azken,NVIDIA H100 PCIe,3.8.10,py38_baseline,profiler_py38_postfix,QHY411-1_SDSSg_2k,37.8,14.514769,3977,2026-09-10T21:09:04.671Z,local,postfix_2026-09-10,220.00,103.57,61,1.95,azken_py38_postfix_20260910_202107,9,0,TTT1_QHY411-1_2026-04-07-21-58-09-908367_Eugenia_SDSSg.fits
azken,NVIDIA H100 PCIe,3.8.10,py38_baseline,profiler_py38_postfix,QHY411-1_SDSSg_2k,37.8,13.901350,3977,2026-09-10T21:09:21.418Z,local,postfix_2026-09-10,220.00,103.84,61,1.81,azken_py38_postfix_20260910_202107,10,0,TTT1_QHY411-1_2026-04-07-21-58-09-908367_Eugenia_SDSSg.fits
azken,NVIDIA H100 PCIe,3.8.10,py38_baseline,profiler_py38_postfix,QHY411-1_SDSSg_2k,37.8,13.345189,3977,2026-09-10T21:09:37.531Z,local,postfix_2026-09-10,220.00,105.51,61,1.63,azken_py38_postfix_20260910_202107,11,0,TTT1_QHY411-1_2026-04-07-21-58-09-908367_Eugenia_SDSSg.fits
azken,NVIDIA H100 PCIe,3.8.10,py38_baseline,profiler_py38_postfix,QHY411-1_SDSSg_2k,37.8,14.958214,3977,2026-09-10T21:09:53.066Z,local,postfix_2026-09-10,220.00,103.75,61,1.66,azken_py38_postfix_20260910_202107,12,0,TTT1_QHY411-1_2026-04-07-21-58-09-908367_Eugenia_SDSSg.fits
azken,NVIDIA H100 PCIe,3.8.10,py38_baseline,profiler_py38_postfix,QHY411-1_SDSSg_2k,37.8,14.288676,3977,2026-09-10T21:10:10.216Z,local,postfix_2026-09-10,220.00,103.98,61,1.51,azken_py38_postfix_20260910_202107,13,0,TTT1_QHY411-1_2026-04-07-21-58-09-908367_Eugenia_SDSSg.fits
azken,NVIDIA H100 PCIe,3.8.10,py38_baseline,profiler_py38_postfix,QHY411-1_SDSSg_2k,37.8,14.235673,3977,2026-09-10T21:10:26.691Z,local,postfix_2026-09-10,220.00,105.59,61,1.40,azken_py38_postfix_20260910_202107,14,0,TTT1_QHY411-1_2026-04-07-21-58-09-908367_Eugenia_SDSSg.fits
azken,NVIDIA H100 PCIe,3.8.10,py38_baseline,profiler_py38_postfix,QHY411-1_SDSSg_2k,37.8,13.991350,3977,2026-09-10T21:10:43.165Z,local,postfix_2026-09-10,220.00,104.14,61,1.35,azken_py38_postfix_20260910_202107,15,0,TTT1_QHY411-1_2026-04-07-21-58-09-908367_Eugenia_SDSSg.fits
azken,NVIDIA H100 PCIe,3.8.10,py38_baseline,profiler_py38_postfix,QHY411-1_SDSSg_2k,37.8,13.885766,3977,2026-09-10T21:10:59.398Z,local,postfix_2026-09-10,220.00,103.96,61,3.44,azken_py38_postfix_20260910_202107,16,0,TTT1_QHY411-1_2026-04-07-21-58-09-908367_Eugenia_SDSSg.fits
azken,NVIDIA H100 PCIe,3.8.10,py38_baseline,profiler_py38_postfix,QHY411-1_SDSSg_2k,37.8,13.856856,3977,2026-09-10T21:11:15.511Z,local,postfix_2026-09-10,220.00,104.59,61,2.82,azken_py38_postfix_20260910_202107,17,0,TTT1_QHY411-1_2026-04-07-21-58-09-908367_Eugenia_SDSSg.fits
azken,NVIDIA H100 PCIe,3.8.10,py38_baseline,profiler_py38_postfix,QHY411-1_SDSSg_2k,37.8,13.906829,3977,2026-09-10T21:11:31.592Z,local,postfix_2026-09-10,220.00,103.91,61,2.41,azken_py38_postfix_20260910_202107,18,0,TTT1_QHY411-1_2026-04-07-21-58-09-908367_Eugenia_SDSSg.fits
azken,NVIDIA H100 PCIe,3.8.10,py38_baseline,profiler_py38_postfix,QHY411-1_SDSSg_2k,37.8,13.400854,3977,2026-09-10T21:11:47.729Z,local,postfix_2026-09-10,220.00,104.21,61,2.18,azken_py38_postfix_20260910_202107,19,0,TTT1_QHY411-1_2026-04-07-21-58-09-908367_Eugenia_SDSSg.fits
azken,NVIDIA H100 PCIe,3.8.10,py38_baseline,profiler_py38_postfix,QHY411-1_SDSSg_2k,37.8,13.532158,3977,2026-09-10T21:12:03.349Z,local,postfix_2026-09-10,220.00,105.35,61,3.78,azken_py38_postfix_20260910_202107,20,0,TTT1_QHY411-1_2026-04-07-21-58-09-908367_Eugenia_SDSSg.fits
azken,NVIDIA H100 PCIe,3.8.10,py38_baseline,profiler_py38_postfix,QHY411-1_Lum_full,151.2,24.019048,808,2026-09-10T21:12:22.610Z,local,postfix_2026-09-10,220.00,106.30,62,2.67,azken_py38_postfix_20260910_202107,0,1,TTT1_QHY411-1_2025-08-14-23-52-42-828197_2025PR1_Lum.fits
azken,NVIDIA H100 PCIe,3.8.10,py38_baseline,profiler_py38_postfix,QHY411-1_Lum_full,151.2,17.214467,808,2026-09-10T21:12:48.857Z,local,postfix_2026-09-10,220.00,107.98,64,2.51,azken_py38_postfix_20260910_202107,0,1,TTT1_QHY411-1_2025-08-14-23-52-42-828197_2025PR1_Lum.fits
azken,NVIDIA H100 PCIe,3.8.10,py38_baseline,profiler_py38_postfix,QHY411-1_Lum_full,151.2,17.305521,808,2026-09-10T21:13:08.278Z,local,postfix_2026-09-10,220.00,107.86,65,2.22,azken_py38_postfix_20260910_202107,1,0,TTT1_QHY411-1_2025-08-14-23-52-42-828197_2025PR1_Lum.fits
azken,NVIDIA H100 PCIe,3.8.10,py38_baseline,profiler_py38_postfix,QHY411-1_Lum_full,151.2,19.637740,808,2026-09-10T21:13:27.767Z,local,postfix_2026-09-10,220.00,107.11,64,2.03,azken_py38_postfix_20260910_202107,2,0,TTT1_QHY411-1_2025-08-14-23-52-42-828197_2025PR1_Lum.fits
azken,NVIDIA H100 PCIe,3.8.10,py38_baseline,profiler_py38_postfix,QHY411-1_Lum_full,151.2,18.723216,808,2026-09-10T21:13:49.611Z,local,postfix_2026-09-10,220.00,107.61,65,3.72,azken_py38_postfix_20260910_202107,3,0,TTT1_QHY411-1_2025-08-14-23-52-42-828197_2025PR1_Lum.fits
azken,NVIDIA H100 PCIe,3.8.10,py38_baseline,profiler_py38_postfix,QHY411-1_Lum_full,151.2,17.650464,808,2026-09-10T21:14:10.496Z,local,postfix_2026-09-10,220.00,108.35,65,2.93,azken_py38_postfix_20260910_202107,4,0,TTT1_QHY411-1_2025-08-14-23-52-42-828197_2025PR1_Lum.fits
azken,NVIDIA H100 PCIe,3.8.10,py38_baseline,profiler_py38_postfix,QHY411-1_Lum_full,151.2,17.153507,808,2026-09-10T21:14:30.341Z,local,postfix_2026-09-10,220.00,110.18,65,2.61,azken_py38_postfix_20260910_202107,5,0,TTT1_QHY411-1_2025-08-14-23-52-42-828197_2025PR1_Lum.fits
azken,NVIDIA H100 PCIe,3.8.10,py38_baseline,profiler_py38_postfix,QHY411-1_Lum_full,151.2,18.350656,808,2026-09-10T21:14:49.719Z,local,postfix_2026-09-10,220.00,108.30,65,4.28,azken_py38_postfix_20260910_202107,6,0,TTT1_QHY411-1_2025-08-14-23-52-42-828197_2025PR1_Lum.fits
azken,NVIDIA H100 PCIe,3.8.10,py38_baseline,profiler_py38_postfix,QHY411-1_Lum_full,151.2,18.248467,808,2026-09-10T21:15:10.278Z,local,postfix_2026-09-10,220.00,108.51,65,3.34,azken_py38_postfix_20260910_202107,7,0,TTT1_QHY411-1_2025-08-14-23-52-42-828197_2025PR1_Lum.fits
azken,NVIDIA H100 PCIe,3.8.10,py38_baseline,profiler_py38_postfix,QHY411-1_Lum_full,151.2,17.571272,808,2026-09-10T21:15:30.743Z,local,postfix_2026-09-10,220.00,108.92,65,2.72,azken_py38_postfix_20260910_202107,8,0,TTT1_QHY411-1_2025-08-14-23-52-42-828197_2025PR1_Lum.fits
azken,NVIDIA H100 PCIe,3.8.10,py38_baseline,profiler_py38_postfix,QHY411-1_Lum_full,151.2,20.573487,808,2026-09-10T21:15:50.506Z,local,postfix_2026-09-10,220.00,107.58,65,2.22,azken_py38_postfix_20260910_202107,9,0,TTT1_QHY411-1_2025-08-14-23-52-42-828197_2025PR1_Lum.fits
azken,NVIDIA H100 PCIe,3.8.10,py38_baseline,profiler_py38_postfix,QHY411-1_Lum_full,151.2,18.115179,808,2026-09-10T21:16:13.290Z,local,postfix_2026-09-10,220.00,108.44,65,2.02,azken_py38_postfix_20260910_202107,10,0,TTT1_QHY411-1_2025-08-14-23-52-42-828197_2025PR1_Lum.fits
azken,NVIDIA H100 PCIe,3.8.10,py38_baseline,profiler_py38_postfix,QHY411-1_Lum_full,151.2,18.568993,808,2026-09-10T21:16:33.586Z,local,postfix_2026-09-10,220.00,107.45,65,1.80,azken_py38_postfix_20260910_202107,11,0,TTT1_QHY411-1_2025-08-14-23-52-42-828197_2025PR1_Lum.fits
azken,NVIDIA H100 PCIe,3.8.10,py38_baseline,profiler_py38_postfix,QHY411-1_Lum_full,151.2,19.269631,808,2026-09-10T21:16:54.350Z,local,postfix_2026-09-10,220.00,108.75,65,1.69,azken_py38_postfix_20260910_202107,12,0,TTT1_QHY411-1_2025-08-14-23-52-42-828197_2025PR1_Lum.fits
azken,NVIDIA H100 PCIe,3.8.10,py38_baseline,profiler_py38_postfix,QHY411-1_Lum_full,151.2,20.449419,808,2026-09-10T21:17:15.814Z,local,postfix_2026-09-10,220.00,108.26,65,1.55,azken_py38_postfix_20260910_202107,13,0,TTT1_QHY411-1_2025-08-14-23-52-42-828197_2025PR1_Lum.fits
azken,NVIDIA H100 PCIe,3.8.10,py38_baseline,profiler_py38_postfix,QHY411-1_Lum_full,151.2,20.618986,808,2026-09-10T21:17:38.478Z,local,postfix_2026-09-10,220.00,107.39,64,1.61,azken_py38_postfix_20260910_202107,14,0,TTT1_QHY411-1_2025-08-14-23-52-42-828197_2025PR1_Lum.fits
azken,NVIDIA H100 PCIe,3.8.10,py38_baseline,profiler_py38_postfix,QHY411-1_Lum_full,151.2,20.224046,808,2026-09-10T21:18:01.321Z,local,postfix_2026-09-10,220.00,109.20,65,1.64,azken_py38_postfix_20260910_202107,15,0,TTT1_QHY411-1_2025-08-14-23-52-42-828197_2025PR1_Lum.fits
azken,NVIDIA H100 PCIe,3.8.10,py38_baseline,profiler_py38_postfix,QHY411-1_Lum_full,151.2,22.432327,808,2026-09-10T21:18:23.735Z,local,postfix_2026-09-10,220.00,106.93,64,1.54,azken_py38_postfix_20260910_202107,16,0,TTT1_QHY411-1_2025-08-14-23-52-42-828197_2025PR1_Lum.fits
azken,NVIDIA H100 PCIe,3.8.10,py38_baseline,profiler_py38_postfix,QHY411-1_Lum_full,151.2,22.041657,808,2026-09-10T21:18:48.389Z,local,postfix_2026-09-10,220.00,106.92,64,3.27,azken_py38_postfix_20260910_202107,17,0,TTT1_QHY411-1_2025-08-14-23-52-42-828197_2025PR1_Lum.fits
azken,NVIDIA H100 PCIe,3.8.10,py38_baseline,profiler_py38_postfix,QHY411-1_Lum_full,151.2,20.306573,808,2026-09-10T21:19:12.606Z,local,postfix_2026-09-10,220.00,107.24,64,2.56,azken_py38_postfix_20260910_202107,18,0,TTT1_QHY411-1_2025-08-14-23-52-42-828197_2025PR1_Lum.fits
azken,NVIDIA H100 PCIe,3.8.10,py38_baseline,profiler_py38_postfix,QHY411-1_Lum_full,151.2,18.650271,808,2026-09-10T21:19:35.099Z,local,postfix_2026-09-10,220.00,107.98,65,4.10,azken_py38_postfix_20260910_202107,19,0,TTT1_QHY411-1_2025-08-14-23-52-42-828197_2025PR1_Lum.fits
azken,NVIDIA H100 PCIe,3.8.10,py38_baseline,profiler_py38_postfix,QHY411-1_Lum_full,151.2,19.275218,808,2026-09-10T21:19:55.963Z,local,postfix_2026-09-10,220.00,108.68,65,3.51,azken_py38_postfix_20260910_202107,20,0,TTT1_QHY411-1_2025-08-14-23-52-42-828197_2025PR1_Lum.fits
azken,NVIDIA H100 PCIe,3.8.10,py38_baseline,profiler_py38_postfix,QHY411-3_Lum_full,151.2,81.202806,18712,2026-09-10T21:20:21.021Z,local,postfix_2026-09-10,220.00,104.37,61,1.08,azken_py38_postfix_20260910_202107,0,1,TST_QHY411-3_2026-02-14-06-35-10-547282_24P_Lum.fits
azken,NVIDIA H100 PCIe,3.8.10,py38_baseline,profiler_py38_postfix,QHY411-3_Lum_full,151.2,23.584669,18712,2026-09-10T21:21:44.443Z,local,postfix_2026-09-10,220.00,105.23,61,1.11,azken_py38_postfix_20260910_202107,0,1,TST_QHY411-3_2026-02-14-06-35-10-547282_24P_Lum.fits
azken,NVIDIA H100 PCIe,3.8.10,py38_baseline,profiler_py38_postfix,QHY411-3_Lum_full,151.2,22.512537,18712,2026-09-10T21:22:10.243Z,local,postfix_2026-09-10,220.00,105.36,62,1.33,azken_py38_postfix_20260910_202107,1,0,TST_QHY411-3_2026-02-14-06-35-10-547282_24P_Lum.fits
azken,NVIDIA H100 PCIe,3.8.10,py38_baseline,profiler_py38_postfix,QHY411-3_Lum_full,151.2,24.250771,18712,2026-09-10T21:22:34.984Z,local,postfix_2026-09-10,220.00,105.49,61,1.49,azken_py38_postfix_20260910_202107,2,0,TST_QHY411-3_2026-02-14-06-35-10-547282_24P_Lum.fits
azken,NVIDIA H100 PCIe,3.8.10,py38_baseline,profiler_py38_postfix,QHY411-3_Lum_full,151.2,25.057047,18712,2026-09-10T21:23:01.462Z,local,postfix_2026-09-10,220.00,105.50,62,1.24,azken_py38_postfix_20260910_202107,3,0,TST_QHY411-3_2026-02-14-06-35-10-547282_24P_Lum.fits
azken,NVIDIA H100 PCIe,3.8.10,py38_baseline,profiler_py38_postfix,QHY411-3_Lum_full,151.2,23.824961,18712,2026-09-10T21:23:28.710Z,local,postfix_2026-09-10,220.00,105.64,62,1.13,azken_py38_postfix_20260910_202107,4,0,TST_QHY411-3_2026-02-14-06-35-10-547282_24P_Lum.fits
azken,NVIDIA H100 PCIe,3.8.10,py38_baseline,profiler_py38_postfix,QHY411-3_Lum_full,151.2,24.971625,18712,2026-09-10T21:23:54.777Z,local,postfix_2026-09-10,220.00,105.59,61,1.07,azken_py38_postfix_20260910_202107,5,0,TST_QHY411-3_2026-02-14-06-35-10-547282_24P_Lum.fits
azken,NVIDIA H100 PCIe,3.8.10,py38_baseline,profiler_py38_postfix,QHY411-3_Lum_full,151.2,25.481550,18712,2026-09-10T21:24:22.009Z,local,postfix_2026-09-10,220.00,105.45,61,1.04,azken_py38_postfix_20260910_202107,6,0,TST_QHY411-3_2026-02-14-06-35-10-547282_24P_Lum.fits
azken,NVIDIA H100 PCIe,3.8.10,py38_baseline,profiler_py38_postfix,QHY411-3_Lum_full,151.2,22.628779,18712,2026-09-10T21:24:49.750Z,local,postfix_2026-09-10,220.00,105.63,62,0.95,azken_py38_postfix_20260910_202107,7,0,TST_QHY411-3_2026-02-14-06-35-10-547282_24P_Lum.fits
azken,NVIDIA H100 PCIe,3.8.10,py38_baseline,profiler_py38_postfix,QHY411-3_Lum_full,151.2,25.074408,18712,2026-09-10T21:25:14.658Z,local,postfix_2026-09-10,220.00,105.35,61,1.08,azken_py38_postfix_20260910_202107,8,0,TST_QHY411-3_2026-02-14-06-35-10-547282_24P_Lum.fits
azken,NVIDIA H100 PCIe,3.8.10,py38_baseline,profiler_py38_postfix,QHY411-3_Lum_full,151.2,22.910304,18712,2026-09-10T21:25:41.954Z,local,postfix_2026-09-10,220.00,105.46,62,1.13,azken_py38_postfix_20260910_202107,9,0,TST_QHY411-3_2026-02-14-06-35-10-547282_24P_Lum.fits
azken,NVIDIA H100 PCIe,3.8.10,py38_baseline,profiler_py38_postfix,QHY411-3_Lum_full,151.2,23.736889,18712,2026-09-10T21:26:07.119Z,local,postfix_2026-09-10,220.00,104.09,61,1.01,azken_py38_postfix_20260910_202107,10,0,TST_QHY411-3_2026-02-14-06-35-10-547282_24P_Lum.fits
azken,NVIDIA H100 PCIe,3.8.10,py38_baseline,profiler_py38_postfix,QHY411-3_Lum_full,151.2,22.447119,18712,2026-09-10T21:26:33.071Z,local,postfix_2026-09-10,220.00,104.24,61,1.00,azken_py38_postfix_20260910_202107,11,0,TST_QHY411-3_2026-02-14-06-35-10-547282_24P_Lum.fits
azken,NVIDIA H100 PCIe,3.8.10,py38_baseline,profiler_py38_postfix,QHY411-3_Lum_full,151.2,22.319789,18712,2026-09-10T21:26:57.715Z,local,postfix_2026-09-10,220.00,105.64,62,0.92,azken_py38_postfix_20260910_202107,12,0,TST_QHY411-3_2026-02-14-06-35-10-547282_24P_Lum.fits
azken,NVIDIA H100 PCIe,3.8.10,py38_baseline,profiler_py38_postfix,QHY411-3_Lum_full,151.2,22.545268,18712,2026-09-10T21:27:22.258Z,local,postfix_2026-09-10,220.00,105.54,62,0.87,azken_py38_postfix_20260910_202107,13,0,TST_QHY411-3_2026-02-14-06-35-10-547282_24P_Lum.fits
azken,NVIDIA H100 PCIe,3.8.10,py38_baseline,profiler_py38_postfix,QHY411-3_Lum_full,151.2,23.096490,18712,2026-09-10T21:27:47.024Z,local,postfix_2026-09-10,220.00,104.12,61,0.89,azken_py38_postfix_20260910_202107,14,0,TST_QHY411-3_2026-02-14-06-35-10-547282_24P_Lum.fits
azken,NVIDIA H100 PCIe,3.8.10,py38_baseline,profiler_py38_postfix,QHY411-3_Lum_full,151.2,22.909489,18712,2026-09-10T21:28:12.371Z,local,postfix_2026-09-10,220.00,105.50,62,0.91,azken_py38_postfix_20260910_202107,15,0,TST_QHY411-3_2026-02-14-06-35-10-547282_24P_Lum.fits
azken,NVIDIA H100 PCIe,3.8.10,py38_baseline,profiler_py38_postfix,QHY411-3_Lum_full,151.2,23.238853,18712,2026-09-10T21:28:37.486Z,local,postfix_2026-09-10,220.00,105.50,62,0.99,azken_py38_postfix_20260910_202107,16,0,TST_QHY411-3_2026-02-14-06-35-10-547282_24P_Lum.fits
azken,NVIDIA H100 PCIe,3.8.10,py38_baseline,profiler_py38_postfix,QHY411-3_Lum_full,151.2,40.999256,18712,2026-09-10T21:29:02.926Z,local,postfix_2026-09-10,220.00,104.16,61,0.73,azken_py38_postfix_20260910_202107,17,0,TST_QHY411-3_2026-02-14-06-35-10-547282_24P_Lum.fits
azken,NVIDIA H100 PCIe,3.8.10,py38_baseline,profiler_py38_postfix,QHY411-3_Lum_full,151.2,24.791881,18712,2026-09-10T21:29:46.126Z,local,postfix_2026-09-10,220.00,105.04,61,0.83,azken_py38_postfix_20260910_202107,18,0,TST_QHY411-3_2026-02-14-06-35-10-547282_24P_Lum.fits
azken,NVIDIA H100 PCIe,3.8.10,py38_baseline,profiler_py38_postfix,QHY411-3_Lum_full,151.2,25.058366,18712,2026-09-10T21:30:13.129Z,local,postfix_2026-09-10,220.00,105.25,61,0.87,azken_py38_postfix_20260910_202107,19,0,TST_QHY411-3_2026-02-14-06-35-10-547282_24P_Lum.fits
azken,NVIDIA H100 PCIe,3.8.10,py38_baseline,profiler_py38_postfix,QHY411-3_Lum_full,151.2,34.724978,18712,2026-09-10T21:30:40.383Z,local,postfix_2026-09-10,220.00,104.95,61,0.85,azken_py38_postfix_20260910_202107,20,0,TST_QHY411-3_2026-02-14-06-35-10-547282_24P_Lum.fits
azken,NVIDIA H100 PCIe,3.8.10,py38_baseline,profiler_py38_postfix,QHY411-3_SDSSr_full,151.2,102.987130,15390,2026-09-10T21:31:20.778Z,local,postfix_2026-09-10,220.00,104.26,60,0.56,azken_py38_postfix_20260910_202107,0,1,TST_QHY411-3_2026-02-14-23-09-41-463160_M81_SDSSr.fits
azken,NVIDIA H100 PCIe,3.8.10,py38_baseline,profiler_py38_postfix,QHY411-3_SDSSr_full,151.2,67.467056,15390,2026-09-10T21:33:06.028Z,local,postfix_2026-09-10,220.00,104.57,60,0.41,azken_py38_postfix_20260910_202107,0,1,TST_QHY411-3_2026-02-14-23-09-41-463160_M81_SDSSr.fits
azken,NVIDIA H100 PCIe,3.8.10,py38_baseline,profiler_py38_postfix,QHY411-3_SDSSr_full,151.2,49.811331,15390,2026-09-10T21:34:15.690Z,local,postfix_2026-09-10,220.00,104.63,60,0.44,azken_py38_postfix_20260910_202107,1,0,TST_QHY411-3_2026-02-14-23-09-41-463160_M81_SDSSr.fits
azken,NVIDIA H100 PCIe,3.8.10,py38_baseline,profiler_py38_postfix,QHY411-3_SDSSr_full,151.2,47.166482,15390,2026-09-10T21:35:07.758Z,local,postfix_2026-09-10,220.00,104.71,60,0.41,azken_py38_postfix_20260910_202107,2,0,TST_QHY411-3_2026-02-14-23-09-41-463160_M81_SDSSr.fits
azken,NVIDIA H100 PCIe,3.8.10,py38_baseline,profiler_py38_postfix,QHY411-3_SDSSr_full,151.2,23.579590,15390,2026-09-10T21:35:57.154Z,local,postfix_2026-09-10,220.00,103.65,61,0.60,azken_py38_postfix_20260910_202107,3,0,TST_QHY411-3_2026-02-14-23-09-41-463160_M81_SDSSr.fits
azken,NVIDIA H100 PCIe,3.8.10,py38_baseline,profiler_py38_postfix,QHY411-3_SDSSr_full,151.2,23.623730,15390,2026-09-10T21:36:22.932Z,local,postfix_2026-09-10,220.00,105.36,61,1.19,azken_py38_postfix_20260910_202107,4,0,TST_QHY411-3_2026-02-14-23-09-41-463160_M81_SDSSr.fits
azken,NVIDIA H100 PCIe,3.8.10,py38_baseline,profiler_py38_postfix,QHY411-3_SDSSr_full,151.2,23.831421,15390,2026-09-10T21:36:48.782Z,local,postfix_2026-09-10,220.00,105.46,61,1.47,azken_py38_postfix_20260910_202107,5,0,TST_QHY411-3_2026-02-14-23-09-41-463160_M81_SDSSr.fits
azken,NVIDIA H100 PCIe,3.8.10,py38_baseline,profiler_py38_postfix,QHY411-3_SDSSr_full,151.2,23.694324,15390,2026-09-10T21:37:14.851Z,local,postfix_2026-09-10,220.00,104.05,61,3.44,azken_py38_postfix_20260910_202107,6,0,TST_QHY411-3_2026-02-14-23-09-41-463160_M81_SDSSr.fits
azken,NVIDIA H100 PCIe,3.8.10,py38_baseline,profiler_py38_postfix,QHY411-3_SDSSr_full,151.2,22.594059,15390,2026-09-10T21:37:40.818Z,local,postfix_2026-09-10,220.00,105.75,62,2.72,azken_py38_postfix_20260910_202107,7,0,TST_QHY411-3_2026-02-14-23-09-41-463160_M81_SDSSr.fits
azken,NVIDIA H100 PCIe,3.8.10,py38_baseline,profiler_py38_postfix,QHY411-3_SDSSr_full,151.2,23.673882,15390,2026-09-10T21:38:05.674Z,local,postfix_2026-09-10,220.00,104.55,61,2.06,azken_py38_postfix_20260910_202107,8,0,TST_QHY411-3_2026-02-14-23-09-41-463160_M81_SDSSr.fits
azken,NVIDIA H100 PCIe,3.8.10,py38_baseline,profiler_py38_postfix,QHY411-3_SDSSr_full,151.2,23.911766,15390,2026-09-10T21:38:31.583Z,local,postfix_2026-09-10,220.00,106.04,62,1.88,azken_py38_postfix_20260910_202107,9,0,TST_QHY411-3_2026-02-14-23-09-41-463160_M81_SDSSr.fits
azken,NVIDIA H100 PCIe,3.8.10,py38_baseline,profiler_py38_postfix,QHY411-3_SDSSr_full,151.2,27.186109,15390,2026-09-10T21:38:57.748Z,local,postfix_2026-09-10,220.00,105.72,61,1.54,azken_py38_postfix_20260910_202107,10,0,TST_QHY411-3_2026-02-14-23-09-41-463160_M81_SDSSr.fits
azken,NVIDIA H100 PCIe,3.8.10,py38_baseline,profiler_py38_postfix,QHY411-3_SDSSr_full,151.2,22.598120,15390,2026-09-10T21:39:27.139Z,local,postfix_2026-09-10,220.00,105.09,62,3.00,azken_py38_postfix_20260910_202107,11,0,TST_QHY411-3_2026-02-14-23-09-41-463160_M81_SDSSr.fits
azken,NVIDIA H100 PCIe,3.8.10,py38_baseline,profiler_py38_postfix,QHY411-3_SDSSr_full,151.2,25.945822,15390,2026-09-10T21:39:51.928Z,local,postfix_2026-09-10,220.00,104.03,61,3.20,azken_py38_postfix_20260910_202107,12,0,TST_QHY411-3_2026-02-14-23-09-41-463160_M81_SDSSr.fits
azken,NVIDIA H100 PCIe,3.8.10,py38_baseline,profiler_py38_postfix,QHY411-3_SDSSr_full,151.2,22.042640,15390,2026-09-10T21:40:20.103Z,local,postfix_2026-09-10,220.00,105.28,62,4.79,azken_py38_postfix_20260910_202107,13,0,TST_QHY411-3_2026-02-14-23-09-41-463160_M81_SDSSr.fits
azken,NVIDIA H100 PCIe,3.8.10,py38_baseline,profiler_py38_postfix,QHY411-3_SDSSg_10k,151.2,68.312545,10168,2026-09-10T21:44:47.003Z,local,postfix_2026-09-10,220.00,102.32,58,0.95,azken_py38_postfix_20260910_202107,0,1,TST_QHY411-3_2026-03-17-04-00-21-799080_M106_SDSSg.fits
azken,NVIDIA H100 PCIe,3.8.10,py38_baseline,profiler_py38_postfix,QHY411-3_SDSSg_10k,151.2,76.240732,10168,2026-09-10T21:45:57.522Z,local,postfix_2026-09-10,220.00,103.61,59,0.59,azken_py38_postfix_20260910_202107,0,1,TST_QHY411-3_2026-03-17-04-00-21-799080_M106_SDSSg.fits
azken,NVIDIA H100 PCIe,3.8.10,py38_baseline,profiler_py38_postfix,QHY411-3_SDSSg_10k,151.2,76.667888,10168,2026-09-10T21:47:15.937Z,local,postfix_2026-09-10,220.00,104.24,60,0.63,azken_py38_postfix_20260910_202107,1,0,TST_QHY411-3_2026-03-17-04-00-21-799080_M106_SDSSg.fits
azken,NVIDIA H100 PCIe,3.8.10,py38_baseline,profiler_py38_postfix,QHY411-3_SDSSg_10k,151.2,24.085756,10168,2026-09-10T21:48:34.851Z,local,postfix_2026-09-10,220.00,104.60,61,0.84,azken_py38_postfix_20260910_202107,2,0,TST_QHY411-3_2026-03-17-04-00-21-799080_M106_SDSSg.fits
azken,NVIDIA H100 PCIe,3.8.10,py38_baseline,profiler_py38_postfix,QHY411-3_SDSSg_10k,151.2,22.141721,10168,2026-09-10T21:49:01.174Z,local,postfix_2026-09-10,220.00,105.06,61,0.82,azken_py38_postfix_20260910_202107,3,0,TST_QHY411-3_2026-03-17-04-00-21-799080_M106_SDSSg.fits
azken,NVIDIA H100 PCIe,3.8.10,py38_baseline,profiler_py38_postfix,QHY411-3_SDSSg_10k,151.2,23.085094,10168,2026-09-10T21:49:25.536Z,local,postfix_2026-09-10,220.00,105.10,61,4.36,azken_py38_postfix_20260910_202107,4,0,TST_QHY411-3_2026-03-17-04-00-21-799080_M106_SDSSg.fits
azken,NVIDIA H100 PCIe,3.8.10,py38_baseline,profiler_py38_postfix,QHY411-3_SDSSg_10k,151.2,21.223858,10168,2026-09-10T21:49:50.815Z,local,postfix_2026-09-10,220.00,105.18,61,3.46,azken_py38_postfix_20260910_202107,5,0,TST_QHY411-3_2026-03-17-04-00-21-799080_M106_SDSSg.fits
azken,NVIDIA H100 PCIe,3.8.10,py38_baseline,profiler_py38_postfix,QHY411-3_SDSSg_10k,151.2,20.926538,10168,2026-09-10T21:50:14.255Z,local,postfix_2026-09-10,220.00,105.94,62,2.62,azken_py38_postfix_20260910_202107,6,0,TST_QHY411-3_2026-03-17-04-00-21-799080_M106_SDSSg.fits
azken,NVIDIA H100 PCIe,3.8.10,py38_baseline,profiler_py38_postfix,QHY411-3_SDSSg_10k,151.2,20.863610,10168,2026-09-10T21:50:37.396Z,local,postfix_2026-09-10,220.00,105.54,62,2.20,azken_py38_postfix_20260910_202107,7,0,TST_QHY411-3_2026-03-17-04-00-21-799080_M106_SDSSg.fits
azken,NVIDIA H100 PCIe,3.8.10,py38_baseline,profiler_py38_postfix,QHY411-3_SDSSg_10k,151.2,21.167077,10168,2026-09-10T21:51:00.490Z,local,postfix_2026-09-10,220.00,105.22,62,4.12,azken_py38_postfix_20260910_202107,8,0,TST_QHY411-3_2026-03-17-04-00-21-799080_M106_SDSSg.fits
azken,NVIDIA H100 PCIe,3.8.10,py38_baseline,profiler_py38_postfix,QHY411-3_SDSSg_10k,151.2,21.503935,10168,2026-09-10T21:51:23.842Z,local,postfix_2026-09-10,220.00,105.53,62,3.05,azken_py38_postfix_20260910_202107,9,0,TST_QHY411-3_2026-03-17-04-00-21-799080_M106_SDSSg.fits
azken,NVIDIA H100 PCIe,3.8.10,py38_baseline,profiler_py38_postfix,QHY411-3_SDSSg_10k,151.2,23.137633,10168,2026-09-10T21:51:47.578Z,local,postfix_2026-09-10,220.00,103.98,61,2.35,azken_py38_postfix_20260910_202107,10,0,TST_QHY411-3_2026-03-17-04-00-21-799080_M106_SDSSg.fits
azken,NVIDIA H100 PCIe,3.8.10,py38_baseline,profiler_py38_postfix,QHY411-3_SDSSg_10k,151.2,21.449826,10168,2026-09-10T21:52:12.934Z,local,postfix_2026-09-10,220.00,104.53,61,1.94,azken_py38_postfix_20260910_202107,11,0,TST_QHY411-3_2026-03-17-04-00-21-799080_M106_SDSSg.fits
azken,NVIDIA H100 PCIe,3.8.10,py38_baseline,profiler_py38_postfix,QHY411-3_SDSSg_10k,151.2,20.358812,10168,2026-09-10T21:52:36.596Z,local,postfix_2026-09-10,220.00,105.73,62,1.59,azken_py38_postfix_20260910_202107,12,0,TST_QHY411-3_2026-03-17-04-00-21-799080_M106_SDSSg.fits
azken,NVIDIA H100 PCIe,3.8.10,py38_baseline,profiler_py38_postfix,QHY411-3_SDSSg_10k,151.2,20.964235,10168,2026-09-10T21:52:59.135Z,local,postfix_2026-09-10,220.00,105.50,62,1.59,azken_py38_postfix_20260910_202107,13,0,TST_QHY411-3_2026-03-17-04-00-21-799080_M106_SDSSg.fits
azken,NVIDIA H100 PCIe,3.8.10,py38_baseline,profiler_py38_postfix,QHY411-3_SDSSg_10k,151.2,21.378008,10168,2026-09-10T21:53:22.254Z,local,postfix_2026-09-10,220.00,104.15,61,1.45,azken_py38_postfix_20260910_202107,14,0,TST_QHY411-3_2026-03-17-04-00-21-799080_M106_SDSSg.fits
azken,NVIDIA H100 PCIe,3.8.10,py38_baseline,profiler_py38_postfix,QHY411-3_SDSSg_10k,151.2,22.326235,10168,2026-09-10T21:53:45.863Z,local,postfix_2026-09-10,220.00,105.43,61,1.31,azken_py38_postfix_20260910_202107,15,0,TST_QHY411-3_2026-03-17-04-00-21-799080_M106_SDSSg.fits
azken,NVIDIA H100 PCIe,3.8.10,py38_baseline,profiler_py38_postfix,QHY411-3_SDSSg_10k,151.2,24.780149,10168,2026-09-10T21:54:10.389Z,local,postfix_2026-09-10,220.00,105.23,61,1.12,azken_py38_postfix_20260910_202107,16,0,TST_QHY411-3_2026-03-17-04-00-21-799080_M106_SDSSg.fits
azken,NVIDIA H100 PCIe,3.8.10,py38_baseline,profiler_py38_postfix,QHY411-3_SDSSg_10k,151.2,20.685120,10168,2026-09-10T21:54:37.375Z,local,postfix_2026-09-10,220.00,104.06,61,1.07,azken_py38_postfix_20260910_202107,17,0,TST_QHY411-3_2026-03-17-04-00-21-799080_M106_SDSSg.fits
azken,NVIDIA H100 PCIe,3.8.10,py38_baseline,profiler_py38_postfix,QHY411-3_SDSSg_10k,151.2,21.132069,10168,2026-09-10T21:55:00.227Z,local,postfix_2026-09-10,220.00,105.51,62,1.10,azken_py38_postfix_20260910_202107,18,0,TST_QHY411-3_2026-03-17-04-00-21-799080_M106_SDSSg.fits
azken,NVIDIA H100 PCIe,3.8.10,py38_baseline,profiler_py38_postfix,QHY411-3_SDSSg_10k,151.2,21.538797,10168,2026-09-10T21:55:23.542Z,local,postfix_2026-09-10,220.00,105.47,62,1.14,azken_py38_postfix_20260910_202107,19,0,TST_QHY411-3_2026-03-17-04-00-21-799080_M106_SDSSg.fits
azken,NVIDIA H100 PCIe,3.8.10,py38_baseline,profiler_py38_postfix,QHY411-3_SDSSg_10k,151.2,21.347752,10168,2026-09-10T21:55:47.282Z,local,postfix_2026-09-10,220.00,106.14,62,1.09,azken_py38_postfix_20260910_202107,20,0,TST_QHY411-3_2026-03-17-04-00-21-799080_M106_SDSSg.fits
azken,NVIDIA H100 PCIe,3.8.10,py38_baseline,profiler_py38_postfix,QHY411-3_SDSSr_19k,151.2,72.631808,19492,2026-09-10T21:56:14.225Z,local,postfix_2026-09-10,220.00,104.45,60,0.54,azken_py38_postfix_20260910_202107,0,1,TST_QHY411-3_2026-03-16-22-54-47-549608_NGC2683_SDSSr.fits
azken,NVIDIA H100 PCIe,3.8.10,py38_baseline,profiler_py38_postfix,QHY411-3_SDSSr_19k,151.2,59.353057,19492,2026-09-10T21:57:29.090Z,local,postfix_2026-09-10,220.00,105.12,60,0.65,azken_py38_postfix_20260910_202107,0,1,TST_QHY411-3_2026-03-16-22-54-47-549608_NGC2683_SDSSr.fits
azken,NVIDIA H100 PCIe,3.8.10,py38_baseline,profiler_py38_postfix,QHY411-3_SDSSr_19k,151.2,69.750550,19492,2026-09-10T21:58:30.690Z,local,postfix_2026-09-10,220.00,104.95,60,0.61,azken_py38_postfix_20260910_202107,1,0,TST_QHY411-3_2026-03-16-22-54-47-549608_NGC2683_SDSSr.fits
azken,NVIDIA H100 PCIe,3.8.10,py38_baseline,profiler_py38_postfix,QHY411-3_SDSSr_19k,151.2,81.545232,19492,2026-09-10T21:59:42.628Z,local,postfix_2026-09-10,220.00,103.85,60,0.81,azken_py38_postfix_20260910_202107,2,0,TST_QHY411-3_2026-03-16-22-54-47-549608_NGC2683_SDSSr.fits
azken,NVIDIA H100 PCIe,3.8.10,py38_baseline,profiler_py38_postfix,QHY411-3_SDSSr_19k,151.2,70.159881,19492,2026-09-10T22:01:06.390Z,local,postfix_2026-09-10,220.00,103.71,60,0.65,azken_py38_postfix_20260910_202107,3,0,TST_QHY411-3_2026-03-16-22-54-47-549608_NGC2683_SDSSr.fits
azken,NVIDIA H100 PCIe,3.8.10,py38_baseline,profiler_py38_postfix,QHY411-3_SDSSr_19k,151.2,68.563295,19492,2026-09-10T22:02:18.723Z,local,postfix_2026-09-10,220.00,104.31,60,0.50,azken_py38_postfix_20260910_202107,4,0,TST_QHY411-3_2026-03-16-22-54-47-549608_NGC2683_SDSSr.fits
azken,NVIDIA H100 PCIe,3.8.10,py38_baseline,profiler_py38_postfix,QHY411-3_SDSSr_19k,151.2,77.396079,19492,2026-09-10T22:03:29.510Z,local,postfix_2026-09-10,220.00,104.14,60,0.58,azken_py38_postfix_20260910_202107,5,0,TST_QHY411-3_2026-03-16-22-54-47-549608_NGC2683_SDSSr.fits
azken,NVIDIA H100 PCIe,3.8.10,py38_baseline,profiler_py38_postfix,QHY411-3_SDSSr_19k,151.2,72.316993,19492,2026-09-10T22:04:49.091Z,local,postfix_2026-09-10,220.00,104.29,60,0.49,azken_py38_postfix_20260910_202107,6,0,TST_QHY411-3_2026-03-16-22-54-47-549608_NGC2683_SDSSr.fits
azken,NVIDIA H100 PCIe,3.8.10,py38_baseline,profiler_py38_postfix,QHY411-3_SDSSr_19k,151.2,69.909048,19492,2026-09-10T22:06:03.655Z,local,postfix_2026-09-10,220.00,104.34,60,0.45,azken_py38_postfix_20260910_202107,7,0,TST_QHY411-3_2026-03-16-22-54-47-549608_NGC2683_SDSSr.fits
azken,NVIDIA H100 PCIe,3.8.10,py38_baseline,profiler_py38_postfix,QHY411-3_SDSSr_19k,151.2,77.074568,19492,2026-09-10T22:07:15.775Z,local,postfix_2026-09-10,220.00,104.39,60,0.80,azken_py38_postfix_20260910_202107,8,0,TST_QHY411-3_2026-03-16-22-54-47-549608_NGC2683_SDSSr.fits
azken,NVIDIA H100 PCIe,3.8.10,py38_baseline,profiler_py38_postfix,QHY411-3_SDSSr_19k,151.2,65.058599,19492,2026-09-10T22:08:35.058Z,local,postfix_2026-09-10,220.00,104.24,60,0.61,azken_py38_postfix_20260910_202107,9,0,TST_QHY411-3_2026-03-16-22-54-47-549608_NGC2683_SDSSr.fits
azken,NVIDIA H100 PCIe,3.8.10,py38_baseline,profiler_py38_postfix,QHY411-3_SDSSr_19k,151.2,57.863157,19492,2026-09-10T22:09:42.327Z,local,postfix_2026-09-10,220.00,104.37,60,0.45,azken_py38_postfix_20260910_202107,10,0,TST_QHY411-3_2026-03-16-22-54-47-549608_NGC2683_SDSSr.fits
azken,NVIDIA H100 PCIe,3.8.10,py38_baseline,profiler_py38_postfix,QHY411-3_SDSSr_19k,151.2,23.597459,19492,2026-09-10T22:10:42.406Z,local,postfix_2026-09-10,220.00,104.88,61,0.64,azken_py38_postfix_20260910_202107,11,0,TST_QHY411-3_2026-03-16-22-54-47-549608_NGC2683_SDSSr.fits
azken,NVIDIA H100 PCIe,3.8.10,py38_baseline,profiler_py38_postfix,QHY411-3_SDSSr_19k,151.2,23.293695,19492,2026-09-10T22:11:08.219Z,local,postfix_2026-09-10,220.00,105.06,61,0.68,azken_py38_postfix_20260910_202107,12,0,TST_QHY411-3_2026-03-16-22-54-47-549608_NGC2683_SDSSr.fits
azken,NVIDIA H100 PCIe,3.8.10,py38_baseline,profiler_py38_postfix,QHY411-3_SDSSr_19k,151.2,23.180429,19492,2026-09-10T22:11:33.711Z,local,postfix_2026-09-10,220.00,104.93,61,0.77,azken_py38_postfix_20260910_202107,13,0,TST_QHY411-3_2026-03-16-22-54-47-549608_NGC2683_SDSSr.fits
azken,NVIDIA H100 PCIe,3.8.10,py38_baseline,profiler_py38_postfix,QHY411-3_SDSSr_19k,151.2,22.132905,19492,2026-09-10T22:11:59.071Z,local,postfix_2026-09-10,220.00,103.86,61,0.97,azken_py38_postfix_20260910_202107,14,0,TST_QHY411-3_2026-03-16-22-54-47-549608_NGC2683_SDSSr.fits
azken,NVIDIA H100 PCIe,3.8.10,py38_baseline,profiler_py38_postfix,QHY411-3_SDSSr_19k,151.2,22.266411,19492,2026-09-10T22:12:23.422Z,local,postfix_2026-09-10,220.00,105.15,61,1.13,azken_py38_postfix_20260910_202107,15,0,TST_QHY411-3_2026-03-16-22-54-47-549608_NGC2683_SDSSr.fits
azken,NVIDIA H100 PCIe,3.8.10,py38_baseline,profiler_py38_postfix,QHY411-3_SDSSr_19k,151.2,22.250430,19492,2026-09-10T22:12:47.878Z,local,postfix_2026-09-10,220.00,105.49,61,1.73,azken_py38_postfix_20260910_202107,16,0,TST_QHY411-3_2026-03-16-22-54-47-549608_NGC2683_SDSSr.fits
azken,NVIDIA H100 PCIe,3.8.10,py38_baseline,profiler_py38_postfix,QHY411-3_SDSSr_19k,151.2,22.434811,19492,2026-09-10T22:13:12.350Z,local,postfix_2026-09-10,220.00,105.56,61,1.54,azken_py38_postfix_20260910_202107,17,0,TST_QHY411-3_2026-03-16-22-54-47-549608_NGC2683_SDSSr.fits
azken,NVIDIA H100 PCIe,3.8.10,py38_baseline,profiler_py38_postfix,QHY411-3_SDSSr_19k,151.2,22.635970,19492,2026-09-10T22:13:37.010Z,local,postfix_2026-09-10,220.00,105.49,61,1.36,azken_py38_postfix_20260910_202107,18,0,TST_QHY411-3_2026-03-16-22-54-47-549608_NGC2683_SDSSr.fits
azken,NVIDIA H100 PCIe,3.8.10,py38_baseline,profiler_py38_postfix,QHY411-3_SDSSr_19k,151.2,21.721705,19492,2026-09-10T22:14:01.861Z,local,postfix_2026-09-10,220.00,105.58,62,1.18,azken_py38_postfix_20260910_202107,19,0,TST_QHY411-3_2026-03-16-22-54-47-549608_NGC2683_SDSSr.fits
azken,NVIDIA H100 PCIe,3.8.10,py38_baseline,profiler_py38_postfix,QHY411-3_SDSSr_19k,151.2,22.311540,19492,2026-09-10T22:14:25.787Z,local,postfix_2026-09-10,220.00,105.41,62,3.47,azken_py38_postfix_20260910_202107,20,0,TST_QHY411-3_2026-03-16-22-54-47-549608_NGC2683_SDSSr.fits
