sqlite_file,process_image_cerrado,rangos_nvtx,dur_process_image_s
benchmark_012ada96375c_iKon936-1_20260411_181222_run1.sqlite,1,1072,5.8
benchmark_012ada96375c_iKon936-1_20260411_181247_run1.sqlite,1,1072,5.8
benchmark_012ada96375c_iKon936-1_20260411_181332_run1.sqlite,1,1622,7.5
benchmark_012ada96375c_iKon936-1_20260411_181404_run1.sqlite,1,1622,6.7
benchmark_012ada96375c_iKon936-1_20260411_193619_run1.sqlite,1,1152,7.0
benchmark_012ada96375c_iKon936-1_20260411_193649_run1.sqlite,1,1152,6.2
benchmark_012ada96375c_iKon936-1_20260411_193735_run1.sqlite,1,1702,6.9
benchmark_012ada96375c_iKon936-1_20260411_193805_run1.sqlite,1,1702,7.8
benchmark_012ada96375c_QHY411-1_20260411_181927_run1.sqlite,1,2064,15.5
benchmark_012ada96375c_QHY411-1_20260411_182007_run1.sqlite,1,2064,14.3
benchmark_012ada96375c_QHY411-1_20260411_182114_run1.sqlite,1,2278,17.7
benchmark_012ada96375c_QHY411-1_20260411_182158_run1.sqlite,1,2278,17.9
benchmark_012ada96375c_QHY411-1_20260411_182428_run1.sqlite,1,3896,87.0
benchmark_012ada96375c_QHY411-1_20260411_182643_run1.sqlite,1,3896,85.9
benchmark_012ada96375c_QHY411-1_20260411_185622_run1.sqlite,1,14367,35.8
benchmark_012ada96375c_QHY411-1_20260411_185741_run1.sqlite,1,14367,30.8
benchmark_012ada96375c_QHY411-1_20260411_185932_run1.sqlite,1,15906,34.1
benchmark_012ada96375c_QHY411-1_20260411_190050_run1.sqlite,1,15906,35.9
benchmark_012ada96375c_QHY411-1_20260411_190249_run1.sqlite,1,15580,35.2
benchmark_012ada96375c_QHY411-1_20260411_190408_run1.sqlite,1,15580,35.5
benchmark_012ada96375c_QHY411-1_20260411_194334_run1.sqlite,1,2144,16.1
benchmark_012ada96375c_QHY411-1_20260411_194418_run1.sqlite,1,2144,15.2
benchmark_012ada96375c_QHY411-1_20260411_194528_run1.sqlite,1,2358,17.7
benchmark_012ada96375c_QHY411-1_20260411_194610_run1.sqlite,1,2358,18.3
benchmark_012ada96375c_QHY411-1_20260411_194836_run1.sqlite,1,3976,86.3
benchmark_012ada96375c_QHY411-1_20260411_195054_run1.sqlite,1,3976,86.4
benchmark_012ada96375c_QHY411-1_20260411_202050_run1.sqlite,1,14407,31.2
benchmark_012ada96375c_QHY411-1_20260411_202158_run1.sqlite,1,14407,30.4
benchmark_012ada96375c_QHY411-1_20260411_202349_run1.sqlite,1,15986,34.9
benchmark_012ada96375c_QHY411-1_20260411_202507_run1.sqlite,1,15986,32.1
benchmark_012ada96375c_QHY411-1_20260411_202701_run1.sqlite,1,15620,34.0
benchmark_012ada96375c_QHY411-1_20260411_202819_run1.sqlite,1,15620,34.5
benchmark_012ada96375c_QHY411-3_20260409_103506_run1.sqlite,1,63217,88.9
benchmark_012ada96375c_QHY411-3_20260409_103747_run2.sqlite,1,63217,82.0
benchmark_012ada96375c_QHY411-3_20260411_183036_run1.sqlite,1,83388,104.1
benchmark_012ada96375c_QHY411-3_20260411_183420_run1.sqlite,1,83388,103.8
benchmark_012ada96375c_QHY411-3_20260411_183916_run1.sqlite,1,63217,78.9
benchmark_012ada96375c_QHY411-3_20260411_184208_run1.sqlite,1,63217,83.1
benchmark_012ada96375c_QHY411-3_20260411_190708_run1.sqlite,1,62253,101.4
benchmark_012ada96375c_QHY411-3_20260411_191025_run1.sqlite,1,62253,85.8
benchmark_012ada96375c_QHY411-3_20260411_191456_run1.sqlite,1,77208,98.2
benchmark_012ada96375c_QHY411-3_20260411_191823_run1.sqlite,1,77208,99.4
benchmark_012ada96375c_QHY411-3_20260411_192424_run1.sqlite,1,59259,173.0
benchmark_012ada96375c_QHY411-3_20260411_193018_run1.sqlite,1,59259,169.4
benchmark_012ada96375c_QHY411-3_20260411_195455_run1.sqlite,1,83428,106.4
benchmark_012ada96375c_QHY411-3_20260411_195840_run1.sqlite,1,83428,109.8
benchmark_012ada96375c_QHY411-3_20260411_200350_run1.sqlite,1,63257,78.0
benchmark_012ada96375c_QHY411-3_20260411_200642_run1.sqlite,1,63257,79.8
benchmark_012ada96375c_QHY411-3_20260411_203102_run1.sqlite,1,62293,86.7
benchmark_012ada96375c_QHY411-3_20260411_203543_run1.sqlite,1,62293,89.5
benchmark_012ada96375c_QHY411-3_20260411_204014_run1.sqlite,1,77248,98.4
benchmark_012ada96375c_QHY411-3_20260411_204344_run1.sqlite,1,77248,93.1
benchmark_012ada96375c_QHY411-3_20260411_204932_run1.sqlite,1,59299,167.1
benchmark_012ada96375c_QHY411-3_20260411_205514_run1.sqlite,1,59299,172.9
benchmark_012ada96375c_QHY600-3_20260411_181449_run1.sqlite,1,1058,6.7
benchmark_012ada96375c_QHY600-3_20260411_181518_run1.sqlite,1,1058,6.9
benchmark_012ada96375c_QHY600-3_20260411_184523_run1.sqlite,1,1494,8.6
benchmark_012ada96375c_QHY600-3_20260411_184555_run1.sqlite,1,1494,8.3
benchmark_012ada96375c_QHY600-3_20260411_184644_run1.sqlite,1,1756,8.9
benchmark_012ada96375c_QHY600-3_20260411_184717_run1.sqlite,1,1756,10.4
benchmark_012ada96375c_QHY600-3_20260411_184808_run1.sqlite,1,1634,9.0
benchmark_012ada96375c_QHY600-3_20260411_184842_run1.sqlite,1,1634,9.0
benchmark_012ada96375c_QHY600-3_20260411_193853_run1.sqlite,1,1138,6.4
benchmark_012ada96375c_QHY600-3_20260411_193923_run1.sqlite,1,1138,6.6
benchmark_012ada96375c_QHY600-3_20260411_200956_run1.sqlite,1,1534,8.5
benchmark_012ada96375c_QHY600-3_20260411_201028_run1.sqlite,1,1534,8.9
benchmark_012ada96375c_QHY600-3_20260411_201116_run1.sqlite,1,1796,8.8
benchmark_012ada96375c_QHY600-3_20260411_201149_run1.sqlite,1,1796,9.2
benchmark_012ada96375c_QHY600-3_20260411_201241_run1.sqlite,1,1674,9.5
benchmark_012ada96375c_QHY600-3_20260411_201315_run1.sqlite,1,1674,8.8
benchmark_012ada96375c_QHY600-4_20260411_181610_run1.sqlite,1,4151,13.6
benchmark_012ada96375c_QHY600-4_20260411_181653_run1.sqlite,1,4151,13.7
benchmark_012ada96375c_QHY600-4_20260411_181754_run1.sqlite,1,1784,10.3
benchmark_012ada96375c_QHY600-4_20260411_181829_run1.sqlite,1,1784,10.5
benchmark_012ada96375c_QHY600-4_20260411_184941_run1.sqlite,1,9218,20.9
benchmark_012ada96375c_QHY600-4_20260411_185037_run1.sqlite,1,9218,20.3
benchmark_012ada96375c_QHY600-4_20260411_185156_run1.sqlite,1,3750,20.5
benchmark_012ada96375c_QHY600-4_20260411_185245_run1.sqlite,1,3750,20.2
benchmark_012ada96375c_QHY600-4_20260411_185403_run1.sqlite,1,5539,18.6
benchmark_012ada96375c_QHY600-4_20260411_185453_run1.sqlite,1,5539,19.6
benchmark_012ada96375c_QHY600-4_20260411_194015_run1.sqlite,1,4231,13.0
benchmark_012ada96375c_QHY600-4_20260411_194057_run1.sqlite,1,4231,13.2
benchmark_012ada96375c_QHY600-4_20260411_194155_run1.sqlite,1,1864,10.6
benchmark_012ada96375c_QHY600-4_20260411_194232_run1.sqlite,1,1864,10.4
benchmark_012ada96375c_QHY600-4_20260411_201414_run1.sqlite,1,9258,19.3
benchmark_012ada96375c_QHY600-4_20260411_201508_run1.sqlite,1,9258,18.7
benchmark_012ada96375c_QHY600-4_20260411_201629_run1.sqlite,1,3790,20.0
benchmark_012ada96375c_QHY600-4_20260411_201719_run1.sqlite,1,3790,19.6
benchmark_012ada96375c_QHY600-4_20260411_201832_run1.sqlite,1,5579,19.2
benchmark_012ada96375c_QHY600-4_20260411_201923_run1.sqlite,1,5579,19.1
benchmark_069d730ce4ee_iKon936-1_20260411_065057_run1.sqlite,1,601,6.3
benchmark_069d730ce4ee_iKon936-1_20260411_065120_run1.sqlite,1,601,6.3
benchmark_069d730ce4ee_iKon936-1_20260411_065216_run1.sqlite,1,880,7.0
benchmark_069d730ce4ee_iKon936-1_20260411_065240_run1.sqlite,1,880,6.9
benchmark_069d730ce4ee_iKon936-1_20260411_150035_run1.sqlite,1,601,6.7
benchmark_069d730ce4ee_iKon936-1_20260411_150100_run1.sqlite,1,601,6.3
benchmark_069d730ce4ee_iKon936-1_20260411_150154_run1.sqlite,1,880,7.7
benchmark_069d730ce4ee_iKon936-1_20260411_150221_run1.sqlite,1,880,7.7
benchmark_069d730ce4ee_QHY411-1_20260411_065733_run1.sqlite,1,1113,17.8
benchmark_069d730ce4ee_QHY411-1_20260411_065816_run1.sqlite,1,1123,17.8
benchmark_069d730ce4ee_QHY411-1_20260411_065927_run1.sqlite,1,1232,20.4
benchmark_069d730ce4ee_QHY411-1_20260411_070014_run1.sqlite,1,1232,19.9
benchmark_069d730ce4ee_QHY411-1_20260411_070110_run1.sqlite,0_ni_catalogo,7,1.9
benchmark_069d730ce4ee_QHY411-1_20260411_070126_run1.sqlite,0_ni_catalogo,7,2.0
benchmark_069d730ce4ee_QHY411-1_20260411_071904_run1.sqlite,1,7236,40.7
benchmark_069d730ce4ee_QHY411-1_20260411_072026_run1.sqlite,1,7236,41.2
benchmark_069d730ce4ee_QHY411-1_20260411_072240_run1.sqlite,1,8040,50.1
benchmark_069d730ce4ee_QHY411-1_20260411_072422_run1.sqlite,1,8040,48.0
benchmark_069d730ce4ee_QHY411-1_20260411_072648_run1.sqlite,1,7844,51.2
benchmark_069d730ce4ee_QHY411-1_20260411_072831_run1.sqlite,1,7844,64.0
benchmark_069d730ce4ee_QHY411-1_20260411_150711_run1.sqlite,1,1115,18.6
benchmark_069d730ce4ee_QHY411-1_20260411_150753_run1.sqlite,1,1113,17.2
benchmark_069d730ce4ee_QHY411-1_20260411_150900_run1.sqlite,1,1230,19.4
benchmark_069d730ce4ee_QHY411-1_20260411_150943_run1.sqlite,1,1231,19.3
benchmark_069d730ce4ee_QHY411-1_20260411_151048_run1.sqlite,0_llego_a:perform_opt_photometry,1824,14.5
benchmark_069d730ce4ee_QHY411-1_20260411_151125_run1.sqlite,0_llego_a:perform_opt_photometry,1819,14.7
benchmark_069d730ce4ee_QHY411-1_20260411_152636_run1.sqlite,1,7236,37.4
benchmark_069d730ce4ee_QHY411-1_20260411_152756_run1.sqlite,1,7236,36.1
benchmark_069d730ce4ee_QHY411-1_20260411_152954_run1.sqlite,1,8040,40.0
benchmark_069d730ce4ee_QHY411-1_20260411_153116_run1.sqlite,1,8040,39.6
benchmark_069d730ce4ee_QHY411-1_20260411_153324_run1.sqlite,1,7844,49.9
benchmark_069d730ce4ee_QHY411-1_20260411_153501_run1.sqlite,1,7844,55.2
benchmark_069d730ce4ee_QHY411-3_20260411_070152_run1.sqlite,0_ni_catalogo,7,1.9
benchmark_069d730ce4ee_QHY411-3_20260411_070208_run1.sqlite,0_ni_catalogo,7,2.3
benchmark_069d730ce4ee_QHY411-3_20260411_070232_run1.sqlite,0_llego_a:perform_opt_photometry,31424,61.4
benchmark_069d730ce4ee_QHY411-3_20260411_070456_run1.sqlite,0_ni_catalogo,7,1.9
benchmark_069d730ce4ee_QHY411-3_20260411_073124_run1.sqlite,0_ni_catalogo,7,1.9
benchmark_069d730ce4ee_QHY411-3_20260411_073139_run1.sqlite,0_ni_catalogo,7,1.6
benchmark_069d730ce4ee_QHY411-3_20260411_073255_run1.sqlite,0_ni_catalogo,7,2.0
benchmark_069d730ce4ee_QHY411-3_20260411_073310_run1.sqlite,0_ni_catalogo,7,1.5
benchmark_069d730ce4ee_QHY411-3_20260411_073503_run1.sqlite,0_ni_catalogo,7,1.7
benchmark_069d730ce4ee_QHY411-3_20260411_073518_run1.sqlite,0_ni_catalogo,7,1.3
benchmark_069d730ce4ee_QHY411-3_20260411_151207_run1.sqlite,0_ni_catalogo,7,1.6
benchmark_069d730ce4ee_QHY411-3_20260411_151222_run1.sqlite,0_ni_catalogo,7,1.2
benchmark_069d730ce4ee_QHY411-3_20260411_151328_run1.sqlite,0_ni_catalogo,7,1.5
benchmark_069d730ce4ee_QHY411-3_20260411_151342_run1.sqlite,0_ni_catalogo,7,1.9
benchmark_069d730ce4ee_QHY411-3_20260411_153647_run1.sqlite,0_ni_catalogo,7,1.7
benchmark_069d730ce4ee_QHY411-3_20260411_153702_run1.sqlite,0_ni_catalogo,7,1.7
benchmark_069d730ce4ee_QHY411-3_20260411_153723_run1.sqlite,0_llego_a:perform_opt_photometry,41463,69.0
benchmark_069d730ce4ee_QHY411-3_20260411_154001_run1.sqlite,0_ni_catalogo,7,7.4
benchmark_069d730ce4ee_QHY411-3_20260411_154152_run1.sqlite,0_ni_catalogo,7,1.8
benchmark_069d730ce4ee_QHY411-3_20260411_154207_run1.sqlite,0_ni_catalogo,7,1.5
benchmark_069d730ce4ee_QHY600-3_20260411_065314_run1.sqlite,1,579,6.4
benchmark_069d730ce4ee_QHY600-3_20260411_065336_run1.sqlite,1,579,6.8
benchmark_069d730ce4ee_QHY600-3_20260411_070533_run1.sqlite,1,777,10.4
benchmark_069d730ce4ee_QHY600-3_20260411_070602_run1.sqlite,1,777,10.8
benchmark_069d730ce4ee_QHY600-3_20260411_070647_run1.sqlite,1,908,11.0
benchmark_069d730ce4ee_QHY600-3_20260411_070717_run1.sqlite,1,908,11.1
benchmark_069d730ce4ee_QHY600-3_20260411_070801_run1.sqlite,1,847,11.0
benchmark_069d730ce4ee_QHY600-3_20260411_070830_run1.sqlite,1,847,10.7
benchmark_069d730ce4ee_QHY600-3_20260411_150258_run1.sqlite,1,579,8.3
benchmark_069d730ce4ee_QHY600-3_20260411_150324_run1.sqlite,1,579,6.6
benchmark_069d730ce4ee_QHY600-3_20260411_151412_run1.sqlite,1,777,10.5
benchmark_069d730ce4ee_QHY600-3_20260411_151440_run1.sqlite,1,777,11.0
benchmark_069d730ce4ee_QHY600-3_20260411_151523_run1.sqlite,1,908,10.2
benchmark_069d730ce4ee_QHY600-3_20260411_151550_run1.sqlite,1,908,10.7
benchmark_069d730ce4ee_QHY600-3_20260411_151632_run1.sqlite,1,847,10.1
benchmark_069d730ce4ee_QHY600-3_20260411_151701_run1.sqlite,1,847,10.7
benchmark_069d730ce4ee_QHY600-4_20260411_065419_run1.sqlite,1,2209,14.9
benchmark_069d730ce4ee_QHY600-4_20260411_065500_run1.sqlite,1,2204,15.4
benchmark_069d730ce4ee_QHY600-4_20260411_065600_run1.sqlite,1,1096,14.7
benchmark_069d730ce4ee_QHY600-4_20260411_065637_run1.sqlite,1,983,12.5
benchmark_069d730ce4ee_QHY600-4_20260411_070928_run1.sqlite,1,4696,23.7
benchmark_069d730ce4ee_QHY600-4_20260411_071026_run1.sqlite,1,4696,24.1
benchmark_069d730ce4ee_QHY600-4_20260411_071211_run1.sqlite,1,1967,40.2
benchmark_069d730ce4ee_QHY600-4_20260411_071327_run1.sqlite,1,1967,39.7
benchmark_069d730ce4ee_QHY600-4_20260411_071539_run1.sqlite,1,2871,38.2
benchmark_069d730ce4ee_QHY600-4_20260411_071655_run1.sqlite,1,2871,39.1
benchmark_069d730ce4ee_QHY600-4_20260411_150406_run1.sqlite,1,2204,14.0
benchmark_069d730ce4ee_QHY600-4_20260411_150445_run1.sqlite,1,2204,14.9
benchmark_069d730ce4ee_QHY600-4_20260411_150544_run1.sqlite,1,1148,11.6
benchmark_069d730ce4ee_QHY600-4_20260411_150617_run1.sqlite,1,2915,12.3
benchmark_069d730ce4ee_QHY600-4_20260411_151754_run1.sqlite,1,4696,29.6
benchmark_069d730ce4ee_QHY600-4_20260411_151855_run1.sqlite,1,4696,23.4
benchmark_069d730ce4ee_QHY600-4_20260411_152030_run1.sqlite,1,1967,37.5
benchmark_069d730ce4ee_QHY600-4_20260411_152137_run1.sqlite,1,1967,38.3
benchmark_069d730ce4ee_QHY600-4_20260411_152327_run1.sqlite,1,2871,43.2
benchmark_069d730ce4ee_QHY600-4_20260411_152444_run1.sqlite,1,2871,31.4
benchmark_0764effce494_iKon936-1_20260827_031858_run1.sqlite,1,561,7.2
benchmark_0764effce494_iKon936-1_20260827_031926_run1.sqlite,1,559,6.9
benchmark_0764effce494_iKon936-1_20260827_032002_run1.sqlite,1,752,7.5
benchmark_0764effce494_iKon936-1_20260827_032027_run1.sqlite,1,754,8.2
benchmark_0764effce494_QHY411-1_20260828_121659_run1.sqlite,1,947,18.7
benchmark_0764effce494_QHY411-1_20260828_121817_run1.sqlite,1,947,27.3
benchmark_0764effce494_QHY411-1_20260828_121855_run1.sqlite,1,947,15.6
benchmark_0764effce494_QHY411-1_20260828_121945_run1.sqlite,1,947,19.4
benchmark_0764effce494_QHY411-1_20260828_122035_run1.sqlite,1,10530,46.1
benchmark_0764effce494_QHY411-1_20260828_122155_run1.sqlite,1,10530,42.2
benchmark_0764effce494_QHY411-1_20260828_122728_run1.sqlite,0_ni_catalogo,7,1.3
benchmark_0764effce494_QHY411-1_20260828_122848_run1.sqlite,1,8662,42.9
benchmark_0764effce494_QHY411-1_20260828_122947_run1.sqlite,1,13419,48.8
benchmark_0764effce494_QHY411-1_20260828_123418_run1.sqlite,1,8662,45.6
benchmark_0764effce494_QHY411-1_20260828_123632_run1.sqlite,1,13419,66.5
benchmark_0764effce494_QHY411-1_20260828_123802_run1.sqlite,1,13419,43.9
benchmark_0764effce494_QHY411-1_20260828_124223_run1.sqlite,1,13419,48.6
benchmark_0764effce494_QHY600-3_20260827_032104_run1.sqlite,1,507,7.6
benchmark_0764effce494_QHY600-3_20260827_032130_run1.sqlite,1,507,7.8
benchmark_0764effce494_QHY600-3_20260827_032500_run1.sqlite,1,895,8.4
benchmark_0764effce494_QHY600-3_20260827_032528_run1.sqlite,1,895,8.3
benchmark_0764effce494_QHY600-3_20260827_032606_run1.sqlite,1,956,8.2
benchmark_0764effce494_QHY600-3_20260827_032634_run1.sqlite,1,956,8.2
benchmark_0764effce494_QHY600-3_20260827_032713_run1.sqlite,1,914,8.5
benchmark_0764effce494_QHY600-3_20260827_032741_run1.sqlite,1,914,8.6
benchmark_0764effce494_QHY600-4_20260827_032210_run1.sqlite,1,1401,11.1
benchmark_0764effce494_QHY600-4_20260827_032246_run1.sqlite,1,1401,11.3
benchmark_0764effce494_QHY600-4_20260827_032338_run1.sqlite,1,5518,10.1
benchmark_0764effce494_QHY600-4_20260827_032412_run1.sqlite,1,5518,10.2
benchmark_0764effce494_QHY600-4_20260827_032827_run1.sqlite,1,4868,18.0
benchmark_0764effce494_QHY600-4_20260827_032927_run1.sqlite,1,4868,17.9
benchmark_0764effce494_QHY600-4_20260827_033047_run1.sqlite,1,2181,15.9
benchmark_0764effce494_QHY600-4_20260827_033135_run1.sqlite,1,2181,15.5
benchmark_0764effce494_QHY600-4_20260827_033239_run1.sqlite,1,3339,15.0
benchmark_0764effce494_QHY600-4_20260827_033329_run1.sqlite,1,3339,15.1
benchmark_18a4d753caa0_iKon936-1_20260607_092419_run1.sqlite,1,1624,4.8
benchmark_18a4d753caa0_iKon936-1_20260607_092437_run2.sqlite,1,1624,5.0
benchmark_18a4d753caa0_iKon936-1_20260607_092454_run3.sqlite,1,1624,5.2
benchmark_18a4d753caa0_iKon936-1_20260607_092512_run4.sqlite,1,1624,6.4
benchmark_18a4d753caa0_iKon936-1_20260607_092532_run5.sqlite,1,1624,4.8
benchmark_18a4d753caa0_iKon936-1_20260823_142731_run1.sqlite,1,1303,16.7
benchmark_18a4d753caa0_iKon936-1_20260823_142905_run1.sqlite,1,1303,9.4
benchmark_18a4d753caa0_iKon936-1_20260823_142946_run1.sqlite,1,1303,10.3
benchmark_18a4d753caa0_iKon936-1_20260823_143050_run1.sqlite,1,1723,10.3
benchmark_18a4d753caa0_iKon936-1_20260823_143131_run1.sqlite,1,1723,9.4
benchmark_18a4d753caa0_QHY411-1_20260607_092629_run1.sqlite,1,3898,23.5
benchmark_18a4d753caa0_QHY411-1_20260607_092710_run2.sqlite,1,3898,24.6
benchmark_18a4d753caa0_QHY411-1_20260607_092752_run3.sqlite,1,3898,24.2
benchmark_18a4d753caa0_QHY411-1_20260607_092834_run4.sqlite,1,3898,23.7
benchmark_18a4d753caa0_QHY411-1_20260607_092915_run5.sqlite,1,3898,24.1
benchmark_18a4d753caa0_QHY411-1_20260823_143802_run1.sqlite,1,3144,15.3
benchmark_18a4d753caa0_QHY411-1_20260823_143851_run1.sqlite,1,3144,14.0
benchmark_18a4d753caa0_QHY411-1_20260823_144003_run1.sqlite,1,4362,14.5
benchmark_18a4d753caa0_QHY411-1_20260823_144056_run1.sqlite,1,4362,14.0
benchmark_18a4d753caa0_QHY411-1_20260823_144239_run1.sqlite,1,6675,39.5
benchmark_18a4d753caa0_QHY411-1_20260823_144407_run1.sqlite,1,6675,39.0
benchmark_18a4d753caa0_QHY411-1_20260823_151118_run1.sqlite,1,30237,47.0
benchmark_18a4d753caa0_QHY411-1_20260823_151320_run1.sqlite,1,30237,42.8
benchmark_18a4d753caa0_QHY411-1_20260823_151546_run1.sqlite,1,26455,34.8
benchmark_18a4d753caa0_QHY411-1_20260823_151721_run1.sqlite,1,26455,38.6
benchmark_18a4d753caa0_QHY411-1_20260823_151939_run1.sqlite,1,36109,51.7
benchmark_18a4d753caa0_QHY411-1_20260823_152146_run1.sqlite,1,36109,51.7
benchmark_18a4d753caa0_QHY411-3_20260607_093152_run1.sqlite,1,83390,57.2
benchmark_18a4d753caa0_QHY411-3_20260607_093326_run2.sqlite,1,83390,56.4
benchmark_18a4d753caa0_QHY411-3_20260607_093458_run3.sqlite,1,83390,57.7
benchmark_18a4d753caa0_QHY411-3_20260607_093630_run4.sqlite,1,83390,66.8
benchmark_18a4d753caa0_QHY411-3_20260607_093812_run5.sqlite,1,83390,75.3
benchmark_18a4d753caa0_QHY411-3_20260823_144641_run1.sqlite,1,32486,63.4
benchmark_18a4d753caa0_QHY411-3_20260823_144905_run1.sqlite,1,32486,45.1
benchmark_18a4d753caa0_QHY411-3_20260823_145222_run1.sqlite,1,32449,72.7
benchmark_18a4d753caa0_QHY411-3_20260823_145455_run1.sqlite,1,32449,53.6
benchmark_18a4d753caa0_QHY411-3_20260823_152434_run1.sqlite,1,26751,38.4
benchmark_18a4d753caa0_QHY411-3_20260823_152613_run1.sqlite,1,26751,65.8
benchmark_18a4d753caa0_QHY411-3_20260823_152927_run1.sqlite,1,41407,52.7
benchmark_18a4d753caa0_QHY411-3_20260823_153135_run1.sqlite,1,41407,50.4
benchmark_18a4d753caa0_QHY411-3_20260823_153451_run1.sqlite,1,34473,63.0
benchmark_18a4d753caa0_QHY411-3_20260823_153703_run1.sqlite,1,34473,103.6
benchmark_18a4d753caa0_QHY600-3_20260823_143228_run1.sqlite,1,949,9.9
benchmark_18a4d753caa0_QHY600-3_20260823_143305_run1.sqlite,1,949,9.6
benchmark_18a4d753caa0_QHY600-3_20260823_145717_run1.sqlite,1,1988,12.3
benchmark_18a4d753caa0_QHY600-3_20260823_145802_run1.sqlite,1,1988,11.1
benchmark_18a4d753caa0_QHY600-3_20260823_145903_run1.sqlite,1,2087,11.8
benchmark_18a4d753caa0_QHY600-3_20260823_145944_run1.sqlite,1,2087,9.9
benchmark_18a4d753caa0_QHY600-3_20260823_150043_run1.sqlite,1,2040,12.9
benchmark_18a4d753caa0_QHY600-3_20260823_150129_run1.sqlite,1,2040,11.1
benchmark_18a4d753caa0_QHY600-4_20260823_143406_run1.sqlite,1,3837,13.6
benchmark_18a4d753caa0_QHY600-4_20260823_143456_run1.sqlite,1,3837,12.9
benchmark_18a4d753caa0_QHY600-4_20260823_143608_run1.sqlite,1,7126,12.2
benchmark_18a4d753caa0_QHY600-4_20260823_143652_run1.sqlite,1,7126,13.0
benchmark_18a4d753caa0_QHY600-4_20260823_150240_run1.sqlite,1,16633,23.9
benchmark_18a4d753caa0_QHY600-4_20260823_150350_run1.sqlite,1,16633,24.6
benchmark_18a4d753caa0_QHY600-4_20260823_150530_run1.sqlite,1,8661,24.5
benchmark_18a4d753caa0_QHY600-4_20260823_150637_run1.sqlite,1,8661,20.5
benchmark_18a4d753caa0_QHY600-4_20260823_150810_run1.sqlite,1,11240,25.6
benchmark_18a4d753caa0_QHY600-4_20260823_150915_run1.sqlite,1,11240,22.6
benchmark_2066d61a914f_iKon936-1_20260324_230336_run1.sqlite,1,1152,7.9
benchmark_2066d61a914f_iKon936-1_20260324_230413_run1.sqlite,1,1152,9.5
benchmark_2066d61a914f_iKon936-1_20260324_231149_run1.sqlite,1,1152,7.2
benchmark_2066d61a914f_iKon936-1_20260324_231225_run1.sqlite,1,1152,9.4
benchmark_2066d61a914f_iKon936-1_20260326_095621_run1.sqlite,1,1152,8.4
benchmark_2066d61a914f_iKon936-1_20260326_095700_run1.sqlite,1,1152,7.9
benchmark_2066d61a914f_iKon936-1_20260326_095754_run1.sqlite,1,1702,10.8
benchmark_2066d61a914f_iKon936-1_20260326_095834_run1.sqlite,1,1702,8.0
benchmark_2066d61a914f_iKon936-1_20260326_153822_run1.sqlite,1,1152,8.6
benchmark_2066d61a914f_iKon936-1_20260326_153903_run1.sqlite,1,1152,7.9
benchmark_2066d61a914f_iKon936-1_20260326_154005_run1.sqlite,1,1702,8.1
benchmark_2066d61a914f_iKon936-1_20260326_154041_run1.sqlite,1,1702,9.0
benchmark_2066d61a914f_QHY411-1_20260326_100445_run1.sqlite,1,2144,11.8
benchmark_2066d61a914f_QHY411-1_20260326_100529_run1.sqlite,1,2144,14.1
benchmark_2066d61a914f_QHY411-1_20260326_121537_run1.sqlite,0_ni_catalogo,200,6.0
benchmark_2066d61a914f_QHY411-1_20260326_121616_run1.sqlite,0_ni_catalogo,200,5.9
benchmark_2066d61a914f_QHY411-1_20260326_121657_run1.sqlite,0_ni_catalogo,11,3.6
benchmark_2066d61a914f_QHY411-1_20260326_121726_run1.sqlite,0_ni_catalogo,11,2.6
benchmark_2066d61a914f_QHY411-1_20260326_154712_run1.sqlite,1,2148,16.3
benchmark_2066d61a914f_QHY411-1_20260326_154804_run1.sqlite,1,2148,18.8
benchmark_2066d61a914f_QHY411-1_20260326_154926_run1.sqlite,1,2362,17.7
benchmark_2066d61a914f_QHY411-1_20260326_155015_run1.sqlite,1,2362,18.6
benchmark_2066d61a914f_QHY411-1_20260326_155122_run1.sqlite,0_ni_catalogo,106,4.1
benchmark_2066d61a914f_QHY411-1_20260326_155150_run1.sqlite,0_ni_catalogo,106,4.3
benchmark_2066d61a914f_QHY411-3_20260326_121804_run1.sqlite,0_ni_catalogo,11,2.4
benchmark_2066d61a914f_QHY411-3_20260326_121831_run1.sqlite,0_ni_catalogo,11,2.4
benchmark_2066d61a914f_QHY411-3_20260326_121908_run1.sqlite,0_ni_catalogo,11,5.0
benchmark_2066d61a914f_QHY411-3_20260326_121937_run1.sqlite,0_ni_catalogo,11,3.1
benchmark_2066d61a914f_QHY411-3_20260326_155228_run1.sqlite,0_ni_catalogo,108,5.4
benchmark_2066d61a914f_QHY411-3_20260326_155256_run1.sqlite,0_ni_catalogo,106,5.2
benchmark_2066d61a914f_QHY411-3_20260326_155339_run1.sqlite,0_ni_catalogo,110,7.1
benchmark_2066d61a914f_QHY411-3_20260326_155407_run1.sqlite,1,63257,83.0
benchmark_2066d61a914f_QHY600-3_20260326_095929_run1.sqlite,1,1138,7.7
benchmark_2066d61a914f_QHY600-3_20260326_100003_run1.sqlite,1,1138,9.6
benchmark_2066d61a914f_QHY600-3_20260326_154135_run1.sqlite,1,1138,10.0
benchmark_2066d61a914f_QHY600-3_20260326_154212_run1.sqlite,1,1138,8.7
benchmark_2066d61a914f_QHY600-4_20260326_100103_run1.sqlite,1,4231,11.9
benchmark_2066d61a914f_QHY600-4_20260326_100147_run1.sqlite,1,4231,15.7
benchmark_2066d61a914f_QHY600-4_20260326_100300_run1.sqlite,1,1883,11.2
benchmark_2066d61a914f_QHY600-4_20260326_100346_run1.sqlite,1,1883,9.4
benchmark_2066d61a914f_QHY600-4_20260326_154313_run1.sqlite,1,4231,15.7
benchmark_2066d61a914f_QHY600-4_20260326_154401_run1.sqlite,1,4235,20.0
benchmark_2066d61a914f_QHY600-4_20260326_154523_run1.sqlite,1,1887,11.9
benchmark_2066d61a914f_QHY600-4_20260326_154606_run1.sqlite,1,1887,11.9
benchmark_215fd37b13c3_iKon936-1_20260324_230148_run1.sqlite,1,601,4.6
benchmark_215fd37b13c3_iKon936-1_20260324_230206_run1.sqlite,1,601,4.2
benchmark_215fd37b13c3_iKon936-1_20260325_000115_run1.sqlite,1,601,4.3
benchmark_215fd37b13c3_iKon936-1_20260325_000134_run1.sqlite,1,601,4.0
benchmark_215fd37b13c3_iKon936-1_20260326_123857_run1.sqlite,1,601,4.2
benchmark_215fd37b13c3_iKon936-1_20260326_123914_run1.sqlite,1,601,4.5
benchmark_215fd37b13c3_iKon936-1_20260326_123959_run1.sqlite,1,880,4.6
benchmark_215fd37b13c3_iKon936-1_20260326_124015_run1.sqlite,1,880,4.8
benchmark_215fd37b13c3_iKon936-1_20260326_164957_run1.sqlite,1,601,4.1
benchmark_215fd37b13c3_iKon936-1_20260326_165013_run1.sqlite,1,601,4.3
benchmark_215fd37b13c3_QHY411-1_20260326_124327_run1.sqlite,1,1141,16.6
benchmark_215fd37b13c3_QHY411-1_20260326_124359_run1.sqlite,1,1140,12.9
benchmark_215fd37b13c3_QHY411-1_20260326_124452_run1.sqlite,1,1269,15.3
benchmark_215fd37b13c3_QHY411-1_20260326_124524_run1.sqlite,1,1259,30.7
benchmark_215fd37b13c3_QHY411-1_20260326_124659_run1.sqlite,1,2002,41.6
benchmark_215fd37b13c3_QHY411-1_20260326_124805_run1.sqlite,1,2014,46.0
benchmark_215fd37b13c3_QHY411-1_20260326_165302_run1.sqlite,0_llego_a:catalog_results+perform_opt_photometry,1118,9.1
benchmark_215fd37b13c3_QHY411-1_20260326_165325_run1.sqlite,0_llego_a:catalog_results+perform_opt_photometry,1121,9.3
benchmark_215fd37b13c3_QHY411-1_20260326_165403_run1.sqlite,0_llego_a:catalog_results+perform_opt_photometry,1236,10.1
benchmark_215fd37b13c3_QHY411-1_20260326_165427_run1.sqlite,0_llego_a:catalog_results+perform_opt_photometry,1299,10.1
benchmark_215fd37b13c3_QHY411-1_20260326_165527_run1.sqlite,0_llego_a:catalog_results+perform_opt_photometry,1978,25.9
benchmark_215fd37b13c3_QHY411-1_20260326_165613_run1.sqlite,0_llego_a:catalog_results+perform_opt_photometry,1983,24.7
benchmark_215fd37b13c3_QHY411-3_20260326_125036_run1.sqlite,1,41631,84.9
benchmark_215fd37b13c3_QHY411-3_20260326_125307_run1.sqlite,1,41563,351.2
benchmark_215fd37b13c3_QHY411-3_20260326_131224_run1.sqlite,1,31496,94.2
benchmark_215fd37b13c3_QHY411-3_20260326_131459_run1.sqlite,1,31479,64.6
benchmark_215fd37b13c3_QHY411-3_20260326_165744_run1.sqlite,0_llego_a:catalog_results+perform_opt_photometry,42046,52.0
benchmark_215fd37b13c3_QHY411-3_20260326_165936_run1.sqlite,1,42922,430.1
benchmark_215fd37b13c3_QHY411-3_20260326_171016_run1.sqlite,1,31506,61.2
benchmark_215fd37b13c3_QHY411-3_20260326_171210_run1.sqlite,1,31492,63.8
benchmark_215fd37b13c3_QHY600-3_20260326_124037_run1.sqlite,1,579,4.7
benchmark_215fd37b13c3_QHY600-3_20260326_124053_run1.sqlite,1,579,4.5
benchmark_215fd37b13c3_QHY600-3_20260326_165037_run1.sqlite,1,579,4.5
benchmark_215fd37b13c3_QHY600-3_20260326_165053_run1.sqlite,1,579,4.3
benchmark_215fd37b13c3_QHY600-4_20260326_124127_run1.sqlite,1,2209,9.9
benchmark_215fd37b13c3_QHY600-4_20260326_124151_run1.sqlite,1,2209,9.8
benchmark_215fd37b13c3_QHY600-4_20260326_124229_run1.sqlite,1,2271,8.3
benchmark_215fd37b13c3_QHY600-4_20260326_124250_run1.sqlite,1,1901,8.0
benchmark_215fd37b13c3_QHY600-4_20260326_165119_run1.sqlite,0_llego_a:catalog_results+perform_opt_photometry,2180,6.6
benchmark_215fd37b13c3_QHY600-4_20260326_165139_run1.sqlite,0_llego_a:catalog_results+perform_opt_photometry,2195,7.5
benchmark_215fd37b13c3_QHY600-4_20260326_165211_run1.sqlite,0_llego_a:catalog_results+perform_opt_photometry,1365,6.9
benchmark_215fd37b13c3_QHY600-4_20260326_165231_run1.sqlite,0_llego_a:catalog_results+perform_opt_photometry,1267,6.1
benchmark_24acfc77e2de_iKon936-1_20260324_230407_run1.sqlite,1,1152,10.0
benchmark_24acfc77e2de_iKon936-1_20260324_230448_run1.sqlite,1,1152,10.1
benchmark_24acfc77e2de_iKon936-1_20260326_095624_run1.sqlite,1,1152,9.6
benchmark_24acfc77e2de_iKon936-1_20260326_095701_run1.sqlite,1,1152,9.9
benchmark_24acfc77e2de_iKon936-1_20260326_095759_run1.sqlite,1,1702,10.6
benchmark_24acfc77e2de_iKon936-1_20260326_095838_run1.sqlite,1,1702,10.6
benchmark_24acfc77e2de_iKon936-1_20260326_153826_run1.sqlite,1,1152,9.3
benchmark_24acfc77e2de_iKon936-1_20260326_153904_run1.sqlite,1,1152,9.5
benchmark_24acfc77e2de_iKon936-1_20260326_154002_run1.sqlite,1,1702,10.3
benchmark_24acfc77e2de_iKon936-1_20260326_154039_run1.sqlite,1,1702,10.5
benchmark_24acfc77e2de_QHY411-1_20260326_100527_run1.sqlite,1,2144,20.8
benchmark_24acfc77e2de_QHY411-1_20260326_121554_run1.sqlite,1,2358,26.3
benchmark_24acfc77e2de_QHY411-1_20260326_121657_run1.sqlite,1,2358,25.7
benchmark_24acfc77e2de_QHY411-1_20260326_121816_run1.sqlite,0_ni_catalogo,7,1.6
benchmark_24acfc77e2de_QHY411-1_20260326_121838_run1.sqlite,0_ni_catalogo,7,1.7
benchmark_24acfc77e2de_QHY411-1_20260326_154714_run1.sqlite,1,2144,20.4
benchmark_24acfc77e2de_QHY411-1_20260326_154804_run1.sqlite,1,2144,21.3
benchmark_24acfc77e2de_QHY411-1_20260326_154926_run1.sqlite,1,2358,23.5
benchmark_24acfc77e2de_QHY411-1_20260326_155021_run1.sqlite,1,2358,23.0
benchmark_24acfc77e2de_QHY411-1_20260326_155127_run1.sqlite,0_ni_catalogo,7,1.8
benchmark_24acfc77e2de_QHY411-1_20260326_155148_run1.sqlite,0_ni_catalogo,7,1.8
benchmark_24acfc77e2de_QHY411-3_20260326_121913_run1.sqlite,0_ni_catalogo,7,1.7
benchmark_24acfc77e2de_QHY411-3_20260326_121936_run1.sqlite,0_ni_catalogo,7,2.2
benchmark_24acfc77e2de_QHY411-3_20260326_122014_run1.sqlite,0_ni_catalogo,7,2.0
benchmark_24acfc77e2de_QHY411-3_20260326_122036_run1.sqlite,0_llego_a:perform_opt_photometry,63153,105.7
benchmark_24acfc77e2de_QHY411-3_20260326_155220_run1.sqlite,0_ni_catalogo,7,1.6
benchmark_24acfc77e2de_QHY411-3_20260326_155240_run1.sqlite,0_ni_catalogo,7,2.0
benchmark_24acfc77e2de_QHY411-3_20260326_155313_run1.sqlite,0_ni_catalogo,7,1.6
benchmark_24acfc77e2de_QHY411-3_20260326_155334_run1.sqlite,0_ni_catalogo,7,1.6
benchmark_24acfc77e2de_QHY600-3_20260326_095934_run1.sqlite,1,1138,9.7
benchmark_24acfc77e2de_QHY600-3_20260326_100011_run1.sqlite,1,1138,9.7
benchmark_24acfc77e2de_QHY600-3_20260326_154131_run1.sqlite,1,1138,9.6
benchmark_24acfc77e2de_QHY600-3_20260326_154206_run1.sqlite,1,1138,20.1
benchmark_24acfc77e2de_QHY600-4_20260326_100114_run1.sqlite,1,4231,19.5
benchmark_24acfc77e2de_QHY600-4_20260326_100208_run1.sqlite,1,4231,19.4
benchmark_24acfc77e2de_QHY600-4_20260326_100326_run1.sqlite,1,1864,16.0
benchmark_24acfc77e2de_QHY600-4_20260326_100413_run1.sqlite,1,1864,15.2
benchmark_24acfc77e2de_QHY600-4_20260326_154322_run1.sqlite,1,4231,18.2
benchmark_24acfc77e2de_QHY600-4_20260326_154411_run1.sqlite,1,4231,17.7
benchmark_24acfc77e2de_QHY600-4_20260326_154523_run1.sqlite,1,1864,14.5
benchmark_24acfc77e2de_QHY600-4_20260326_154605_run1.sqlite,1,1864,14.8
benchmark_29ddc54b0e40_iKon936-1_20260329_164208_run1.sqlite,sin_nvtx,,
benchmark_29ddc54b0e40_iKon936_20260321_185627_run1.sqlite,1,1152,8.6
benchmark_29ddc54b0e40_iKon936_20260321_185700_run1.sqlite,1,1152,9.2
benchmark_29ddc54b0e40_iKon936_20260321_190055_run1.sqlite,1,1702,10.8
benchmark_29ddc54b0e40_iKon936_20260321_190132_run1.sqlite,1,1702,10.8
benchmark_29ddc54b0e40_QHY411MERIS_20260321_192234_run1.sqlite,1,2144,19.7
benchmark_29ddc54b0e40_QHY411MERIS_20260321_192323_run1.sqlite,1,2144,21.4
benchmark_29ddc54b0e40_QHY411MERIS_20260321_193018_run1.sqlite,1,2358,25.5
benchmark_29ddc54b0e40_QHY411MERIS_20260321_193116_run1.sqlite,1,2358,25.4
benchmark_29ddc54b0e40_QHY600M_20260321_190522_run1.sqlite,1,1138,9.1
benchmark_29ddc54b0e40_QHY600M_20260321_190555_run1.sqlite,1,1138,10.1
benchmark_29ddc54b0e40_QHY600M_20260321_191051_run1.sqlite,1,3861,15.9
benchmark_29ddc54b0e40_QHY600M_20260321_191136_run1.sqlite,1,3861,17.2
benchmark_29ddc54b0e40_QHY600M_20260321_191558_run1.sqlite,1,1282,11.5
benchmark_29ddc54b0e40_QHY600M_20260321_191635_run1.sqlite,1,1282,12.5
benchmark_2a3503b831a1_iKon936_20260321_201038_run1.sqlite,1,601,3.9
benchmark_2a3503b831a1_iKon936_20260321_201053_run1.sqlite,1,601,4.1
benchmark_2a3503b831a1_iKon936_20260321_201304_run1.sqlite,1,880,5.4
benchmark_2a3503b831a1_iKon936_20260321_201322_run1.sqlite,1,880,4.8
benchmark_2a3503b831a1_QHY411MERIS_20260321_202315_run1.sqlite,1,1113,9.2
benchmark_2a3503b831a1_QHY411MERIS_20260321_202342_run1.sqlite,1,1118,10.1
benchmark_2a3503b831a1_QHY411MERIS_20260321_202657_run1.sqlite,1,1230,9.8
benchmark_2a3503b831a1_QHY411MERIS_20260321_202725_run1.sqlite,1,1231,10.4
benchmark_2a3503b831a1_QHY411MERIS_20260321_203200_run1.sqlite,1,1929,16.9
benchmark_2a3503b831a1_QHY411MERIS_20260321_203238_run1.sqlite,1,1929,16.4
benchmark_2a3503b831a1_QHY411MERIS_20260321_204557_run1.sqlite,1,41639,83.1
benchmark_2a3503b831a1_QHY411MERIS_20260321_204829_run1.sqlite,1,41639,63.0
benchmark_2a3503b831a1_QHY411MERIS_20260321_210104_run1.sqlite,1,28393,46.2
benchmark_2a3503b831a1_QHY411MERIS_20260321_210239_run1.sqlite,1,28393,61.3
benchmark_2a3503b831a1_QHY600M_20260321_201513_run1.sqlite,1,579,4.4
benchmark_2a3503b831a1_QHY600M_20260321_201530_run1.sqlite,1,579,5.1
benchmark_2a3503b831a1_QHY600M_20260321_201741_run1.sqlite,1,1943,6.8
benchmark_2a3503b831a1_QHY600M_20260321_201802_run1.sqlite,1,1943,6.1
benchmark_2a3503b831a1_QHY600M_20260321_202007_run1.sqlite,1,651,5.7
benchmark_2a3503b831a1_QHY600M_20260321_202025_run1.sqlite,1,651,4.8
benchmark_2fa416ca7432_iKon936-1_20260324_230245_run1.sqlite,1,1152,6.1
benchmark_2fa416ca7432_iKon936-1_20260324_230310_run1.sqlite,1,1152,5.6
benchmark_2fa416ca7432_iKon936-1_20260324_231056_run1.sqlite,1,1152,5.5
benchmark_2fa416ca7432_iKon936-1_20260324_231121_run1.sqlite,1,1152,5.7
benchmark_2fa416ca7432_iKon936-1_20260326_095512_run1.sqlite,sin_nvtx,,
benchmark_2fa416ca7432_iKon936-1_20260326_153802_run1.sqlite,1,1152,5.4
benchmark_2fa416ca7432_iKon936-1_20260326_153825_run1.sqlite,1,1152,5.3
benchmark_2fa416ca7432_iKon936-1_20260326_153904_run1.sqlite,1,1702,5.9
benchmark_2fa416ca7432_iKon936-1_20260326_153929_run1.sqlite,1,1702,6.0
benchmark_2fa416ca7432_iKon936_20260321_185614_run1.sqlite,1,1555,8.0
benchmark_2fa416ca7432_iKon936_20260321_185643_run1.sqlite,1,1555,8.1
benchmark_2fa416ca7432_iKon936_20260321_190005_run1.sqlite,1,1990,8.5
benchmark_2fa416ca7432_iKon936_20260321_190034_run1.sqlite,1,1990,8.0
benchmark_2fa416ca7432_QHY411-1_20260326_154349_run1.sqlite,1,2144,11.6
benchmark_2fa416ca7432_QHY411-1_20260326_154423_run1.sqlite,1,2144,11.5
benchmark_2fa416ca7432_QHY411-1_20260326_154516_run1.sqlite,1,2358,15.6
benchmark_2fa416ca7432_QHY411-1_20260326_154553_run1.sqlite,1,2358,15.3
benchmark_2fa416ca7432_QHY411-1_20260326_154748_run1.sqlite,1,3976,68.6
benchmark_2fa416ca7432_QHY411-1_20260326_154940_run1.sqlite,1,3976,68.9
benchmark_2fa416ca7432_QHY411-3_20260326_155332_run1.sqlite,1,83428,132.7
benchmark_2fa416ca7432_QHY411-3_20260326_155802_run1.sqlite,1,83428,133.0
benchmark_2fa416ca7432_QHY411-3_20260326_160400_run1.sqlite,1,63257,99.1
benchmark_2fa416ca7432_QHY411-3_20260326_160725_run1.sqlite,1,63257,104.6
benchmark_2fa416ca7432_QHY411MERIS_20260321_191505_run1.sqlite,1,1920,13.5
benchmark_2fa416ca7432_QHY411MERIS_20260321_191542_run1.sqlite,1,1920,14.0
benchmark_2fa416ca7432_QHY411MERIS_20260321_192105_run1.sqlite,1,3085,18.0
benchmark_2fa416ca7432_QHY411MERIS_20260321_192150_run1.sqlite,1,3085,17.8
benchmark_2fa416ca7432_QHY411MERIS_20260321_193655_run1.sqlite,0_ni_catalogo,7,4.1
benchmark_2fa416ca7432_QHY411MERIS_20260321_193716_run1.sqlite,1,4657,74.4
benchmark_2fa416ca7432_QHY411MERIS_20260321_200830_run1.sqlite,1,91376,180.7
benchmark_2fa416ca7432_QHY411MERIS_20260321_201413_run1.sqlite,1,91376,180.7
benchmark_2fa416ca7432_QHY600-3_20260324_231453_run1.sqlite,1,1138,5.3
benchmark_2fa416ca7432_QHY600-3_20260324_231517_run1.sqlite,1,1138,5.0
benchmark_2fa416ca7432_QHY600-3_20260326_154007_run1.sqlite,1,1138,4.9
benchmark_2fa416ca7432_QHY600-3_20260326_154029_run1.sqlite,1,1138,4.9
benchmark_2fa416ca7432_QHY600-4_20260326_154110_run1.sqlite,1,4231,12.2
benchmark_2fa416ca7432_QHY600-4_20260326_154144_run1.sqlite,1,4231,12.0
benchmark_2fa416ca7432_QHY600-4_20260326_154235_run1.sqlite,1,1864,8.6
benchmark_2fa416ca7432_QHY600-4_20260326_154303_run1.sqlite,1,1864,8.4
benchmark_2fa416ca7432_QHY600M_20260321_190517_run1.sqlite,1,4002,13.8
benchmark_2fa416ca7432_QHY600M_20260321_190554_run1.sqlite,1,4002,13.9
benchmark_2fa416ca7432_QHY600M_20260321_190956_run1.sqlite,1,1842,10.1
benchmark_2fa416ca7432_QHY600M_20260321_191028_run1.sqlite,1,1842,10.4
benchmark_3d6029c25184_iKon936-1_20260411_183350_run1.sqlite,1,1072,5.1
benchmark_3d6029c25184_iKon936-1_20260411_183413_run1.sqlite,1,1072,5.0
benchmark_3d6029c25184_iKon936-1_20260411_183448_run1.sqlite,1,1622,5.6
benchmark_3d6029c25184_iKon936-1_20260411_183512_run1.sqlite,1,1622,5.5
benchmark_3d6029c25184_iKon936-1_20260411_193849_run1.sqlite,1,1152,5.1
benchmark_3d6029c25184_iKon936-1_20260411_193912_run1.sqlite,1,1152,5.1
benchmark_3d6029c25184_iKon936-1_20260411_193946_run1.sqlite,1,1702,6.0
benchmark_3d6029c25184_iKon936-1_20260411_194010_run1.sqlite,1,1702,5.7
benchmark_3d6029c25184_QHY411-1_20260411_183902_run1.sqlite,1,2064,8.4
benchmark_3d6029c25184_QHY411-1_20260411_183930_run1.sqlite,1,2064,8.5
benchmark_3d6029c25184_QHY411-1_20260411_184013_run1.sqlite,1,2278,9.1
benchmark_3d6029c25184_QHY411-1_20260411_184041_run1.sqlite,1,2278,9.2
benchmark_3d6029c25184_QHY411-1_20260411_184145_run1.sqlite,1,3896,28.2
benchmark_3d6029c25184_QHY411-1_20260411_184242_run1.sqlite,1,3896,28.1
benchmark_3d6029c25184_QHY411-1_20260411_190619_run1.sqlite,1,14327,23.7
benchmark_3d6029c25184_QHY411-1_20260411_190714_run1.sqlite,1,14327,23.4
benchmark_3d6029c25184_QHY411-1_20260411_190837_run1.sqlite,1,15906,24.3
benchmark_3d6029c25184_QHY411-1_20260411_190934_run1.sqlite,1,15906,24.3
benchmark_3d6029c25184_QHY411-1_20260411_191103_run1.sqlite,1,15580,29.0
benchmark_3d6029c25184_QHY411-1_20260411_191206_run1.sqlite,1,15580,28.9
benchmark_3d6029c25184_QHY411-1_20260411_194402_run1.sqlite,1,2144,8.7
benchmark_3d6029c25184_QHY411-1_20260411_194432_run1.sqlite,1,2144,8.6
benchmark_3d6029c25184_QHY411-1_20260411_194514_run1.sqlite,1,2358,9.3
benchmark_3d6029c25184_QHY411-1_20260411_194543_run1.sqlite,1,2358,9.5
benchmark_3d6029c25184_QHY411-1_20260411_194646_run1.sqlite,1,3976,28.3
benchmark_3d6029c25184_QHY411-1_20260411_194743_run1.sqlite,1,3976,28.3
benchmark_3d6029c25184_QHY411-1_20260411_201106_run1.sqlite,1,14407,23.9
benchmark_3d6029c25184_QHY411-1_20260411_201202_run1.sqlite,1,14407,23.8
benchmark_3d6029c25184_QHY411-1_20260411_201324_run1.sqlite,1,15986,54.4
benchmark_3d6029c25184_QHY411-1_20260411_201451_run1.sqlite,1,15986,24.3
benchmark_3d6029c25184_QHY411-1_20260411_201619_run1.sqlite,1,15620,28.9
benchmark_3d6029c25184_QHY411-1_20260411_201722_run1.sqlite,1,15620,29.0
benchmark_3d6029c25184_QHY411-3_20260411_184456_run1.sqlite,1,83388,87.0
benchmark_3d6029c25184_QHY411-3_20260411_184803_run1.sqlite,1,83388,87.6
benchmark_3d6029c25184_QHY411-3_20260411_185208_run1.sqlite,1,63217,63.6
benchmark_3d6029c25184_QHY411-3_20260411_185431_run1.sqlite,1,63217,64.5
benchmark_3d6029c25184_QHY411-3_20260411_191410_run1.sqlite,1,62253,67.6
benchmark_3d6029c25184_QHY411-3_20260411_191632_run1.sqlite,1,62253,67.3
benchmark_3d6029c25184_QHY411-3_20260411_192005_run1.sqlite,1,77145,78.8
benchmark_3d6029c25184_QHY411-3_20260411_192254_run1.sqlite,1,77145,78.5
benchmark_3d6029c25184_QHY411-3_20260411_192801_run1.sqlite,1,59259,163.1
benchmark_3d6029c25184_QHY411-3_20260411_193323_run1.sqlite,1,59259,159.8
benchmark_3d6029c25184_QHY411-3_20260411_194956_run1.sqlite,1,83428,88.1
benchmark_3d6029c25184_QHY411-3_20260411_195308_run1.sqlite,1,83428,89.3
benchmark_3d6029c25184_QHY411-3_20260411_195719_run1.sqlite,1,63257,65.0
benchmark_3d6029c25184_QHY411-3_20260411_195944_run1.sqlite,1,63257,65.6
benchmark_3d6029c25184_QHY411-3_20260411_201928_run1.sqlite,1,62293,68.0
benchmark_3d6029c25184_QHY411-3_20260411_202150_run1.sqlite,1,62293,66.9
benchmark_3d6029c25184_QHY411-3_20260411_202522_run1.sqlite,1,77185,78.2
benchmark_3d6029c25184_QHY411-3_20260411_202810_run1.sqlite,1,77185,78.3
benchmark_3d6029c25184_QHY411-3_20260411_203318_run1.sqlite,1,59299,162.4
benchmark_3d6029c25184_QHY600-3_20260411_183545_run1.sqlite,1,1058,5.1
benchmark_3d6029c25184_QHY600-3_20260411_183608_run1.sqlite,1,1058,5.1
benchmark_3d6029c25184_QHY600-3_20260411_185707_run1.sqlite,1,1454,7.8
benchmark_3d6029c25184_QHY600-3_20260411_185733_run1.sqlite,1,1454,7.7
benchmark_3d6029c25184_QHY600-3_20260411_185842_run1.sqlite,1,1716,8.1
benchmark_3d6029c25184_QHY600-3_20260411_185909_run1.sqlite,1,1716,8.0
benchmark_3d6029c25184_QHY600-3_20260411_185948_run1.sqlite,1,1594,7.9
benchmark_3d6029c25184_QHY600-3_20260411_190015_run1.sqlite,1,1594,8.0
benchmark_3d6029c25184_QHY600-3_20260411_194044_run1.sqlite,1,1138,5.0
benchmark_3d6029c25184_QHY600-3_20260411_194107_run1.sqlite,1,1138,5.1
benchmark_3d6029c25184_QHY600-3_20260411_200222_run1.sqlite,1,1534,8.0
benchmark_3d6029c25184_QHY600-3_20260411_200248_run1.sqlite,1,1534,7.8
benchmark_3d6029c25184_QHY600-3_20260411_200328_run1.sqlite,1,1796,8.0
benchmark_3d6029c25184_QHY600-3_20260411_200355_run1.sqlite,1,1796,8.1
benchmark_3d6029c25184_QHY600-3_20260411_200435_run1.sqlite,1,1674,7.8
benchmark_3d6029c25184_QHY600-3_20260411_200502_run1.sqlite,1,1674,7.8
benchmark_3d6029c25184_QHY600-4_20260411_183644_run1.sqlite,1,4151,8.7
benchmark_3d6029c25184_QHY600-4_20260411_183714_run1.sqlite,1,4151,8.6
benchmark_3d6029c25184_QHY600-4_20260411_183756_run1.sqlite,1,1803,6.8
benchmark_3d6029c25184_QHY600-4_20260411_183822_run1.sqlite,1,1803,6.8
benchmark_3d6029c25184_QHY600-4_20260411_190100_run1.sqlite,1,9178,15.4
benchmark_3d6029c25184_QHY600-4_20260411_190142_run1.sqlite,1,9178,15.1
benchmark_3d6029c25184_QHY600-4_20260411_190247_run1.sqlite,1,3710,18.5
benchmark_3d6029c25184_QHY600-4_20260411_190328_run1.sqlite,1,3710,17.9
benchmark_3d6029c25184_QHY600-4_20260411_190429_run1.sqlite,1,5539,17.0
benchmark_3d6029c25184_QHY600-4_20260411_190511_run1.sqlite,1,5539,17.1
benchmark_3d6029c25184_QHY600-4_20260411_194143_run1.sqlite,1,4231,8.7
benchmark_3d6029c25184_QHY600-4_20260411_194212_run1.sqlite,1,4231,9.1
benchmark_3d6029c25184_QHY600-4_20260411_194254_run1.sqlite,1,1883,7.0
benchmark_3d6029c25184_QHY600-4_20260411_194321_run1.sqlite,1,1883,7.2
benchmark_3d6029c25184_QHY600-4_20260411_200548_run1.sqlite,1,9258,15.3
benchmark_3d6029c25184_QHY600-4_20260411_200629_run1.sqlite,1,9258,15.2
benchmark_3d6029c25184_QHY600-4_20260411_200733_run1.sqlite,1,3790,18.4
benchmark_3d6029c25184_QHY600-4_20260411_200815_run1.sqlite,1,3790,18.3
benchmark_3d6029c25184_QHY600-4_20260411_200918_run1.sqlite,1,5579,17.1
benchmark_3d6029c25184_QHY600-4_20260411_200958_run1.sqlite,1,5579,16.8
benchmark_4d539186b2c8_iKon936-1_20260411_050708_run1.sqlite,1,1072,9.1
benchmark_4d539186b2c8_iKon936-1_20260411_050745_run1.sqlite,1,1072,9.3
benchmark_4d539186b2c8_iKon936-1_20260411_050843_run1.sqlite,1,1622,11.4
benchmark_4d539186b2c8_iKon936-1_20260411_050925_run1.sqlite,1,1622,11.1
benchmark_4d539186b2c8_iKon936-1_20260411_060512_run1.sqlite,1,1152,9.0
benchmark_4d539186b2c8_iKon936-1_20260411_060547_run1.sqlite,1,1152,10.1
benchmark_4d539186b2c8_iKon936-1_20260411_060647_run1.sqlite,1,1702,10.8
benchmark_4d539186b2c8_iKon936-1_20260411_060726_run1.sqlite,1,1702,11.0
benchmark_4d539186b2c8_iKon936-1_20260411_084924_run1.sqlite,1,1072,9.0
benchmark_4d539186b2c8_iKon936-1_20260411_085000_run1.sqlite,1,1072,9.5
benchmark_4d539186b2c8_iKon936-1_20260411_085415_run1.sqlite,1,1072,9.0
benchmark_4d539186b2c8_iKon936-1_20260411_132742_run1.sqlite,1,1072,10.7
benchmark_4d539186b2c8_iKon936-1_20260411_132824_run1.sqlite,1,1072,10.1
benchmark_4d539186b2c8_iKon936-1_20260411_132937_run1.sqlite,1,1622,16.9
benchmark_4d539186b2c8_iKon936-1_20260411_133027_run1.sqlite,1,1622,11.4
benchmark_4d539186b2c8_iKon936-1_20260411_141538_run1.sqlite,1,1152,9.5
benchmark_4d539186b2c8_iKon936-1_20260411_141614_run1.sqlite,1,1152,9.4
benchmark_4d539186b2c8_iKon936-1_20260411_141711_run1.sqlite,1,1702,10.1
benchmark_4d539186b2c8_iKon936-1_20260411_141747_run1.sqlite,1,1702,10.2
benchmark_4d539186b2c8_QHY411-1_20260411_051634_run1.sqlite,1,2064,23.1
benchmark_4d539186b2c8_QHY411-1_20260411_051733_run1.sqlite,1,2064,23.0
benchmark_4d539186b2c8_QHY411-1_20260411_051907_run1.sqlite,1,2278,26.3
benchmark_4d539186b2c8_QHY411-1_20260411_052011_run1.sqlite,1,2278,30.6
benchmark_4d539186b2c8_QHY411-1_20260411_052137_run1.sqlite,0_ni_catalogo,7,2.4
benchmark_4d539186b2c8_QHY411-1_20260411_052202_run1.sqlite,0_ni_catalogo,7,2.8
benchmark_4d539186b2c8_QHY411-1_20260411_053944_run1.sqlite,1,14367,44.2
benchmark_4d539186b2c8_QHY411-1_20260411_054122_run1.sqlite,1,14367,45.2
benchmark_4d539186b2c8_QHY411-1_20260411_054352_run1.sqlite,1,15906,46.8
benchmark_4d539186b2c8_QHY411-1_20260411_054538_run1.sqlite,1,15906,46.0
benchmark_4d539186b2c8_QHY411-1_20260411_054816_run1.sqlite,1,15580,48.6
benchmark_4d539186b2c8_QHY411-1_20260411_055003_run1.sqlite,1,15580,50.4
benchmark_4d539186b2c8_QHY411-1_20260411_061419_run1.sqlite,0_ni_catalogo,7,1.4
benchmark_4d539186b2c8_QHY411-1_20260411_061440_run1.sqlite,1,2144,21.3
benchmark_4d539186b2c8_QHY411-1_20260411_061605_run1.sqlite,1,2358,25.0
benchmark_4d539186b2c8_QHY411-1_20260411_061705_run1.sqlite,1,2358,24.5
benchmark_4d539186b2c8_QHY411-1_20260411_061821_run1.sqlite,0_ni_catalogo,7,2.4
benchmark_4d539186b2c8_QHY411-1_20260411_061844_run1.sqlite,0_ni_catalogo,7,3.3
benchmark_4d539186b2c8_QHY411-1_20260411_063506_run1.sqlite,1,14407,42.1
benchmark_4d539186b2c8_QHY411-1_20260411_063642_run1.sqlite,1,14407,42.9
benchmark_4d539186b2c8_QHY411-1_20260411_063906_run1.sqlite,1,15986,44.9
benchmark_4d539186b2c8_QHY411-1_20260411_064045_run1.sqlite,1,15986,46.9
benchmark_4d539186b2c8_QHY411-1_20260411_064319_run1.sqlite,1,15620,48.1
benchmark_4d539186b2c8_QHY411-1_20260411_064503_run1.sqlite,1,15620,47.7
benchmark_4d539186b2c8_QHY411-1_20260411_133735_run1.sqlite,1,2064,20.9
benchmark_4d539186b2c8_QHY411-1_20260411_133830_run1.sqlite,1,2064,21.1
benchmark_4d539186b2c8_QHY411-1_20260411_133955_run1.sqlite,1,2278,23.8
benchmark_4d539186b2c8_QHY411-1_20260411_134051_run1.sqlite,1,2278,24.7
benchmark_4d539186b2c8_QHY411-1_20260411_134153_run1.sqlite,0_ni_catalogo,7,5.3
benchmark_4d539186b2c8_QHY411-1_20260411_134220_run1.sqlite,0_ni_catalogo,7,2.2
benchmark_4d539186b2c8_QHY411-1_20260411_135905_run1.sqlite,1,14367,44.6
benchmark_4d539186b2c8_QHY411-1_20260411_140048_run1.sqlite,1,14367,44.1
benchmark_4d539186b2c8_QHY411-1_20260411_140332_run1.sqlite,1,15906,47.0
benchmark_4d539186b2c8_QHY411-1_20260411_140522_run1.sqlite,1,15906,62.0
benchmark_4d539186b2c8_QHY411-1_20260411_140828_run1.sqlite,1,15580,50.4
benchmark_4d539186b2c8_QHY411-1_20260411_141020_run1.sqlite,1,15580,50.2
benchmark_4d539186b2c8_QHY411-1_20260411_142412_run1.sqlite,1,2144,21.2
benchmark_4d539186b2c8_QHY411-1_20260411_142504_run1.sqlite,1,2144,21.5
benchmark_4d539186b2c8_QHY411-1_20260411_142629_run1.sqlite,1,2358,24.4
benchmark_4d539186b2c8_QHY411-1_20260411_142727_run1.sqlite,1,2358,24.1
benchmark_4d539186b2c8_QHY411-1_20260411_142837_run1.sqlite,0_ni_catalogo,7,2.1
benchmark_4d539186b2c8_QHY411-1_20260411_142859_run1.sqlite,0_ni_catalogo,7,2.1
benchmark_4d539186b2c8_QHY411-1_20260411_144554_run1.sqlite,1,14407,41.8
benchmark_4d539186b2c8_QHY411-1_20260411_144729_run1.sqlite,1,14407,43.7
benchmark_4d539186b2c8_QHY411-1_20260411_144955_run1.sqlite,1,15986,45.0
benchmark_4d539186b2c8_QHY411-1_20260411_145136_run1.sqlite,1,15986,46.0
benchmark_4d539186b2c8_QHY411-1_20260411_145408_run1.sqlite,1,15620,48.1
benchmark_4d539186b2c8_QHY411-1_20260411_145553_run1.sqlite,1,15620,49.1
benchmark_4d539186b2c8_QHY411-3_20260411_052420_run1.sqlite,0_ni_catalogo,7,4.7
benchmark_4d539186b2c8_QHY411-3_20260411_052450_run1.sqlite,0_ni_catalogo,7,1.9
benchmark_4d539186b2c8_QHY411-3_20260411_052526_run1.sqlite,0_ni_catalogo,7,2.0
benchmark_4d539186b2c8_QHY411-3_20260411_052549_run1.sqlite,0_ni_catalogo,7,2.9
benchmark_4d539186b2c8_QHY411-3_20260411_055205_run1.sqlite,0_llego_a:perform_opt_photometry,62129,88.9
benchmark_4d539186b2c8_QHY411-3_20260411_055537_run1.sqlite,0_ni_catalogo,7,2.6
benchmark_4d539186b2c8_QHY411-3_20260411_055612_run1.sqlite,0_ni_catalogo,7,1.9
benchmark_4d539186b2c8_QHY411-3_20260411_055633_run1.sqlite,0_ni_catalogo,7,1.9
benchmark_4d539186b2c8_QHY411-3_20260411_055707_run1.sqlite,0_ni_catalogo,7,1.7
benchmark_4d539186b2c8_QHY411-3_20260411_055728_run1.sqlite,0_llego_a:perform_opt_photometry,59119,178.5
benchmark_4d539186b2c8_QHY411-3_20260411_061920_run1.sqlite,0_ni_catalogo,7,2.3
benchmark_4d539186b2c8_QHY411-3_20260411_061944_run1.sqlite,0_ni_catalogo,7,3.3
benchmark_4d539186b2c8_QHY411-3_20260411_062019_run1.sqlite,0_ni_catalogo,7,1.8
benchmark_4d539186b2c8_QHY411-3_20260411_062041_run1.sqlite,0_ni_catalogo,7,2.1
benchmark_4d539186b2c8_QHY411-3_20260411_064656_run1.sqlite,0_ni_catalogo,7,1.8
benchmark_4d539186b2c8_QHY411-3_20260411_064718_run1.sqlite,0_ni_catalogo,7,1.8
benchmark_4d539186b2c8_QHY411-3_20260411_064908_run1.sqlite,0_ni_catalogo,7,1.6
benchmark_4d539186b2c8_QHY411-3_20260411_064929_run1.sqlite,0_ni_catalogo,7,1.7
benchmark_4d539186b2c8_QHY411-3_20260411_065001_run1.sqlite,0_ni_catalogo,7,1.7
benchmark_4d539186b2c8_QHY411-3_20260411_065021_run1.sqlite,0_ni_catalogo,7,2.3
benchmark_4d539186b2c8_QHY411-3_20260411_134256_run1.sqlite,0_ni_catalogo,7,1.7
benchmark_4d539186b2c8_QHY411-3_20260411_134317_run1.sqlite,0_ni_catalogo,7,2.8
benchmark_4d539186b2c8_QHY411-3_20260411_134351_run1.sqlite,0_ni_catalogo,7,2.3
benchmark_4d539186b2c8_QHY411-3_20260411_134413_run1.sqlite,0_ni_catalogo,7,1.7
benchmark_4d539186b2c8_QHY411-3_20260411_141228_run1.sqlite,0_ni_catalogo,7,1.6
benchmark_4d539186b2c8_QHY411-3_20260411_141250_run1.sqlite,0_ni_catalogo,7,4.1
benchmark_4d539186b2c8_QHY411-3_20260411_141327_run1.sqlite,0_ni_catalogo,7,2.1
benchmark_4d539186b2c8_QHY411-3_20260411_141350_run1.sqlite,0_ni_catalogo,7,4.4
benchmark_4d539186b2c8_QHY411-3_20260411_141430_run1.sqlite,0_ni_catalogo,7,1.8
benchmark_4d539186b2c8_QHY411-3_20260411_141451_run1.sqlite,0_ni_catalogo,7,1.7
benchmark_4d539186b2c8_QHY411-3_20260411_142935_run1.sqlite,0_ni_catalogo,7,1.9
benchmark_4d539186b2c8_QHY411-3_20260411_142957_run1.sqlite,0_ni_catalogo,7,2.2
benchmark_4d539186b2c8_QHY411-3_20260411_143033_run1.sqlite,0_ni_catalogo,7,2.0
benchmark_4d539186b2c8_QHY411-3_20260411_143056_run1.sqlite,0_ni_catalogo,7,2.1
benchmark_4d539186b2c8_QHY411-3_20260411_145749_run1.sqlite,0_ni_catalogo,7,1.6
benchmark_4d539186b2c8_QHY411-3_20260411_145810_run1.sqlite,0_ni_catalogo,7,2.3
benchmark_4d539186b2c8_QHY411-3_20260411_145841_run1.sqlite,0_ni_catalogo,7,2.3
benchmark_4d539186b2c8_QHY411-3_20260411_145904_run1.sqlite,0_ni_catalogo,7,2.0
benchmark_4d539186b2c8_QHY411-3_20260411_145936_run1.sqlite,0_ni_catalogo,7,1.8
benchmark_4d539186b2c8_QHY411-3_20260411_145958_run1.sqlite,0_ni_catalogo,7,1.8
benchmark_4d539186b2c8_QHY600-3_20260411_051025_run1.sqlite,1,1058,10.1
benchmark_4d539186b2c8_QHY600-3_20260411_051100_run1.sqlite,1,1058,9.9
benchmark_4d539186b2c8_QHY600-3_20260411_052640_run1.sqlite,1,1494,12.9
benchmark_4d539186b2c8_QHY600-3_20260411_052719_run1.sqlite,1,1494,13.0
benchmark_4d539186b2c8_QHY600-3_20260411_052818_run1.sqlite,1,1756,12.8
benchmark_4d539186b2c8_QHY600-3_20260411_052857_run1.sqlite,1,1756,12.4
benchmark_4d539186b2c8_QHY600-3_20260411_052954_run1.sqlite,1,1634,12.3
benchmark_4d539186b2c8_QHY600-3_20260411_053031_run1.sqlite,1,1634,12.2
benchmark_4d539186b2c8_QHY600-3_20260411_060822_run1.sqlite,1,1138,10.1
benchmark_4d539186b2c8_QHY600-3_20260411_060858_run1.sqlite,1,1138,9.6
benchmark_4d539186b2c8_QHY600-3_20260411_062131_run1.sqlite,1,1534,12.4
benchmark_4d539186b2c8_QHY600-3_20260411_062210_run1.sqlite,1,1534,13.4
benchmark_4d539186b2c8_QHY600-3_20260411_062310_run1.sqlite,1,1796,12.8
benchmark_4d539186b2c8_QHY600-3_20260411_062350_run1.sqlite,1,1796,12.8
benchmark_4d539186b2c8_QHY600-3_20260411_062448_run1.sqlite,1,1674,12.8
benchmark_4d539186b2c8_QHY600-3_20260411_062527_run1.sqlite,1,1674,12.9
benchmark_4d539186b2c8_QHY600-3_20260411_133118_run1.sqlite,1,1058,10.7
benchmark_4d539186b2c8_QHY600-3_20260411_133157_run1.sqlite,1,1058,11.0
benchmark_4d539186b2c8_QHY600-3_20260411_134503_run1.sqlite,1,1494,12.4
benchmark_4d539186b2c8_QHY600-3_20260411_134542_run1.sqlite,1,1494,12.1
benchmark_4d539186b2c8_QHY600-3_20260411_134638_run1.sqlite,1,1756,12.6
benchmark_4d539186b2c8_QHY600-3_20260411_134716_run1.sqlite,1,1756,12.6
benchmark_4d539186b2c8_QHY600-3_20260411_134813_run1.sqlite,1,1634,12.4
benchmark_4d539186b2c8_QHY600-3_20260411_134851_run1.sqlite,1,1634,12.5
benchmark_4d539186b2c8_QHY600-3_20260411_141840_run1.sqlite,1,1138,9.4
benchmark_4d539186b2c8_QHY600-3_20260411_141915_run1.sqlite,1,1138,10.1
benchmark_4d539186b2c8_QHY600-3_20260411_143151_run1.sqlite,1,1534,13.6
benchmark_4d539186b2c8_QHY600-3_20260411_143233_run1.sqlite,1,1534,13.5
benchmark_4d539186b2c8_QHY600-3_20260411_143335_run1.sqlite,1,1796,13.1
benchmark_4d539186b2c8_QHY600-3_20260411_143415_run1.sqlite,1,1796,13.7
benchmark_4d539186b2c8_QHY600-3_20260411_143516_run1.sqlite,1,1674,13.3
benchmark_4d539186b2c8_QHY600-3_20260411_143556_run1.sqlite,1,1674,13.7
benchmark_4d539186b2c8_QHY600-4_20260411_051207_run1.sqlite,1,4151,19.8
benchmark_4d539186b2c8_QHY600-4_20260411_051304_run1.sqlite,1,4151,19.6
benchmark_4d539186b2c8_QHY600-4_20260411_051427_run1.sqlite,1,1784,16.4
benchmark_4d539186b2c8_QHY600-4_20260411_051515_run1.sqlite,1,1784,15.5
benchmark_4d539186b2c8_QHY600-4_20260411_053139_run1.sqlite,1,9218,26.0
benchmark_4d539186b2c8_QHY600-4_20260411_053244_run1.sqlite,1,9218,25.9
benchmark_4d539186b2c8_QHY600-4_20260411_053421_run1.sqlite,1,3750,26.9
benchmark_4d539186b2c8_QHY600-4_20260411_053522_run1.sqlite,1,3750,28.0
benchmark_4d539186b2c8_QHY600-4_20260411_053655_run1.sqlite,1,5539,25.8
benchmark_4d539186b2c8_QHY600-4_20260411_053757_run1.sqlite,1,5539,26.4
benchmark_4d539186b2c8_QHY600-4_20260411_060958_run1.sqlite,1,4231,18.9
benchmark_4d539186b2c8_QHY600-4_20260411_061052_run1.sqlite,1,4231,18.9
benchmark_4d539186b2c8_QHY600-4_20260411_061220_run1.sqlite,1,1864,15.1
benchmark_4d539186b2c8_QHY600-4_20260411_061307_run1.sqlite,1,1864,15.6
benchmark_4d539186b2c8_QHY600-4_20260411_062638_run1.sqlite,1,9258,26.4
benchmark_4d539186b2c8_QHY600-4_20260411_062744_run1.sqlite,1,9258,27.0
benchmark_4d539186b2c8_QHY600-4_20260411_062925_run1.sqlite,1,3790,30.5
benchmark_4d539186b2c8_QHY600-4_20260411_063033_run1.sqlite,1,3790,29.4
benchmark_4d539186b2c8_QHY600-4_20260411_063210_run1.sqlite,1,5579,27.0
benchmark_4d539186b2c8_QHY600-4_20260411_063314_run1.sqlite,1,5579,27.1
benchmark_4d539186b2c8_QHY600-4_20260411_133304_run1.sqlite,1,4151,19.6
benchmark_4d539186b2c8_QHY600-4_20260411_133359_run1.sqlite,1,4151,27.3
benchmark_4d539186b2c8_QHY600-4_20260411_133535_run1.sqlite,1,1784,15.5
benchmark_4d539186b2c8_QHY600-4_20260411_133619_run1.sqlite,1,1784,15.1
benchmark_4d539186b2c8_QHY600-4_20260411_135000_run1.sqlite,1,9218,26.8
benchmark_4d539186b2c8_QHY600-4_20260411_135109_run1.sqlite,1,9218,27.4
benchmark_4d539186b2c8_QHY600-4_20260411_135255_run1.sqlite,1,3750,29.0
benchmark_4d539186b2c8_QHY600-4_20260411_135401_run1.sqlite,1,3750,31.1
benchmark_4d539186b2c8_QHY600-4_20260411_135547_run1.sqlite,1,5539,28.5
benchmark_4d539186b2c8_QHY600-4_20260411_135655_run1.sqlite,1,5539,29.4
benchmark_4d539186b2c8_QHY600-4_20260411_142020_run1.sqlite,1,4231,18.4
benchmark_4d539186b2c8_QHY600-4_20260411_142110_run1.sqlite,1,4231,18.9
benchmark_4d539186b2c8_QHY600-4_20260411_142207_run1.sqlite,1,1864,21.7
benchmark_4d539186b2c8_QHY600-4_20260411_142300_run1.sqlite,1,1864,15.2
benchmark_4d539186b2c8_QHY600-4_20260411_143708_run1.sqlite,1,9258,27.7
benchmark_4d539186b2c8_QHY600-4_20260411_143817_run1.sqlite,1,9258,30.4
benchmark_4d539186b2c8_QHY600-4_20260411_144010_run1.sqlite,1,3790,29.1
benchmark_4d539186b2c8_QHY600-4_20260411_144117_run1.sqlite,1,3790,29.8
benchmark_4d539186b2c8_QHY600-4_20260411_144256_run1.sqlite,1,5579,28.0
benchmark_4d539186b2c8_QHY600-4_20260411_144402_run1.sqlite,1,5579,28.3
benchmark_4d6efd00b9d2_iKon936-1_20260607_092422_run1.sqlite,1,1624,4.9
benchmark_4d6efd00b9d2_iKon936-1_20260607_092439_run2.sqlite,1,1624,8.0
benchmark_4d6efd00b9d2_iKon936-1_20260607_092504_run3.sqlite,1,1624,4.6
benchmark_4d6efd00b9d2_iKon936-1_20260607_092524_run4.sqlite,1,1624,4.7
benchmark_4d6efd00b9d2_iKon936-1_20260607_092547_run5.sqlite,1,1624,4.6
benchmark_4d6efd00b9d2_iKon936-1_20260823_142853_run1.sqlite,1,1303,6.9
benchmark_4d6efd00b9d2_iKon936-1_20260823_142918_run1.sqlite,1,1303,7.1
benchmark_4d6efd00b9d2_iKon936-1_20260823_142956_run1.sqlite,1,1723,7.4
benchmark_4d6efd00b9d2_iKon936-1_20260823_143023_run1.sqlite,1,1723,6.6
benchmark_4d6efd00b9d2_QHY411-1_20260607_092646_run1.sqlite,1,3898,25.6
benchmark_4d6efd00b9d2_QHY411-1_20260607_092727_run2.sqlite,1,3898,25.9
benchmark_4d6efd00b9d2_QHY411-1_20260607_092808_run3.sqlite,1,3898,25.7
benchmark_4d6efd00b9d2_QHY411-1_20260607_092849_run4.sqlite,1,3898,25.7
benchmark_4d6efd00b9d2_QHY411-1_20260607_092930_run5.sqlite,1,3898,25.7
benchmark_4d6efd00b9d2_QHY411-1_20260823_143443_run1.sqlite,1,3144,11.4
benchmark_4d6efd00b9d2_QHY411-1_20260823_143516_run1.sqlite,1,3144,11.3
benchmark_4d6efd00b9d2_QHY411-1_20260823_143608_run1.sqlite,1,4362,12.7
benchmark_4d6efd00b9d2_QHY411-1_20260823_143644_run1.sqlite,1,4362,12.8
benchmark_4d6efd00b9d2_QHY411-1_20260823_143824_run1.sqlite,1,6675,59.9
benchmark_4d6efd00b9d2_QHY411-1_20260823_144006_run1.sqlite,1,6675,58.7
benchmark_4d6efd00b9d2_QHY411-1_20260823_150108_run1.sqlite,1,30277,42.7
benchmark_4d6efd00b9d2_QHY411-1_20260823_150241_run1.sqlite,1,30277,39.2
benchmark_4d6efd00b9d2_QHY411-1_20260823_150442_run1.sqlite,1,26495,33.8
benchmark_4d6efd00b9d2_QHY411-1_20260823_150600_run1.sqlite,1,26495,32.6
benchmark_4d6efd00b9d2_QHY411-1_20260823_150803_run1.sqlite,1,36109,40.7
benchmark_4d6efd00b9d2_QHY411-1_20260823_150937_run1.sqlite,1,36109,49.3
benchmark_4d6efd00b9d2_QHY411-3_20260607_093228_run1.sqlite,1,83390,69.1
benchmark_4d6efd00b9d2_QHY411-3_20260607_093410_run2.sqlite,1,83390,71.9
benchmark_4d6efd00b9d2_QHY411-3_20260607_093555_run3.sqlite,1,83390,69.0
benchmark_4d6efd00b9d2_QHY411-3_20260607_093738_run4.sqlite,1,83390,70.0
benchmark_4d6efd00b9d2_QHY411-3_20260607_093922_run5.sqlite,1,83390,68.3
benchmark_4d6efd00b9d2_QHY411-3_20260823_144244_run1.sqlite,1,32486,45.5
benchmark_4d6efd00b9d2_QHY411-3_20260823_144421_run1.sqlite,1,32486,45.3
benchmark_4d6efd00b9d2_QHY411-3_20260823_144644_run1.sqlite,1,32449,43.4
benchmark_4d6efd00b9d2_QHY411-3_20260823_144818_run1.sqlite,1,32449,75.8
benchmark_4d6efd00b9d2_QHY411-3_20260823_151206_run1.sqlite,1,26751,39.1
benchmark_4d6efd00b9d2_QHY411-3_20260823_151330_run1.sqlite,1,26751,51.5
benchmark_4d6efd00b9d2_QHY411-3_20260823_151610_run1.sqlite,1,41489,46.0
benchmark_4d6efd00b9d2_QHY411-3_20260823_151750_run1.sqlite,1,41489,59.9
benchmark_4d6efd00b9d2_QHY411-3_20260823_152213_run1.sqlite,1,34433,83.4
benchmark_4d6efd00b9d2_QHY411-3_20260823_152438_run1.sqlite,1,34433,82.2
benchmark_4d6efd00b9d2_QHY600-3_20260823_143101_run1.sqlite,1,949,6.6
benchmark_4d6efd00b9d2_QHY600-3_20260823_143126_run1.sqlite,1,949,6.7
benchmark_4d6efd00b9d2_QHY600-3_20260823_145046_run1.sqlite,1,2028,8.0
benchmark_4d6efd00b9d2_QHY600-3_20260823_145114_run1.sqlite,1,2028,7.7
benchmark_4d6efd00b9d2_QHY600-3_20260823_145154_run1.sqlite,1,2127,7.9
benchmark_4d6efd00b9d2_QHY600-3_20260823_145222_run1.sqlite,1,2127,8.8
benchmark_4d6efd00b9d2_QHY600-3_20260823_145305_run1.sqlite,1,2080,8.1
benchmark_4d6efd00b9d2_QHY600-3_20260823_145333_run1.sqlite,1,2080,8.0
benchmark_4d6efd00b9d2_QHY600-4_20260823_143208_run1.sqlite,1,3837,10.1
benchmark_4d6efd00b9d2_QHY600-4_20260823_143239_run1.sqlite,1,3837,10.5
benchmark_4d6efd00b9d2_QHY600-4_20260823_143326_run1.sqlite,1,7121,9.1
benchmark_4d6efd00b9d2_QHY600-4_20260823_143355_run1.sqlite,1,7121,9.7
benchmark_4d6efd00b9d2_QHY600-4_20260823_145427_run1.sqlite,1,16673,21.0
benchmark_4d6efd00b9d2_QHY600-4_20260823_145522_run1.sqlite,1,16673,22.2
benchmark_4d6efd00b9d2_QHY600-4_20260823_145654_run1.sqlite,1,8661,16.7
benchmark_4d6efd00b9d2_QHY600-4_20260823_145738_run1.sqlite,1,8661,16.5
benchmark_4d6efd00b9d2_QHY600-4_20260823_145848_run1.sqlite,1,11240,16.8
benchmark_4d6efd00b9d2_QHY600-4_20260823_145933_run1.sqlite,1,11240,23.1
benchmark_51f7c6104f3a_iKon936-1_20260411_185520_run1.sqlite,1,1072,5.3
benchmark_51f7c6104f3a_iKon936-1_20260411_185543_run1.sqlite,1,1072,5.6
benchmark_51f7c6104f3a_iKon936-1_20260411_185621_run1.sqlite,1,1622,5.8
benchmark_51f7c6104f3a_iKon936-1_20260411_185646_run1.sqlite,1,1622,5.9
benchmark_51f7c6104f3a_iKon936-1_20260411_202407_run1.sqlite,1,1152,5.8
benchmark_51f7c6104f3a_iKon936-1_20260411_202431_run1.sqlite,1,1152,5.9
benchmark_51f7c6104f3a_iKon936-1_20260411_202509_run1.sqlite,1,1702,6.2
benchmark_51f7c6104f3a_iKon936-1_20260411_202534_run1.sqlite,1,1702,5.9
benchmark_51f7c6104f3a_QHY411-1_20260411_190111_run1.sqlite,1,2064,12.0
benchmark_51f7c6104f3a_QHY411-1_20260411_190145_run1.sqlite,1,2064,13.0
benchmark_51f7c6104f3a_QHY411-1_20260411_190243_run1.sqlite,1,2278,15.1
benchmark_51f7c6104f3a_QHY411-1_20260411_190320_run1.sqlite,1,2278,15.4
benchmark_51f7c6104f3a_QHY411-1_20260411_190514_run1.sqlite,1,3896,67.8
benchmark_51f7c6104f3a_QHY411-1_20260411_190707_run1.sqlite,1,3896,67.9
benchmark_51f7c6104f3a_QHY411-1_20260411_193835_run1.sqlite,1,14367,33.2
benchmark_51f7c6104f3a_QHY411-1_20260411_193948_run1.sqlite,1,14367,33.2
benchmark_51f7c6104f3a_QHY411-1_20260411_194139_run1.sqlite,1,15906,36.4
benchmark_51f7c6104f3a_QHY411-1_20260411_194257_run1.sqlite,1,15906,35.6
benchmark_51f7c6104f3a_QHY411-1_20260411_194454_run1.sqlite,1,15580,38.0
benchmark_51f7c6104f3a_QHY411-1_20260411_194615_run1.sqlite,1,15580,37.4
benchmark_51f7c6104f3a_QHY411-1_20260411_203004_run1.sqlite,1,2144,12.7
benchmark_51f7c6104f3a_QHY411-1_20260411_203039_run1.sqlite,1,2144,11.9
benchmark_51f7c6104f3a_QHY411-1_20260411_203135_run1.sqlite,1,2358,15.7
benchmark_51f7c6104f3a_QHY411-1_20260411_203214_run1.sqlite,1,2358,15.8
benchmark_51f7c6104f3a_QHY411-1_20260411_203301_run1.sqlite,1,3976,68.8
benchmark_51f7c6104f3a_QHY411-1_20260411_203533_run1.sqlite,1,3976,68.3
benchmark_51f7c6104f3a_QHY411-1_20260411_210720_run1.sqlite,1,14407,33.0
benchmark_51f7c6104f3a_QHY411-1_20260411_210834_run1.sqlite,1,14407,34.6
benchmark_51f7c6104f3a_QHY411-1_20260411_211028_run1.sqlite,1,15986,35.3
benchmark_51f7c6104f3a_QHY411-1_20260411_211145_run1.sqlite,1,15986,37.8
benchmark_51f7c6104f3a_QHY411-1_20260411_211345_run1.sqlite,1,15620,38.5
benchmark_51f7c6104f3a_QHY411-1_20260411_211506_run1.sqlite,1,15620,38.1
benchmark_51f7c6104f3a_QHY411-1_20260416_215854_run1.sqlite,1,3896,68.0
benchmark_51f7c6104f3a_QHY411-1_20260416_220047_run1.sqlite,1,3896,69.9
benchmark_51f7c6104f3a_QHY411-3_20260409_103505_run1.sqlite,1,63217,105.5
benchmark_51f7c6104f3a_QHY411-3_20260409_103837_run2.sqlite,1,63217,128.0
benchmark_51f7c6104f3a_QHY411-3_20260411_191052_run1.sqlite,1,83388,133.9
benchmark_51f7c6104f3a_QHY411-3_20260411_191523_run1.sqlite,1,83388,132.0
benchmark_51f7c6104f3a_QHY411-3_20260411_192124_run1.sqlite,1,63217,102.7
benchmark_51f7c6104f3a_QHY411-3_20260411_192454_run1.sqlite,1,63217,97.2
benchmark_51f7c6104f3a_QHY411-3_20260411_194912_run1.sqlite,1,62253,104.8
benchmark_51f7c6104f3a_QHY411-3_20260411_195238_run1.sqlite,1,62253,104.5
benchmark_51f7c6104f3a_QHY411-3_20260411_195749_run1.sqlite,1,77168,118.6
benchmark_51f7c6104f3a_QHY411-3_20260411_200156_run1.sqlite,1,77168,121.6
benchmark_51f7c6104f3a_QHY411-3_20260411_200919_run1.sqlite,1,59219,219.7
benchmark_51f7c6104f3a_QHY411-3_20260411_201636_run1.sqlite,1,59219,221.6
benchmark_51f7c6104f3a_QHY411-3_20260411_203923_run1.sqlite,1,83428,133.5
benchmark_51f7c6104f3a_QHY411-3_20260411_204358_run1.sqlite,1,83428,136.4
benchmark_51f7c6104f3a_QHY411-3_20260411_205002_run1.sqlite,1,63257,98.2
benchmark_51f7c6104f3a_QHY411-3_20260411_205328_run1.sqlite,1,63257,99.7
benchmark_51f7c6104f3a_QHY411-3_20260411_211803_run1.sqlite,1,62293,107.2
benchmark_51f7c6104f3a_QHY411-3_20260411_212136_run1.sqlite,1,62293,105.8
benchmark_51f7c6104f3a_QHY411-3_20260411_212654_run1.sqlite,1,77208,121.6
benchmark_51f7c6104f3a_QHY411-3_20260411_213105_run1.sqlite,1,77208,120.7
benchmark_51f7c6104f3a_QHY411-3_20260411_213818_run1.sqlite,1,59299,223.0
benchmark_51f7c6104f3a_QHY411-3_20260411_214539_run1.sqlite,1,59299,222.2
benchmark_51f7c6104f3a_QHY600-3_20260411_185724_run1.sqlite,1,1058,5.2
benchmark_51f7c6104f3a_QHY600-3_20260411_185746_run1.sqlite,1,1058,5.0
benchmark_51f7c6104f3a_QHY600-3_20260411_192832_run1.sqlite,1,1494,9.4
benchmark_51f7c6104f3a_QHY600-3_20260411_192901_run1.sqlite,1,1494,9.4
benchmark_51f7c6104f3a_QHY600-3_20260411_192945_run1.sqlite,1,1756,9.6
benchmark_51f7c6104f3a_QHY600-3_20260411_193015_run1.sqlite,1,1756,8.8
benchmark_51f7c6104f3a_QHY600-3_20260411_193058_run1.sqlite,1,1634,9.1
benchmark_51f7c6104f3a_QHY600-3_20260411_193128_run1.sqlite,1,1634,8.7
benchmark_51f7c6104f3a_QHY600-3_20260411_202612_run1.sqlite,1,1138,5.4
benchmark_51f7c6104f3a_QHY600-3_20260411_202636_run1.sqlite,1,1138,5.6
benchmark_51f7c6104f3a_QHY600-3_20260411_205709_run1.sqlite,1,1534,8.8
benchmark_51f7c6104f3a_QHY600-3_20260411_205737_run1.sqlite,1,1534,8.9
benchmark_51f7c6104f3a_QHY600-3_20260411_205820_run1.sqlite,1,1796,8.9
benchmark_51f7c6104f3a_QHY600-3_20260411_205849_run1.sqlite,1,1796,8.7
benchmark_51f7c6104f3a_QHY600-3_20260411_205934_run1.sqlite,1,1674,9.4
benchmark_51f7c6104f3a_QHY600-3_20260411_210003_run1.sqlite,1,1674,8.7
benchmark_51f7c6104f3a_QHY600-4_20260411_185828_run1.sqlite,1,4151,12.0
benchmark_51f7c6104f3a_QHY600-4_20260411_185903_run1.sqlite,1,4151,12.1
benchmark_51f7c6104f3a_QHY600-4_20260411_185953_run1.sqlite,1,1784,8.9
benchmark_51f7c6104f3a_QHY600-4_20260411_190022_run1.sqlite,1,1784,8.7
benchmark_51f7c6104f3a_QHY600-4_20260411_193220_run1.sqlite,1,9218,19.0
benchmark_51f7c6104f3a_QHY600-4_20260411_193310_run1.sqlite,1,9218,18.5
benchmark_51f7c6104f3a_QHY600-4_20260411_193425_run1.sqlite,1,3750,20.9
benchmark_51f7c6104f3a_QHY600-4_20260411_193513_run1.sqlite,1,3750,20.8
benchmark_51f7c6104f3a_QHY600-4_20260411_193625_run1.sqlite,1,5539,19.4
benchmark_51f7c6104f3a_QHY600-4_20260411_193712_run1.sqlite,1,5539,19.5
benchmark_51f7c6104f3a_QHY600-4_20260411_202718_run1.sqlite,1,4231,12.6
benchmark_51f7c6104f3a_QHY600-4_20260411_202755_run1.sqlite,1,4231,12.2
benchmark_51f7c6104f3a_QHY600-4_20260411_202846_run1.sqlite,1,1864,8.6
benchmark_51f7c6104f3a_QHY600-4_20260411_202915_run1.sqlite,1,1864,9.1
benchmark_51f7c6104f3a_QHY600-4_20260411_210055_run1.sqlite,1,9258,19.0
benchmark_51f7c6104f3a_QHY600-4_20260411_210145_run1.sqlite,1,9258,19.5
benchmark_51f7c6104f3a_QHY600-4_20260411_210303_run1.sqlite,1,3790,20.9
benchmark_51f7c6104f3a_QHY600-4_20260411_210350_run1.sqlite,1,3790,22.3
benchmark_51f7c6104f3a_QHY600-4_20260411_210507_run1.sqlite,1,5579,19.4
benchmark_51f7c6104f3a_QHY600-4_20260411_210555_run1.sqlite,1,5579,19.5
benchmark_524426dba4ee_iKon936-1_20260823_154026_run1.sqlite,1,561,8.9
benchmark_524426dba4ee_iKon936-1_20260823_154057_run1.sqlite,1,559,8.3
benchmark_524426dba4ee_iKon936-1_20260823_154202_run1.sqlite,1,752,8.8
benchmark_524426dba4ee_iKon936-1_20260823_154236_run1.sqlite,1,752,8.8
benchmark_524426dba4ee_QHY411-1_20260823_154926_run1.sqlite,1,947,13.5
benchmark_524426dba4ee_QHY411-1_20260823_155046_run1.sqlite,1,947,14.0
benchmark_524426dba4ee_QHY411-1_20260823_155237_run1.sqlite,1,1181,14.0
benchmark_524426dba4ee_QHY411-1_20260823_155433_run1.sqlite,1,1181,17.9
benchmark_524426dba4ee_QHY411-1_20260823_155640_run1.sqlite,1,2286,27.6
benchmark_524426dba4ee_QHY411-1_20260823_155920_run1.sqlite,1,2286,28.7
benchmark_524426dba4ee_QHY411-1_20260823_164428_run1.sqlite,1,10530,32.8
benchmark_524426dba4ee_QHY411-1_20260823_164905_run1.sqlite,1,10530,35.9
benchmark_524426dba4ee_QHY411-1_20260823_165553_run1.sqlite,1,8662,29.2
benchmark_524426dba4ee_QHY411-1_20260823_165955_run1.sqlite,1,8662,30.2
benchmark_524426dba4ee_QHY411-1_20260823_170414_run1.sqlite,1,13419,19.9
benchmark_524426dba4ee_QHY411-1_20260823_170503_run1.sqlite,1,13419,20.2
benchmark_524426dba4ee_QHY411-3_20260823_160223_run1.sqlite,1,11483,66.0
benchmark_524426dba4ee_QHY411-3_20260823_160627_run1.sqlite,1,11483,62.8
benchmark_524426dba4ee_QHY411-3_20260823_161137_run1.sqlite,1,11479,39.7
benchmark_524426dba4ee_QHY411-3_20260823_161515_run1.sqlite,1,11479,57.5
benchmark_524426dba4ee_QHY411-3_20260823_170645_run1.sqlite,1,8641,23.7
benchmark_524426dba4ee_QHY411-3_20260823_170738_run1.sqlite,1,8641,37.2
benchmark_524426dba4ee_QHY411-3_20260823_170933_run1.sqlite,1,19483,25.1
benchmark_524426dba4ee_QHY411-3_20260823_171029_run1.sqlite,1,19483,40.3
benchmark_524426dba4ee_QHY411-3_20260823_171325_run1.sqlite,1,12504,81.4
benchmark_524426dba4ee_QHY411-3_20260823_171527_run1.sqlite,1,12504,65.8
benchmark_524426dba4ee_QHY600-3_20260823_154319_run1.sqlite,1,507,9.0
benchmark_524426dba4ee_QHY600-3_20260823_154356_run1.sqlite,1,507,9.9
benchmark_524426dba4ee_QHY600-3_20260823_161953_run1.sqlite,1,895,9.1
benchmark_524426dba4ee_QHY600-3_20260823_162028_run1.sqlite,1,895,10.9
benchmark_524426dba4ee_QHY600-3_20260823_162120_run1.sqlite,1,956,9.3
benchmark_524426dba4ee_QHY600-3_20260823_162158_run1.sqlite,1,956,9.5
benchmark_524426dba4ee_QHY600-3_20260823_162250_run1.sqlite,1,914,9.8
benchmark_524426dba4ee_QHY600-3_20260823_162325_run1.sqlite,1,914,10.3
benchmark_524426dba4ee_QHY600-4_20260823_154450_run1.sqlite,1,1401,12.3
benchmark_524426dba4ee_QHY600-4_20260823_154601_run1.sqlite,1,1401,11.7
benchmark_524426dba4ee_QHY600-4_20260823_154727_run1.sqlite,1,5507,10.5
benchmark_524426dba4ee_QHY600-4_20260823_154816_run1.sqlite,1,5507,10.9
benchmark_524426dba4ee_QHY600-4_20260823_162429_run1.sqlite,1,4868,22.1
benchmark_524426dba4ee_QHY600-4_20260823_162734_run1.sqlite,1,4868,26.5
benchmark_524426dba4ee_QHY600-4_20260823_163136_run1.sqlite,1,2181,18.9
benchmark_524426dba4ee_QHY600-4_20260823_163354_run1.sqlite,1,2181,35.9
benchmark_524426dba4ee_QHY600-4_20260823_163757_run1.sqlite,1,3339,20.6
benchmark_524426dba4ee_QHY600-4_20260823_164054_run1.sqlite,1,3339,27.1
benchmark_52b75559818e_iKon936-1_20260823_134041_run1.sqlite,1,559,31.0
benchmark_52b75559818e_iKon936-1_20260823_134137_run1.sqlite,1,561,31.1
benchmark_52b75559818e_iKon936-1_20260823_134317_run1.sqlite,1,754,40.1
benchmark_52b75559818e_iKon936-1_20260823_134427_run1.sqlite,1,754,40.1
benchmark_52b75559818e_QHY411-1_20260823_135036_run1.sqlite,0_ni_catalogo,26,20.3
benchmark_52b75559818e_QHY411-1_20260823_135217_run1.sqlite,0_ni_catalogo,29,22.6
benchmark_52b75559818e_QHY411-1_20260823_135425_run1.sqlite,0_ni_catalogo,29,22.1
benchmark_52b75559818e_QHY411-1_20260823_135603_run1.sqlite,0_ni_catalogo,29,22.1
benchmark_52b75559818e_QHY411-1_20260823_135746_run1.sqlite,0_ni_catalogo,10,2.8
benchmark_52b75559818e_QHY411-1_20260823_135802_run1.sqlite,0_ni_catalogo,10,2.7
benchmark_52b75559818e_QHY411-1_20260823_140027_run1.sqlite,sin_nvtx,,
benchmark_52b75559818e_QHY411-1_20260823_140031_run1.sqlite,sin_nvtx,,
benchmark_52b75559818e_QHY411-1_20260823_140035_run1.sqlite,sin_nvtx,,
benchmark_52b75559818e_QHY411-1_20260823_140039_run1.sqlite,sin_nvtx,,
benchmark_52b75559818e_QHY411-1_20260823_140045_run1.sqlite,sin_nvtx,,
benchmark_52b75559818e_QHY411-1_20260823_140050_run1.sqlite,sin_nvtx,,
benchmark_52b75559818e_QHY411-3_20260823_135822_run1.sqlite,0_ni_catalogo,10,2.6
benchmark_52b75559818e_QHY411-3_20260823_135837_run1.sqlite,0_ni_catalogo,10,2.8
benchmark_52b75559818e_QHY411-3_20260823_135858_run1.sqlite,0_ni_catalogo,10,3.2
benchmark_52b75559818e_QHY411-3_20260823_135914_run1.sqlite,0_ni_catalogo,10,2.8
benchmark_52b75559818e_QHY411-3_20260823_140054_run1.sqlite,sin_nvtx,,
benchmark_52b75559818e_QHY411-3_20260823_140058_run1.sqlite,sin_nvtx,,
benchmark_52b75559818e_QHY411-3_20260823_140103_run1.sqlite,sin_nvtx,,
benchmark_52b75559818e_QHY411-3_20260823_140107_run1.sqlite,sin_nvtx,,
benchmark_52b75559818e_QHY411-3_20260823_140112_run1.sqlite,sin_nvtx,,
benchmark_52b75559818e_QHY411-3_20260823_140117_run1.sqlite,sin_nvtx,,
benchmark_52b75559818e_QHY600-3_20260823_134548_run1.sqlite,0_ni_catalogo,30,10.6
benchmark_52b75559818e_QHY600-3_20260823_134614_run1.sqlite,0_ni_catalogo,30,10.5
benchmark_52b75559818e_QHY600-3_20260823_135928_run1.sqlite,sin_nvtx,,
benchmark_52b75559818e_QHY600-3_20260823_135933_run1.sqlite,sin_nvtx,,
benchmark_52b75559818e_QHY600-3_20260823_135938_run1.sqlite,sin_nvtx,,
benchmark_52b75559818e_QHY600-3_20260823_135943_run1.sqlite,sin_nvtx,,
benchmark_52b75559818e_QHY600-3_20260823_135948_run1.sqlite,sin_nvtx,,
benchmark_52b75559818e_QHY600-3_20260823_135952_run1.sqlite,sin_nvtx,,
benchmark_52b75559818e_QHY600-4_20260823_134704_run1.sqlite,0_ni_catalogo,45,21.4
benchmark_52b75559818e_QHY600-4_20260823_134744_run1.sqlite,0_ni_catalogo,45,21.6
benchmark_52b75559818e_QHY600-4_20260823_134849_run1.sqlite,0_ni_catalogo,45,21.3
benchmark_52b75559818e_QHY600-4_20260823_134928_run1.sqlite,0_ni_catalogo,45,22.0
benchmark_52b75559818e_QHY600-4_20260823_135957_run1.sqlite,sin_nvtx,,
benchmark_52b75559818e_QHY600-4_20260823_140001_run1.sqlite,sin_nvtx,,
benchmark_52b75559818e_QHY600-4_20260823_140006_run1.sqlite,sin_nvtx,,
benchmark_52b75559818e_QHY600-4_20260823_140011_run1.sqlite,sin_nvtx,,
benchmark_52b75559818e_QHY600-4_20260823_140016_run1.sqlite,sin_nvtx,,
benchmark_52b75559818e_QHY600-4_20260823_140022_run1.sqlite,sin_nvtx,,
benchmark_57f0b0651621_iKon936-1_20260824_085518_run1.sqlite,1,1305,7.7
benchmark_57f0b0651621_iKon936-1_20260824_085603_run1.sqlite,1,1303,10.3
benchmark_57f0b0651621_iKon936-1_20260824_085715_run1.sqlite,1,1723,10.3
benchmark_57f0b0651621_iKon936-1_20260824_085759_run1.sqlite,1,1723,10.4
benchmark_57f0b0651621_QHY411-1_20260828_120402_run1.sqlite,1,3144,23.5
benchmark_57f0b0651621_QHY411-1_20260828_120452_run1.sqlite,1,4362,20.8
benchmark_57f0b0651621_QHY411-1_20260828_120552_run1.sqlite,1,4362,24.8
benchmark_57f0b0651621_QHY411-1_20260828_120707_run1.sqlite,1,30277,73.5
benchmark_57f0b0651621_QHY411-1_20260828_120926_run1.sqlite,1,26495,51.6
benchmark_57f0b0651621_QHY411-1_20260828_121109_run1.sqlite,1,26495,52.0
benchmark_57f0b0651621_QHY411-1_20260828_121306_run1.sqlite,1,36109,68.1
benchmark_57f0b0651621_QHY411-1_20260828_121452_run1.sqlite,0_ni_catalogo,7,1.9
benchmark_57f0b0651621_QHY411-1_20260828_121528_run1.sqlite,1,36109,61.2
benchmark_57f0b0651621_QHY600-3_20260824_085903_run1.sqlite,1,949,11.5
benchmark_57f0b0651621_QHY600-3_20260824_085944_run1.sqlite,1,949,11.0
benchmark_57f0b0651621_QHY600-3_20260824_090438_run1.sqlite,1,2028,12.1
benchmark_57f0b0651621_QHY600-3_20260824_090520_run1.sqlite,1,2028,11.0
benchmark_57f0b0651621_QHY600-3_20260824_090616_run1.sqlite,1,2127,10.7
benchmark_57f0b0651621_QHY600-3_20260824_090656_run1.sqlite,1,2127,11.0
benchmark_57f0b0651621_QHY600-3_20260824_090751_run1.sqlite,1,2080,11.2
benchmark_57f0b0651621_QHY600-3_20260824_090831_run1.sqlite,1,2080,10.5
benchmark_57f0b0651621_QHY600-4_20260824_090054_run1.sqlite,1,3837,15.1
benchmark_57f0b0651621_QHY600-4_20260824_090143_run1.sqlite,1,3837,15.1
benchmark_57f0b0651621_QHY600-4_20260824_090253_run1.sqlite,1,7126,14.1
benchmark_57f0b0651621_QHY600-4_20260824_090338_run1.sqlite,1,7126,14.3
benchmark_57f0b0651621_QHY600-4_20260824_090938_run1.sqlite,1,16673,25.6
benchmark_57f0b0651621_QHY600-4_20260824_091056_run1.sqlite,1,16673,25.8
benchmark_57f0b0651621_QHY600-4_20260824_091248_run1.sqlite,1,8661,23.2
benchmark_5a9e4280d34d_iKon936_20260321_205216_run1.sqlite,1,601,5.9
benchmark_5a9e4280d34d_iKon936_20260321_205238_run1.sqlite,1,601,5.9
benchmark_5a9e4280d34d_iKon936_20260321_205531_run1.sqlite,1,880,6.4
benchmark_5a9e4280d34d_iKon936_20260321_205552_run1.sqlite,1,880,7.3
benchmark_5a9e4280d34d_QHY411MERIS_20260321_210845_run1.sqlite,1,1159,14.7
benchmark_5a9e4280d34d_QHY411MERIS_20260321_210920_run1.sqlite,1,1149,15.0
benchmark_5a9e4280d34d_QHY411MERIS_20260321_211355_run1.sqlite,1,1280,15.8
benchmark_5a9e4280d34d_QHY411MERIS_20260321_211431_run1.sqlite,1,1264,15.8
benchmark_5a9e4280d34d_QHY411MERIS_20260321_212223_run1.sqlite,1,2007,34.8
benchmark_5a9e4280d34d_QHY411MERIS_20260321_212324_run1.sqlite,1,2012,30.5
benchmark_5a9e4280d34d_QHY411MERIS_20260321_214344_run1.sqlite,1,41563,99.4
benchmark_5a9e4280d34d_QHY411MERIS_20260321_214637_run1.sqlite,1,41568,108.0
benchmark_5a9e4280d34d_QHY411MERIS_20260321_220514_run1.sqlite,1,29054,73.4
benchmark_5a9e4280d34d_QHY411MERIS_20260321_220725_run1.sqlite,1,29096,75.3
benchmark_5a9e4280d34d_QHY600M_20260321_205812_run1.sqlite,1,579,6.8
benchmark_5a9e4280d34d_QHY600M_20260321_205835_run1.sqlite,1,579,6.6
benchmark_5a9e4280d34d_QHY600M_20260321_210115_run1.sqlite,1,1943,8.5
benchmark_5a9e4280d34d_QHY600M_20260321_210139_run1.sqlite,1,1943,8.1
benchmark_5a9e4280d34d_QHY600M_20260321_210421_run1.sqlite,1,651,7.3
benchmark_5a9e4280d34d_QHY600M_20260321_210443_run1.sqlite,1,651,7.4
benchmark_67f4070c9005_iKon936-1_20260823_153533_run1.sqlite,1,561,5.5
benchmark_67f4070c9005_iKon936-1_20260823_153551_run1.sqlite,1,561,5.1
benchmark_67f4070c9005_iKon936-1_20260823_153617_run1.sqlite,1,752,5.6
benchmark_67f4070c9005_iKon936-1_20260823_153637_run1.sqlite,1,754,5.3
benchmark_67f4070c9005_QHY411-1_20260823_154000_run1.sqlite,1,947,9.4
benchmark_67f4070c9005_QHY411-1_20260823_154026_run1.sqlite,1,947,9.1
benchmark_67f4070c9005_QHY411-1_20260823_154106_run1.sqlite,1,1181,10.0
benchmark_67f4070c9005_QHY411-1_20260823_154132_run1.sqlite,1,1181,10.2
benchmark_67f4070c9005_QHY411-1_20260823_154238_run1.sqlite,1,2288,33.5
benchmark_67f4070c9005_QHY411-1_20260823_154334_run1.sqlite,1,2288,33.9
benchmark_67f4070c9005_QHY411-1_20260823_155823_run1.sqlite,1,10530,21.6
benchmark_67f4070c9005_QHY411-1_20260823_155912_run1.sqlite,1,10530,25.5
benchmark_67f4070c9005_QHY411-1_20260823_160028_run1.sqlite,1,8662,19.0
benchmark_67f4070c9005_QHY411-1_20260823_160113_run1.sqlite,1,8662,20.6
benchmark_67f4070c9005_QHY411-1_20260823_160235_run1.sqlite,1,13419,24.8
benchmark_67f4070c9005_QHY411-1_20260823_160330_run1.sqlite,1,13419,32.4
benchmark_67f4070c9005_QHY411-3_20260823_154536_run1.sqlite,1,11483,34.4
benchmark_67f4070c9005_QHY411-3_20260823_154641_run1.sqlite,1,11483,34.7
benchmark_67f4070c9005_QHY411-3_20260823_154824_run1.sqlite,1,11479,53.2
benchmark_67f4070c9005_QHY411-3_20260823_154953_run1.sqlite,1,11479,47.8
benchmark_67f4070c9005_QHY411-3_20260823_160514_run1.sqlite,1,8641,42.8
benchmark_67f4070c9005_QHY411-3_20260823_160630_run1.sqlite,1,8641,60.9
benchmark_67f4070c9005_QHY411-3_20260823_160900_run1.sqlite,1,19513,35.6
benchmark_67f4070c9005_QHY411-3_20260823_161007_run1.sqlite,1,19513,41.3
benchmark_67f4070c9005_QHY411-3_20260823_161244_run1.sqlite,1,12504,43.1
benchmark_67f4070c9005_QHY411-3_20260823_161401_run1.sqlite,1,12504,52.1
benchmark_67f4070c9005_QHY411-3_20260829_185246_run1.sqlite,1,12504,87.0
benchmark_67f4070c9005_QHY411-3_20260829_185458_run1.sqlite,1,12504,78.3
benchmark_67f4070c9005_QHY600-3_20260823_153703_run1.sqlite,1,507,5.8
benchmark_67f4070c9005_QHY600-3_20260823_153721_run1.sqlite,1,507,5.6
benchmark_67f4070c9005_QHY600-3_20260823_155127_run1.sqlite,1,895,6.8
benchmark_67f4070c9005_QHY600-3_20260823_155147_run1.sqlite,1,895,6.5
benchmark_67f4070c9005_QHY600-3_20260823_155216_run1.sqlite,1,956,7.3
benchmark_67f4070c9005_QHY600-3_20260823_155237_run1.sqlite,1,956,7.1
benchmark_67f4070c9005_QHY600-3_20260823_155307_run1.sqlite,1,914,6.6
benchmark_67f4070c9005_QHY600-3_20260823_155327_run1.sqlite,1,914,7.3
benchmark_67f4070c9005_QHY600-4_20260823_153753_run1.sqlite,1,1401,8.7
benchmark_67f4070c9005_QHY600-4_20260823_153816_run1.sqlite,1,1401,8.4
benchmark_67f4070c9005_QHY600-4_20260823_153851_run1.sqlite,1,5518,8.1
benchmark_67f4070c9005_QHY600-4_20260823_153922_run1.sqlite,1,5518,8.1
benchmark_67f4070c9005_QHY600-4_20260823_155403_run1.sqlite,1,4868,13.8
benchmark_67f4070c9005_QHY600-4_20260823_155437_run1.sqlite,1,4868,14.5
benchmark_67f4070c9005_QHY600-4_20260823_155528_run1.sqlite,1,2181,13.0
benchmark_67f4070c9005_QHY600-4_20260823_155604_run1.sqlite,1,2181,13.1
benchmark_67f4070c9005_QHY600-4_20260823_155653_run1.sqlite,1,3339,12.8
benchmark_67f4070c9005_QHY600-4_20260823_155727_run1.sqlite,1,3339,13.0
benchmark_699afa59a02f_iKon936-1_20260324_230241_run1.sqlite,1,601,5.6
benchmark_699afa59a02f_iKon936-1_20260324_230310_run1.sqlite,1,601,6.7
benchmark_699afa59a02f_iKon936-1_20260324_234620_run1.sqlite,1,601,3.8
benchmark_699afa59a02f_iKon936-1_20260324_234636_run1.sqlite,1,601,3.6
benchmark_699afa59a02f_iKon936-1_20260326_122027_run1.sqlite,1,603,7.7
benchmark_699afa59a02f_iKon936-1_20260326_122058_run1.sqlite,1,603,7.7
benchmark_699afa59a02f_iKon936-1_20260326_122211_run1.sqlite,1,882,8.8
benchmark_699afa59a02f_iKon936-1_20260326_122245_run1.sqlite,1,882,8.3
benchmark_699afa59a02f_iKon936-1_20260326_155729_run1.sqlite,0_ni_catalogo,13,1.7
benchmark_699afa59a02f_iKon936-1_20260326_155748_run1.sqlite,0_ni_catalogo,13,1.8
benchmark_699afa59a02f_iKon936-1_20260326_155809_run1.sqlite,0_ni_catalogo,13,1.5
benchmark_699afa59a02f_iKon936-1_20260326_155828_run1.sqlite,0_ni_catalogo,13,1.8
benchmark_699afa59a02f_iKon936-1_20260329_154520_run1.sqlite,1,601,4.6
benchmark_699afa59a02f_iKon936-1_20260329_154536_run1.sqlite,1,601,4.3
benchmark_699afa59a02f_iKon936-1_20260329_172427_run1.sqlite,1,601,6.7
benchmark_699afa59a02f_iKon936-1_20260329_172459_run1.sqlite,1,601,6.6
benchmark_699afa59a02f_QHY411-1_20260326_122547_run1.sqlite,0_ni_catalogo,27,2.4
benchmark_699afa59a02f_QHY411-1_20260326_122607_run1.sqlite,0_ni_catalogo,27,1.9
benchmark_699afa59a02f_QHY411-1_20260326_122632_run1.sqlite,0_ni_catalogo,27,2.5
benchmark_699afa59a02f_QHY411-1_20260326_122652_run1.sqlite,0_ni_catalogo,27,2.3
benchmark_699afa59a02f_QHY411-1_20260326_122718_run1.sqlite,0_ni_catalogo,10,1.9
benchmark_699afa59a02f_QHY411-1_20260326_122738_run1.sqlite,0_ni_catalogo,10,3.0
benchmark_699afa59a02f_QHY411-1_20260326_160056_run1.sqlite,0_ni_catalogo,13,2.2
benchmark_699afa59a02f_QHY411-1_20260326_160115_run1.sqlite,0_ni_catalogo,13,2.4
benchmark_699afa59a02f_QHY411-1_20260326_160141_run1.sqlite,0_ni_catalogo,13,2.0
benchmark_699afa59a02f_QHY411-1_20260326_160159_run1.sqlite,0_ni_catalogo,13,2.1
benchmark_699afa59a02f_QHY411-1_20260326_160225_run1.sqlite,0_ni_catalogo,13,2.4
benchmark_699afa59a02f_QHY411-1_20260326_160247_run1.sqlite,0_ni_catalogo,13,2.9
benchmark_699afa59a02f_QHY411-1_20260329_154902_run1.sqlite,1,1123,10.0
benchmark_699afa59a02f_QHY411-1_20260329_154930_run1.sqlite,1,1123,10.5
benchmark_699afa59a02f_QHY411-1_20260329_155015_run1.sqlite,1,1226,11.6
benchmark_699afa59a02f_QHY411-1_20260329_155045_run1.sqlite,1,1224,11.4
benchmark_699afa59a02f_QHY411-1_20260329_155144_run1.sqlite,0_llego_a:perform_opt_photometry,1819,8.6
benchmark_699afa59a02f_QHY411-1_20260329_155210_run1.sqlite,1,1929,19.9
benchmark_699afa59a02f_QHY411-1_20260329_173116_run1.sqlite,1,1118,12.7
benchmark_699afa59a02f_QHY411-1_20260329_173217_run1.sqlite,1,1118,13.9
benchmark_699afa59a02f_QHY411-1_20260329_173353_run1.sqlite,1,1225,14.7
benchmark_699afa59a02f_QHY411-1_20260329_173506_run1.sqlite,1,1226,14.1
benchmark_699afa59a02f_QHY411-1_20260329_173642_run1.sqlite,1,1929,21.8
benchmark_699afa59a02f_QHY411-1_20260329_173753_run1.sqlite,1,1929,22.4
benchmark_699afa59a02f_QHY411-3_20260326_122806_run1.sqlite,0_ni_catalogo,10,1.5
benchmark_699afa59a02f_QHY411-3_20260326_122823_run1.sqlite,0_ni_catalogo,10,2.2
benchmark_699afa59a02f_QHY411-3_20260326_122850_run1.sqlite,0_ni_catalogo,10,1.8
benchmark_699afa59a02f_QHY411-3_20260326_122907_run1.sqlite,0_ni_catalogo,10,2.3
benchmark_699afa59a02f_QHY411-3_20260326_160311_run1.sqlite,0_ni_catalogo,13,2.3
benchmark_699afa59a02f_QHY411-3_20260326_160330_run1.sqlite,0_ni_catalogo,13,2.4
benchmark_699afa59a02f_QHY411-3_20260326_160352_run1.sqlite,0_ni_catalogo,13,1.9
benchmark_699afa59a02f_QHY411-3_20260326_160409_run1.sqlite,0_ni_catalogo,13,2.1
benchmark_699afa59a02f_QHY411-3_20260329_155558_run1.sqlite,1,41635,86.8
benchmark_699afa59a02f_QHY411-3_20260329_155835_run1.sqlite,1,41635,116.3
benchmark_699afa59a02f_QHY411-3_20260329_160230_run1.sqlite,1,31494,42.9
benchmark_699afa59a02f_QHY411-3_20260329_160404_run1.sqlite,1,31494,93.9
benchmark_699afa59a02f_QHY411-3_20260329_174022_run1.sqlite,1,41635,86.6
benchmark_699afa59a02f_QHY411-3_20260329_174400_run1.sqlite,1,41635,102.5
benchmark_699afa59a02f_QHY411-3_20260329_174941_run1.sqlite,1,31494,66.8
benchmark_699afa59a02f_QHY411-3_20260329_175245_run1.sqlite,1,31494,66.8
benchmark_699afa59a02f_QHY600-3_20260326_122325_run1.sqlite,0_ni_catalogo,45,2.3
benchmark_699afa59a02f_QHY600-3_20260326_122345_run1.sqlite,0_ni_catalogo,45,2.3
benchmark_699afa59a02f_QHY600-3_20260326_155851_run1.sqlite,0_ni_catalogo,13,1.7
benchmark_699afa59a02f_QHY600-3_20260326_155908_run1.sqlite,0_ni_catalogo,13,1.7
benchmark_699afa59a02f_QHY600-3_20260329_154601_run1.sqlite,1,579,4.1
benchmark_699afa59a02f_QHY600-3_20260329_154617_run1.sqlite,1,579,5.3
benchmark_699afa59a02f_QHY600-3_20260329_172545_run1.sqlite,1,579,6.8
benchmark_699afa59a02f_QHY600-3_20260329_172616_run1.sqlite,1,579,6.8
benchmark_699afa59a02f_QHY600-4_20260326_122411_run1.sqlite,0_ni_catalogo,45,2.5
benchmark_699afa59a02f_QHY600-4_20260326_122432_run1.sqlite,0_ni_catalogo,45,2.6
benchmark_699afa59a02f_QHY600-4_20260326_122458_run1.sqlite,0_ni_catalogo,45,2.5
benchmark_699afa59a02f_QHY600-4_20260326_122520_run1.sqlite,0_ni_catalogo,45,2.5
benchmark_699afa59a02f_QHY600-4_20260326_155930_run1.sqlite,0_ni_catalogo,13,2.1
benchmark_699afa59a02f_QHY600-4_20260326_155950_run1.sqlite,0_ni_catalogo,13,1.8
benchmark_699afa59a02f_QHY600-4_20260326_160011_run1.sqlite,0_ni_catalogo,13,2.8
benchmark_699afa59a02f_QHY600-4_20260326_160032_run1.sqlite,0_ni_catalogo,13,2.0
benchmark_699afa59a02f_QHY600-4_20260329_154649_run1.sqlite,1,2204,8.8
benchmark_699afa59a02f_QHY600-4_20260329_154717_run1.sqlite,1,2209,9.2
benchmark_699afa59a02f_QHY600-4_20260329_154759_run1.sqlite,1,1008,7.4
benchmark_699afa59a02f_QHY600-4_20260329_154822_run1.sqlite,1,1011,8.3
benchmark_699afa59a02f_QHY600-4_20260329_172706_run1.sqlite,1,2204,12.7
benchmark_699afa59a02f_QHY600-4_20260329_172807_run1.sqlite,1,2209,12.3
benchmark_699afa59a02f_QHY600-4_20260329_172924_run1.sqlite,1,968,10.0
benchmark_699afa59a02f_QHY600-4_20260329_173010_run1.sqlite,1,1107,10.4
benchmark_6dfb5cd714c4_iKon936-1_20260411_210111_run1.sqlite,1,601,4.2
benchmark_6dfb5cd714c4_iKon936-1_20260411_210127_run1.sqlite,1,601,4.0
benchmark_6dfb5cd714c4_iKon936-1_20260411_210152_run1.sqlite,1,880,4.3
benchmark_6dfb5cd714c4_iKon936-1_20260411_210208_run1.sqlite,1,880,4.3
benchmark_6dfb5cd714c4_QHY411-1_20260411_210516_run1.sqlite,1,1145,12.6
benchmark_6dfb5cd714c4_QHY411-1_20260411_210543_run1.sqlite,1,1149,12.2
benchmark_6dfb5cd714c4_QHY411-1_20260411_210628_run1.sqlite,1,1269,13.5
benchmark_6dfb5cd714c4_QHY411-1_20260411_210657_run1.sqlite,1,1254,15.5
benchmark_6dfb5cd714c4_QHY411-1_20260411_210805_run1.sqlite,1,2002,28.6
benchmark_6dfb5cd714c4_QHY411-1_20260411_210856_run1.sqlite,1,2014,28.4
benchmark_6dfb5cd714c4_QHY411-1_20260411_212940_run1.sqlite,1,7223,27.7
benchmark_6dfb5cd714c4_QHY411-1_20260411_213031_run1.sqlite,1,7219,30.8
benchmark_6dfb5cd714c4_QHY411-1_20260411_213157_run1.sqlite,1,7957,26.0
benchmark_6dfb5cd714c4_QHY411-1_20260411_213246_run1.sqlite,1,7903,30.5
benchmark_6dfb5cd714c4_QHY411-1_20260411_213417_run1.sqlite,1,7977,36.9
benchmark_6dfb5cd714c4_QHY411-1_20260411_213520_run1.sqlite,1,7976,37.8
benchmark_6dfb5cd714c4_QHY411-3_20260411_211101_run1.sqlite,1,41714,82.2
benchmark_6dfb5cd714c4_QHY411-3_20260411_211330_run1.sqlite,1,41618,81.8
benchmark_6dfb5cd714c4_QHY411-3_20260411_211657_run1.sqlite,1,31511,65.0
benchmark_6dfb5cd714c4_QHY411-3_20260411_211857_run1.sqlite,1,31519,64.6
benchmark_6dfb5cd714c4_QHY411-3_20260411_213747_run1.sqlite,1,31238,101.9
benchmark_6dfb5cd714c4_QHY411-3_20260411_214039_run1.sqlite,1,31121,78.5
benchmark_6dfb5cd714c4_QHY411-3_20260411_214411_run1.sqlite,1,39489,81.6
benchmark_6dfb5cd714c4_QHY411-3_20260411_214636_run1.sqlite,1,39606,74.7
benchmark_6dfb5cd714c4_QHY411-3_20260411_215227_run1.sqlite,1,29528,260.5
benchmark_6dfb5cd714c4_QHY411-3_20260411_215900_run1.sqlite,1,30786,194.7
benchmark_6dfb5cd714c4_QHY600-3_20260411_210232_run1.sqlite,1,579,5.0
benchmark_6dfb5cd714c4_QHY600-3_20260411_210249_run1.sqlite,1,579,4.3
benchmark_6dfb5cd714c4_QHY600-3_20260411_212106_run1.sqlite,1,777,6.5
benchmark_6dfb5cd714c4_QHY600-3_20260411_212125_run1.sqlite,1,777,6.5
benchmark_6dfb5cd714c4_QHY600-3_20260411_212154_run1.sqlite,1,908,6.8
benchmark_6dfb5cd714c4_QHY600-3_20260411_212214_run1.sqlite,1,908,6.9
benchmark_6dfb5cd714c4_QHY600-3_20260411_212244_run1.sqlite,1,847,6.9
benchmark_6dfb5cd714c4_QHY600-3_20260411_212304_run1.sqlite,1,847,6.7
benchmark_6dfb5cd714c4_QHY600-4_20260411_210318_run1.sqlite,1,2204,9.1
benchmark_6dfb5cd714c4_QHY600-4_20260411_210341_run1.sqlite,1,2214,9.3
benchmark_6dfb5cd714c4_QHY600-4_20260411_210417_run1.sqlite,1,1984,8.1
benchmark_6dfb5cd714c4_QHY600-4_20260411_210439_run1.sqlite,1,1815,8.3
benchmark_6dfb5cd714c4_QHY600-4_20260411_212342_run1.sqlite,1,4743,16.2
benchmark_6dfb5cd714c4_QHY600-4_20260411_212417_run1.sqlite,1,4742,16.1
benchmark_6dfb5cd714c4_QHY600-4_20260411_212522_run1.sqlite,1,2039,25.0
benchmark_6dfb5cd714c4_QHY600-4_20260411_212605_run1.sqlite,1,2044,30.5
benchmark_6dfb5cd714c4_QHY600-4_20260411_212729_run1.sqlite,1,3273,24.9
benchmark_6dfb5cd714c4_QHY600-4_20260411_212814_run1.sqlite,1,3232,35.1
benchmark_76e660610c97_iKon936-1_20260509_193915_run1.sqlite,1,601,3.9
benchmark_76e660610c97_iKon936-1_20260509_193931_run2.sqlite,1,601,3.9
benchmark_76e660610c97_QHY411-1_20260411_203840_run1.sqlite,1,1120,8.8
benchmark_76e660610c97_QHY411-1_20260411_203907_run1.sqlite,1,1118,8.4
benchmark_76e660610c97_QHY411-1_20260411_203945_run1.sqlite,1,1226,9.9
benchmark_76e660610c97_QHY411-1_20260411_204013_run1.sqlite,1,1231,9.4
benchmark_76e660610c97_QHY411-1_20260411_204100_run1.sqlite,1,1931,19.9
benchmark_76e660610c97_QHY411-1_20260411_204140_run1.sqlite,1,1929,15.6
benchmark_76e660610c97_QHY411-1_20260411_210047_run1.sqlite,1,7236,23.0
benchmark_76e660610c97_QHY411-1_20260411_210137_run1.sqlite,1,7236,25.8
benchmark_76e660610c97_QHY411-1_20260411_210312_run1.sqlite,1,8040,28.8
benchmark_76e660610c97_QHY411-1_20260411_210409_run1.sqlite,1,8040,25.2
benchmark_76e660610c97_QHY411-1_20260411_210540_run1.sqlite,1,7844,47.6
benchmark_76e660610c97_QHY411-1_20260411_210701_run1.sqlite,1,7844,40.1
benchmark_76e660610c97_QHY411-3_20260411_204306_run1.sqlite,1,41635,56.1
benchmark_76e660610c97_QHY411-3_20260411_204507_run1.sqlite,1,41635,54.9
benchmark_76e660610c97_QHY411-3_20260411_204756_run1.sqlite,1,31494,42.0
benchmark_76e660610c97_QHY411-3_20260411_204930_run1.sqlite,1,31494,41.9
benchmark_76e660610c97_QHY411-3_20260411_210859_run1.sqlite,1,31037,45.2
benchmark_76e660610c97_QHY411-3_20260411_211032_run1.sqlite,1,31037,68.8
benchmark_76e660610c97_QHY411-3_20260411_211334_run1.sqlite,1,41491,51.1
benchmark_76e660610c97_QHY411-3_20260411_211523_run1.sqlite,1,41566,50.6
benchmark_76e660610c97_QHY411-3_20260411_211850_run1.sqlite,1,29542,121.1
benchmark_76e660610c97_QHY411-3_20260411_212219_run1.sqlite,1,29542,113.9
benchmark_76e660610c97_QHY600-3_20260411_205112_run1.sqlite,1,777,6.5
benchmark_76e660610c97_QHY600-3_20260411_205132_run1.sqlite,1,777,6.5
benchmark_76e660610c97_QHY600-3_20260411_205201_run1.sqlite,1,908,6.8
benchmark_76e660610c97_QHY600-3_20260411_205221_run1.sqlite,1,908,6.6
benchmark_76e660610c97_QHY600-3_20260411_205249_run1.sqlite,1,847,6.3
benchmark_76e660610c97_QHY600-3_20260411_205308_run1.sqlite,1,847,6.7
benchmark_76e660610c97_QHY600-4_20260411_203611_run1.sqlite,1,2214,7.5
benchmark_76e660610c97_QHY600-4_20260411_203637_run1.sqlite,1,2209,7.5
benchmark_76e660610c97_QHY600-4_20260411_203741_run1.sqlite,1,1141,6.5
benchmark_76e660610c97_QHY600-4_20260411_203805_run1.sqlite,1,1043,6.8
benchmark_76e660610c97_QHY600-4_20260411_205345_run1.sqlite,1,4696,17.9
benchmark_76e660610c97_QHY600-4_20260411_205428_run1.sqlite,1,4696,19.0
benchmark_76e660610c97_QHY600-4_20260411_205611_run1.sqlite,1,1967,36.3
benchmark_76e660610c97_QHY600-4_20260411_205711_run1.sqlite,1,1967,32.6
benchmark_76e660610c97_QHY600-4_20260411_205836_run1.sqlite,1,2871,24.2
benchmark_76e660610c97_QHY600-4_20260411_205922_run1.sqlite,1,2871,26.0
benchmark_7c1e96272b60_iKon936-1_20260421_141552_run1.sqlite,sin_nvtx,,
benchmark_7c1e96272b60_iKon936-1_20260421_141708_run1.sqlite,1,1072,6.5
benchmark_7c1e96272b60_iKon936-1_20260421_141729_run2.sqlite,1,1072,6.6
benchmark_7c1e96272b60_QHY411-1_20260421_141611_run1.sqlite,sin_nvtx,,
benchmark_7c1e96272b60_QHY411-1_20260421_142335_run1.sqlite,1,2278,27.9
benchmark_7c1e96272b60_QHY411-1_20260421_142426_run2.sqlite,1,2278,27.8
benchmark_7c1e96272b60_QHY411-1_20260422_085750_run1.sqlite,1,2278,27.9
benchmark_7c1e96272b60_QHY411-1_20260422_085840_run2.sqlite,1,2278,27.8
benchmark_7c1e96272b60_QHY411-3_20260421_141617_run1.sqlite,sin_nvtx,,
benchmark_7c1e96272b60_QHY411-3_20260421_142748_run1.sqlite,0_ni_catalogo,101,7.6
benchmark_7c1e96272b60_QHY600-3_20260421_141559_run1.sqlite,sin_nvtx,,
benchmark_7c1e96272b60_QHY600-3_20260421_141840_run1.sqlite,1,1058,7.8
benchmark_7c1e96272b60_QHY600-3_20260421_141902_run2.sqlite,1,1058,7.7
benchmark_7c1e96272b60_QHY600-4_20260421_141605_run1.sqlite,sin_nvtx,,
benchmark_7c1e96272b60_QHY600-4_20260421_142028_run1.sqlite,1,1798,17.0
benchmark_7c1e96272b60_QHY600-4_20260421_142103_run2.sqlite,1,1798,17.1
benchmark_7c1e96272b60_QHY600-4_20260422_085452_run1.sqlite,1,1798,17.1
benchmark_7c1e96272b60_QHY600-4_20260422_085528_run2.sqlite,1,1798,17.1
benchmark_82838881878b_iKon936-1_20260823_152711_run1.sqlite,1,559,5.1
benchmark_82838881878b_iKon936-1_20260823_152736_run1.sqlite,1,561,5.2
benchmark_82838881878b_iKon936-1_20260823_152812_run1.sqlite,1,754,5.2
benchmark_82838881878b_iKon936-1_20260823_152836_run1.sqlite,1,754,5.4
benchmark_82838881878b_QHY411-1_20260823_153346_run1.sqlite,1,947,7.4
benchmark_82838881878b_QHY411-1_20260823_153434_run1.sqlite,1,947,7.9
benchmark_82838881878b_QHY411-1_20260823_153533_run1.sqlite,1,1181,8.7
benchmark_82838881878b_QHY411-1_20260823_153630_run1.sqlite,1,1181,8.2
benchmark_82838881878b_QHY411-1_20260823_153734_run1.sqlite,1,2288,18.2
benchmark_82838881878b_QHY411-1_20260823_153856_run1.sqlite,1,2288,18.3
benchmark_82838881878b_QHY411-1_20260823_160039_run1.sqlite,1,10530,21.6
benchmark_82838881878b_QHY411-1_20260823_160243_run1.sqlite,1,10530,23.6
benchmark_82838881878b_QHY411-1_20260823_160457_run1.sqlite,1,8662,19.9
benchmark_82838881878b_QHY411-1_20260823_160703_run1.sqlite,1,8662,23.4
benchmark_82838881878b_QHY411-1_20260823_160949_run1.sqlite,1,13419,25.9
benchmark_82838881878b_QHY411-1_20260823_161111_run1.sqlite,1,13419,26.3
benchmark_82838881878b_QHY411-3_20260823_154048_run1.sqlite,1,11483,28.7
benchmark_82838881878b_QHY411-3_20260823_154225_run1.sqlite,1,11483,38.4
benchmark_82838881878b_QHY411-3_20260823_154514_run1.sqlite,1,11479,28.6
benchmark_82838881878b_QHY411-3_20260823_154638_run1.sqlite,1,11479,41.5
benchmark_82838881878b_QHY411-3_20260823_161300_run1.sqlite,1,8641,26.0
benchmark_82838881878b_QHY411-3_20260823_161443_run1.sqlite,1,8641,27.3
benchmark_82838881878b_QHY411-3_20260823_161714_run1.sqlite,1,19506,29.5
benchmark_82838881878b_QHY411-3_20260823_161904_run1.sqlite,1,19506,55.7
benchmark_82838881878b_QHY411-3_20260823_162348_run1.sqlite,1,12504,40.4
benchmark_82838881878b_QHY411-3_20260823_162544_run1.sqlite,1,12504,42.5
benchmark_82838881878b_QHY600-3_20260823_152909_run1.sqlite,1,507,5.7
benchmark_82838881878b_QHY600-3_20260823_152936_run1.sqlite,1,507,6.4
benchmark_82838881878b_QHY600-3_20260823_154839_run1.sqlite,1,895,6.7
benchmark_82838881878b_QHY600-3_20260823_154907_run1.sqlite,1,895,7.5
benchmark_82838881878b_QHY600-3_20260823_154942_run1.sqlite,1,956,6.3
benchmark_82838881878b_QHY600-3_20260823_155008_run1.sqlite,1,956,6.6
benchmark_82838881878b_QHY600-3_20260823_155047_run1.sqlite,1,914,6.1
benchmark_82838881878b_QHY600-3_20260823_155113_run1.sqlite,1,914,7.1
benchmark_82838881878b_QHY600-4_20260823_153015_run1.sqlite,1,1401,8.0
benchmark_82838881878b_QHY600-4_20260823_153109_run1.sqlite,1,1401,8.3
benchmark_82838881878b_QHY600-4_20260823_153207_run1.sqlite,1,5518,7.1
benchmark_82838881878b_QHY600-4_20260823_153256_run1.sqlite,1,5518,7.0
benchmark_82838881878b_QHY600-4_20260823_155157_run1.sqlite,1,4868,14.1
benchmark_82838881878b_QHY600-4_20260823_155258_run1.sqlite,1,4868,14.8
benchmark_82838881878b_QHY600-4_20260823_155512_run1.sqlite,1,2181,12.7
benchmark_82838881878b_QHY600-4_20260823_155625_run1.sqlite,1,2181,12.5
benchmark_82838881878b_QHY600-4_20260823_155749_run1.sqlite,1,3339,12.3
benchmark_82838881878b_QHY600-4_20260823_155858_run1.sqlite,1,3339,12.6
benchmark_8cc9722a0d96_iKon936_20260321_193620_run1.sqlite,1,601,7.3
benchmark_8cc9722a0d96_iKon936_20260321_193645_run1.sqlite,1,601,6.6
benchmark_8cc9722a0d96_iKon936_20260321_193957_run1.sqlite,1,880,8.0
benchmark_8cc9722a0d96_iKon936_20260321_194024_run1.sqlite,1,880,7.3
benchmark_8cc9722a0d96_QHY411MERIS_20260321_195644_run1.sqlite,1,1118,19.0
benchmark_8cc9722a0d96_QHY411MERIS_20260321_195728_run1.sqlite,1,1118,18.8
benchmark_8cc9722a0d96_QHY411MERIS_20260321_200305_run1.sqlite,1,1226,19.6
benchmark_8cc9722a0d96_QHY411MERIS_20260321_200348_run1.sqlite,1,1225,21.4
benchmark_8cc9722a0d96_QHY600M_20260321_194319_run1.sqlite,1,579,7.6
benchmark_8cc9722a0d96_QHY600M_20260321_194344_run1.sqlite,1,579,7.8
benchmark_8cc9722a0d96_QHY600M_20260321_194715_run1.sqlite,1,1943,12.4
benchmark_8cc9722a0d96_QHY600M_20260321_194749_run1.sqlite,1,1943,12.2
benchmark_8cc9722a0d96_QHY600M_20260321_195114_run1.sqlite,1,651,10.3
benchmark_8cc9722a0d96_QHY600M_20260321_195143_run1.sqlite,1,651,10.1
benchmark_a80f7e35e9e0_iKon936-1_20260417_143146_run1.sqlite,1,1072,6.3
benchmark_a80f7e35e9e0_iKon936-1_20260417_143215_run1.sqlite,1,1072,6.2
benchmark_a80f7e35e9e0_iKon936-1_20260417_143244_run1.sqlite,1,1072,5.5
benchmark_a80f7e35e9e0_iKon936-1_20260417_143309_run1.sqlite,1,1072,6.3
benchmark_a80f7e35e9e0_iKon936-1_20260417_143356_run1.sqlite,1,1622,7.3
benchmark_a80f7e35e9e0_iKon936-1_20260417_143426_run1.sqlite,1,1622,6.4
benchmark_a80f7e35e9e0_iKon936-1_20260417_143454_run1.sqlite,1,1622,6.6
benchmark_a80f7e35e9e0_iKon936-1_20260417_143521_run1.sqlite,1,1622,6.5
benchmark_a80f7e35e9e0_QHY411-1_20260417_144409_run1.sqlite,1,2064,12.7
benchmark_a80f7e35e9e0_QHY411-1_20260417_144444_run1.sqlite,1,2064,13.2
benchmark_a80f7e35e9e0_QHY411-1_20260417_144522_run1.sqlite,1,2064,12.6
benchmark_a80f7e35e9e0_QHY411-1_20260417_144559_run1.sqlite,1,2064,12.3
benchmark_a80f7e35e9e0_QHY411-1_20260417_144707_run1.sqlite,1,2278,16.1
benchmark_a80f7e35e9e0_QHY411-1_20260417_144749_run1.sqlite,1,2278,15.7
benchmark_a80f7e35e9e0_QHY411-1_20260417_144830_run1.sqlite,1,2278,16.3
benchmark_a80f7e35e9e0_QHY411-1_20260417_144913_run1.sqlite,1,2278,15.9
benchmark_a80f7e35e9e0_QHY411-1_20260417_145132_run1.sqlite,1,3896,69.0
benchmark_a80f7e35e9e0_QHY411-1_20260417_145329_run1.sqlite,1,3896,69.0
benchmark_a80f7e35e9e0_QHY411-1_20260417_145527_run1.sqlite,1,3896,69.3
benchmark_a80f7e35e9e0_QHY411-1_20260417_145727_run1.sqlite,1,3896,69.0
benchmark_a80f7e35e9e0_QHY411-3_20260417_150225_run1.sqlite,1,83388,140.9
benchmark_a80f7e35e9e0_QHY411-3_20260417_150723_run1.sqlite,1,83388,133.5
benchmark_a80f7e35e9e0_QHY411-3_20260417_151204_run1.sqlite,1,83388,148.6
benchmark_a80f7e35e9e0_QHY411-3_20260417_151713_run1.sqlite,1,83388,144.9
benchmark_a80f7e35e9e0_QHY411-3_20260417_152426_run1.sqlite,1,63217,102.0
benchmark_a80f7e35e9e0_QHY411-3_20260417_152810_run1.sqlite,1,63217,101.9
benchmark_a80f7e35e9e0_QHY411-3_20260417_153152_run1.sqlite,1,63217,106.4
benchmark_a80f7e35e9e0_QHY411-3_20260417_153541_run1.sqlite,1,63217,102.4
benchmark_a80f7e35e9e0_QHY600-3_20260417_143612_run1.sqlite,1,1058,5.1
benchmark_a80f7e35e9e0_QHY600-3_20260417_143637_run1.sqlite,1,1058,6.1
benchmark_a80f7e35e9e0_QHY600-3_20260417_143704_run1.sqlite,1,1058,5.9
benchmark_a80f7e35e9e0_QHY600-3_20260417_143730_run1.sqlite,1,1058,5.5
benchmark_a80f7e35e9e0_QHY600-4_20260417_143826_run1.sqlite,1,4151,13.2
benchmark_a80f7e35e9e0_QHY600-4_20260417_143906_run1.sqlite,1,4151,13.2
benchmark_a80f7e35e9e0_QHY600-4_20260417_143944_run1.sqlite,1,4151,14.3
benchmark_a80f7e35e9e0_QHY600-4_20260417_144025_run1.sqlite,1,4151,13.2
benchmark_a80f7e35e9e0_QHY600-4_20260417_144124_run1.sqlite,1,1784,9.4
benchmark_a80f7e35e9e0_QHY600-4_20260417_144157_run1.sqlite,1,1784,9.3
benchmark_a80f7e35e9e0_QHY600-4_20260417_144230_run1.sqlite,1,1784,9.3
benchmark_a80f7e35e9e0_QHY600-4_20260417_144301_run1.sqlite,1,1784,9.5
benchmark_af9ae05b4b9e_iKon936-1_20260411_215305_run1.sqlite,1,601,4.3
benchmark_af9ae05b4b9e_iKon936-1_20260411_215324_run1.sqlite,1,601,4.4
benchmark_af9ae05b4b9e_iKon936-1_20260411_215350_run1.sqlite,1,880,4.3
benchmark_af9ae05b4b9e_iKon936-1_20260411_215409_run1.sqlite,1,880,4.4
benchmark_af9ae05b4b9e_QHY411-1_20260411_215743_run1.sqlite,1,1114,10.6
benchmark_af9ae05b4b9e_QHY411-1_20260411_215813_run1.sqlite,1,1114,9.9
benchmark_af9ae05b4b9e_QHY411-1_20260411_215856_run1.sqlite,1,1232,10.8
benchmark_af9ae05b4b9e_QHY411-1_20260411_215925_run1.sqlite,1,1225,10.9
benchmark_af9ae05b4b9e_QHY411-1_20260411_220017_run1.sqlite,1,1929,18.5
benchmark_af9ae05b4b9e_QHY411-1_20260411_220100_run1.sqlite,1,1924,19.8
benchmark_af9ae05b4b9e_QHY411-1_20260411_222313_run1.sqlite,1,7236,38.2
benchmark_af9ae05b4b9e_QHY411-1_20260411_222425_run1.sqlite,1,7236,39.0
benchmark_af9ae05b4b9e_QHY411-1_20260411_222610_run1.sqlite,1,8040,34.0
benchmark_af9ae05b4b9e_QHY411-1_20260411_222720_run1.sqlite,1,8040,33.9
benchmark_af9ae05b4b9e_QHY411-1_20260411_222919_run1.sqlite,1,7844,41.6
benchmark_af9ae05b4b9e_QHY411-1_20260411_223036_run1.sqlite,1,7844,52.7
benchmark_af9ae05b4b9e_QHY411-1_20260416_220318_run1.sqlite,1,1934,21.8
benchmark_af9ae05b4b9e_QHY411-1_20260416_220404_run1.sqlite,1,1926,31.7
benchmark_af9ae05b4b9e_QHY411-3_20260411_220252_run1.sqlite,1,41635,76.0
benchmark_af9ae05b4b9e_QHY411-3_20260411_220529_run1.sqlite,1,41635,73.1
benchmark_af9ae05b4b9e_QHY411-3_20260411_220851_run1.sqlite,1,31494,56.0
benchmark_af9ae05b4b9e_QHY411-3_20260411_221051_run1.sqlite,1,31494,58.8
benchmark_af9ae05b4b9e_QHY411-3_20260411_223302_run1.sqlite,1,31037,63.9
benchmark_af9ae05b4b9e_QHY411-3_20260411_223509_run1.sqlite,1,31037,60.1
benchmark_af9ae05b4b9e_QHY411-3_20260411_223808_run1.sqlite,1,41537,67.6
benchmark_af9ae05b4b9e_QHY411-3_20260411_224027_run1.sqlite,1,41542,83.0
benchmark_af9ae05b4b9e_QHY411-3_20260411_224618_run1.sqlite,1,29542,151.9
benchmark_af9ae05b4b9e_QHY411-3_20260411_225050_run1.sqlite,1,29542,213.0
benchmark_af9ae05b4b9e_QHY600-3_20260411_215436_run1.sqlite,1,579,4.3
benchmark_af9ae05b4b9e_QHY600-3_20260411_215454_run1.sqlite,1,579,4.3
benchmark_af9ae05b4b9e_QHY600-3_20260411_221309_run1.sqlite,1,777,7.8
benchmark_af9ae05b4b9e_QHY600-3_20260411_221332_run1.sqlite,1,777,7.4
benchmark_af9ae05b4b9e_QHY600-3_20260411_221408_run1.sqlite,1,908,8.1
benchmark_af9ae05b4b9e_QHY600-3_20260411_221432_run1.sqlite,1,908,7.7
benchmark_af9ae05b4b9e_QHY600-3_20260411_221506_run1.sqlite,1,847,7.5
benchmark_af9ae05b4b9e_QHY600-3_20260411_221530_run1.sqlite,1,847,7.8
benchmark_af9ae05b4b9e_QHY600-4_20260411_215528_run1.sqlite,1,2209,9.7
benchmark_af9ae05b4b9e_QHY600-4_20260411_215556_run1.sqlite,1,2214,9.4
benchmark_af9ae05b4b9e_QHY600-4_20260411_215637_run1.sqlite,1,1004,8.4
benchmark_af9ae05b4b9e_QHY600-4_20260411_215702_run1.sqlite,1,1095,8.0
benchmark_af9ae05b4b9e_QHY600-4_20260411_221616_run1.sqlite,1,4696,17.0
benchmark_af9ae05b4b9e_QHY600-4_20260411_221658_run1.sqlite,1,4696,16.4
benchmark_af9ae05b4b9e_QHY600-4_20260411_221815_run1.sqlite,1,1967,33.6
benchmark_af9ae05b4b9e_QHY600-4_20260411_221914_run1.sqlite,1,1967,33.3
benchmark_af9ae05b4b9e_QHY600-4_20260411_222041_run1.sqlite,1,2871,38.7
benchmark_af9ae05b4b9e_QHY600-4_20260411_222151_run1.sqlite,1,2871,23.9
benchmark_c4a53ac1de3f_iKon936_20260321_185524_run1.sqlite,1,1152,6.2
benchmark_c4a53ac1de3f_iKon936_20260321_185550_run1.sqlite,1,1152,6.1
benchmark_c4a53ac1de3f_iKon936_20260321_185839_run1.sqlite,1,1702,6.7
benchmark_c4a53ac1de3f_iKon936_20260321_185905_run1.sqlite,1,1702,6.2
benchmark_c4a53ac1de3f_QHY411MERIS_20260321_191349_run1.sqlite,1,2144,9.9
benchmark_c4a53ac1de3f_QHY411MERIS_20260321_191419_run1.sqlite,1,2144,9.1
benchmark_c4a53ac1de3f_QHY411MERIS_20260321_191752_run1.sqlite,1,2358,10.2
benchmark_c4a53ac1de3f_QHY411MERIS_20260321_191823_run1.sqlite,1,2358,10.0
benchmark_c4a53ac1de3f_QHY411MERIS_20260321_192551_run1.sqlite,1,3976,30.1
benchmark_c4a53ac1de3f_QHY411MERIS_20260321_192650_run1.sqlite,1,3976,29.1
benchmark_c4a53ac1de3f_QHY411MERIS_20260321_194436_run1.sqlite,1,83432,92.4
benchmark_c4a53ac1de3f_QHY411MERIS_20260321_194752_run1.sqlite,1,83432,91.8
benchmark_c4a53ac1de3f_QHY411MERIS_20260321_200333_run1.sqlite,1,57025,66.9
benchmark_c4a53ac1de3f_QHY411MERIS_20260321_200554_run1.sqlite,1,57025,68.0
benchmark_c4a53ac1de3f_QHY600M_20260321_190148_run1.sqlite,1,1138,6.2
benchmark_c4a53ac1de3f_QHY600M_20260321_190212_run1.sqlite,1,1138,5.9
benchmark_c4a53ac1de3f_QHY600M_20260321_190637_run1.sqlite,1,3861,9.8
benchmark_c4a53ac1de3f_QHY600M_20260321_190708_run1.sqlite,1,3861,9.4
benchmark_c4a53ac1de3f_QHY600M_20260321_191000_run1.sqlite,1,1282,6.3
benchmark_c4a53ac1de3f_QHY600M_20260321_191026_run1.sqlite,1,1282,6.8
benchmark_ce4950a22daa_iKon936-1_20260607_092429_run1.sqlite,1,1624,4.9
benchmark_ce4950a22daa_iKon936-1_20260607_092450_run2.sqlite,1,1624,4.8
benchmark_ce4950a22daa_iKon936-1_20260607_092511_run3.sqlite,1,1624,5.1
benchmark_ce4950a22daa_iKon936-1_20260607_092532_run4.sqlite,1,1624,5.0
benchmark_ce4950a22daa_iKon936-1_20260607_092553_run5.sqlite,1,1624,5.1
benchmark_ce4950a22daa_iKon936-1_20260823_142859_run1.sqlite,1,1303,7.4
benchmark_ce4950a22daa_iKon936-1_20260823_142928_run1.sqlite,1,1303,7.8
benchmark_ce4950a22daa_iKon936-1_20260823_143012_run1.sqlite,1,1723,8.1
benchmark_ce4950a22daa_iKon936-1_20260823_143047_run1.sqlite,1,1723,9.3
benchmark_ce4950a22daa_QHY411-1_20260607_092738_run1.sqlite,1,3898,60.8
benchmark_ce4950a22daa_QHY411-1_20260607_092901_run2.sqlite,1,3898,60.3
benchmark_ce4950a22daa_QHY411-1_20260607_093022_run3.sqlite,1,3898,60.2
benchmark_ce4950a22daa_QHY411-1_20260607_093143_run4.sqlite,1,3898,60.3
benchmark_ce4950a22daa_QHY411-1_20260607_093304_run5.sqlite,1,3898,60.3
benchmark_ce4950a22daa_QHY411-1_20260823_143645_run1.sqlite,1,3144,16.8
benchmark_ce4950a22daa_QHY411-1_20260823_143729_run1.sqlite,1,3144,16.7
benchmark_ce4950a22daa_QHY411-1_20260823_143833_run1.sqlite,1,4362,18.1
benchmark_ce4950a22daa_QHY411-1_20260823_143920_run1.sqlite,1,4362,17.4
benchmark_ce4950a22daa_QHY411-1_20260823_144149_run1.sqlite,1,6675,92.7
benchmark_ce4950a22daa_QHY411-1_20260823_144418_run1.sqlite,1,6675,90.4
benchmark_ce4950a22daa_QHY411-1_20260823_150906_run1.sqlite,1,30277,41.9
benchmark_ce4950a22daa_QHY411-1_20260823_151036_run1.sqlite,1,30277,42.0
benchmark_ce4950a22daa_QHY411-1_20260823_151248_run1.sqlite,1,26495,35.9
benchmark_ce4950a22daa_QHY411-1_20260823_151411_run1.sqlite,1,26495,33.8
benchmark_ce4950a22daa_QHY411-1_20260823_151623_run1.sqlite,1,36109,43.8
benchmark_ce4950a22daa_QHY411-1_20260823_151802_run1.sqlite,1,36109,52.3
benchmark_ce4950a22daa_QHY411-3_20260607_093633_run1.sqlite,1,83390,61.3
benchmark_ce4950a22daa_QHY411-3_20260607_093809_run2.sqlite,1,83390,62.0
benchmark_ce4950a22daa_QHY411-3_20260607_093944_run3.sqlite,1,83390,61.9
benchmark_ce4950a22daa_QHY411-3_20260607_094119_run4.sqlite,1,83390,60.7
benchmark_ce4950a22daa_QHY411-3_20260607_094253_run5.sqlite,1,83390,64.3
benchmark_ce4950a22daa_QHY411-3_20260823_144753_run1.sqlite,1,32486,48.6
benchmark_ce4950a22daa_QHY411-3_20260823_144935_run1.sqlite,1,32486,49.6
benchmark_ce4950a22daa_QHY411-3_20260823_145219_run1.sqlite,1,32449,71.8
benchmark_ce4950a22daa_QHY411-3_20260823_145430_run1.sqlite,1,32449,76.7
benchmark_ce4950a22daa_QHY411-3_20260823_152057_run1.sqlite,1,26751,67.2
benchmark_ce4950a22daa_QHY411-3_20260823_152256_run1.sqlite,1,26751,66.2
benchmark_ce4950a22daa_QHY411-3_20260823_152559_run1.sqlite,1,41489,50.5
benchmark_ce4950a22daa_QHY411-3_20260823_152744_run1.sqlite,1,41489,52.0
benchmark_ce4950a22daa_QHY411-3_20260823_153059_run1.sqlite,1,34473,84.3
benchmark_ce4950a22daa_QHY411-3_20260823_153327_run1.sqlite,1,34473,64.1
benchmark_ce4950a22daa_QHY411-3_20260829_184236_run1.sqlite,1,34473,205.6
benchmark_ce4950a22daa_QHY411-3_20260829_184733_run1.sqlite,1,34473,129.0
benchmark_ce4950a22daa_QHY600-3_20260823_143140_run1.sqlite,1,949,8.1
benchmark_ce4950a22daa_QHY600-3_20260823_143213_run1.sqlite,1,949,7.8
benchmark_ce4950a22daa_QHY600-3_20260823_145702_run1.sqlite,1,2028,8.5
benchmark_ce4950a22daa_QHY600-3_20260823_145734_run1.sqlite,1,2028,8.7
benchmark_ce4950a22daa_QHY600-3_20260823_145824_run1.sqlite,1,2127,9.2
benchmark_ce4950a22daa_QHY600-3_20260823_145856_run1.sqlite,1,2127,9.2
benchmark_ce4950a22daa_QHY600-3_20260823_145945_run1.sqlite,1,2080,9.2
benchmark_ce4950a22daa_QHY600-3_20260823_150018_run1.sqlite,1,2080,9.2
benchmark_ce4950a22daa_QHY600-4_20260823_143309_run1.sqlite,1,3837,15.7
benchmark_ce4950a22daa_QHY600-4_20260823_143353_run1.sqlite,1,3837,14.0
benchmark_ce4950a22daa_QHY600-4_20260823_143457_run1.sqlite,1,7126,14.4
benchmark_ce4950a22daa_QHY600-4_20260823_143538_run1.sqlite,1,7126,14.5
benchmark_ce4950a22daa_QHY600-4_20260823_150122_run1.sqlite,1,16673,24.3
benchmark_ce4950a22daa_QHY600-4_20260823_150225_run1.sqlite,1,16673,24.1
benchmark_ce4950a22daa_QHY600-4_20260823_150408_run1.sqlite,1,8661,20.5
benchmark_ce4950a22daa_QHY600-4_20260823_150501_run1.sqlite,1,8661,20.8
benchmark_ce4950a22daa_QHY600-4_20260823_150626_run1.sqlite,1,11240,20.9
benchmark_ce4950a22daa_QHY600-4_20260823_150718_run1.sqlite,1,11240,26.0
benchmark_d54f46d2bbea_iKon936-1_20260823_182730_run1.sqlite,1,561,6.5
benchmark_d54f46d2bbea_iKon936-1_20260823_182749_run1.sqlite,1,559,6.1
benchmark_d54f46d2bbea_iKon936-1_20260823_182822_run1.sqlite,1,754,6.9
benchmark_d54f46d2bbea_iKon936-1_20260823_182841_run1.sqlite,1,754,6.9
benchmark_d54f46d2bbea_QHY411-1_20260823_183241_run1.sqlite,1,947,14.4
benchmark_d54f46d2bbea_QHY411-1_20260823_183314_run1.sqlite,1,947,14.5
benchmark_d54f46d2bbea_QHY411-1_20260823_183408_run1.sqlite,1,1181,15.8
benchmark_d54f46d2bbea_QHY411-1_20260823_183444_run1.sqlite,1,1181,16.3
benchmark_d54f46d2bbea_QHY411-1_20260823_184420_run1.sqlite,1,10530,30.2
benchmark_d54f46d2bbea_QHY411-1_20260823_184527_run1.sqlite,1,10530,33.2
benchmark_d54f46d2bbea_QHY411-1_20260823_184708_run1.sqlite,0_llego_a:catalog_results+perform_opt_photometry,8638,479.8
benchmark_d54f46d2bbea_QHY600-3_20260823_182912_run1.sqlite,1,507,8.1
benchmark_d54f46d2bbea_QHY600-3_20260823_182932_run1.sqlite,1,507,7.9
benchmark_d54f46d2bbea_QHY600-3_20260823_183533_run1.sqlite,1,895,9.2
benchmark_d54f46d2bbea_QHY600-3_20260823_183555_run1.sqlite,1,895,9.4
benchmark_d54f46d2bbea_QHY600-3_20260823_183630_run1.sqlite,1,956,8.8
benchmark_d54f46d2bbea_QHY600-3_20260823_183651_run1.sqlite,1,956,8.6
benchmark_d54f46d2bbea_QHY600-3_20260823_183723_run1.sqlite,1,914,9.5
benchmark_d54f46d2bbea_QHY600-3_20260823_183746_run1.sqlite,1,914,8.7
benchmark_d54f46d2bbea_QHY600-4_20260823_183006_run1.sqlite,1,1401,12.3
benchmark_d54f46d2bbea_QHY600-4_20260823_183036_run1.sqlite,1,1401,12.7
benchmark_d54f46d2bbea_QHY600-4_20260823_183122_run1.sqlite,1,5512,11.6
benchmark_d54f46d2bbea_QHY600-4_20260823_183152_run1.sqlite,1,5512,12.2
benchmark_d54f46d2bbea_QHY600-4_20260823_183830_run1.sqlite,1,4868,19.6
benchmark_d54f46d2bbea_QHY600-4_20260823_183917_run1.sqlite,1,4868,19.7
benchmark_d54f46d2bbea_QHY600-4_20260823_184036_run1.sqlite,1,2181,17.7
benchmark_d54f46d2bbea_QHY600-4_20260823_184116_run1.sqlite,1,2181,17.5
benchmark_d54f46d2bbea_QHY600-4_20260823_184222_run1.sqlite,1,3339,16.9
benchmark_d54f46d2bbea_QHY600-4_20260823_184304_run1.sqlite,1,3339,16.6
benchmark_d696223f17cd_iKon936_20260321_185625_run1.sqlite,1,1152,7.1
benchmark_d696223f17cd_iKon936_20260321_185658_run1.sqlite,1,1152,7.7
benchmark_d696223f17cd_iKon936_20260321_190051_run1.sqlite,1,1702,9.4
benchmark_d696223f17cd_iKon936_20260321_190127_run1.sqlite,1,1702,10.1
benchmark_d696223f17cd_QHY411MERIS_20260321_192250_run1.sqlite,1,2144,16.7
benchmark_d696223f17cd_QHY411MERIS_20260321_192332_run1.sqlite,1,2144,17.3
benchmark_d696223f17cd_QHY411MERIS_20260321_193001_run1.sqlite,1,2358,20.0
benchmark_d696223f17cd_QHY411MERIS_20260321_193051_run1.sqlite,1,2358,21.0
benchmark_d696223f17cd_QHY411MERIS_20260321_195205_run1.sqlite,1,3976,94.3
benchmark_d696223f17cd_QHY411MERIS_20260321_195438_run1.sqlite,1,3976,92.5
benchmark_d696223f17cd_QHY411MERIS_20260321_201852_run1.sqlite,1,83432,122.5
benchmark_d696223f17cd_QHY411MERIS_20260321_202306_run1.sqlite,1,83432,119.8
benchmark_d696223f17cd_QHY411MERIS_20260321_204421_run1.sqlite,1,57025,84.9
benchmark_d696223f17cd_QHY411MERIS_20260321_204722_run1.sqlite,1,57025,85.7
benchmark_d696223f17cd_QHY600M_20260321_190529_run1.sqlite,1,1138,8.5
benchmark_d696223f17cd_QHY600M_20260321_190558_run1.sqlite,1,1138,9.0
benchmark_d696223f17cd_QHY600M_20260321_191049_run1.sqlite,1,3861,16.4
benchmark_d696223f17cd_QHY600M_20260321_191137_run1.sqlite,1,3861,14.5
benchmark_d696223f17cd_QHY600M_20260321_191618_run1.sqlite,1,1282,10.2
benchmark_d696223f17cd_QHY600M_20260321_191656_run1.sqlite,1,1282,10.8
benchmark_d7f0f60d24c7_iKon936-1_20260421_141555_run1.sqlite,sin_nvtx,,
benchmark_d7f0f60d24c7_iKon936-1_20260421_141800_run1.sqlite,1,601,5.0
benchmark_d7f0f60d24c7_iKon936-1_20260421_141813_run2.sqlite,1,601,5.0
benchmark_d7f0f60d24c7_QHY411-1_20260421_141614_run1.sqlite,sin_nvtx,,
benchmark_d7f0f60d24c7_QHY411-1_20260421_142554_run1.sqlite,1,1232,28.6
benchmark_d7f0f60d24c7_QHY411-1_20260421_142642_run2.sqlite,1,1225,34.1
benchmark_d7f0f60d24c7_QHY411-1_20260422_090004_run1.sqlite,1,1232,27.8
benchmark_d7f0f60d24c7_QHY411-1_20260422_090050_run2.sqlite,1,1225,32.6
benchmark_d7f0f60d24c7_QHY411-3_20260421_141620_run1.sqlite,sin_nvtx,,
benchmark_d7f0f60d24c7_QHY411-3_20260421_142817_run1.sqlite,0_ni_catalogo,11,2.1
benchmark_d7f0f60d24c7_QHY600-3_20260421_141602_run1.sqlite,sin_nvtx,,
benchmark_d7f0f60d24c7_QHY600-3_20260421_141934_run1.sqlite,1,579,6.0
benchmark_d7f0f60d24c7_QHY600-3_20260421_141948_run2.sqlite,1,579,6.0
benchmark_d7f0f60d24c7_QHY600-4_20260421_141608_run1.sqlite,sin_nvtx,,
benchmark_d7f0f60d24c7_QHY600-4_20260421_142157_run1.sqlite,1,1012,14.2
benchmark_d7f0f60d24c7_QHY600-4_20260421_142224_run2.sqlite,1,970,15.4
benchmark_d7f0f60d24c7_QHY600-4_20260422_085621_run1.sqlite,1,1036,14.9
benchmark_d7f0f60d24c7_QHY600-4_20260422_085650_run2.sqlite,1,1052,15.8
benchmark_dd31b98cd849_iKon936-1_20260823_142859_run1.sqlite,1,1303,7.6
benchmark_dd31b98cd849_iKon936-1_20260823_142925_run1.sqlite,1,1303,7.7
benchmark_dd31b98cd849_iKon936-1_20260823_143005_run1.sqlite,1,1723,8.5
benchmark_dd31b98cd849_iKon936-1_20260823_143034_run1.sqlite,1,1723,8.0
benchmark_dd31b98cd849_QHY411-1_20260823_143559_run1.sqlite,1,3144,20.3
benchmark_dd31b98cd849_QHY411-1_20260823_143644_run1.sqlite,1,3144,19.7
benchmark_dd31b98cd849_QHY411-1_20260823_143754_run1.sqlite,1,4362,21.6
benchmark_dd31b98cd849_QHY411-1_20260823_143842_run1.sqlite,1,4362,21.4
benchmark_dd31b98cd849_QHY411-1_20260823_143941_run1.sqlite,0_ni_catalogo,102,7.3
benchmark_dd31b98cd849_QHY411-1_20260823_144003_run1.sqlite,0_ni_catalogo,102,7.3
benchmark_dd31b98cd849_QHY411-3_20260823_144037_run1.sqlite,0_ni_catalogo,102,7.0
benchmark_dd31b98cd849_QHY411-3_20260823_144058_run1.sqlite,0_ni_catalogo,102,7.0
benchmark_dd31b98cd849_QHY411-3_20260823_144133_run1.sqlite,0_ni_catalogo,107,9.2
benchmark_dd31b98cd849_QHY411-3_20260823_144157_run1.sqlite,0_ni_catalogo,106,9.1
benchmark_dd31b98cd849_QHY600-3_20260823_143115_run1.sqlite,1,949,9.3
benchmark_dd31b98cd849_QHY600-3_20260823_143143_run1.sqlite,1,949,9.5
benchmark_dd31b98cd849_QHY600-3_20260823_144237_run1.sqlite,1,2028,10.7
benchmark_dd31b98cd849_QHY600-3_20260823_144308_run1.sqlite,1,2028,10.9
benchmark_dd31b98cd849_QHY600-3_20260823_144355_run1.sqlite,1,2127,11.0
benchmark_dd31b98cd849_QHY600-3_20260823_144432_run1.sqlite,1,2127,10.3
benchmark_dd31b98cd849_QHY600-3_20260823_144518_run1.sqlite,1,2080,10.4
benchmark_dd31b98cd849_QHY600-3_20260823_144549_run1.sqlite,1,2080,10.6
benchmark_dd31b98cd849_QHY600-4_20260823_143232_run1.sqlite,1,3837,17.5
benchmark_dd31b98cd849_QHY600-4_20260823_143314_run1.sqlite,1,3837,18.1
benchmark_dd31b98cd849_QHY600-4_20260823_143418_run1.sqlite,1,7131,16.3
benchmark_dd31b98cd849_QHY600-4_20260823_143456_run1.sqlite,1,7131,16.3
benchmark_dd31b98cd849_QHY600-4_20260823_144653_run1.sqlite,1,16673,28.8
benchmark_dd31b98cd849_QHY600-4_20260823_144808_run1.sqlite,1,16673,31.2
benchmark_dd31b98cd849_QHY600-4_20260823_145109_run1.sqlite,0_llego_a:catalog_results+get_zeropoint+perform_opt_photometry,8643,496.4
benchmark_dd46e42ec08f_iKon936-1_20260324_230309_run1.sqlite,1,601,7.9
benchmark_dd46e42ec08f_iKon936-1_20260324_230337_run1.sqlite,1,601,7.5
benchmark_dd46e42ec08f_iKon936-1_20260324_232346_run1.sqlite,1,601,7.0
benchmark_dd46e42ec08f_iKon936-1_20260324_232413_run1.sqlite,1,601,7.4
benchmark_dd46e42ec08f_iKon936-1_20260326_095557_run1.sqlite,sin_nvtx,,
benchmark_dd46e42ec08f_iKon936-1_20260326_122522_run1.sqlite,1,601,9.0
benchmark_dd46e42ec08f_iKon936-1_20260326_122551_run1.sqlite,1,601,8.8
benchmark_dd46e42ec08f_iKon936-1_20260326_122715_run1.sqlite,1,880,8.1
benchmark_dd46e42ec08f_iKon936-1_20260326_122742_run1.sqlite,1,880,8.3
benchmark_dd46e42ec08f_iKon936-1_20260326_155423_run1.sqlite,1,601,6.9
benchmark_dd46e42ec08f_iKon936-1_20260326_155448_run1.sqlite,1,601,7.5
benchmark_dd46e42ec08f_iKon936-1_20260326_155558_run1.sqlite,1,880,18.0
benchmark_dd46e42ec08f_iKon936-1_20260326_155640_run1.sqlite,1,880,7.7
benchmark_dd46e42ec08f_QHY411-1_20260326_123326_run1.sqlite,1,1113,20.3
benchmark_dd46e42ec08f_QHY411-1_20260326_123420_run1.sqlite,1,1118,19.2
benchmark_dd46e42ec08f_QHY411-1_20260326_123538_run1.sqlite,1,1228,21.2
benchmark_dd46e42ec08f_QHY411-1_20260326_123626_run1.sqlite,1,1230,20.1
benchmark_dd46e42ec08f_QHY411-1_20260326_123743_run1.sqlite,0_llego_a:perform_opt_photometry,1819,16.2
benchmark_dd46e42ec08f_QHY411-1_20260326_123827_run1.sqlite,0_llego_a:perform_opt_photometry,1819,16.2
benchmark_dd46e42ec08f_QHY411-1_20260326_160145_run1.sqlite,0_llego_a:catalog_results+perform_opt_photometry,1094,14.5
benchmark_dd46e42ec08f_QHY411-1_20260326_160222_run1.sqlite,0_llego_a:catalog_results+perform_opt_photometry,1100,15.7
benchmark_dd46e42ec08f_QHY411-1_20260326_160324_run1.sqlite,0_llego_a:catalog_results+perform_opt_photometry,1200,15.7
benchmark_dd46e42ec08f_QHY411-1_20260326_160403_run1.sqlite,0_llego_a:catalog_results+perform_opt_photometry,1207,16.5
benchmark_dd46e42ec08f_QHY411-1_20260326_160452_run1.sqlite,0_ni_catalogo,7,1.5
benchmark_dd46e42ec08f_QHY411-1_20260326_160507_run1.sqlite,0_ni_catalogo,7,1.6
benchmark_dd46e42ec08f_QHY411-3_20260326_124027_run1.sqlite,0_ni_catalogo,7,2.0
benchmark_dd46e42ec08f_QHY411-3_20260326_124043_run1.sqlite,0_llego_a:perform_opt_photometry,41555,88.8
benchmark_dd46e42ec08f_QHY411-3_20260326_124516_run1.sqlite,0_llego_a:perform_opt_photometry,31424,70.7
benchmark_dd46e42ec08f_QHY411-3_20260326_124806_run1.sqlite,0_ni_catalogo,7,1.8
benchmark_dd46e42ec08f_QHY411-3_20260326_160533_run1.sqlite,0_ni_catalogo,7,1.6
benchmark_dd46e42ec08f_QHY411-3_20260326_160547_run1.sqlite,0_ni_catalogo,7,1.9
benchmark_dd46e42ec08f_QHY411-3_20260326_160612_run1.sqlite,0_ni_catalogo,7,1.5
benchmark_dd46e42ec08f_QHY411-3_20260326_160627_run1.sqlite,0_ni_catalogo,7,1.6
benchmark_dd46e42ec08f_QHY600-3_20260326_122821_run1.sqlite,1,579,8.9
benchmark_dd46e42ec08f_QHY600-3_20260326_122849_run1.sqlite,1,579,7.7
benchmark_dd46e42ec08f_QHY600-3_20260326_155716_run1.sqlite,1,579,7.7
benchmark_dd46e42ec08f_QHY600-3_20260326_155740_run1.sqlite,1,579,7.5
benchmark_dd46e42ec08f_QHY600-4_20260326_122939_run1.sqlite,1,2209,20.8
benchmark_dd46e42ec08f_QHY600-4_20260326_123028_run1.sqlite,1,2215,16.0
benchmark_dd46e42ec08f_QHY600-4_20260326_123133_run1.sqlite,1,1005,17.9
benchmark_dd46e42ec08f_QHY600-4_20260326_123215_run1.sqlite,1,1124,16.8
benchmark_dd46e42ec08f_QHY600-4_20260326_155825_run1.sqlite,1,2209,21.1
benchmark_dd46e42ec08f_QHY600-4_20260326_155910_run1.sqlite,1,2209,21.4
benchmark_dd46e42ec08f_QHY600-4_20260326_160020_run1.sqlite,0_llego_a:catalog_results+perform_opt_photometry,996,12.8
benchmark_dd46e42ec08f_QHY600-4_20260326_160054_run1.sqlite,0_llego_a:catalog_results+perform_opt_photometry,1107,10.1
benchmark_e6a122363611_iKon936-1_20260324_230157_run1.sqlite,1,601,4.2
benchmark_e6a122363611_iKon936-1_20260324_230217_run1.sqlite,1,601,4.0
benchmark_e6a122363611_iKon936-1_20260324_233048_run1.sqlite,1,601,3.9
benchmark_e6a122363611_iKon936-1_20260324_233107_run1.sqlite,1,601,4.0
benchmark_e6a122363611_iKon936-1_20260326_095625_run1.sqlite,sin_nvtx,,
benchmark_e6a122363611_iKon936-1_20260326_153737_run1.sqlite,sin_nvtx,,
benchmark_e6a122363611_iKon936-1_20260326_161118_run1.sqlite,1,601,4.2
benchmark_e6a122363611_iKon936-1_20260326_161137_run1.sqlite,1,601,4.2
benchmark_e6a122363611_iKon936-1_20260326_161223_run1.sqlite,1,880,4.5
benchmark_e6a122363611_iKon936-1_20260326_161242_run1.sqlite,1,880,4.4
benchmark_e6a122363611_iKon936_20260321_202330_run1.sqlite,1,854,7.6
benchmark_e6a122363611_iKon936_20260321_202357_run1.sqlite,1,859,7.0
benchmark_e6a122363611_iKon936_20260321_202645_run1.sqlite,1,1081,8.2
benchmark_e6a122363611_iKon936_20260321_202709_run1.sqlite,1,1081,7.7
benchmark_e6a122363611_QHY411-1_20260326_161600_run1.sqlite,0_llego_a:catalog_results+perform_opt_photometry,1094,6.4
benchmark_e6a122363611_QHY411-1_20260326_161626_run1.sqlite,0_llego_a:catalog_results+perform_opt_photometry,1089,5.9
benchmark_e6a122363611_QHY411-1_20260326_161702_run1.sqlite,0_llego_a:catalog_results+perform_opt_photometry,1202,6.7
benchmark_e6a122363611_QHY411-1_20260326_161728_run1.sqlite,0_llego_a:catalog_results+perform_opt_photometry,1214,6.2
benchmark_e6a122363611_QHY411-1_20260326_161812_run1.sqlite,0_llego_a:catalog_results+perform_opt_photometry,1907,13.3
benchmark_e6a122363611_QHY411-1_20260326_161848_run1.sqlite,0_llego_a:catalog_results+perform_opt_photometry,1905,13.4
benchmark_e6a122363611_QHY411-3_20260326_162035_run1.sqlite,1,41635,78.4
benchmark_e6a122363611_QHY411-3_20260326_162321_run1.sqlite,1,41635,78.2
benchmark_e6a122363611_QHY411-3_20260326_162659_run1.sqlite,1,31494,58.8
benchmark_e6a122363611_QHY411-3_20260326_162908_run1.sqlite,1,31494,62.2
benchmark_e6a122363611_QHY411MERIS_20260321_203803_run1.sqlite,1,1006,11.2
benchmark_e6a122363611_QHY411MERIS_20260321_203832_run1.sqlite,1,993,10.5
benchmark_e6a122363611_QHY411MERIS_20260321_204219_run1.sqlite,1,1605,11.7
benchmark_e6a122363611_QHY411MERIS_20260321_204251_run1.sqlite,1,1584,12.2
benchmark_e6a122363611_QHY411MERIS_20260321_204806_run1.sqlite,1,2244,23.0
benchmark_e6a122363611_QHY411MERIS_20260321_204853_run1.sqlite,1,2244,19.9
benchmark_e6a122363611_QHY600-3_20260326_161311_run1.sqlite,1,579,4.2
benchmark_e6a122363611_QHY600-3_20260326_161330_run1.sqlite,1,579,4.2
benchmark_e6a122363611_QHY600-4_20260326_161359_run1.sqlite,0_llego_a:catalog_results+perform_opt_photometry,2185,6.4
benchmark_e6a122363611_QHY600-4_20260326_161424_run1.sqlite,0_llego_a:catalog_results+perform_opt_photometry,2195,6.4
benchmark_e6a122363611_QHY600-4_20260326_161505_run1.sqlite,0_llego_a:catalog_results+perform_opt_photometry,958,4.7
benchmark_e6a122363611_QHY600-4_20260326_161529_run1.sqlite,0_llego_a:catalog_results+perform_opt_photometry,1102,4.6
benchmark_e6a122363611_QHY600M_20260321_203028_run1.sqlite,1,2094,10.3
benchmark_e6a122363611_QHY600M_20260321_203059_run1.sqlite,1,2094,10.2
benchmark_e6a122363611_QHY600M_20260321_203413_run1.sqlite,1,1100,8.4
benchmark_e6a122363611_QHY600M_20260321_203438_run1.sqlite,1,1072,9.0
benchmark_ec1549246058_iKon936-1_20260324_230317_run1.sqlite,1,1152,6.6
benchmark_ec1549246058_iKon936-1_20260324_230347_run1.sqlite,1,1152,6.6
benchmark_ec1549246058_iKon936-1_20260324_231122_run1.sqlite,1,1152,6.8
benchmark_ec1549246058_iKon936-1_20260324_231153_run1.sqlite,1,1152,6.2
benchmark_ec1549246058_iKon936-1_20260326_095612_run1.sqlite,1,1152,6.4
benchmark_ec1549246058_iKon936-1_20260326_095641_run1.sqlite,1,1152,6.9
benchmark_ec1549246058_iKon936-1_20260326_095732_run1.sqlite,1,1702,7.0
benchmark_ec1549246058_iKon936-1_20260326_095802_run1.sqlite,1,1702,6.8
benchmark_ec1549246058_iKon936-1_20260326_161822_run1.sqlite,1,1152,6.6
benchmark_ec1549246058_iKon936-1_20260326_161851_run1.sqlite,1,1152,6.2
benchmark_ec1549246058_QHY411-1_20260326_100311_run1.sqlite,1,2144,15.3
benchmark_ec1549246058_QHY411-1_20260326_100353_run1.sqlite,1,2144,14.7
benchmark_ec1549246058_QHY411-1_20260326_100501_run1.sqlite,1,2358,18.5
benchmark_ec1549246058_QHY411-1_20260326_100542_run1.sqlite,1,2358,18.3
benchmark_ec1549246058_QHY411-1_20260326_121721_run1.sqlite,1,3976,90.0
benchmark_ec1549246058_QHY411-1_20260326_121944_run1.sqlite,1,3976,88.4
benchmark_ec1549246058_QHY411-1_20260326_162405_run1.sqlite,1,2144,15.3
benchmark_ec1549246058_QHY411-1_20260326_162445_run1.sqlite,1,2144,15.4
benchmark_ec1549246058_QHY411-1_20260326_162553_run1.sqlite,1,2358,17.5
benchmark_ec1549246058_QHY411-1_20260326_162637_run1.sqlite,1,2358,17.7
benchmark_ec1549246058_QHY411-1_20260326_162858_run1.sqlite,1,3976,86.8
benchmark_ec1549246058_QHY411-1_20260326_163117_run1.sqlite,1,3976,85.5
benchmark_ec1549246058_QHY411-3_20260326_122350_run1.sqlite,1,83428,118.7
benchmark_ec1549246058_QHY411-3_20260326_122750_run1.sqlite,1,83428,109.4
benchmark_ec1549246058_QHY411-3_20260326_123305_run1.sqlite,1,63257,78.5
benchmark_ec1549246058_QHY411-3_20260326_123555_run1.sqlite,1,63257,78.9
benchmark_ec1549246058_QHY411-3_20260326_163517_run1.sqlite,1,83428,107.5
benchmark_ec1549246058_QHY411-3_20260326_163901_run1.sqlite,1,83428,107.9
benchmark_ec1549246058_QHY411-3_20260326_164401_run1.sqlite,1,63257,81.5
benchmark_ec1549246058_QHY411-3_20260326_164655_run1.sqlite,1,63257,79.9
benchmark_ec1549246058_QHY600-3_20260326_095842_run1.sqlite,1,1138,7.1
benchmark_ec1549246058_QHY600-3_20260326_095911_run1.sqlite,1,1138,6.5
benchmark_ec1549246058_QHY600-3_20260326_161932_run1.sqlite,1,1138,6.7
benchmark_ec1549246058_QHY600-3_20260326_162002_run1.sqlite,1,1138,6.6
benchmark_ec1549246058_QHY600-4_20260326_100001_run1.sqlite,1,4231,12.7
benchmark_ec1549246058_QHY600-4_20260326_100040_run1.sqlite,1,4231,12.4
benchmark_ec1549246058_QHY600-4_20260326_100139_run1.sqlite,1,1864,10.1
benchmark_ec1549246058_QHY600-4_20260326_100213_run1.sqlite,1,1864,10.3
benchmark_ec1549246058_QHY600-4_20260326_162049_run1.sqlite,1,4231,13.3
benchmark_ec1549246058_QHY600-4_20260326_162129_run1.sqlite,1,4231,12.7
benchmark_ec1549246058_QHY600-4_20260326_162230_run1.sqlite,1,1864,11.2
benchmark_ec1549246058_QHY600-4_20260326_162305_run1.sqlite,1,1864,10.6
benchmark_fd4a47f50b71_iKon936-1_20260823_132437_run1.sqlite,1,1303,8.7
benchmark_fd4a47f50b71_iKon936-1_20260823_132502_run1.sqlite,1,1303,15.9
benchmark_fd4a47f50b71_iKon936-1_20260823_132559_run1.sqlite,1,1723,19.9
benchmark_fd4a47f50b71_iKon936-1_20260823_132642_run1.sqlite,1,1723,19.4
benchmark_fd4a47f50b71_QHY411-1_20260823_133100_run1.sqlite,0_ni_catalogo,74,28.5
benchmark_fd4a47f50b71_QHY411-1_20260823_133158_run1.sqlite,0_ni_catalogo,74,28.7
benchmark_fd4a47f50b71_QHY411-1_20260823_133328_run1.sqlite,0_ni_catalogo,74,28.7
benchmark_fd4a47f50b71_QHY411-1_20260823_133428_run1.sqlite,0_ni_catalogo,74,28.2
benchmark_fd4a47f50b71_QHY411-1_20260823_133533_run1.sqlite,0_ni_catalogo,11,4.3
benchmark_fd4a47f50b71_QHY411-1_20260823_133554_run1.sqlite,0_ni_catalogo,11,4.1
benchmark_fd4a47f50b71_QHY411-1_20260823_133908_run1.sqlite,sin_nvtx,,
benchmark_fd4a47f50b71_QHY411-1_20260823_133912_run1.sqlite,sin_nvtx,,
benchmark_fd4a47f50b71_QHY411-1_20260823_133918_run1.sqlite,sin_nvtx,,
benchmark_fd4a47f50b71_QHY411-1_20260823_133923_run1.sqlite,sin_nvtx,,
benchmark_fd4a47f50b71_QHY411-1_20260823_133927_run1.sqlite,sin_nvtx,,
benchmark_fd4a47f50b71_QHY411-1_20260823_133932_run1.sqlite,sin_nvtx,,
benchmark_fd4a47f50b71_QHY411-3_20260823_133629_run1.sqlite,0_ni_catalogo,11,3.8
benchmark_fd4a47f50b71_QHY411-3_20260823_133652_run1.sqlite,0_ni_catalogo,11,3.6
benchmark_fd4a47f50b71_QHY411-3_20260823_133723_run1.sqlite,0_ni_catalogo,11,4.0
benchmark_fd4a47f50b71_QHY411-3_20260823_133747_run1.sqlite,0_ni_catalogo,11,4.0
benchmark_fd4a47f50b71_QHY411-3_20260823_133937_run1.sqlite,sin_nvtx,,
benchmark_fd4a47f50b71_QHY411-3_20260823_133941_run1.sqlite,sin_nvtx,,
benchmark_fd4a47f50b71_QHY411-3_20260823_133945_run1.sqlite,sin_nvtx,,
benchmark_fd4a47f50b71_QHY411-3_20260823_133951_run1.sqlite,sin_nvtx,,
benchmark_fd4a47f50b71_QHY411-3_20260823_133957_run1.sqlite,sin_nvtx,,
benchmark_fd4a47f50b71_QHY411-3_20260823_134001_run1.sqlite,sin_nvtx,,
benchmark_fd4a47f50b71_QHY600-3_20260823_132736_run1.sqlite,0_ni_catalogo,42,4.8
benchmark_fd4a47f50b71_QHY600-3_20260823_132759_run1.sqlite,0_ni_catalogo,42,4.4
benchmark_fd4a47f50b71_QHY600-3_20260823_133809_run1.sqlite,sin_nvtx,,
benchmark_fd4a47f50b71_QHY600-3_20260823_133815_run1.sqlite,sin_nvtx,,
benchmark_fd4a47f50b71_QHY600-3_20260823_133819_run1.sqlite,sin_nvtx,,
benchmark_fd4a47f50b71_QHY600-3_20260823_133824_run1.sqlite,sin_nvtx,,
benchmark_fd4a47f50b71_QHY600-3_20260823_133828_run1.sqlite,sin_nvtx,,
benchmark_fd4a47f50b71_QHY600-3_20260823_133833_run1.sqlite,sin_nvtx,,
benchmark_fd4a47f50b71_QHY600-4_20260823_132836_run1.sqlite,0_ni_catalogo,62,8.7
benchmark_fd4a47f50b71_QHY600-4_20260823_132905_run1.sqlite,0_ni_catalogo,62,8.9
benchmark_fd4a47f50b71_QHY600-4_20260823_132947_run1.sqlite,0_ni_catalogo,62,9.0
benchmark_fd4a47f50b71_QHY600-4_20260823_133016_run1.sqlite,0_ni_catalogo,62,8.9
benchmark_fd4a47f50b71_QHY600-4_20260823_133837_run1.sqlite,sin_nvtx,,
benchmark_fd4a47f50b71_QHY600-4_20260823_133842_run1.sqlite,sin_nvtx,,
benchmark_fd4a47f50b71_QHY600-4_20260823_133850_run1.sqlite,sin_nvtx,,
benchmark_fd4a47f50b71_QHY600-4_20260823_133854_run1.sqlite,sin_nvtx,,
benchmark_fd4a47f50b71_QHY600-4_20260823_133859_run1.sqlite,sin_nvtx,,
benchmark_fd4a47f50b71_QHY600-4_20260823_133903_run1.sqlite,sin_nvtx,,
profile_0bd10a3a4f09_QHY411MERIS_20250430_080118_run1.sqlite,1,25837,262.3
profile_3faabcc1e27a_QHY411MERIS_20250429_111833_run1.sqlite,1,27163,222.2
profile_4a1ad544b21c_iKon936_20250427_101450_run1.sqlite,1,1501,73.4
profile_4a1ad544b21c_QHY411MERIS_20250427_101815_run1.sqlite,1,25829,178.8
profile_52b5e0488728_QHY411MERIS_20250430_095241_run1.sqlite,1,25838,194.8
profile_6ed37e09d6df_QHY411MERIS_20250430_085705_run1.sqlite,1,25838,159.0
profile_702347a607d4_iKon936_20250424_081645_run1.sqlite,1,1960,59.2
profile_702347a607d4_iKon936_20250424_081828_run1.sqlite,1,1960,8.5
profile_702347a607d4_QHY600M_20250424_075236_run1.sqlite,0_ni_catalogo,60935,228.7
profile_82e1a4fb69c2_QHY411MERIS_20250424_120135_run1.sqlite,1,25795,259.8
profile_9efe02b26762_iKon936_20250427_101259_run1.sqlite,1,1470,17.3
profile_9efe02b26762_QHY411MERIS_20250427_100614_run1.sqlite,1,25795,235.6
profile_a0badb7ca939_QHY600M_20250423_082836_run1.sqlite,0_ni_catalogo,40101,91.0
profile_a28fc8629fbf_QHY600M_20250423_122101_run1.sqlite,0_ni_catalogo,60935,213.2
profile_aaea8ec9cae1_iKon936_20250427_142630_run1.sqlite,1,1480,8.2
profile_aaea8ec9cae1_QHY411MERIS_20250427_142714_run1.sqlite,1,25827,155.9
profile_c5346f4a48f2_QHY411MERIS_20250424_113027_run1.sqlite,1,25795,436.5
profile_c5346f4a48f2_QHY411MERIS_20250424_114555_run1.sqlite,1,25795,135.0
profile_dd112dfcc7bf_QHY411MERIS_20250424_122120_run1.sqlite,1,25795,259.8
profile_dea4bd364bda_QHY411MERIS_20250430_082411_run1.sqlite,1,25837,243.1
profile_e0bbdcd4ce3e_iKon936_20250429_105254_run1.sqlite,1,1547,87.9
profile_e0bbdcd4ce3e_iKon936_20250429_105535_run1.sqlite,1,1547,7.9
profile_e0bbdcd4ce3e_QHY411MERIS_20250429_105614_run1.sqlite,1,27162,161.7
test_export.sqlite,1,3898,23.5
test_nsys_092141.sqlite,1,1624,27.3
