epoch,power_w,clk_sm,temp,util
1788038823,61.53,210,36,0
1788038825,61.53,210,36,0
1788038827,61.53,210,36,0
1788038829,61.82,210,36,0
1788038831,61.53,210,36,0
1788038833,61.82,210,36,0
1788038835,61.53,210,36,0
1788038837,61.82,210,36,0
1788038839,61.53,210,36,0
1788038841,61.53,210,36,0
1788038843,61.53,210,36,0
1788038845,61.53,210,36,0
1788038847,61.53,210,36,0
1788038849,61.82,210,36,0
1788038851,61.53,210,36,0
1788038853,61.53,210,36,0
1788038856,61.53,210,36,0
1788038858,61.53,210,36,0
1788038860,62.65,210,36,0
1788038862,61.53,210,36,0
1788038864,61.53,210,36,0
1788038866,62.11,210,36,0
1788038868,61.82,210,36,0
1788038870,61.53,210,36,0
1788038872,61.82,210,36,0
1788038874,61.53,210,36,0
1788038876,61.82,210,36,0
1788038878,61.53,210,36,0
1788038880,61.53,210,36,0
1788038882,61.53,210,36,0
1788038884,61.82,210,36,0
1788038886,61.53,210,36,0
1788038888,61.53,210,36,0
1788038890,61.75,210,36,0
1788038892,62.11,210,36,0
1788038894,61.82,210,36,0
1788038896,61.82,210,36,0
1788038899,61.53,210,36,0
1788038901,61.82,210,36,0
1788038903,61.82,210,36,0
1788038905,61.53,210,36,0
1788038907,61.82,210,36,0
1788038909,61.53,210,36,0
1788038911,61.53,210,36,0
1788038913,61.53,210,36,0
1788038915,61.53,210,36,0
1788038917,61.53,210,36,0
1788038919,61.53,210,36,0
1788038921,61.53,210,36,0
1788038923,61.53,210,36,0
1788038925,61.53,210,36,0
1788038927,61.53,210,36,0
1788038929,61.82,210,36,0
1788038931,61.53,210,36,0
1788038933,61.53,210,36,0
1788038935,61.53,210,36,0
1788038938,61.53,210,36,0
1788038940,61.53,210,36,0
1788038942,61.53,210,36,0
1788038944,61.53,210,36,0
1788038946,61.82,210,36,0
1788038948,61.82,210,36,0
1788038950,62.11,210,36,0
1788038952,61.82,210,36,0
1788038954,61.53,210,36,0
1788038956,61.82,210,36,0
1788038958,61.53,210,36,0
1788038960,61.82,210,36,0
1788038962,61.82,210,36,0
1788038964,61.82,210,36,0
1788038966,61.82,210,36,0
1788038968,61.53,210,36,0
1788038970,61.82,210,36,0
1788038972,61.53,210,36,0
1788038974,61.53,210,36,0
1788038976,61.53,210,36,0
1788038978,61.53,210,36,0
1788038980,61.53,210,36,0
1788038982,61.53,210,36,0
1788038985,61.53,210,36,0
1788038987,61.53,210,36,0
1788038989,61.53,210,36,0
1788038991,61.82,210,36,0
1788038993,61.53,210,36,0
1788038995,61.53,210,36,0
1788038997,61.53,210,36,0
1788038999,61.53,210,36,0
1788039001,62.11,210,36,0
1788039003,61.53,210,36,0
1788039005,61.53,210,36,0
1788039007,61.53,210,36,0
1788039009,61.53,210,36,0
1788039011,62.11,210,36,0
1788039013,61.82,210,36,0
1788039015,61.53,210,36,0
1788039017,61.82,210,36,0
1788039019,61.82,210,36,0
1788039021,61.53,210,36,0
1788039023,61.82,210,36,0
1788039025,61.82,210,36,0
1788039028,61.53,210,36,0
1788039030,61.53,210,36,0
1788039032,61.82,210,36,0
1788039034,61.53,210,36,0
1788039036,61.82,210,36,0
1788039038,61.53,210,36,0
1788039040,61.82,210,36,0
1788039042,61.82,210,36,0
1788039044,61.53,210,36,0
1788039046,61.53,210,36,0
1788039048,61.53,210,36,0
1788039050,61.53,210,36,0
1788039052,61.53,210,36,0
1788039054,61.53,210,36,0
1788039056,61.53,210,36,0
1788039058,61.53,210,36,0
1788039060,61.82,210,36,0
1788039062,61.53,210,36,0
1788039064,61.53,210,36,0
1788039066,61.53,210,36,0
1788039068,61.53,210,36,0
1788039070,61.53,210,36,0
1788039073,61.53,210,36,0
1788039075,61.53,210,36,0
1788039077,61.53,210,36,0
1788039079,61.53,210,36,0
1788039081,61.53,210,36,0
1788039083,61.82,210,36,0
1788039085,61.82,210,36,0
1788039087,61.53,210,36,0
1788039089,61.53,210,36,0
1788039091,61.82,210,36,0
1788039093,61.53,210,36,0
1788039095,61.53,210,36,0
1788039097,61.82,210,36,0
1788039099,61.82,210,36,0
1788039101,61.53,210,36,0
1788039103,62.11,210,36,0
1788039105,61.82,210,36,0
1788039107,61.53,210,36,0
1788039109,61.82,210,36,0
1788039111,61.53,210,36,0
1788039113,61.53,210,36,0
1788039116,61.53,210,36,0
1788039118,61.53,210,36,0
1788039120,62.65,210,36,0
1788039122,61.53,210,36,0
1788039124,61.82,210,36,0
1788039126,61.53,210,36,0
1788039128,61.53,210,36,0
1788039130,61.82,210,36,0
1788039132,61.53,210,36,0
1788039134,61.53,210,36,0
1788039136,61.53,210,36,0
1788039138,61.53,210,36,0
1788039140,61.53,210,36,0
1788039142,61.53,210,36,0
1788039144,61.53,210,36,0
1788039146,61.82,210,36,0
1788039148,61.53,210,36,0
1788039150,61.53,210,36,0
1788039153,61.53,210,36,0
1788039155,61.53,210,36,0
1788039157,62.11,210,36,0
1788039159,61.53,210,36,0
1788039161,61.53,210,36,0
1788039163,61.82,210,36,0
1788039165,61.53,210,36,0
1788039167,61.53,210,36,0
1788039169,61.53,210,36,0
1788039171,61.53,210,36,0
1788039173,61.82,210,36,0
1788039175,61.82,210,36,0
1788039177,61.53,210,36,0
1788039179,61.53,210,36,0
1788039181,61.82,210,36,0
1788039183,61.53,210,36,0
1788039185,61.53,210,36,0
1788039187,61.53,210,36,0
1788039189,61.53,210,36,0
1788039191,61.53,210,36,0
1788039194,61.53,210,36,0
1788039196,61.53,210,36,0
1788039198,61.53,210,36,0
1788039200,62.11,210,36,0
1788039202,61.53,210,36,0
1788039204,61.53,210,36,0
1788039206,61.53,210,36,0
1788039208,61.53,210,36,0
1788039210,61.53,210,36,0
1788039212,61.53,210,36,0
1788039214,61.53,210,36,0
1788039216,61.53,210,36,0
1788039218,61.82,210,36,0
1788039220,61.53,210,36,0
1788039222,61.53,210,36,0
1788039224,61.53,210,36,0
1788039226,61.82,210,36,0
1788039228,61.82,210,36,0
1788039230,61.53,210,36,0
1788039232,61.53,210,36,0
1788039235,61.53,210,36,0
1788039237,61.53,210,36,0
1788039239,61.53,210,36,0
1788039241,61.53,210,36,0
1788039243,61.53,210,36,0
1788039245,61.53,210,36,0
1788039247,61.53,210,36,0
1788039249,61.53,210,36,0
1788039251,61.53,210,36,0
1788039253,61.53,210,36,0
1788039255,61.53,210,36,0
1788039257,61.53,210,36,0
1788039259,61.53,210,36,0
1788039261,61.53,210,36,0
1788039263,61.53,210,36,0
1788039265,61.53,210,36,0
1788039267,61.53,210,36,0
1788039269,61.82,210,36,0
1788039271,61.53,210,36,0
1788039273,61.53,210,36,0
1788039275,61.53,210,36,0
1788039278,61.82,210,36,0
1788039280,61.53,210,36,0
1788039282,61.82,210,36,0
1788039284,61.53,210,36,0
1788039286,61.53,210,36,0
1788039288,61.53,210,36,0
1788039290,61.53,210,36,0
1788039292,61.82,210,36,0
1788039294,61.53,210,36,0
1788039296,61.53,210,36,0
1788039298,61.53,210,36,0
1788039300,61.53,210,36,0
1788039302,61.53,210,36,0
1788039304,62.11,210,36,0
1788039306,61.53,210,36,0
1788039308,61.53,210,36,0
1788039310,61.53,210,36,0
1788039312,61.53,210,36,0
1788039314,61.53,210,36,0
1788039316,61.82,210,36,0
1788039318,61.53,210,36,0
1788039320,61.53,210,36,0
1788039323,61.53,210,36,0
1788039325,61.53,210,36,0
1788039327,61.53,210,36,0
1788039329,61.53,210,36,0
1788039331,61.53,210,36,0
1788039333,61.53,210,36,0
1788039335,61.53,210,36,0
1788039337,61.53,210,36,0
1788039339,61.82,210,36,0
1788039341,61.53,210,36,0
1788039343,61.46,210,36,0
1788039345,61.82,210,36,0
1788039347,61.53,210,36,0
1788039349,61.53,210,36,0
1788039351,61.53,210,36,0
1788039353,61.53,210,36,0
1788039355,61.82,210,36,0
1788039357,61.53,210,36,0
1788039359,61.53,210,36,0
1788039362,61.53,210,36,0
1788039364,61.53,210,36,0
1788039366,61.53,210,36,0
1788039368,61.53,210,36,0
1788039370,62.65,210,36,0
1788039372,61.82,210,36,0
1788039374,61.53,210,36,0
1788039376,62.11,210,36,0
1788039378,61.53,210,36,0
1788039380,61.53,210,36,0
1788039382,61.82,210,36,0
1788039384,61.53,210,36,0
1788039386,61.82,210,36,0
1788039388,61.53,210,36,0
1788039390,61.53,210,36,0
1788039392,61.82,210,36,0
1788039394,61.53,210,36,0
1788039396,61.53,210,36,0
1788039398,61.53,210,36,0
1788039400,61.53,210,36,0
1788039402,61.53,210,36,0
1788039405,61.53,210,36,0
1788039407,61.53,210,36,0
1788039409,61.82,210,36,0
1788039411,61.53,210,36,0
1788039413,61.53,210,36,0
1788039415,61.53,210,36,0
1788039417,61.53,210,36,0
1788039419,61.82,210,36,0
1788039421,61.53,210,36,0
1788039423,61.82,210,36,0
1788039425,61.53,210,36,0
1788039427,61.53,210,36,0
1788039429,61.53,210,36,0
1788039431,61.53,210,36,0
1788039433,61.53,210,36,0
1788039435,61.53,210,36,0
1788039437,61.53,210,36,0
1788039439,61.53,210,36,0
1788039442,62.11,210,36,0
1788039444,61.53,210,36,0
1788039446,61.53,210,36,0
1788039448,61.82,210,36,0
1788039450,62.65,210,36,0
1788039452,61.53,210,36,0
1788039454,61.53,210,36,0
1788039456,61.53,210,36,0
1788039458,61.53,210,36,0
1788039460,61.53,210,36,0
1788039462,61.53,210,36,0
1788039464,61.53,210,36,0
1788039466,61.53,210,36,0
1788039468,61.53,210,36,0
1788039470,61.53,210,36,0
1788039472,61.53,210,36,0
1788039474,62.11,210,36,0
1788039476,61.53,210,36,0
1788039478,61.53,210,36,0
1788039480,61.82,210,36,0
1788039482,61.53,210,36,0
1788039485,61.53,210,36,0
1788039487,61.53,210,36,0
1788039489,61.53,210,36,0
1788039491,61.53,210,36,0
1788039493,61.53,210,36,0
1788039495,61.82,210,36,0
1788039497,61.53,210,36,0
1788039499,61.53,210,36,0
1788039501,61.53,210,36,0
1788039503,61.53,210,36,0
1788039505,61.53,210,36,0
1788039507,61.53,210,36,0
1788039509,61.82,210,36,0
1788039511,61.53,210,36,0
1788039513,62.11,210,36,0
1788039515,61.53,210,36,0
1788039517,61.53,210,36,0
1788039520,61.53,210,36,0
1788039522,61.53,210,36,0
1788039524,61.53,210,36,0
1788039526,61.82,210,36,0
1788039528,61.53,210,36,0
1788039530,62.36,210,36,0
1788039532,61.53,210,36,0
1788039534,61.53,210,36,0
1788039536,62.11,210,36,0
1788039538,61.53,210,36,0
1788039540,61.53,210,36,0
1788039542,61.53,210,36,0
1788039544,61.53,210,36,0
1788039546,61.53,210,36,0
1788039548,61.53,210,36,0
1788039550,61.82,210,36,0
1788039552,61.53,210,36,0
1788039554,61.53,210,36,0
1788039556,61.53,210,36,0
1788039558,61.53,210,36,0
1788039560,61.53,210,36,0
1788039562,61.53,210,36,0
1788039565,61.53,210,36,0
1788039567,61.53,210,36,0
1788039569,61.53,210,36,0
1788039571,61.53,210,36,0
1788039573,61.82,210,36,0
1788039575,61.53,210,36,0
1788039577,61.53,210,36,0
1788039579,61.82,210,36,0
1788039581,61.53,210,36,0
1788039583,61.53,210,36,0
1788039585,61.53,210,36,0
1788039587,61.53,210,36,0
1788039589,61.53,210,36,0
1788039591,61.53,210,36,0
1788039593,61.53,210,36,0
1788039595,61.53,210,36,0
1788039597,61.82,210,36,0
1788039599,61.53,210,36,0
1788039601,61.53,210,36,0
1788039603,61.53,210,36,0
1788039605,61.53,210,36,0
1788039608,61.53,210,36,0
1788039610,61.53,210,36,0
1788039612,61.53,210,36,0
1788039614,61.53,210,36,0
1788039616,61.53,210,36,0
1788039618,61.53,210,36,0
1788039620,61.53,210,36,0
1788039622,61.53,210,36,0
1788039624,61.53,210,36,0
1788039626,61.82,210,36,0
1788039628,61.82,210,36,0
1788039630,61.82,210,36,0
1788039632,61.46,210,36,0
1788039634,61.53,210,36,0
1788039636,61.82,210,36,0
1788039638,61.53,210,36,0
1788039640,61.53,210,36,0
1788039642,61.82,210,36,0
1788039644,61.53,210,36,0
1788039646,61.53,210,36,0
1788039648,61.53,210,36,0
1788039651,61.53,210,36,0
1788039653,61.53,210,36,0
1788039655,61.53,210,36,0
1788039657,61.53,210,36,0
1788039659,61.53,210,36,0
1788039661,61.53,210,36,0
1788039663,61.53,210,36,0
1788039665,61.53,210,36,0
1788039667,61.53,210,36,0
1788039669,61.53,210,36,0
1788039671,61.53,210,36,0
1788039673,61.53,210,36,0
1788039675,61.53,210,36,0
1788039677,61.53,210,36,0
1788039679,61.82,210,36,0
1788039681,61.53,210,36,0
1788039683,61.53,210,36,0
1788039685,61.53,210,36,0
1788039688,61.53,210,36,0
1788039690,61.82,210,36,0
1788039692,61.53,210,36,0
1788039694,61.53,210,36,0
1788039696,61.53,210,36,0
1788039698,61.53,210,36,0
1788039700,61.53,210,36,0
1788039702,61.53,210,36,0
1788039704,61.53,210,36,0
1788039706,61.82,210,36,0
1788039708,61.53,210,36,0
1788039710,61.53,210,36,0
1788039712,61.53,210,36,0
1788039714,61.53,210,36,0
1788039716,61.53,210,36,0
1788039718,61.53,210,36,0
1788039720,61.82,210,36,0
1788039722,61.53,210,36,0
1788039724,61.53,210,36,0
1788039726,61.82,210,36,0
1788039728,61.53,210,36,0
1788039730,61.53,210,36,0
1788039732,61.82,210,36,0
1788039735,61.53,210,36,0
1788039737,61.53,210,36,0
1788039739,61.53,210,36,0
1788039741,61.53,210,36,0
1788039743,61.82,210,36,0
1788039745,61.53,210,36,0
1788039747,61.53,210,36,0
1788039749,61.82,210,36,0
1788039751,61.53,210,36,0
1788039753,61.53,210,36,0
1788039755,61.53,210,36,0
1788039757,61.53,210,36,0
1788039759,61.53,210,36,0
1788039761,61.53,210,36,0
1788039763,61.53,210,36,0
1788039765,61.53,210,36,0
1788039767,61.53,210,36,0
1788039769,61.53,210,36,0
1788039771,61.53,210,36,0
1788039773,61.53,210,36,0
1788039776,61.53,210,36,0
1788039778,61.82,210,36,0
1788039780,61.82,210,36,0
1788039782,61.53,210,36,0
1788039784,61.53,210,36,0
1788039786,61.53,210,36,0
1788039788,61.53,210,36,0
1788039790,61.53,210,36,0
1788039792,61.53,210,36,0
1788039794,61.53,210,36,0
1788039796,61.53,210,36,0
1788039798,61.82,210,36,0
1788039800,61.53,210,36,0
1788039802,61.53,210,36,0
1788039804,61.53,210,36,0
1788039806,61.53,210,36,0
1788039808,61.53,210,36,0
1788039810,61.53,210,36,0
1788039812,61.53,210,36,0
1788039814,61.53,210,36,0
1788039816,61.53,210,36,0
1788039818,61.53,210,36,0
1788039821,61.53,210,36,0
1788039823,61.53,210,36,0
1788039825,61.53,210,36,0
1788039827,61.53,210,36,0
1788039829,61.53,210,36,0
1788039831,61.53,210,36,0
1788039833,61.53,210,36,0
1788039835,61.53,210,36,0
1788039837,61.82,210,36,0
1788039839,61.53,210,36,0
1788039841,61.53,210,36,0
1788039843,61.53,210,36,0
1788039845,61.53,210,36,0
1788039847,61.53,210,36,0
1788039849,61.53,210,36,0
1788039851,61.53,210,36,0
1788039853,61.53,210,36,0
1788039855,61.82,210,36,0
1788039857,61.53,210,36,0
1788039860,61.53,210,36,0
1788039862,61.82,210,36,0
1788039864,61.53,210,36,0
1788039866,61.53,210,36,0
1788039868,61.53,210,36,0
1788039870,61.82,210,36,0
1788039872,61.53,210,36,0
1788039874,61.53,210,36,0
1788039876,61.53,210,36,0
1788039878,61.53,210,36,0
1788039880,61.82,210,36,0
1788039882,61.53,210,36,0
1788039884,61.53,210,36,0
1788039886,61.53,210,36,0
1788039888,61.53,210,36,0
1788039890,61.53,210,36,0
1788039892,61.53,210,36,0
1788039894,61.82,210,36,0
1788039896,61.53,210,36,0
1788039899,61.53,210,36,0
1788039901,61.82,210,36,0
1788039903,61.53,210,36,0
1788039905,61.53,210,36,0
1788039907,61.53,210,36,0
1788039909,61.53,210,36,0
1788039911,61.53,210,36,0
1788039913,61.53,210,36,0
1788039915,61.53,210,36,0
1788039917,61.53,210,36,0
1788039919,61.53,210,36,0
1788039921,61.82,210,36,0
1788039923,61.53,210,36,0
1788039925,61.53,210,36,0
1788039927,61.82,210,36,0
1788039929,61.53,210,36,0
1788039931,61.53,210,36,0
1788039933,61.53,210,36,0
1788039936,61.53,210,36,0
1788039938,61.53,210,36,0
1788039940,61.53,210,36,0
1788039942,61.82,210,36,0
1788039944,61.53,210,36,0
1788039946,61.82,210,36,0
1788039948,61.53,210,36,0
1788039950,61.82,210,36,0
1788039952,61.53,210,36,0
1788039954,61.53,210,36,0
1788039956,62.11,210,36,0
1788039958,61.53,210,36,0
1788039960,61.53,210,36,0
1788039962,61.53,210,36,0
1788039964,61.53,210,36,0
1788039966,61.53,210,36,0
1788039968,61.82,210,36,0
1788039970,61.53,210,36,0
1788039972,61.53,210,36,0
1788039974,61.82,210,36,0
1788039977,61.53,210,36,0
1788039979,61.53,210,36,0
1788039981,61.53,210,36,0
1788039983,61.53,210,36,0
1788039985,61.53,210,36,0
1788039987,61.53,210,36,0
1788039989,61.53,210,36,0
1788039991,61.53,210,36,0
1788039993,61.53,210,36,0
1788039995,61.53,210,36,0
1788039997,61.53,210,36,0
1788039999,61.53,210,36,0
1788040001,61.53,210,36,0
1788040003,61.53,210,36,0
1788040005,61.82,210,36,0
1788040007,61.53,210,36,0
1788040009,61.53,210,36,0
1788040011,61.53,210,36,0
1788040013,61.53,210,36,0
1788040015,61.53,210,36,0
1788040017,61.53,210,36,0
1788040020,61.53,210,36,0
1788040022,61.82,210,36,0
1788040024,61.53,210,36,0
1788040026,61.53,210,36,0
1788040028,61.53,210,36,0
1788040030,61.53,210,36,0
1788040032,62.11,210,36,0
1788040034,61.53,210,36,0
1788040036,61.53,210,36,0
1788040038,61.53,210,36,0
1788040040,61.53,210,36,0
1788040042,61.82,210,36,0
1788040044,61.53,210,36,0
1788040046,61.53,210,36,0
1788040048,61.82,210,36,0
1788040050,61.53,210,36,0
1788040052,61.53,210,36,0
1788040054,61.82,210,36,0
1788040056,61.53,210,36,0
1788040058,61.53,210,36,0
1788040060,62.11,210,36,0
1788040063,61.53,210,36,0
1788040065,61.53,210,36,0
1788040067,61.53,210,36,0
1788040069,61.53,210,36,0
1788040071,61.53,210,36,0
1788040073,61.53,210,36,0
1788040075,61.53,210,36,0
1788040077,61.53,210,36,0
1788040079,61.53,210,36,0
1788040081,61.53,210,36,0
1788040083,61.82,210,36,0
1788040085,61.53,210,36,0
1788040087,61.82,210,36,0
1788040089,61.53,210,36,0
1788040091,61.53,210,36,0
1788040093,61.53,210,36,0
1788040095,61.53,210,36,0
1788040097,61.82,210,36,0
1788040099,61.53,210,36,0
1788040102,61.53,210,36,0
1788040104,61.53,210,36,0
1788040106,61.53,210,36,0
1788040108,61.53,210,36,0
1788040110,62.65,210,36,0
1788040112,61.82,210,36,0
1788040114,61.53,210,36,0
1788040116,61.53,210,36,0
1788040118,61.82,210,36,0
1788040120,61.53,210,36,0
1788040122,61.53,210,36,0
1788040124,61.53,210,36,0
1788040126,61.53,210,36,0
1788040128,61.82,210,36,0
1788040130,61.53,210,36,0
1788040132,61.53,210,36,0
1788040134,61.82,210,36,0
1788040137,61.53,210,36,0
1788040139,61.53,210,36,0
1788040141,61.53,210,36,0
1788040143,61.53,210,36,0
1788040145,61.82,210,36,0
1788040147,61.53,210,36,0
1788040149,61.53,210,36,0
1788040151,61.53,210,36,0
1788040153,61.53,210,36,0
1788040155,62.11,210,36,0
1788040157,61.53,210,36,0
1788040159,61.53,210,36,0
1788040161,61.53,210,36,0
1788040163,61.82,210,36,0
1788040165,61.53,210,36,0
1788040167,61.53,210,36,0
1788040169,61.53,210,36,0
1788040171,61.53,210,36,0
1788040173,61.82,210,36,0
1788040175,61.53,210,36,0
1788040177,61.53,210,36,0
1788040180,61.53,210,36,0
1788040182,61.53,210,36,0
1788040184,61.82,210,36,0
1788040186,61.53,210,36,0
1788040188,61.53,210,36,0
1788040190,61.53,210,36,0
1788040192,61.53,210,36,0
1788040194,61.53,210,36,0
1788040196,61.53,210,36,0
1788040198,61.53,210,36,0
1788040200,61.53,210,36,0
1788040202,61.53,210,36,0
1788040204,61.53,210,36,0
1788040207,61.82,210,36,0
1788040209,61.53,210,36,0
1788040211,61.53,210,36,0
1788040213,61.53,210,36,0
1788040215,61.53,210,36,0
1788040217,61.53,210,36,0
1788040219,61.53,210,36,0
1788040221,61.82,210,36,0
1788040223,61.53,210,36,0
1788040225,61.53,210,36,0
1788040227,61.53,210,36,0
1788040229,61.53,210,36,0
1788040231,61.82,210,36,0
1788040233,61.53,210,36,0
1788040235,61.53,210,36,0
1788040237,61.53,210,36,0
1788040239,61.53,210,36,0
1788040241,61.82,210,36,0
1788040243,61.53,210,36,0
1788040246,61.53,210,36,0
1788040248,61.53,210,36,0
1788040250,61.53,210,36,0
1788040252,61.82,210,36,0
1788040254,61.53,210,36,0
1788040256,61.53,210,36,0
1788040258,61.53,210,36,0
1788040260,61.53,210,36,0
1788040262,61.53,210,36,0
1788040264,61.53,210,36,0
1788040266,61.53,210,36,0
1788040268,61.53,210,36,0
1788040270,61.53,210,36,0
1788040272,61.53,210,36,0
1788040274,61.53,210,36,0
1788040276,61.53,210,36,0
1788040278,61.53,210,36,0
1788040280,61.53,210,36,0
1788040282,61.53,210,36,0
1788040284,61.53,210,36,0
1788040287,61.53,210,36,0
1788040289,61.53,210,36,0
1788040291,61.53,210,36,0
1788040293,61.53,210,36,0
1788040295,61.53,210,36,0
1788040297,61.53,210,36,0
1788040299,61.53,210,36,0
1788040301,61.53,210,36,0
1788040303,61.53,210,36,0
1788040305,61.53,210,36,0
1788040307,61.53,210,36,0
1788040309,61.53,210,36,0
1788040311,61.53,210,36,0
1788040313,61.82,210,36,0
1788040315,61.53,210,36,0
1788040317,61.53,210,36,0
1788040319,61.53,210,36,0
1788040321,61.53,210,36,0
1788040324,61.53,210,36,0
1788040326,61.82,210,36,0
1788040328,61.53,210,36,0
1788040330,61.53,210,36,0
1788040332,61.53,210,36,0
1788040334,61.53,210,36,0
1788040336,61.53,210,36,0
1788040338,61.53,210,36,0
1788040340,61.53,210,36,0
1788040342,61.82,210,36,0
1788040344,61.53,210,36,0
1788040346,61.53,210,36,0
1788040348,61.53,210,36,0
1788040350,61.53,210,36,0
1788040352,61.53,210,36,0
1788040354,61.53,210,36,0
1788040356,61.53,210,36,0
1788040358,61.53,210,36,0
1788040360,61.53,210,36,0
1788040362,61.53,210,36,0
1788040364,61.82,210,36,0
1788040366,61.53,210,36,0
1788040369,61.53,210,36,0
1788040371,61.53,210,36,0
1788040373,61.53,210,36,0
1788040375,61.53,210,36,0
1788040377,61.82,210,36,0
1788040379,61.53,210,36,0
1788040381,61.53,210,36,0
1788040383,61.82,210,36,0
1788040385,61.53,210,36,0
1788040387,61.53,210,36,0
1788040389,61.53,210,36,0
1788040391,61.82,210,36,0
1788040393,61.53,210,36,0
1788040395,61.53,210,36,0
1788040397,61.53,210,36,0
1788040399,61.53,210,36,0
1788040401,61.53,210,36,0
1788040403,61.53,210,36,0
1788040405,61.53,210,36,0
1788040407,61.53,210,36,0
1788040409,61.53,210,36,0
1788040412,61.53,210,36,0
1788040414,61.53,210,36,0
1788040416,61.53,210,36,0
1788040418,61.53,210,36,0
1788040420,61.53,210,36,0
1788040422,61.53,210,36,0
1788040424,61.82,210,36,0
1788040426,61.53,210,36,0
1788040428,61.53,210,36,0
1788040430,61.82,210,36,0
1788040432,61.53,210,36,0
1788040434,61.53,210,36,0
1788040436,61.82,210,36,0
1788040438,61.53,210,36,0
1788040440,61.53,210,36,0
1788040442,61.53,210,36,0
1788040444,61.53,210,36,0
1788040446,61.53,210,36,0
1788040448,61.53,210,36,0
1788040450,61.53,210,36,0
1788040452,61.53,210,36,0
1788040455,61.53,210,36,0
1788040457,61.53,210,36,0
1788040459,61.53,210,36,0
1788040461,61.82,210,36,0
1788040463,61.53,210,36,0
1788040465,61.53,210,36,0
1788040467,61.53,210,36,0
1788040469,61.53,210,36,0
1788040471,61.53,210,36,0
1788040473,61.53,210,36,0
1788040475,61.53,210,36,0
1788040477,61.53,210,36,0
1788040479,61.53,210,36,0
1788040481,61.53,210,36,0
1788040483,61.53,210,36,0
1788040485,61.53,210,36,0
1788040487,61.53,210,36,0
1788040489,61.53,210,36,0
1788040491,61.53,210,36,0
1788040493,61.53,210,36,0
1788040495,61.53,210,36,0
1788040498,61.53,210,36,0
1788040500,61.53,210,36,0
1788040502,61.53,210,36,0
1788040504,61.53,210,36,0
1788040506,61.53,210,36,0
1788040508,61.53,210,36,0
1788040510,61.53,210,36,0
1788040512,61.53,210,36,0
1788040514,61.53,210,36,0
1788040516,61.53,210,36,0
1788040518,61.53,210,36,0
1788040520,61.53,210,36,0
1788040522,61.53,210,36,0
1788040524,61.53,210,36,0
1788040526,61.53,210,36,0
1788040528,61.53,210,36,0
1788040530,61.53,210,36,0
1788040533,61.53,210,36,0
1788040535,61.53,210,36,0
1788040537,61.53,210,36,0
1788040539,61.53,210,36,0
1788040541,61.53,210,36,0
1788040543,61.53,210,36,0
1788040545,61.53,210,36,0
1788040547,61.53,210,36,0
1788040549,61.53,210,36,0
1788040551,61.53,210,36,0
1788040553,61.53,210,36,0
1788040555,61.53,210,36,0
1788040557,61.53,210,36,0
1788040559,61.53,210,36,0
1788040561,61.53,210,36,0
1788040563,61.82,210,36,0
1788040565,61.53,210,36,0
1788040567,61.53,210,36,0
1788040569,61.82,210,36,0
1788040571,61.53,210,36,0
1788040573,61.53,210,36,0
1788040576,61.53,210,36,0
1788040578,61.53,210,36,0
1788040580,61.53,210,36,0
1788040582,61.53,210,36,0
1788040584,61.53,210,36,0
1788040586,61.53,210,36,0
1788040588,61.53,210,36,0
1788040590,61.53,210,36,0
1788040592,61.53,210,36,0
1788040594,61.53,210,36,0
1788040596,61.53,210,36,0
1788040598,61.53,210,36,0
1788040600,61.53,210,36,0
1788040602,61.53,210,36,0
1788040604,61.82,210,36,0
1788040606,61.53,210,36,0
1788040608,61.53,210,36,0
1788040610,61.82,210,36,0
1788040612,61.53,210,36,0
1788040614,61.53,210,36,0
1788040616,61.53,210,36,0
1788040619,61.53,210,36,0
1788040621,61.53,210,36,0
1788040623,61.53,210,36,0
1788040625,61.53,210,36,0
1788040627,61.82,210,36,0
1788040629,61.53,210,36,0
1788040631,61.53,210,36,0
1788040633,61.53,210,36,0
1788040635,61.53,210,36,0
1788040637,61.53,210,36,0
1788040639,61.82,210,36,0
1788040641,61.53,210,36,0
1788040643,61.53,210,36,0
1788040645,61.53,210,36,0
1788040647,61.53,210,36,0
1788040649,61.53,210,36,0
1788040651,61.53,210,36,0
1788040653,61.53,210,36,0
1788040655,61.28,210,36,0
1788040658,61.53,210,36,0
1788040660,61.82,210,36,0
1788040662,61.53,210,36,0
1788040664,61.53,210,36,0
1788040666,61.53,210,36,0
1788040668,61.53,210,36,0
1788040670,61.39,210,36,0
1788040672,61.53,210,36,0
1788040674,61.53,210,36,0
1788040676,61.82,210,36,0
1788040678,61.53,210,36,0
1788040680,61.53,210,36,0
1788040682,61.53,210,36,0
1788040684,61.53,210,36,0
1788040686,61.53,210,36,0
1788040688,61.82,210,36,0
1788040690,61.53,210,36,0
1788040692,61.53,210,36,0
1788040694,61.53,210,36,0
1788040696,61.53,210,36,0
1788040698,61.53,210,36,0
1788040700,61.53,210,36,0
1788040703,61.53,210,36,0
1788040705,61.53,210,36,0
1788040707,61.53,210,36,0
1788040709,61.53,210,36,0
1788040711,61.53,210,36,0
1788040713,61.53,210,36,0
1788040715,61.82,210,36,0
1788040717,61.53,210,36,0
1788040719,61.53,210,36,0
1788040721,61.53,210,36,0
1788040723,61.53,210,36,0
1788040725,61.82,210,36,0
1788040727,61.53,210,36,0
1788040729,61.53,210,36,0
1788040731,61.53,210,36,0
1788040733,61.53,210,36,0
1788040735,61.53,210,36,0
1788040737,61.53,210,36,0
1788040739,61.53,210,36,0
1788040742,61.53,210,36,0
1788040744,61.53,210,36,0
1788040746,61.53,210,36,0
1788040748,61.53,210,36,0
1788040750,62.11,210,36,0
1788040752,61.53,210,36,0
1788040754,61.53,210,36,0
1788040756,61.82,210,36,0
1788040758,61.53,210,36,0
1788040760,61.53,210,36,0
1788040762,61.53,210,36,0
1788040764,61.53,210,36,0
1788040766,61.53,210,36,0
1788040768,61.53,210,36,0
1788040770,61.53,210,36,0
1788040772,61.53,210,36,0
1788040774,61.53,210,36,0
1788040776,61.53,210,36,0
1788040778,61.53,210,36,0
1788040780,61.53,210,36,0
1788040782,61.53,210,36,0
1788040784,61.53,210,36,0
1788040787,61.82,210,36,0
1788040789,61.53,210,36,0
1788040791,61.53,210,36,0
1788040793,61.53,210,36,0
1788040795,61.53,210,36,0
1788040797,61.28,210,36,0
1788040799,61.53,210,36,0
1788040801,61.53,210,36,0
1788040803,61.53,210,36,0
1788040805,61.53,210,36,0
1788040807,61.53,210,36,0
1788040809,61.53,210,36,0
1788040811,61.53,210,36,0
1788040813,61.53,210,36,0
1788040815,61.53,210,36,0
1788040817,61.53,210,36,0
1788040819,61.53,210,36,0
1788040821,61.53,210,36,0
1788040824,61.53,210,36,0
1788040826,61.53,210,36,0
1788040828,61.82,210,36,0
1788040830,62.11,210,36,0
1788040832,61.53,210,36,0
1788040834,61.53,210,36,0
1788040836,61.53,210,36,0
1788040838,61.53,210,36,0
1788040840,61.53,210,36,0
1788040842,61.82,210,36,0
1788040844,61.53,210,36,0
1788040846,61.53,210,36,0
1788040848,61.53,210,36,0
1788040850,61.53,210,36,0
1788040852,61.53,210,36,0
1788040854,61.53,210,36,0
1788040856,61.53,210,36,0
1788040858,61.53,210,36,0
1788040860,61.53,210,36,0
1788040862,61.53,210,36,0
1788040865,61.82,210,36,0
1788040867,61.53,210,36,0
1788040869,61.53,210,36,0
1788040871,61.53,210,36,0
1788040873,61.53,210,36,0
1788040875,61.53,210,36,0
1788040877,61.53,210,36,0
1788040879,61.53,210,36,0
1788040881,61.53,210,36,0
1788040883,61.53,210,36,0
1788040885,61.53,210,36,0
1788040887,61.53,210,36,0
1788040889,61.53,210,36,0
1788040891,61.53,210,36,0
1788040893,61.53,210,36,0
1788040895,61.53,210,36,0
1788040897,61.82,210,36,0
1788040899,61.53,210,36,0
1788040901,61.53,210,36,0
1788040903,61.53,210,36,0
1788040905,61.53,210,36,0
1788040908,61.82,210,36,0
1788040910,61.53,210,36,0
1788040912,61.53,210,36,0
1788040914,61.53,210,36,0
1788040916,61.53,210,36,0
1788040918,61.82,210,36,0
1788040920,61.28,210,36,0
1788040922,61.28,210,36,0
1788040924,61.53,210,36,0
1788040926,61.53,210,36,0
1788040928,61.53,210,36,0
1788040930,61.53,210,36,0
1788040932,61.53,210,36,0
1788040934,61.53,210,36,0
1788040936,61.28,210,36,0
1788040938,61.53,210,36,0
1788040940,61.82,210,36,0
1788040942,61.28,210,36,0
1788040944,61.53,210,36,0
1788040946,61.53,210,36,0
1788040949,61.53,210,36,0
1788040951,61.53,210,36,0
1788040953,61.53,210,36,0
1788040955,61.53,210,36,0
1788040957,61.53,210,36,0
1788040959,61.53,210,36,0
1788040961,61.53,210,36,0
1788040963,61.53,210,36,0
1788040965,61.53,210,36,0
1788040967,61.53,210,36,0
1788040969,61.53,210,36,0
1788040971,61.53,210,36,0
1788040973,61.53,210,36,0
1788040975,61.53,210,36,0
1788040977,61.53,210,36,0
1788040979,61.53,210,36,0
1788040981,61.82,210,36,0
1788040983,61.53,210,36,0
1788040985,61.53,210,36,0
1788040987,61.53,210,36,0
1788040990,61.28,210,36,0
1788040992,61.28,210,36,0
1788040994,61.53,210,36,0
1788040996,61.82,210,36,0
1788040998,61.53,210,36,0
1788041000,61.53,210,36,0
1788041002,61.53,210,36,0
1788041004,61.28,210,36,0
1788041006,61.82,210,36,0
1788041008,61.53,210,36,0
1788041010,61.53,210,36,0
1788041012,61.53,210,36,0
1788041014,61.53,210,36,0
1788041016,61.53,210,36,0
1788041018,61.28,210,36,0
1788041020,61.53,210,36,0
1788041022,61.53,210,36,0
1788041024,61.28,210,36,0
1788041026,61.53,210,36,0
1788041028,61.53,210,36,0
1788041030,61.53,210,36,0
1788041033,61.28,210,36,0
1788041035,61.82,210,36,0
1788041037,61.53,210,36,0
1788041039,61.53,210,36,0
1788041041,61.53,210,36,0
1788041043,61.53,210,36,0
1788041045,61.53,210,36,0
1788041047,61.53,210,36,0
1788041049,61.53,210,36,0
1788041051,61.53,210,36,0
1788041053,61.53,210,36,0
1788041055,61.53,210,36,0
1788041057,61.53,210,36,0
1788041059,61.53,210,36,0
1788041061,61.53,210,36,0
1788041063,61.53,210,36,0
1788041065,61.53,210,36,0
1788041067,61.82,210,36,0
1788041069,61.53,210,36,0
1788041071,61.53,210,36,0
1788041074,61.53,210,36,0
1788041076,61.53,210,36,0
1788041078,61.68,210,36,0
1788041080,61.82,210,36,0
1788041082,61.53,210,36,0
1788041084,61.28,210,36,0
1788041086,61.53,210,36,0
1788041088,61.53,210,36,0
1788041090,61.53,210,36,0
1788041092,61.53,210,36,0
1788041094,61.53,210,36,0
1788041096,61.53,210,36,0
1788041098,61.53,210,36,0
1788041100,61.53,210,36,0
1788041102,61.82,210,36,0
1788041104,61.53,210,36,0
1788041106,61.53,210,36,0
1788041108,61.53,210,36,0
1788041111,61.53,210,36,0
1788041113,61.53,210,36,0
1788041115,61.53,210,36,0
1788041117,61.53,210,36,0
1788041119,61.53,210,36,0
1788041121,61.53,210,36,0
1788041123,61.53,210,36,0
1788041125,61.82,210,36,0
1788041127,61.53,210,36,0
1788041129,61.53,210,36,0
1788041131,61.53,210,36,0
1788041133,61.53,210,36,0
1788041135,61.28,210,36,0
1788041137,61.53,210,36,0
1788041139,61.53,210,36,0
1788041141,61.53,210,36,0
1788041143,61.53,210,36,0
1788041145,61.53,210,36,0
1788041147,61.53,210,36,0
1788041149,61.53,210,36,0
1788041151,61.53,210,36,0
1788041154,61.53,210,36,0
1788041156,61.53,210,36,0
1788041158,61.53,210,36,0
1788041160,61.82,210,36,0
1788041162,61.53,210,36,0
1788041164,61.53,210,36,0
1788041166,61.53,210,36,0
1788041168,61.53,210,36,0
1788041170,61.53,210,36,0
1788041172,61.53,210,36,0
1788041174,61.53,210,36,0
1788041176,61.53,210,36,0
1788041178,61.53,210,36,0
1788041180,61.53,210,36,0
1788041182,61.53,210,36,0
1788041184,61.53,210,36,0
1788041186,61.53,210,36,0
1788041188,61.28,210,36,0
1788041190,61.82,210,36,0
1788041192,61.53,210,36,0
1788041194,61.53,210,36,0
1788041197,61.53,210,36,0
1788041199,61.53,210,36,0
1788041201,61.53,210,36,0
1788041203,61.53,210,36,0
1788041205,61.53,210,36,0
1788041207,61.53,210,36,0
1788041209,61.53,210,36,0
1788041211,61.28,210,36,0
1788041213,61.82,210,36,0
1788041215,61.53,210,36,0
1788041217,61.53,210,36,0
1788041219,61.28,210,36,0
1788041221,61.53,210,36,0
1788041223,61.53,210,36,0
1788041225,61.53,210,36,0
1788041227,61.28,210,36,0
1788041229,61.53,210,36,0
1788041231,61.53,210,36,0
1788041233,61.53,210,36,0
1788041235,61.53,210,36,0
1788041237,61.53,210,36,0
1788041240,61.53,210,36,0
1788041242,61.53,210,36,0
1788041244,61.53,210,36,0
1788041246,61.53,210,36,0
1788041248,61.53,210,36,0
1788041250,61.53,210,36,0
1788041252,61.53,210,36,0
1788041254,61.28,210,36,0
1788041256,61.28,210,36,0
1788041258,61.28,210,36,0
1788041260,61.53,210,36,0
1788041262,61.28,210,36,0
1788041264,61.28,210,36,0
1788041266,61.53,210,36,0
1788041268,61.53,210,36,0
1788041270,61.53,210,36,0
1788041272,61.82,210,36,0
1788041274,61.53,210,36,0
1788041276,61.53,210,36,0
1788041278,61.53,210,36,0
1788041280,61.82,210,36,0
1788041282,61.53,210,36,0
1788041285,61.53,210,36,0
1788041287,61.53,210,36,0
1788041289,61.53,210,36,0
1788041291,61.53,210,36,0
1788041293,61.53,210,36,0
1788041295,61.53,210,36,0
1788041297,61.53,210,36,0
1788041299,61.53,210,36,0
1788041301,61.53,210,36,0
1788041303,61.53,210,36,0
1788041305,61.53,210,36,0
1788041307,61.53,210,36,0
1788041309,61.53,210,36,0
1788041311,61.53,210,36,0
1788041313,61.82,210,36,0
1788041315,61.53,210,36,0
1788041317,61.53,210,36,0
1788041319,61.53,210,36,0
1788041321,61.53,210,36,0
1788041323,61.53,210,36,0
1788041326,61.28,210,36,0
1788041328,61.53,210,36,0
1788041330,61.53,210,36,0
1788041332,61.53,210,36,0
1788041334,61.53,210,36,0
1788041336,61.53,210,36,0
1788041338,61.53,210,36,0
1788041340,61.28,210,36,0
1788041342,61.53,210,36,0
1788041344,61.82,210,36,0
1788041346,61.53,210,36,0
1788041348,61.28,210,36,0
1788041350,61.53,210,36,0
1788041352,61.53,210,36,0
1788041354,61.53,210,36,0
1788041356,61.28,210,36,0
1788041358,61.53,210,36,0
1788041360,61.53,210,36,0
1788041363,61.53,210,36,0
1788041365,61.53,210,36,0
1788041367,61.53,210,36,0
1788041369,61.53,210,36,0
1788041371,61.53,210,36,0
1788041373,61.53,210,36,0
1788041375,61.53,210,36,0
1788041377,61.53,210,36,0
1788041379,61.53,210,36,0
1788041381,61.53,210,36,0
1788041383,61.53,210,36,0
1788041385,61.53,210,36,0
1788041387,61.53,210,36,0
1788041389,61.53,210,36,0
1788041391,61.53,210,36,0
1788041393,61.28,210,36,0
1788041395,61.82,210,36,0
1788041397,61.53,210,36,0
1788041399,61.28,210,36,0
1788041402,61.28,210,36,0
1788041404,61.53,210,36,0
1788041406,61.53,210,36,0
1788041408,61.28,210,36,0
1788041410,61.53,210,36,0
1788041412,61.53,210,36,0
1788041414,61.53,210,36,0
1788041416,61.53,210,36,0
1788041418,61.53,210,36,0
1788041420,61.53,210,36,0
1788041422,61.53,210,36,0
1788041424,61.53,210,36,0
1788041426,61.53,210,36,0
1788041428,61.82,210,36,0
1788041430,61.53,210,36,0
1788041432,61.53,210,36,0
1788041434,61.82,210,36,0
1788041436,61.53,210,36,0
1788041438,61.53,210,36,0
1788041440,61.53,210,36,0
1788041442,61.53,210,36,0
1788041444,61.53,210,36,0
1788041447,61.53,210,36,0
1788041449,61.53,210,36,0
1788041451,61.53,210,36,0
1788041453,61.53,210,36,0
1788041455,61.53,210,36,0
1788041457,61.53,210,36,0
1788041459,61.53,210,36,0
1788041461,61.53,210,36,0
1788041463,61.28,210,36,0
1788041465,61.53,210,36,0
1788041467,61.53,210,36,0
1788041469,61.53,210,36,0
1788041471,61.53,210,36,0
1788041473,61.53,210,36,0
1788041475,61.53,210,36,0
1788041477,61.53,210,36,0
1788041479,61.82,210,36,0
1788041481,61.53,210,36,0
1788041483,61.53,210,36,0
1788041485,61.53,210,36,0
1788041487,61.53,210,36,0
1788041490,61.28,210,36,0
1788041492,61.28,210,36,0
1788041494,61.53,210,36,0
1788041496,61.82,210,36,0
1788041498,61.28,210,36,0
1788041500,62.36,210,36,0
1788041502,61.53,210,36,0
1788041504,61.53,210,36,0
1788041506,61.53,210,36,0
1788041508,61.53,210,36,0
1788041510,61.53,210,36,0
1788041512,61.53,210,36,0
1788041514,61.53,210,36,0
1788041516,61.53,210,36,0
1788041518,61.53,210,36,0
1788041520,61.53,210,36,0
1788041522,61.28,210,36,0
1788041524,61.53,210,36,0
1788041526,61.53,210,36,0
1788041528,61.53,210,36,0
1788041530,61.53,210,36,0
1788041533,61.53,210,36,0
1788041535,61.53,210,36,0
1788041537,61.53,210,36,0
1788041539,61.53,210,36,0
1788041541,61.53,210,36,0
1788041543,61.53,210,36,0
1788041545,61.28,210,36,0
1788041547,61.28,210,36,0
1788041549,61.53,210,36,0
1788041551,61.82,210,36,0
1788041553,61.53,210,36,0
1788041555,61.53,210,36,0
1788041557,61.53,210,36,0
1788041559,61.28,210,36,0
1788041561,61.82,210,36,0
1788041563,61.53,210,36,0
1788041565,61.53,210,36,0
1788041567,61.53,210,36,0
1788041569,61.53,210,36,0
1788041571,61.53,210,36,0
1788041574,61.53,210,36,0
1788041576,61.82,210,36,0
1788041578,61.53,210,36,0
1788041580,61.53,210,36,0
1788041582,61.53,210,36,0
1788041584,61.53,210,36,0
1788041586,61.82,210,36,0
1788041588,61.53,210,36,0
1788041590,61.53,210,36,0
1788041592,61.28,210,36,0
1788041594,61.53,210,36,0
1788041596,61.53,210,36,0
1788041598,61.53,210,36,0
1788041600,61.53,210,36,0
1788041602,61.28,210,36,0
1788041604,61.53,210,36,0
1788041606,61.53,210,36,0
1788041608,61.53,210,36,0
1788041610,61.53,210,36,0
1788041612,61.53,210,36,0
1788041614,61.53,210,36,0
1788041617,61.28,210,36,0
1788041619,61.53,210,36,0
1788041621,61.28,210,36,0
1788041623,61.53,210,36,0
1788041625,61.53,210,36,0
1788041627,61.53,210,36,0
1788041629,61.53,210,36,0
1788041631,61.53,210,36,0
1788041633,61.53,210,36,0
1788041635,61.53,210,36,0
1788041637,61.82,210,36,0
1788041639,61.53,210,36,0
1788041641,61.53,210,36,0
1788041643,61.53,210,36,0
1788041645,61.53,210,36,0
1788041647,61.53,210,36,0
1788041649,61.53,210,36,0
1788041651,61.82,210,36,0
1788041653,61.53,210,36,0
1788041655,61.53,210,36,0
1788041658,61.53,210,36,0
1788041660,61.53,210,36,0
1788041662,61.53,210,36,0
1788041664,61.53,210,36,0
1788041666,61.53,210,36,0
1788041668,61.53,210,36,0
1788041670,61.53,210,36,0
1788041672,61.28,210,36,0
1788041674,61.53,210,36,0
1788041676,61.46,210,36,0
1788041678,61.53,210,36,0
1788041680,61.53,210,36,0
1788041682,61.53,210,36,0
1788041684,61.53,210,36,0
1788041686,61.28,210,36,0
1788041688,61.53,210,36,0
1788041690,61.53,210,36,0
1788041692,61.53,210,36,0
1788041694,61.53,210,36,0
1788041696,61.53,210,36,0
1788041698,61.53,210,36,0
1788041700,61.53,210,36,0
1788041702,61.53,210,36,0
1788041705,61.82,210,36,0
1788041707,61.53,210,36,0
1788041709,61.53,210,36,0
1788041711,61.53,210,36,0
1788041713,61.53,210,36,0
1788041715,61.53,210,36,0
1788041717,61.82,210,36,0
1788041719,61.53,210,36,0
1788041721,61.53,210,36,0
1788041723,61.53,210,36,0
1788041725,61.82,210,36,0
1788041727,61.53,210,36,0
1788041729,61.53,210,36,0
1788041731,61.82,210,36,0
1788041733,61.53,210,36,0
1788041735,61.53,210,36,0
1788041737,61.28,210,36,0
1788041739,61.53,210,36,0
1788041741,61.82,210,36,0
1788041743,61.53,210,36,0
1788041746,61.53,210,36,0
1788041748,61.82,210,36,0
1788041750,61.53,210,36,0
1788041752,61.53,210,36,0
1788041754,61.53,210,36,0
1788041756,61.53,210,36,0
1788041758,61.53,210,36,0
1788041760,61.53,210,36,0
1788041762,61.53,210,36,0
1788041764,61.53,210,36,0
1788041766,61.53,210,36,0
1788041768,61.82,210,36,0
1788041770,61.53,210,36,0
1788041772,61.53,210,36,0
1788041774,61.53,210,36,0
1788041776,61.53,210,36,0
1788041778,61.53,210,36,0
1788041780,61.53,210,36,0
1788041782,61.53,210,36,0
1788041784,61.53,210,36,0
1788041786,61.53,210,36,0
1788041788,61.53,210,36,0
1788041790,61.53,210,36,0
1788041793,61.28,210,36,0
1788041795,61.53,210,36,0
1788041797,61.53,210,36,0
1788041799,61.53,210,36,0
1788041801,61.82,210,36,0
1788041803,61.53,210,36,0
1788041805,61.53,210,36,0
1788041807,61.53,210,36,0
1788041809,61.53,210,36,0
1788041811,61.82,210,36,0
1788041813,61.53,210,36,0
1788041815,61.28,210,36,0
1788041817,61.53,210,36,0
1788041819,61.53,210,36,0
1788041821,61.53,210,36,0
1788041823,61.53,210,36,0
1788041825,61.53,210,36,0
1788041827,61.53,210,36,0
1788041829,61.53,210,36,0
1788041832,61.53,210,36,0
1788041834,61.82,210,36,0
1788041836,61.53,210,36,0
1788041838,61.28,210,36,0
1788041840,61.53,210,36,0
1788041842,61.53,210,36,0
1788041844,61.53,210,36,0
1788041846,61.82,210,36,0
1788041848,61.53,210,36,0
1788041850,61.53,210,36,0
1788041852,61.53,210,36,0
1788041854,61.53,210,36,0
1788041856,61.53,210,36,0
1788041858,61.53,210,36,0
1788041860,61.53,210,36,0
1788041862,61.53,210,36,0
1788041864,61.53,210,36,0
1788041866,61.53,210,36,0
1788041868,61.53,210,36,0
1788041870,61.53,210,36,0
1788041872,61.53,210,36,0
1788041875,61.28,210,36,0
1788041877,61.53,210,36,0
1788041879,61.82,210,36,0
1788041881,61.53,210,36,0
1788041883,61.28,210,36,0
1788041885,61.53,210,36,0
1788041887,61.53,210,36,0
1788041889,61.82,210,36,0
1788041891,61.28,210,36,0
1788041893,61.53,210,36,0
1788041895,61.53,210,36,0
1788041897,61.53,210,36,0
1788041899,61.28,210,36,0
1788041901,61.53,210,36,0
1788041903,61.53,210,36,0
1788041905,61.53,210,36,0
1788041907,61.53,210,36,0
1788041909,61.53,210,36,0
1788041911,61.53,210,36,0
1788041913,61.53,210,36,0
1788041916,61.53,210,36,0
1788041918,61.53,210,36,0
1788041920,61.82,210,36,0
1788041922,61.53,210,36,0
1788041924,61.53,210,36,0
1788041926,61.53,210,36,0
1788041928,61.53,210,36,0
1788041930,61.53,210,36,0
1788041932,61.53,210,36,0
1788041934,61.53,210,36,0
1788041936,61.28,210,36,0
1788041938,61.53,210,36,0
1788041940,61.53,210,36,0
1788041942,61.53,210,36,0
1788041944,61.53,210,36,0
1788041946,61.53,210,36,0
1788041948,61.53,210,36,0
1788041950,61.53,210,36,0
1788041952,61.53,210,36,0
1788041954,61.53,210,36,0
1788041956,61.53,210,36,0
1788041959,61.53,210,36,0
1788041961,61.82,210,36,0
1788041963,61.53,210,36,0
1788041965,61.53,210,36,0
1788041967,61.53,210,36,0
1788041969,61.53,210,36,0
1788041971,61.53,210,36,0
1788041973,61.53,210,36,0
1788041975,61.53,210,36,0
1788041977,61.53,210,36,0
1788041979,61.53,210,36,0
1788041981,61.82,210,36,0
1788041983,61.53,210,36,0
1788041985,61.53,210,36,0
1788041987,61.53,210,36,0
1788041989,61.53,210,36,0
1788041991,61.82,210,36,0
1788041993,61.53,210,36,0
1788041995,61.53,210,36,0
1788041997,61.53,210,36,0
1788042000,61.53,210,36,0
1788042002,61.82,210,36,0
1788042004,61.53,210,36,0
1788042006,61.53,210,36,0
1788042008,61.53,210,36,0
1788042010,62.11,210,36,0
1788042012,61.53,210,36,0
1788042014,61.53,210,36,0
1788042016,61.53,210,36,0
1788042018,61.28,210,36,0
1788042020,61.53,210,36,0
1788042022,61.53,210,36,0
1788042024,61.53,210,36,0
1788042026,61.28,210,36,0
1788042028,61.53,210,36,0
1788042030,61.53,210,36,0
1788042032,61.53,210,36,0
1788042034,61.53,210,36,0
1788042037,61.53,210,36,0
1788042039,61.82,210,36,0
1788042041,61.53,210,36,0
1788042043,61.53,210,36,0
1788042045,61.53,210,36,0
1788042047,61.53,210,36,0
1788042049,61.82,210,36,0
1788042051,61.53,210,36,0
1788042053,61.53,210,36,0
1788042055,61.53,210,36,0
1788042057,61.53,210,36,0
1788042059,61.53,210,36,0
1788042061,61.53,210,36,0
1788042063,61.53,210,36,0
1788042065,61.53,210,36,0
1788042067,61.53,210,36,0
1788042069,61.53,210,36,0
1788042071,61.82,210,36,0
1788042073,61.53,210,36,0
1788042076,61.53,210,36,0
1788042078,61.53,210,36,0
1788042080,62.36,210,36,0
1788042082,61.53,210,36,0
1788042084,61.53,210,36,0
1788042086,61.53,210,36,0
1788042088,61.53,210,36,0
1788042090,61.53,210,36,0
1788042092,61.28,210,36,0
1788042094,61.82,210,36,0
1788042096,61.53,210,36,0
1788042098,61.53,210,36,0
1788042100,61.53,210,36,0
1788042102,61.53,210,36,0
1788042104,61.53,210,36,0
1788042106,61.82,210,36,0
1788042109,61.53,210,36,0
1788042111,61.53,210,36,0
1788042113,61.53,210,36,0
1788042115,61.53,210,36,0
1788042117,61.53,210,36,0
1788042119,61.82,210,36,0
1788042121,61.53,210,36,0
1788042123,61.53,210,36,0
1788042125,61.53,210,36,0
1788042127,61.28,210,36,0
1788042129,61.53,210,36,0
1788042131,61.28,210,36,0
1788042133,61.53,210,36,0
1788042135,61.28,210,36,0
1788042137,61.53,210,36,0
1788042139,61.28,210,36,0
1788042141,61.53,210,36,0
1788042143,61.53,210,36,0
1788042145,61.53,210,36,0
1788042148,61.53,210,36,0
1788042150,61.53,210,36,0
1788042152,61.53,210,36,0
1788042154,61.53,210,36,0
1788042156,61.53,210,36,0
1788042158,61.53,210,36,0
1788042160,61.53,210,36,0
1788042162,61.28,210,36,0
1788042164,61.53,210,36,0
1788042166,61.53,210,36,0
1788042168,61.53,210,36,0
1788042170,61.53,210,36,0
1788042172,61.28,210,36,0
1788042174,61.53,210,36,0
1788042176,61.53,210,36,0
1788042178,61.53,210,36,0
1788042180,61.53,210,36,0
1788042182,61.82,210,36,0
1788042184,61.53,210,36,0
1788042186,61.53,210,36,0
1788042189,61.53,210,36,0
1788042191,61.53,210,36,0
1788042193,61.53,210,36,0
1788042195,61.53,210,36,0
1788042197,61.53,210,36,0
1788042199,61.28,210,36,0
1788042201,61.28,210,36,0
1788042203,61.28,210,36,0
1788042205,61.53,210,36,0
1788042207,61.53,210,36,0
1788042209,61.53,210,36,0
1788042211,61.53,210,36,0
1788042213,61.53,210,36,0
1788042215,61.28,210,36,0
1788042217,61.53,210,36,0
1788042219,61.53,210,36,0
1788042221,61.53,210,36,0
1788042223,61.53,210,36,0
1788042225,61.53,210,36,0
1788042228,61.53,210,36,0
1788042230,61.53,210,36,0
1788042232,61.53,210,36,0
1788042234,61.53,210,36,0
1788042236,61.53,210,36,0
1788042238,61.53,210,36,0
1788042240,61.53,210,36,0
1788042242,61.53,210,36,0
1788042244,61.82,210,36,0
1788042246,61.53,210,36,0
1788042248,61.53,210,36,0
1788042250,61.53,210,36,0
1788042252,61.53,210,36,0
1788042254,61.82,210,36,0
1788042256,61.53,210,36,0
1788042258,61.53,210,36,0
1788042260,61.28,210,36,0
1788042262,61.53,210,36,0
1788042264,61.53,210,36,0
1788042266,61.82,210,36,0
1788042268,61.28,210,36,0
1788042271,61.53,210,36,0
1788042273,61.53,210,36,0
1788042275,61.28,210,36,0
1788042277,61.53,210,36,0
1788042279,61.53,210,36,0
1788042281,61.53,210,36,0
1788042283,61.28,210,36,0
1788042285,61.53,210,36,0
1788042287,61.53,210,36,0
1788042289,61.53,210,36,0
1788042291,61.53,210,36,0
1788042293,61.28,210,36,0
1788042295,61.53,210,36,0
1788042297,61.53,210,36,0
1788042299,61.53,210,36,0
1788042301,61.53,210,36,0
1788042303,61.53,210,36,0
1788042305,61.53,210,36,0
1788042307,61.53,210,36,0
1788042309,61.53,210,36,0
1788042312,61.82,210,36,0
1788042314,61.53,210,36,0
1788042316,61.82,210,36,0
1788042318,61.28,210,36,0
1788042320,62.36,210,36,0
1788042322,61.53,210,36,0
1788042324,61.53,210,36,0
1788042326,61.53,210,36,0
1788042328,61.53,210,36,0
1788042330,61.53,210,36,0
1788042332,61.53,210,36,0
1788042334,61.28,210,36,0
1788042336,61.53,210,36,0
1788042338,61.53,210,36,0
1788042340,61.53,210,36,0
1788042342,61.53,210,36,0
1788042344,61.28,210,36,0
1788042346,61.53,210,36,0
1788042348,61.53,210,36,0
1788042350,61.53,210,36,0
1788042352,61.53,210,36,0
1788042354,61.53,210,36,0
1788042357,61.53,210,36,0
1788042359,61.53,210,36,0
1788042361,61.53,210,36,0
1788042363,61.53,210,36,0
1788042365,61.53,210,36,0
1788042367,61.53,210,36,0
1788042369,61.53,210,36,0
1788042371,61.53,210,36,0
1788042373,61.28,210,36,0
1788042375,61.53,210,36,0
1788042377,61.53,210,36,0
1788042379,61.53,210,36,0
1788042381,61.53,210,36,0
1788042383,61.53,210,36,0
1788042385,61.82,210,36,0
1788042387,61.53,210,36,0
1788042389,61.53,210,36,0
1788042391,61.53,210,36,0
1788042393,61.53,210,36,0
1788042396,61.53,210,36,0
1788042398,61.28,210,36,0
1788042400,61.53,210,36,0
1788042402,61.53,210,36,0
1788042404,61.28,210,36,0
1788042406,61.53,210,36,0
1788042408,61.53,210,36,0
1788042410,61.53,210,36,0
1788042412,61.53,210,36,0
1788042414,61.53,210,36,0
1788042416,61.82,210,36,0
1788042418,61.28,210,36,0
1788042420,61.28,210,36,0
1788042422,61.53,210,36,0
1788042424,61.28,210,36,0
1788042426,61.53,210,36,0
1788042428,61.53,210,36,0
1788042430,61.53,210,36,0
1788042432,61.82,210,36,0
1788042434,61.53,210,36,0
1788042437,61.53,210,36,0
1788042439,61.53,210,36,0
1788042441,61.28,210,36,0
1788042443,61.82,210,36,0
1788042445,61.53,210,36,0
1788042447,61.53,210,36,0
1788042449,61.53,210,36,0
1788042451,61.53,210,36,0
1788042453,61.53,210,36,0
1788042455,61.82,210,36,0
1788042457,61.53,210,36,0
1788042459,61.53,210,36,0
1788042461,61.28,210,36,0
1788042463,61.28,210,36,0
1788042465,61.53,210,36,0
1788042467,61.53,210,36,0
1788042469,61.28,210,36,0
1788042472,61.53,210,36,0
1788042474,61.53,210,36,0
1788042476,61.28,210,36,0
1788042478,61.53,210,36,0
1788042480,61.53,210,36,0
1788042482,61.82,210,36,0
1788042484,61.28,210,36,0
1788042486,61.53,210,36,0
1788042488,61.28,210,36,0
1788042490,61.53,210,36,0
1788042492,61.53,210,36,0
1788042494,61.53,210,36,0
1788042496,61.53,210,36,0
1788042498,61.28,210,36,0
1788042500,61.53,210,36,0
1788042502,61.82,210,36,0
1788042505,61.53,210,36,0
1788042507,61.53,210,36,0
1788042509,61.82,210,36,0
1788042511,61.53,210,36,0
1788042513,61.53,210,36,0
1788042515,61.53,210,36,0
1788042517,61.53,210,36,0
1788042519,61.53,210,36,0
1788042521,61.53,210,36,0
1788042523,61.53,210,36,0
1788042525,61.53,210,36,0
1788042527,61.53,210,36,0
1788042529,61.53,210,36,0
1788042531,61.53,210,36,0
1788042533,61.28,210,36,0
1788042535,61.53,210,36,0
1788042537,61.28,210,36,0
1788042540,61.53,210,36,0
1788042542,61.28,210,36,0
1788042544,61.28,210,36,0
1788042546,61.28,210,36,0
1788042548,61.53,210,36,0
1788042550,61.53,210,36,0
1788042552,61.28,210,36,0
1788042554,61.82,210,36,0
1788042556,61.53,210,36,0
1788042558,61.28,210,36,0
1788042560,61.53,210,36,0
1788042562,61.53,210,36,0
1788042564,61.53,210,36,0
1788042566,61.28,210,36,0
1788042568,61.53,210,36,0
1788042570,61.53,210,36,0
1788042572,61.53,210,36,0
1788042574,61.28,210,36,0
1788042576,61.28,210,36,0
1788042578,61.53,210,36,0
1788042580,61.53,210,36,0
1788042583,61.28,210,36,0
1788042585,61.53,210,36,0
1788042587,61.53,210,36,0
1788042589,61.53,210,36,0
1788042591,61.53,210,36,0
1788042593,61.53,210,36,0
1788042595,61.28,210,36,0
1788042597,61.28,210,36,0
1788042599,61.53,210,36,0
1788042601,61.53,210,36,0
1788042603,61.28,210,36,0
1788042605,61.28,210,36,0
1788042607,61.53,210,36,0
1788042609,61.82,210,36,0
1788042611,61.28,210,36,0
1788042613,61.28,210,36,0
1788042615,61.53,210,36,0
1788042617,61.28,210,36,0
1788042619,61.28,210,36,0
1788042622,61.28,210,36,0
1788042624,61.53,210,36,0
1788042626,61.82,210,36,0
1788042628,61.28,210,36,0
1788042630,62.36,210,36,0
1788042632,61.28,210,36,0
1788042634,61.28,210,36,0
1788042636,61.53,210,36,0
1788042638,61.28,210,36,0
1788042640,61.53,210,36,0
1788042642,61.28,210,36,0
1788042644,61.28,210,36,0
1788042646,61.53,210,36,0
1788042648,61.53,210,36,0
1788042650,61.28,210,36,0
1788042652,61.53,210,36,0
1788042654,61.53,210,36,0
1788042656,61.53,210,36,0
1788042658,61.53,210,36,0
1788042660,61.53,210,36,0
1788042662,61.28,210,36,0
1788042665,61.28,210,36,0
1788042667,61.28,210,36,0
1788042669,61.53,210,36,0
1788042671,61.53,210,36,0
1788042673,61.28,210,36,0
1788042675,61.28,210,36,0
1788042677,61.28,210,36,0
1788042679,61.53,210,36,0
1788042681,61.28,210,36,0
1788042683,61.53,210,36,0
1788042685,61.53,210,36,0
1788042687,61.53,210,36,0
1788042689,61.28,210,36,0
1788042691,61.53,210,36,0
1788042693,61.53,210,36,0
1788042695,61.28,210,36,0
1788042697,61.53,210,36,0
1788042699,61.53,210,36,0
1788042701,61.53,210,36,0
1788042704,61.53,210,36,0
1788042706,61.53,210,36,0
1788042708,61.53,210,36,0
1788042710,62.36,210,36,0
1788042712,61.53,210,36,0
1788042714,61.82,210,36,0
1788042716,61.53,210,36,0
1788042718,61.53,210,36,0
1788042720,61.53,210,36,0
1788042722,61.53,210,36,0
1788042724,61.53,210,36,0
1788042726,61.53,210,36,0
1788042728,61.28,210,36,0
1788042730,61.28,210,36,0
1788042732,61.28,210,36,0
1788042734,61.28,210,36,0
1788042736,61.28,210,36,0
1788042738,61.82,210,36,0
1788042740,61.28,210,36,0
1788042742,61.28,210,36,0
1788042744,61.28,210,36,0
1788042746,61.53,210,36,0
1788042749,61.53,210,36,0
1788042751,61.28,210,36,0
1788042753,61.28,210,36,0
1788042755,61.28,210,36,0
1788042757,61.28,210,36,0
1788042759,61.53,210,36,0
1788042761,61.28,210,36,0
1788042763,61.53,210,36,0
1788042765,61.28,210,36,0
1788042767,61.53,210,36,0
1788042769,61.28,210,36,0
1788042771,61.53,210,36,0
1788042773,61.28,210,36,0
1788042775,61.53,210,36,0
1788042777,61.53,210,36,0
1788042779,61.28,210,36,0
1788042782,61.28,210,36,0
1788042784,61.53,210,36,0
1788042786,61.53,210,36,0
1788042788,61.53,210,36,0
1788042790,62.36,210,36,0
1788042792,61.53,210,36,0
1788042794,61.53,210,36,0
1788042796,61.28,210,36,0
1788042798,61.53,210,36,0
1788042800,61.28,210,36,0
1788042802,61.28,210,36,0
1788042804,61.28,210,36,0
1788042806,61.53,210,36,0
1788042808,61.28,210,36,0
1788042810,61.28,210,36,0
1788042812,61.82,210,36,0
1788042814,61.28,210,36,0
1788042816,61.28,210,36,0
1788042818,61.28,210,36,0
1788042820,61.28,210,36,0
1788042822,61.82,210,36,0
1788042824,61.28,210,36,0
1788042827,61.28,210,36,0
1788042829,61.28,210,36,0
1788042831,61.28,210,36,0
1788042833,61.53,210,36,0
1788042835,61.28,210,36,0
1788042837,61.28,210,36,0
1788042839,61.28,210,36,0
1788042841,61.53,210,36,0
1788042843,61.28,210,36,0
1788042845,61.28,210,36,0
1788042847,61.28,210,36,0
1788042849,61.28,210,36,0
1788042851,61.53,210,36,0
1788042853,61.53,210,36,0
1788042855,61.28,210,36,0
1788042858,61.28,210,36,0
1788042860,61.53,210,36,0
1788042862,61.28,210,36,0
1788042864,61.28,210,36,0
1788042866,61.28,210,36,0
1788042868,61.28,210,36,0
1788042870,62.36,210,36,0
1788042872,61.28,210,36,0
1788042874,61.28,210,36,0
1788042876,61.28,210,36,0
1788042878,61.28,210,36,0
1788042880,61.28,210,36,0
1788042882,61.53,210,36,0
1788042884,61.53,210,36,0
1788042886,61.53,210,36,0
1788042888,61.28,210,36,0
1788042890,61.28,210,36,0
1788042892,61.53,210,36,0
1788042894,61.28,210,36,0
1788042896,61.28,210,36,0
1788042899,61.28,210,36,0
1788042901,61.28,210,36,0
1788042903,61.28,210,36,0
1788042905,61.28,210,36,0
1788042907,61.28,210,36,0
1788042909,61.28,210,36,0
1788042911,61.28,210,36,0
1788042913,61.28,210,36,0
1788042915,61.28,210,36,0
1788042917,61.28,210,36,0
1788042919,61.28,210,36,0
1788042921,61.53,210,36,0
1788042923,61.53,210,36,0
1788042925,61.28,210,36,0
1788042927,61.28,210,36,0
1788042930,61.28,210,36,0
1788042932,61.28,210,36,0
1788042934,61.28,210,36,0
1788042936,61.53,210,36,0
1788042938,61.28,210,36,0
1788042940,61.28,210,36,0
1788042942,61.53,210,36,0
1788042944,61.28,210,36,0
1788042946,61.53,210,36,0
1788042948,61.28,210,36,0
1788042950,61.28,210,36,0
1788042952,61.28,210,36,0
1788042954,61.28,210,36,0
1788042956,61.28,210,36,0
1788042958,61.53,210,36,0
1788042960,61.28,210,36,0
1788042962,61.53,210,36,0
1788042964,61.53,210,36,0
1788042966,61.28,210,36,0
1788042969,61.28,210,36,0
1788042971,61.82,210,36,0
1788042973,61.28,210,36,0
1788042975,61.28,210,36,0
1788042977,61.28,210,36,0
1788042979,61.28,210,36,0
1788042981,61.53,210,36,0
1788042983,61.53,210,36,0
1788042985,61.28,210,36,0
1788042987,61.28,210,36,0
1788042989,61.53,210,36,0
1788042991,61.28,210,36,0
1788042993,61.28,210,36,0
1788042995,61.28,210,36,0
1788042997,61.28,210,36,0
1788042999,61.53,210,36,0
1788043001,61.28,210,36,0
1788043003,61.28,210,36,0
1788043005,61.28,210,36,0
1788043007,61.28,210,36,0
1788043009,61.28,210,36,0
1788043011,61.82,210,36,0
1788043014,61.28,210,36,0
1788043016,61.28,210,36,0
1788043018,61.28,210,35,0
1788043020,62.11,210,36,0
1788043022,61.28,210,36,0
1788043024,61.28,210,36,0
1788043026,61.28,210,36,0
1788043028,61.28,210,36,0
1788043030,61.53,210,36,0
1788043032,61.28,210,36,0
1788043034,61.28,210,36,0
1788043036,61.28,210,36,0
1788043038,61.28,210,35,0
1788043040,61.53,210,36,0
1788043042,61.28,210,36,0
1788043044,61.28,210,35,0
1788043046,61.28,210,35,0
1788043048,61.28,210,35,0
1788043050,61.28,210,35,0
1788043052,61.53,210,36,0
1788043054,61.53,210,35,0
1788043057,61.53,210,35,0
1788043059,61.28,210,35,0
1788043061,61.28,210,35,0
1788043063,61.28,210,35,0
1788043065,61.28,210,35,0
1788043067,61.53,210,35,0
1788043069,61.28,210,35,0
1788043071,61.28,210,35,0
1788043073,61.53,210,35,0
1788043075,61.28,210,35,0
1788043077,61.53,210,35,0
1788043079,61.28,210,35,0
1788043081,61.28,210,35,0
1788043083,61.53,210,35,0
1788043085,61.28,210,35,0
1788043087,61.28,210,35,0
1788043089,61.28,210,35,0
1788043091,61.28,210,35,0
1788043093,61.28,210,35,0
1788043095,61.53,210,35,0
1788043097,61.53,210,35,0
1788043099,61.28,210,35,0
1788043102,61.53,210,35,0
1788043104,61.28,210,35,0
1788043106,61.28,210,36,0
1788043108,61.28,210,35,0
1788043110,62.36,210,36,0
1788043112,61.28,210,36,0
1788043114,61.53,210,35,0
1788043116,61.28,210,36,0
1788043118,61.28,210,35,0
1788043120,61.28,210,36,0
1788043122,61.28,210,35,0
1788043124,61.28,210,35,0
1788043126,61.28,210,35,0
1788043128,61.28,210,35,0
1788043130,61.53,210,35,0
1788043132,61.28,210,35,0
1788043134,61.53,210,35,0
1788043136,61.28,210,35,0
1788043138,61.28,210,35,0
1788043140,61.53,210,35,0
1788043142,61.28,210,35,0
1788043145,61.28,210,35,0
1788043147,61.28,210,35,0
1788043149,61.28,210,35,0
1788043151,61.28,210,35,0
1788043153,61.28,210,35,0
1788043155,61.28,210,35,0
1788043157,61.53,210,35,0
1788043159,61.28,210,35,0
1788043161,61.28,210,35,0
1788043163,61.28,210,35,0
1788043165,61.28,210,35,0
1788043167,61.28,210,35,0
1788043169,61.28,210,35,0
1788043171,61.28,210,35,0
1788043173,61.28,210,35,0
1788043175,61.53,210,35,0
1788043177,61.28,210,35,0
1788043179,61.28,210,35,0
1788043181,61.28,210,35,0
1788043184,61.28,210,35,0
1788043186,61.53,210,35,0
1788043188,61.82,210,35,0
1788043190,61.53,210,35,0
1788043192,61.28,210,35,0
1788043194,61.53,210,35,0
1788043196,61.28,210,35,0
1788043198,61.28,210,35,0
1788043200,61.53,210,35,0
1788043202,61.28,210,35,0
1788043204,61.28,210,35,0
1788043206,61.39,210,35,0
1788043208,61.28,210,35,0
1788043210,61.28,210,35,0
1788043212,61.28,210,35,0
1788043214,61.28,210,35,0
1788043216,61.28,210,35,0
1788043218,61.28,210,35,0
1788043220,61.28,210,35,0
1788043222,61.28,210,35,0
1788043225,61.28,210,35,0
1788043227,61.28,210,35,0
1788043229,61.28,210,35,0
1788043231,61.28,210,35,0
1788043233,61.28,210,35,0
1788043235,61.28,210,35,0
1788043237,61.28,210,35,0
1788043239,61.28,210,35,0
1788043241,61.28,210,35,0
1788043243,61.28,210,35,0
1788043245,61.53,210,35,0
1788043247,61.28,210,35,0
1788043249,61.28,210,35,0
1788043251,61.28,210,35,0
1788043253,61.28,210,35,0
1788043255,61.53,210,35,0
1788043257,61.28,210,35,0
1788043259,61.28,210,35,0
1788043261,61.28,210,35,0
1788043263,61.28,210,35,0
1788043265,61.28,210,35,0
1788043268,61.28,210,35,0
1788043270,61.28,210,35,0
1788043272,61.28,210,35,0
1788043274,61.28,210,35,0
1788043276,61.28,210,35,0
1788043278,61.28,210,35,0
1788043280,61.53,210,35,0
1788043282,61.28,210,35,0
1788043284,61.28,210,35,0
1788043286,61.28,210,35,0
1788043288,61.28,210,35,0
1788043290,61.28,210,35,0
1788043292,61.28,210,35,0
1788043294,61.28,210,35,0
1788043296,61.53,210,35,0
1788043298,61.28,210,35,0
1788043300,61.28,210,35,0
1788043302,61.53,210,35,0
1788043304,61.28,210,35,0
1788043306,61.28,210,35,0
1788043308,61.82,210,35,0
1788043310,61.28,210,35,0
1788043312,61.28,210,35,0
1788043315,61.28,210,35,0
1788043317,61.28,210,35,0
1788043319,61.53,210,36,0
1788043321,61.28,210,35,0
1788043323,61.53,210,35,0
1788043325,61.28,210,35,0
1788043327,61.28,210,35,0
1788043329,61.28,210,35,0
1788043331,61.53,210,35,0
1788043333,61.28,210,35,0
1788043335,61.28,210,35,0
1788043337,61.28,210,35,0
1788043339,61.28,210,35,0
1788043341,61.28,210,35,0
1788043343,61.28,210,35,0
1788043345,61.53,210,35,0
1788043347,61.28,210,35,0
1788043350,61.28,210,35,0
1788043352,61.28,210,35,0
1788043354,61.28,210,35,0
1788043356,61.28,210,35,0
1788043358,61.28,210,35,0
1788043360,62.36,210,35,0
1788043362,61.28,210,35,0
1788043364,61.82,210,35,0
1788043366,61.28,210,35,0
1788043368,61.28,210,35,0
1788043370,61.53,210,35,0
1788043372,61.28,210,35,0
1788043374,61.53,210,35,0
1788043376,61.28,210,35,0
1788043378,61.28,210,35,0
1788043380,61.53,210,35,0
1788043382,61.28,210,35,0
1788043385,61.28,210,35,0
1788043387,61.28,210,35,0
1788043389,61.28,210,35,0
1788043391,61.82,210,35,0
1788043393,61.53,210,35,0
1788043395,61.28,210,35,0
1788043397,61.28,210,35,0
1788043399,61.53,210,35,0
1788043401,61.28,210,35,0
1788043403,61.28,210,35,0
1788043405,61.28,210,35,0
1788043407,61.28,210,35,0
1788043409,61.28,210,35,0
1788043411,61.53,210,35,0
1788043413,61.28,210,35,0
1788043415,61.28,210,35,0
1788043417,61.28,210,35,0
1788043419,61.28,210,35,0
1788043421,61.28,210,35,0
1788043424,61.82,210,35,0
1788043426,61.28,210,35,0
1788043428,61.53,210,35,0
1788043430,61.28,210,35,0
1788043432,61.28,210,35,0
1788043434,61.28,210,35,0
1788043436,61.28,210,35,0
1788043438,61.28,210,35,0
1788043440,61.53,210,35,0
1788043442,61.28,210,35,0
1788043444,61.28,210,35,0
1788043446,61.28,210,35,0
1788043448,61.28,210,35,0
1788043450,61.28,210,35,0
1788043452,61.28,210,35,0
1788043454,61.53,210,35,0
1788043456,61.28,210,35,0
1788043458,61.53,210,35,0
1788043461,61.28,210,35,0
1788043463,61.28,210,35,0
1788043465,61.82,210,35,0
1788043467,61.28,210,35,0
1788043469,61.28,210,35,0
1788043471,61.28,210,35,0
1788043473,61.28,210,35,0
1788043475,61.53,210,35,0
1788043477,61.28,210,35,0
1788043479,61.28,210,35,0
1788043481,61.53,210,35,0
1788043483,61.28,210,35,0
1788043485,61.53,210,35,0
1788043487,61.28,210,35,0
1788043489,61.28,210,35,0
1788043491,61.28,210,35,0
1788043493,61.28,210,35,0
1788043495,61.53,210,35,0
1788043497,61.28,210,35,0
1788043499,61.28,210,35,0
1788043502,61.28,210,35,0
1788043504,61.28,210,35,0
1788043506,61.82,210,35,0
1788043508,61.28,210,35,0
1788043510,62.11,210,35,0
1788043512,61.82,210,35,0
1788043514,61.28,210,35,0
1788043516,61.28,210,35,0
1788043518,61.28,210,35,0
1788043520,61.28,210,35,0
1788043522,61.82,210,35,0
1788043524,61.53,210,35,0
1788043526,61.28,210,35,0
1788043528,61.28,210,35,0
1788043530,61.28,210,35,0
1788043532,61.82,210,35,0
1788043534,61.28,210,35,0
1788043536,61.28,210,35,0
1788043538,61.28,210,35,0
1788043541,61.28,210,35,0
1788043543,61.28,210,35,0
1788043545,61.53,210,35,0
1788043547,61.28,210,35,0
1788043549,61.28,210,35,0
1788043551,61.28,210,35,0
1788043553,61.28,210,35,0
1788043555,61.28,210,35,0
1788043557,61.28,210,35,0
1788043559,61.28,210,35,0
1788043561,61.28,210,35,0
1788043563,61.28,210,35,0
1788043565,61.53,210,35,0
1788043567,61.28,210,35,0
1788043569,61.28,210,35,0
1788043571,61.28,210,35,0
1788043573,61.28,210,35,0
1788043575,61.53,210,35,0
1788043577,61.28,210,35,0
1788043579,61.28,210,35,0
1788043582,61.28,210,35,0
1788043584,61.28,210,35,0
1788043586,61.53,210,35,0
1788043588,61.28,210,35,0
1788043590,61.28,210,35,0
1788043592,61.28,210,35,0
1788043594,61.53,210,35,0
1788043596,61.28,210,35,0
1788043598,61.28,210,35,0
1788043600,61.28,210,35,0
1788043602,61.28,210,35,0
1788043604,61.28,210,35,0
1788043606,61.28,210,35,0
1788043608,61.28,210,35,0
1788043610,61.28,210,35,0
1788043613,61.28,210,35,0
1788043615,61.28,210,35,0
1788043617,61.28,210,35,0
1788043619,61.28,210,35,0
1788043621,61.53,210,35,0
1788043623,61.28,210,35,0
1788043625,61.28,210,35,0
1788043627,61.28,210,35,0
1788043629,61.28,210,35,0
1788043631,61.82,210,35,0
1788043633,61.28,210,35,0
1788043635,61.28,210,35,0
1788043637,61.28,210,35,0
1788043639,61.28,210,35,0
1788043641,61.28,210,35,0
1788043643,61.53,210,35,0
1788043645,61.28,210,35,0
1788043647,61.28,210,35,0
1788043649,61.28,210,35,0
1788043651,61.28,210,35,0
1788043653,61.28,210,35,0
1788043655,61.53,210,35,0
1788043658,61.28,210,35,0
1788043660,61.28,210,35,0
1788043662,61.53,210,35,0
1788043664,61.28,210,35,0
1788043666,61.28,210,35,0
1788043668,61.28,210,35,0
1788043670,61.28,210,35,0
1788043672,61.28,210,35,0
1788043674,61.28,210,35,0
1788043676,61.28,210,35,0
1788043678,61.53,210,35,0
1788043680,61.28,210,35,0
1788043682,61.28,210,35,0
1788043684,61.28,210,35,0
1788043686,61.53,210,35,0
1788043688,61.28,210,35,0
1788043690,61.28,210,35,0
1788043692,61.28,210,35,0
1788043694,61.28,210,35,0
1788043696,61.28,210,35,0
1788043698,61.28,210,35,0
1788043701,61.53,210,35,0
1788043703,61.28,210,35,0
1788043705,61.28,210,35,0
1788043707,61.53,210,35,0
1788043709,61.28,210,35,0
1788043711,61.28,210,35,0
1788043713,61.28,210,35,0
1788043715,61.28,210,35,0
1788043717,61.28,210,35,0
1788043719,61.28,210,35,0
1788043721,61.28,210,35,0
1788043723,61.53,210,35,0
1788043725,61.28,210,35,0
1788043727,61.28,210,35,0
1788043729,61.28,210,35,0
1788043731,61.28,210,35,0
1788043733,61.53,210,35,0
1788043735,61.28,210,35,0
1788043737,61.28,210,35,0
1788043739,61.28,210,35,0
1788043741,61.28,210,35,0
1788043744,61.28,210,35,0
1788043746,61.53,210,35,0
1788043748,61.28,210,35,0
1788043750,61.28,210,35,0
1788043752,61.28,210,35,0
1788043754,61.28,210,35,0
1788043756,61.53,210,35,0
1788043758,61.28,210,35,0
1788043760,61.28,210,35,0
1788043762,61.28,210,35,0
1788043764,61.28,210,35,0
1788043766,61.28,210,35,0
1788043768,61.28,210,35,0
1788043770,61.28,210,35,0
1788043772,61.28,210,35,0
1788043774,61.28,210,35,0
1788043776,61.28,210,35,0
1788043778,61.28,210,35,0
1788043780,61.28,210,35,0
1788043782,61.53,210,35,0
1788043784,61.28,210,35,0
1788043786,61.28,210,35,0
1788043788,61.28,210,35,0
1788043791,61.28,210,35,0
1788043793,61.28,210,35,0
1788043795,61.28,210,35,0
1788043797,61.28,210,35,0
1788043799,61.53,210,35,0
1788043801,61.28,210,35,0
1788043803,61.28,210,35,0
1788043805,61.28,210,35,0
1788043807,61.28,210,35,0
1788043809,61.28,210,35,0
1788043811,61.28,210,35,0
1788043813,61.28,210,35,0
1788043815,61.28,210,35,0
1788043817,61.28,210,35,0
1788043819,61.53,210,35,0
1788043821,61.28,210,35,0
1788043823,61.28,210,35,0
1788043825,61.28,210,35,0
1788043827,61.28,210,35,0
1788043829,61.28,210,35,0
1788043831,61.53,210,35,0
1788043834,61.28,210,35,0
1788043836,61.28,210,35,0
1788043838,61.28,210,35,0
1788043840,61.28,210,35,0
1788043842,61.82,210,35,0
1788043844,61.28,210,35,0
1788043846,61.28,210,35,0
1788043848,61.28,210,35,0
1788043850,61.28,210,35,0
1788043852,61.53,210,35,0
1788043854,61.28,210,35,0
1788043856,61.28,210,35,0
1788043858,61.28,210,35,0
1788043860,61.28,210,35,0
1788043862,61.28,210,35,0
1788043864,61.53,210,35,0
1788043866,61.28,210,35,0
1788043868,61.28,210,35,0
1788043870,61.28,210,35,0
1788043872,61.28,210,35,0
1788043874,61.28,210,35,0
1788043877,61.28,210,35,0
1788043879,61.28,210,35,0
1788043881,61.53,210,35,0
1788043883,61.28,210,35,0
1788043885,61.28,210,35,0
1788043887,61.53,210,35,0
1788043889,61.53,210,35,0
1788043891,61.28,210,35,0
1788043893,61.28,210,35,0
1788043895,61.28,210,35,0
1788043897,61.28,210,35,0
1788043899,61.28,210,35,0
1788043901,61.28,210,35,0
1788043903,61.28,210,35,0
1788043905,61.28,210,35,0
1788043907,61.28,210,35,0
1788043909,61.28,210,35,0
1788043911,61.28,210,35,0
1788043914,61.28,210,35,0
1788043916,61.28,210,35,0
1788043918,61.28,210,35,0
1788043920,61.82,210,35,0
1788043922,61.53,210,35,0
1788043924,61.28,210,35,0
1788043926,61.53,210,35,0
1788043928,61.28,210,35,0
1788043930,61.28,210,35,0
1788043932,61.28,210,35,0
1788043934,61.28,210,35,0
1788043936,61.28,210,35,0
1788043938,61.28,210,35,0
1788043940,61.28,210,35,0
1788043942,61.53,210,35,0
1788043944,61.28,210,35,0
1788043946,61.53,210,35,0
1788043948,61.28,210,35,0
1788043950,61.28,210,35,0
1788043952,61.53,210,35,0
1788043954,61.28,210,35,0
1788043957,61.28,210,35,0
1788043959,61.28,210,35,0
1788043961,61.28,210,35,0
1788043963,61.28,210,35,0
1788043965,61.53,210,35,0
1788043967,61.28,210,35,0
1788043969,61.28,210,35,0
1788043971,61.28,210,35,0
1788043973,61.28,210,35,0
1788043975,61.28,210,35,0
1788043977,61.28,210,35,0
1788043979,61.53,210,35,0
1788043981,61.28,210,35,0
1788043983,61.28,210,35,0
1788043985,61.28,210,35,0
1788043987,61.28,210,35,0
1788043989,61.53,210,35,0
1788043991,61.28,210,35,0
1788043994,61.28,210,35,0
1788043996,61.28,210,35,0
1788043998,61.28,210,35,0
1788044000,62.36,210,35,0
1788044002,61.82,210,35,0
1788044004,61.28,210,35,0
1788044006,61.28,210,35,0
1788044008,61.28,210,35,0
1788044010,61.28,210,36,0
1788044012,61.28,210,36,0
1788044014,61.28,210,36,0
1788044016,61.28,210,36,0
1788044018,61.28,210,35,0
1788044020,61.28,210,36,0
1788044022,61.28,210,35,0
1788044025,61.28,210,35,0
1788044027,61.53,210,35,0
1788044029,61.28,210,35,0
1788044031,61.28,210,35,0
1788044033,61.28,210,35,0
1788044035,61.28,210,35,0
1788044037,61.28,210,35,0
1788044039,61.28,210,36,0
1788044041,61.28,210,36,0
1788044043,61.53,210,35,0
1788044045,61.28,210,35,0
1788044047,61.28,210,35,0
1788044049,61.28,210,35,0
1788044051,61.28,210,35,0
1788044053,61.28,210,35,0
1788044055,61.28,210,35,0
1788044057,61.28,210,35,0
1788044059,61.28,210,35,0
1788044062,61.28,210,35,0
1788044064,61.28,210,36,0
1788044066,61.82,210,36,0
1788044068,61.53,210,35,0
1788044070,61.53,210,35,0
1788044072,61.28,210,35,0
1788044074,61.28,210,35,0
1788044076,61.28,210,35,0
1788044078,61.53,210,35,0
1788044080,61.28,210,35,0
1788044082,61.53,210,35,0
1788044084,61.28,210,35,0
1788044086,61.28,210,35,0
1788044088,61.28,210,35,0
1788044090,61.28,210,36,0
1788044092,61.28,210,36,0
1788044094,61.28,210,36,0
1788044096,61.28,210,36,0
1788044098,61.28,210,35,0
1788044100,61.28,210,36,0
1788044102,61.28,210,36,0
1788044105,61.28,210,35,0
1788044107,61.28,210,35,0
1788044109,61.28,210,35,0
1788044111,61.28,210,36,0
1788044113,61.82,210,36,0
1788044115,61.28,210,36,0
1788044117,61.53,210,36,0
1788044119,61.28,210,35,0
1788044121,61.28,210,35,0
1788044123,61.53,210,35,0
1788044125,61.53,210,35,0
1788044127,61.53,210,35,0
1788044129,61.28,210,35,0
1788044131,61.21,210,36,0
1788044133,61.82,210,35,0
1788044135,61.28,210,35,0
1788044137,61.28,210,35,0
1788044139,61.28,210,36,0
1788044141,61.28,210,36,0
1788044143,61.53,210,36,0
1788044146,61.28,210,35,0
1788044148,61.28,210,35,0
1788044150,61.82,210,35,0
1788044152,61.28,210,35,0
1788044154,61.28,210,35,0
1788044156,61.28,210,35,0
1788044158,61.28,210,35,0
1788044160,61.28,210,35,0
1788044162,61.28,210,35,0
1788044164,61.28,210,35,0
1788044166,61.28,210,35,0
1788044168,61.28,210,35,0
1788044170,61.28,210,35,0
1788044172,61.28,210,35,0
1788044174,61.28,210,35,0
1788044176,61.53,210,35,0
1788044178,61.28,210,35,0
1788044180,61.28,210,35,0
1788044182,61.53,210,35,0
1788044184,61.28,210,35,0
1788044187,61.28,210,35,0
1788044189,61.28,210,35,0
1788044191,61.28,210,35,0
1788044193,61.28,210,35,0
1788044195,61.53,210,35,0
1788044197,61.28,210,35,0
1788044199,61.28,210,35,0
1788044201,61.28,210,35,0
1788044203,61.53,210,35,0
1788044205,61.28,210,35,0
1788044207,61.28,210,35,0
1788044209,61.28,210,35,0
1788044211,61.28,210,35,0
1788044213,61.28,210,35,0
1788044215,61.21,210,35,0
1788044217,61.28,210,35,0
1788044219,61.53,210,35,0
1788044221,61.28,210,35,0
1788044223,61.28,210,35,0
1788044225,61.28,210,35,0
1788044228,61.28,210,35,0
1788044230,61.53,210,35,0
1788044232,61.28,210,35,0
1788044234,61.28,210,35,0
1788044236,61.28,210,35,0
1788044238,61.53,210,35,0
1788044240,61.28,210,35,0
1788044242,61.28,210,35,0
1788044244,61.53,210,35,0
1788044246,61.28,210,35,0
1788044248,61.28,210,35,0
1788044250,61.28,210,35,0
1788044252,61.28,210,35,0
1788044254,61.28,210,35,0
1788044256,61.28,210,35,0
1788044258,61.28,210,35,0
1788044260,61.28,210,35,0
1788044262,61.28,210,35,0
1788044264,61.28,210,35,0
1788044266,61.28,210,35,0
1788044268,61.28,210,35,0
1788044270,61.28,210,35,0
1788044272,61.28,210,35,0
1788044275,61.28,210,35,0
1788044277,61.28,210,35,0
1788044279,61.28,210,35,0
1788044281,61.53,210,35,0
1788044283,61.28,210,35,0
1788044285,61.53,210,35,0
1788044287,61.28,210,35,0
1788044289,61.28,210,35,0
1788044291,61.28,210,35,0
1788044293,61.28,210,35,0
1788044295,61.28,210,35,0
1788044297,61.28,210,35,0
1788044299,61.53,210,35,0
1788044301,61.28,210,35,0
1788044303,61.28,210,35,0
1788044305,61.53,210,35,0
1788044307,61.28,210,35,0
1788044309,61.28,210,35,0
1788044311,61.28,210,35,0
1788044313,61.28,210,35,0
1788044316,61.21,210,35,0
1788044318,61.28,210,35,0
1788044320,61.82,210,35,0
1788044322,61.28,210,35,0
1788044324,61.28,210,35,0
1788044326,61.28,210,35,0
1788044328,61.28,210,35,0
1788044330,61.28,210,35,0
1788044332,61.28,210,35,0
1788044334,61.28,210,35,0
1788044336,61.53,210,35,0
1788044338,61.28,210,35,0
1788044340,61.28,210,35,0
1788044342,61.53,210,35,0
1788044344,61.28,210,35,0
1788044346,61.28,210,35,0
1788044348,61.28,210,35,0
1788044350,61.28,210,35,0
1788044352,61.28,210,35,0
1788044354,61.28,210,35,0
1788044356,61.28,210,35,0
1788044359,61.28,210,35,0
1788044361,61.28,210,35,0
1788044363,61.28,210,35,0
1788044365,61.28,210,35,0
1788044367,61.28,210,35,0
1788044369,61.28,210,35,0
1788044371,61.28,210,36,0
1788044373,61.53,210,35,0
1788044375,61.28,210,35,0
1788044377,61.28,210,36,0
1788044379,61.82,210,35,0
1788044381,61.28,210,36,0
1788044383,61.28,210,35,0
1788044385,61.28,210,36,0
1788044388,61.28,210,35,0
1788044390,61.53,210,35,0
1788044392,61.53,210,35,0
1788044394,61.82,210,35,0
1788044396,61.28,210,36,0
1788044398,61.28,210,35,0
1788044400,61.53,210,36,0
1788044402,61.28,210,36,0
1788044404,61.28,210,35,0
1788044406,61.28,210,35,0
1788044408,61.28,210,36,0
1788044410,61.53,210,36,0
1788044412,61.28,210,36,0
1788044414,61.28,210,36,0
1788044416,61.53,210,36,0
1788044418,61.28,210,36,0
1788044420,61.28,210,36,0
1788044422,61.28,210,36,0
1788044424,61.53,210,36,0
1788044426,61.28,210,36,0
1788044428,61.53,210,36,0
1788044430,61.82,210,36,0
1788044432,61.28,210,36,0
1788044435,61.28,210,36,0
1788044437,61.28,210,36,0
1788044439,61.28,210,35,0
1788044441,61.28,210,36,0
1788044443,61.53,210,35,0
1788044445,61.28,210,35,0
1788044447,61.53,210,35,0
1788044449,61.28,210,35,0
1788044451,61.28,210,36,0
1788044453,61.28,210,35,0
1788044455,61.28,210,35,0
1788044457,61.53,210,35,0
1788044459,61.28,210,35,0
1788044461,61.53,210,35,0
1788044463,61.28,210,35,0
1788044465,61.28,210,35,0
1788044467,61.28,210,35,0
1788044470,61.53,210,35,0
1788044472,61.53,210,35,0
1788044474,61.28,210,35,0
1788044476,61.28,210,35,0
1788044478,61.28,210,35,0
1788044480,62.36,210,36,0
1788044482,61.53,210,35,0
1788044484,61.28,210,36,0
1788044486,61.28,210,35,0
1788044488,61.28,210,35,0
1788044490,61.28,210,35,0
1788044492,61.28,210,35,0
1788044494,61.28,210,35,0
1788044496,61.28,210,35,0
1788044498,61.28,210,35,0
1788044500,61.28,210,36,0
1788044502,61.28,210,35,0
1788044504,61.28,210,35,0
1788044506,61.28,210,35,0
1788044508,61.28,210,35,0
1788044510,61.28,210,35,0
1788044512,61.28,210,35,0
1788044515,61.28,210,35,0
1788044517,61.28,210,35,0
1788044519,61.53,210,35,0
1788044521,61.28,210,35,0
1788044523,61.28,210,35,0
1788044525,61.28,210,36,0
1788044527,61.28,210,35,0
1788044529,61.53,210,36,0
1788044531,61.28,210,35,0
1788044533,61.53,210,35,0
1788044535,61.28,210,35,0
1788044537,61.28,210,35,0
1788044539,61.53,210,35,0
1788044541,61.28,210,35,0
1788044543,61.28,210,35,0
1788044545,61.28,210,35,0
1788044547,61.28,210,35,0
1788044549,61.28,210,35,0
1788044551,61.28,210,35,0
1788044553,61.53,210,35,0
1788044556,61.28,210,35,0
1788044558,61.28,210,35,0
1788044560,61.53,210,35,0
1788044562,61.28,210,35,0
1788044564,61.28,210,35,0
1788044566,61.28,210,35,0
1788044568,61.53,210,35,0
1788044570,61.28,210,35,0
1788044572,61.28,210,35,0
1788044574,61.28,210,35,0
1788044576,61.28,210,35,0
1788044578,61.28,210,35,0
1788044580,61.28,210,35,0
1788044582,61.28,210,35,0
1788044584,61.28,210,35,0
1788044586,61.28,210,35,0
1788044588,61.28,210,35,0
1788044590,61.28,210,35,0
1788044592,61.28,210,35,0
1788044595,61.28,210,35,0
1788044597,61.53,210,35,0
1788044599,61.82,210,35,0
1788044601,61.28,210,35,0
1788044603,61.28,210,35,0
1788044605,61.53,210,35,0
1788044607,61.28,210,35,0
1788044609,61.28,210,35,0
1788044611,61.28,210,35,0
1788044613,61.28,210,35,0
1788044615,61.53,210,35,0
1788044617,61.28,210,35,0
1788044619,61.28,210,35,0
1788044621,61.53,210,35,0
1788044623,61.28,210,35,0
1788044626,61.28,210,35,0
1788044628,72.60,1275,36,0
1788044630,72.93,1275,37,0
1788044632,308.60,1395,48,99
1788044634,86.66,1410,40,15
1788044636,180.76,1410,43,100
1788044638,315.34,1305,50,93
1788044640,87.78,1410,41,14
1788044642,76.49,1275,39,9
1788044644,76.73,1275,39,16
1788044646,76.49,1275,38,16
1788044648,278.67,1275,45,31
1788044650,85.06,1410,41,0
1788044652,74.05,1275,39,0
1788044654,73.76,1275,38,0
1788044656,73.76,1275,38,0
1788044658,74.58,1275,38,0
1788044660,73.46,1275,38,0
1788044662,73.46,1275,38,0
1788044664,73.46,1275,38,0
1788044666,73.46,1275,38,0
1788044668,73.46,1275,38,0
1788044670,74.29,1275,38,0
1788044672,73.46,1275,38,0
1788044675,73.14,1275,38,0
1788044677,73.46,1275,38,0
1788044679,73.46,1275,38,0
1788044681,72.93,1275,38,1
1788044683,82.09,1410,38,0
1788044685,61.82,210,37,0
1788044687,73.76,1275,37,0
1788044689,73.22,1275,37,0
1788044691,73.22,1275,37,0
1788044693,87.78,1395,46,84
1788044695,86.52,1410,41,14
1788044697,74.58,1275,39,0
1788044699,103.21,1410,42,100
1788044701,156.94,1320,47,87
1788044703,88.02,1410,42,13
1788044705,76.73,1275,40,14
1788044707,76.20,1275,39,15
1788044709,76.49,1275,39,16
1788044711,73.76,1275,38,0
1788044713,85.06,1410,42,0
1788044716,75.37,1275,40,0
1788044718,74.05,1275,39,0
1788044720,74.05,1275,38,0
1788044722,82.87,1410,39,7
1788044724,62.11,225,37,0
1788044726,91.83,1410,41,92
1788044728,88.67,1410,41,15
1788044730,99.71,1410,43,100
1788044732,100.24,1410,44,99
1788044734,89.10,1410,43,7
1788044736,77.27,1275,40,14
1788044738,77.02,1275,39,14
1788044740,76.73,1275,39,15
1788044742,73.76,1275,39,7
1788044744,85.06,1410,43,0
1788044746,74.83,1275,40,0
1788044748,73.96,1275,39,0
1788044750,73.46,1275,39,0
1788044753,73.46,1275,38,0
1788044755,82.43,1380,38,43
1788044757,73.76,345,39,0
1788044759,75.57,1275,37,0
1788044761,309.42,1335,48,80
1788044763,88.13,1410,41,15
1788044765,74.05,1275,39,0
1788044767,104.04,1410,41,99
1788044769,176.73,1410,45,100
1788044771,89.10,1410,43,14
1788044773,77.27,1275,41,11
1788044775,77.02,1275,40,16
1788044777,76.73,1275,39,16
1788044779,74.05,1275,39,16
1788044781,85.59,1410,43,100
1788044783,74.58,1275,40,0
1788044785,74.05,1275,39,0
1788044787,75.04,1275,39,12
1788044789,74.29,1275,39,0
1788044791,73.76,1275,38,0
1788044793,73.76,1275,38,0
1788044796,94.26,1410,44,96
1788044798,74.83,1275,40,0
1788044800,99.95,1410,43,100
1788044802,98.05,1395,49,98
1788044804,88.56,1410,42,10
1788044806,77.18,1275,40,16
1788044808,76.64,1275,40,16
1788044810,76.64,1275,39,15
1788044812,276.77,1335,42,5
1788044814,83.99,1410,42,0
1788044816,74.21,1275,40,0
1788044818,75.37,1275,39,0
1788044820,85.89,1410,39,100
1788044822,62.65,345,38,0
1788044824,79.46,1275,38,0
1788044826,94.26,1380,47,83
1788044828,88.32,1410,41,15
1788044830,126.23,1410,43,100
1788044832,343.71,1320,48,99
1788044834,88.85,1410,43,14
1788044836,75.95,1275,40,16
1788044838,77.02,1275,40,16
1788044841,76.49,1275,39,15
1788044843,76.20,1275,39,0
1788044845,85.06,1410,42,0
1788044847,74.58,1275,40,0
1788044849,74.05,1275,39,0
1788044851,74.05,1275,39,0
1788044853,85.59,1410,40,0
1788044855,62.65,1275,38,0
1788044857,73.76,1275,38,0
1788044859,73.76,1275,38,2
1788044861,92.89,1410,45,100
1788044863,75.12,1275,41,11
1788044865,74.58,1275,39,0
1788044867,74.58,1275,39,0
1788044869,174.00,1275,41,33
1788044871,149.36,1410,43,100
1788044873,90.75,1410,45,90
1788044875,77.85,1275,41,15
1788044877,78.38,1275,40,15
1788044879,76.73,1275,39,15
1788044881,76.73,1275,39,9
1788044884,308.07,1395,49,99
1788044886,83.70,1410,41,0
1788044888,74.29,1275,40,0
1788044890,74.29,1275,39,0
1788044892,74.75,1275,39,0
1788044894,73.76,1275,39,0
1788044896,82.87,1410,39,24
1788044898,62.65,330,38,0
1788044900,73.76,1275,38,0
1788044902,92.89,1410,44,100
1788044904,74.58,1275,40,0
1788044906,99.95,1410,43,100
1788044908,94.79,1410,49,99
1788044910,88.56,1410,42,9
1788044912,78.09,1275,40,15
1788044914,77.02,1275,40,15
1788044916,76.40,1275,39,15
1788044918,74.83,1275,39,0
1788044920,85.40,1410,42,0
1788044922,74.58,1275,40,0
1788044924,74.29,1275,39,0
1788044926,77.27,1275,39,24
1788044928,80.53,1275,40,0
1788044930,73.96,1275,38,2
1788044933,90.46,1410,42,48
1788044935,88.42,1410,42,14
1788044937,74.58,1275,40,0
1788044939,99.95,1410,43,100
1788044941,94.55,1410,48,99
1788044943,84.87,1410,42,8
1788044945,74.58,1275,40,11
1788044947,74.29,1275,40,13
1788044949,77.27,1275,39,12
1788044951,73.76,1275,39,0
1788044953,85.16,1410,42,0
1788044955,74.58,1275,40,0
1788044957,75.37,1275,39,0
1788044959,73.76,1275,39,0
1788044961,82.87,1410,40,0
1788044963,62.65,210,38,0
1788044965,133.04,1275,43,37
1788044967,89.10,1410,42,15
1788044969,98.88,1410,43,100
1788044971,189.17,1410,45,100
1788044973,89.68,1410,44,14
1788044976,77.56,1275,41,9
1788044978,77.27,1275,40,16
1788044980,77.02,1275,40,16
1788044982,75.37,1275,39,10
1788044984,85.89,1410,44,91
1788044986,74.83,1275,41,0
1788044988,75.66,1275,40,0
1788044990,74.29,1275,39,0
1788044992,84.77,1410,40,1
1788044994,62.65,300,39,0
1788044996,95.08,1275,41,16
1788044998,89.39,1410,43,15
1788045000,145.86,1410,42,99
1788045002,100.49,1410,44,100
1788045004,92.89,1410,46,100
1788045006,78.29,1275,42,16
1788045008,77.02,1275,40,15
1788045010,76.49,1275,40,15
1788045012,76.49,1275,39,9
1788045014,156.59,1275,42,5
1788045017,85.16,1410,42,0
1788045019,74.29,1275,40,0
1788045021,74.05,1275,39,0
1788045023,74.05,1275,39,0
1788045025,73.76,1275,39,0
1788045027,92.36,1410,40,1
1788045029,62.65,345,39,0
1788045031,73.76,1275,38,0
1788045033,73.76,1275,38,0
1788045035,73.76,1275,38,0
1788045037,90.75,1410,45,91
1788045039,74.58,1275,41,0
1788045041,100.49,1410,44,100
1788045043,309.96,1395,50,99
1788045045,88.85,1410,42,11
1788045047,77.27,1275,40,16
1788045049,78.00,1275,40,11
1788045051,76.64,1275,39,16
1788045054,90.75,1410,45,100
1788045056,85.59,1410,41,0
1788045058,74.29,1275,40,0
1788045060,75.12,1275,39,0
1788045062,83.16,1410,40,0
1788045064,62.90,225,38,0
1788045066,87.49,1410,41,100
1788045068,89.10,1410,43,15
1788045070,99.71,1410,43,99
1788045072,112.16,1410,44,100
1788045074,89.93,1410,44,14
1788045076,75.04,1275,41,15
1788045078,77.27,1275,40,16
1788045080,77.47,1275,40,16
1788045082,76.73,1275,39,15
1788045084,90.75,1410,46,99
1788045086,84.53,1410,41,0
1788045088,74.29,1275,40,0
1788045090,74.29,1275,39,0
1788045092,83.46,1410,40,0
1788045094,62.90,270,38,0
1788045096,73.76,1275,39,0
1788045098,73.76,1275,39,0
1788045100,105.10,1410,43,100
1788045103,88.85,1410,42,12
1788045105,74.32,1275,40,0
1788045107,74.12,1275,39,0
1788045109,99.07,1410,43,100
1788045111,310.07,1320,53,99
1788045113,85.20,1410,42,14
1788045115,77.18,1275,40,11
1788045117,77.18,1275,40,4
1788045119,76.64,1275,39,16
1788045121,74.21,1275,39,0
1788045123,85.30,1410,42,0
1788045125,74.75,1275,40,0
1788045127,74.50,1275,40,0
1788045129,84.96,1410,40,59
1788045131,63.65,330,39,0
1788045133,74.21,1275,39,0
1788045135,157.48,1410,44,82
1788045137,88.99,1410,42,15
1788045139,100.49,1410,44,100
1788045141,100.78,1410,45,100
1788045143,89.37,1410,44,12
1788045145,77.76,1275,41,16
1788045147,77.18,1275,41,16
1788045150,77.18,1275,40,16
1788045152,74.04,1275,40,7
1788045154,86.56,1410,44,97
1788045156,75.04,1275,41,0
1788045158,75.86,1275,40,0
1788045160,79.90,1275,40,25
1788045162,74.50,375,40,0
1788045164,76.93,1275,39,2
1788045166,305.89,1320,50,77
1788045168,89.82,1410,42,15
1788045170,100.43,1410,44,100
1788045172,101.02,1410,45,100
1788045174,86.96,1410,44,12
1788045176,77.11,1275,42,14
1788045178,78.00,1275,41,13
1788045180,76.64,1275,40,13
1788045182,76.40,1275,40,13
1788045184,75.57,1275,40,0
1788045186,90.11,1410,45,100
1788045188,75.77,1275,42,0
1788045190,74.66,1275,40,0
1788045192,74.50,1275,40,0
1788045194,84.43,1410,41,0
1788045196,63.11,1275,39,0
1788045198,88.56,1410,43,75
1788045200,89.58,1410,43,15
1788045203,101.02,1410,45,100
1788045205,123.94,1410,46,100
1788045207,89.93,1410,44,9
1788045209,78.29,1275,42,16
1788045211,77.67,1275,41,16
1788045213,76.64,1275,41,11
1788045215,74.50,1275,40,0
1788045217,85.79,1410,44,0
1788045219,75.04,1275,41,0
1788045221,75.02,1275,41,0
1788045223,93.37,1410,41,0
1788045225,63.35,315,40,0
1788045227,74.21,1275,39,0
1788045229,92.89,1410,47,100
1788045231,76.11,1275,42,0
1788045233,100.24,1410,45,100
1788045235,271.89,1335,54,100
1788045237,88.32,1410,44,13
1788045239,78.00,1275,42,14
1788045241,76.84,1275,41,14
1788045243,76.93,1275,41,13
1788045245,77.18,1275,40,14
1788045247,246.77,1275,44,5
1788045249,85.59,1410,43,0
1788045252,75.66,1275,41,0
1788045254,74.58,1275,40,0
1788045256,76.49,1275,40,0
1788045258,84.53,1410,41,0
1788045260,81.08,1275,39,0
1788045262,85.06,1410,43,98
1788045264,89.39,1410,43,15
1788045266,102.14,1410,45,100
1788045268,101.31,1410,45,100
1788045270,89.93,1410,45,8
1788045272,78.63,1275,42,15
1788045274,77.67,1275,41,16
1788045276,77.76,1275,41,14
1788045278,74.50,1275,40,0
1788045280,88.02,1410,44,0
1788045282,75.37,1275,42,0
1788045284,74.50,1275,41,0
1788045286,84.77,1410,41,0
1788045288,62.90,285,40,0
1788045290,84.23,1410,40,0
1788045292,93.19,1410,47,100
1788045294,76.64,1275,42,0
1788045296,101.02,1410,45,99
1788045299,278.63,1305,54,89
1788045301,88.85,1410,44,13
1788045303,77.82,1275,42,15
1788045305,77.47,1275,41,15
1788045307,77.18,1275,41,16
1788045309,77.18,1275,40,15
1788045311,91.00,1410,46,100
1788045313,75.57,1275,42,0
1788045315,75.04,1275,41,0
1788045317,76.40,1275,40,0
1788045319,84.43,375,41,0
1788045321,74.21,1275,40,0
1788045323,85.89,1410,43,95
1788045325,89.10,1410,43,14
1788045327,75.04,1275,41,0
1788045329,75.86,1275,40,0
1788045331,74.75,1275,40,0
1788045333,99.30,1410,44,100
1788045335,103.50,1410,45,100
1788045337,89.93,1410,44,12
1788045339,77.76,1275,42,14
1788045341,77.76,1275,41,16
1788045343,75.04,1275,41,16
1788045346,74.50,1275,40,0
1788045348,86.13,1410,44,0
1788045350,76.11,1275,41,0
1788045352,74.50,1275,41,0
1788045354,88.99,1410,41,100
1788045356,74.75,1275,41,0
1788045358,74.21,1275,40,2
1788045360,87.20,1410,43,79
1788045362,89.93,1410,44,15
1788045364,75.04,1275,41,0
1788045366,105.64,1410,46,99
1788045368,301.51,1290,51,93
1788045370,89.68,1410,44,14
1788045372,78.29,1275,42,10
1788045374,77.47,1275,41,16
1788045376,77.56,1275,41,16
1788045378,75.66,1275,40,5
1788045380,85.89,1410,43,0
1788045382,75.12,1275,41,0
1788045384,74.83,1275,41,0
1788045386,84.43,1410,41,1
1788045388,63.19,270,40,0
1788045390,75.37,1275,40,0
1788045392,107.29,1410,45,79
1788045395,89.93,1410,43,14
1788045397,76.73,1275,41,0
1788045399,100.49,1410,44,100
1788045401,100.78,1410,45,100
1788045403,89.48,1410,44,14
1788045405,78.83,1275,42,15
1788045407,77.76,1275,41,15
1788045409,77.56,1275,41,15
1788045411,76.49,1275,40,15
1788045413,91.00,1410,46,100
1788045415,85.06,1410,42,0
1788045417,75.19,1275,41,0
1788045419,74.21,1275,40,0
1788045421,83.46,1410,41,0
1788045423,62.65,210,39,0
1788045425,74.21,1275,40,0
1788045427,93.72,1410,45,98
1788045429,75.04,1275,42,0
1788045431,100.78,1410,45,100
1788045433,256.23,1395,55,100
1788045435,90.75,1410,44,14
1788045437,77.85,1275,42,16
1788045440,77.47,1275,41,16
1788045442,77.18,1275,40,13
1788045444,282.74,1275,45,27
1788045446,85.30,1410,43,0
1788045448,74.83,1275,41,0
1788045450,78.54,1275,40,0
1788045452,83.99,1410,41,0
1788045454,62.65,210,39,0
1788045456,88.65,1410,43,98
1788045458,90.75,1410,43,14
1788045460,105.40,1410,44,100
1788045462,221.91,1410,46,100
1788045464,90.46,1410,45,14
1788045466,78.00,1275,42,15
1788045468,77.76,1275,41,15
1788045470,77.47,1275,41,15
1788045472,77.56,1275,40,15
1788045474,90.75,1410,46,100
1788045476,75.86,1275,42,0
1788045478,75.04,1275,41,0
1788045480,83.99,1410,41,76
1788045482,63.19,285,40,0
1788045484,62.36,210,39,0
1788045487,62.57,210,38,0
1788045489,62.36,210,38,0
1788045491,62.28,210,38,0
1788045493,62.36,210,38,0
1788045495,62.36,210,38,0
1788045497,62.36,210,38,0
1788045499,62.36,210,38,0
1788045501,62.36,210,38,0
1788045503,62.36,210,38,0
1788045505,62.36,210,38,0
1788045507,62.36,210,38,0
1788045509,62.36,210,38,0
1788045511,62.11,210,37,0
1788045513,62.36,210,37,0
1788045515,62.21,210,37,0
1788045517,62.36,210,37,0
1788045520,62.11,210,37,0
1788045522,62.36,210,37,0
1788045524,62.11,210,37,0
1788045526,62.11,210,37,0
1788045528,62.36,210,37,0
1788045530,62.11,210,37,0
1788045532,62.65,210,37,0
1788045534,62.11,210,37,0
1788045536,62.11,210,37,0
1788045538,62.11,210,37,0
1788045540,62.36,210,37,0
1788045542,62.11,210,37,0
1788045544,62.11,210,37,0
1788045546,74.58,1275,38,0
1788045548,83.46,1410,43,0
1788045550,88.32,1410,42,14
1788045552,105.40,1410,43,100
1788045554,106.76,1410,45,100
1788045556,89.68,1410,44,14
1788045558,77.47,1275,41,14
1788045560,78.00,1275,40,14
1788045562,77.02,1275,40,13
1788045565,76.73,1275,40,10
1788045567,76.49,1275,40,13
1788045569,272.21,1335,52,99
1788045571,84.77,1410,42,0
1788045573,76.40,1275,40,0
1788045575,74.29,1275,40,0
1788045577,74.29,1275,39,0
1788045579,73.96,1275,39,0
1788045581,73.96,1275,39,0
1788045583,74.75,1275,39,0
1788045585,73.96,1275,39,0
1788045587,73.96,1275,39,0
1788045589,73.96,1275,39,0
1788045591,82.77,1410,39,48
1788045593,62.90,285,39,0
1788045595,280.32,1350,43,42
1788045597,89.39,1410,43,15
1788045599,89.10,1410,43,98
1788045601,99.71,1410,44,99
1788045603,94.26,1410,47,100
1788045605,78.38,1275,42,13
1788045607,77.85,1275,41,12
1788045610,76.93,1275,40,15
1788045612,76.73,1275,40,16
1788045614,74.05,1275,39,0
1788045616,85.40,1410,43,0
1788045618,74.83,1275,41,0
1788045620,74.58,1275,40,0
1788045622,84.08,1410,40,0
1788045624,78.83,1365,40,2
1788045626,130.85,1350,50,88
1788045628,88.56,1410,42,15
1788045630,101.61,1410,44,100
1788045632,100.78,1410,44,100
1788045634,90.46,1410,44,13
1788045636,77.76,1275,42,15
1788045638,77.18,1275,41,16
1788045640,77.27,1275,40,16
1788045642,77.02,1275,40,15
1788045644,264.10,1275,44,5
1788045646,85.69,1410,43,0
1788045648,74.95,1275,41,0
1788045650,74.58,1275,40,0
1788045653,84.53,1410,41,0
1788045655,62.36,210,39,0
1788045657,84.87,1410,42,99
1788045659,90.21,1410,43,15
1788045661,74.75,1275,41,0
1788045663,74.75,1275,40,0
1788045665,103.21,1410,43,100
1788045667,100.78,1410,44,100
1788045669,89.68,1410,44,14
1788045671,77.47,1275,41,4
1788045673,77.47,1275,40,16
1788045675,77.27,1275,40,16
1788045677,77.27,1275,40,16
1788045679,272.21,1365,46,48
1788045681,85.40,1410,43,0
1788045684,74.58,1275,41,0
1788045686,87.59,1410,40,75
1788045688,74.58,1275,40,0
1788045690,74.83,1275,39,0
1788045692,90.21,1410,44,15
1788045694,95.91,1275,42,7
1788045696,231.09,1410,46,100
1788045698,90.75,1410,48,99
1788045700,87.20,1410,43,10
1788045702,78.54,1275,41,12
1788045704,77.27,1275,40,15
1788045706,76.73,1275,40,16
1788045708,74.50,1275,40,0
1788045710,85.89,1410,44,12
1788045712,75.12,1275,41,0
1788045714,75.57,1275,40,0
1788045716,83.79,1410,41,0
1788045718,63.19,300,39,0
1788045720,130.55,1410,42,100
1788045722,89.10,1410,43,14
1788045724,75.12,1275,41,0
1788045726,104.81,1410,45,100
1788045729,101.02,1410,45,100
1788045731,90.21,1410,45,21
1788045733,77.56,1275,42,13
1788045735,77.27,1275,41,7
1788045737,77.18,1275,40,10
1788045739,77.18,1275,40,10
1788045741,75.37,1275,40,3
1788045743,90.46,1410,45,100
1788045745,76.73,1275,42,0
1788045747,74.83,1275,40,0
1788045749,83.55,1410,41,0
1788045751,62.36,210,39,0
1788045753,86.13,1410,42,100
1788045755,89.39,1410,43,15
1788045757,106.71,1410,43,100
1788045759,99.71,1410,44,100
1788045761,90.46,1410,46,100
1788045763,78.09,1275,42,16
1788045765,77.85,1275,41,16
1788045767,77.18,1275,40,14
1788045769,76.93,1275,40,16
1788045771,74.58,1275,40,0
1788045774,85.59,1410,43,0
1788045776,74.75,1275,41,0
1788045778,76.93,1275,40,0
1788045780,84.77,1410,41,0
1788045782,74.21,1275,39,0
1788045784,92.65,1410,47,96
1788045786,76.31,1275,42,0
1788045788,100.78,1410,44,100
1788045790,211.38,1305,49,0
1788045792,89.68,1410,43,13
1788045794,77.76,1275,41,15
1788045796,77.18,1275,41,14
1788045798,77.76,1275,40,16
1788045800,77.56,1275,40,16
1788045802,304.82,1365,52,99
1788045804,85.30,1410,42,0
1788045806,75.04,1275,41,0
1788045808,92.89,1410,41,0
1788045810,63.19,285,39,0
1788045812,75.66,1275,39,2
1788045814,90.03,1410,45,17
1788045816,75.12,1275,41,0
1788045818,75.37,1275,40,0
1788045820,74.29,1275,40,0
1788045823,74.29,1275,40,0
1788045825,99.12,1410,42,99
1788045827,141.70,1410,44,100
1788045829,89.79,1410,45,69
1788045831,78.09,1275,42,15
1788045833,77.56,1275,41,16
1788045835,77.27,1275,40,16
1788045837,77.67,1275,40,16
1788045839,74.29,1275,40,0
1788045841,85.30,1410,43,0
1788045843,76.20,1275,41,0
1788045845,74.58,1275,40,0
1788045847,83.46,1410,41,0
1788045849,62.50,210,38,0
1788045851,257.59,1410,46,87
1788045853,88.56,1410,43,12
1788045855,101.61,1410,44,100
1788045857,101.02,1410,45,100
1788045859,90.46,1410,44,14
1788045861,78.00,1275,42,16
1788045863,77.56,1275,41,15
1788045866,76.40,1275,40,15
1788045868,77.18,1275,40,12
1788045870,155.40,1275,44,31
1788045872,85.59,1410,43,0
1788045874,75.10,1275,41,0
1788045876,77.18,1275,40,0
1788045878,84.53,1275,41,0
1788045880,80.29,1275,39,0
1788045882,104.81,1410,43,47
1788045884,88.02,1410,43,13
1788045886,74.50,1275,41,0
1788045888,74.83,1275,40,0
1788045890,75.37,1275,40,0
1788045892,99.12,1410,43,100
1788045894,271.67,1305,51,100
1788045896,88.85,1410,43,13
1788045898,77.27,1275,41,15
1788045900,76.73,1275,40,14
1788045902,76.73,1275,40,15
1788045904,76.73,1275,40,15
1788045907,269.20,1335,47,98
1788045909,85.20,1410,42,0
1788045911,74.75,1275,40,0
1788045913,83.46,1410,40,0
1788045915,74.58,1275,40,0
1788045917,74.29,1275,39,0
1788045919,135.85,1410,46,82
1788045921,88.85,1410,42,15
1788045923,100.78,1410,44,100
1788045925,100.78,1410,44,100
1788045927,89.93,1410,44,10
1788045929,78.09,1275,42,14
1788045931,77.67,1275,41,16
1788045933,77.47,1275,40,16
1788045935,77.18,1275,40,16
1788045937,274.88,1395,51,99
1788045939,85.30,1410,42,0
1788045941,75.04,1275,40,0
1788045943,83.99,1410,41,6
1788045945,63.19,255,39,0
1788045948,85.06,1410,42,71
1788045950,89.39,1410,43,15
1788045952,100.24,1410,43,100
1788045954,100.78,1410,45,100
1788045956,91.58,1410,46,100
1788045958,78.09,1275,42,15
1788045960,77.47,1275,41,15
1788045962,77.85,1275,41,15
1788045964,76.93,1275,40,16
1788045966,74.29,1275,40,0
1788045968,87.20,1410,44,0
1788045970,75.12,1275,41,0
1788045972,74.41,1275,40,0
1788045974,84.23,1410,41,0
1788045976,62.90,210,39,0
1788045978,84.33,1410,42,69
1788045980,88.85,1410,43,14
1788045982,74.83,1275,41,0
1788045985,75.95,1275,40,0
1788045987,74.29,1275,40,0
1788045989,75.28,1275,39,0
1788045991,99.95,1410,43,100
1788045993,290.76,1305,51,61
1788045995,88.99,1410,43,14
1788045997,77.85,1275,41,15
1788045999,75.37,1275,40,10
1788046001,77.18,1275,40,10
1788046003,74.50,1275,40,1
1788046005,86.66,1410,45,88
1788046007,75.28,1275,41,0
1788046009,75.04,1275,40,0
1788046011,84.67,1410,41,0
1788046013,62.90,225,39,0
1788046015,90.01,1410,42,99
1788046017,89.10,1410,43,15
1788046019,102.38,1410,43,100
1788046021,100.78,1410,44,100
1788046023,90.46,1410,46,100
1788046025,78.38,1275,42,16
1788046027,77.56,1275,41,16
1788046030,78.38,1275,41,15
1788046032,77.27,1275,40,15
1788046034,74.29,1275,40,0
1788046036,85.69,1410,44,0
1788046038,74.83,1275,41,0
1788046040,77.02,1275,40,0
1788046042,84.77,1410,41,0
1788046044,62.65,255,39,0
1788046046,74.29,1275,39,0
1788046048,90.46,1410,44,50
1788046050,76.20,1275,41,0
1788046052,98.88,1410,43,99
1788046054,99.71,1410,44,100
1788046056,90.46,1410,46,82
1788046058,77.85,1275,42,9
1788046060,75.86,1275,41,13
1788046062,78.09,1275,40,15
1788046064,76.73,1275,40,15
1788046066,75.12,1275,40,7
1788046068,92.12,1410,47,100
1788046070,85.30,1410,42,0
1788046072,74.83,1275,40,0
1788046074,93.48,1410,41,1
1788046077,63.19,300,39,0
1788046079,74.50,1275,39,0
1788046081,91.29,1410,45,100
1788046083,76.11,1275,41,0
1788046085,104.45,1410,44,100
1788046087,274.10,1290,52,80
1788046089,89.10,1410,43,14
1788046091,77.56,1275,41,14
1788046093,78.09,1275,41,16
1788046095,76.93,1275,40,15
1788046097,77.00,1275,40,15
1788046099,92.36,1410,48,100
1788046101,84.77,1410,42,0
1788046103,74.58,1275,40,0
1788046105,84.53,1410,41,0
1788046107,63.19,270,39,0
1788046110,84.77,1410,46,88
1788046112,89.10,1410,43,15
1788046114,226.24,1410,45,100
1788046116,110.51,1410,45,100
1788046118,90.75,1410,45,14
1788046120,78.38,1275,42,15
1788046122,77.38,1275,41,14
1788046124,77.02,1275,41,13
1788046126,77.56,1275,40,14
1788046128,74.58,1275,40,0
1788046130,86.66,1410,44,12
1788046132,75.37,1275,41,0
1788046134,75.12,1275,40,0
1788046136,84.53,1410,41,6
1788046138,62.90,240,39,0
1788046140,74.29,1275,39,0
1788046142,130.55,1350,49,75
1788046144,89.39,1410,42,15
1788046146,100.49,1410,44,100
1788046148,100.78,1410,45,100
1788046150,89.68,1410,44,14
1788046152,76.11,1275,42,15
1788046154,74.75,1275,41,9
1788046157,77.18,1275,40,9
1788046159,77.18,1275,40,16
1788046161,305.11,1335,47,77
1788046163,85.16,1410,43,0
1788046165,74.83,1275,41,0
1788046167,85.59,1410,40,63
1788046169,74.58,1275,40,0
1788046171,74.29,1275,39,0
1788046173,93.72,1410,46,100
1788046175,75.37,1275,42,0
1788046177,107.83,1410,45,100
1788046179,283.28,1320,51,24
1788046181,89.39,1410,43,15
1788046183,78.38,1275,41,16
1788046185,78.09,1275,41,16
1788046187,75.57,1275,40,14
1788046189,77.02,1275,40,14
1788046191,313.74,1320,53,99
1788046193,85.20,1410,42,0
1788046195,74.83,1275,41,0
1788046197,84.77,1410,41,32
1788046199,63.19,345,40,0
1788046201,62.65,1275,38,0
1788046204,91.83,1410,43,83
1788046206,88.32,1410,43,13
1788046208,74.83,1275,41,0
1788046210,105.64,1410,44,100
1788046212,298.61,1350,53,99
1788046214,88.67,1410,43,13
1788046216,79.46,1275,41,14
1788046218,77.02,1275,40,14
1788046220,77.02,1275,40,14
1788046222,78.11,1275,40,7
1788046224,234.64,1275,42,5
1788046226,85.39,1410,43,0
1788046228,74.66,1275,41,0
1788046230,87.78,1410,40,83
1788046232,63.19,315,40,0
1788046234,74.05,1275,39,0
1788046236,94.01,1410,46,100
1788046238,75.12,1275,42,0
1788046240,100.78,1410,44,100
1788046242,85.30,1275,48,24
1788046245,89.39,1410,43,14
1788046247,77.67,1275,41,16
1788046249,77.27,1275,41,16
1788046251,77.27,1275,40,15
1788046253,77.27,1275,40,15
1788046255,91.00,1410,48,100
1788046257,85.16,1410,42,0
1788046259,74.83,1275,41,0
1788046261,84.62,1410,41,0
1788046263,63.43,210,39,0
1788046265,79.36,1395,43,90
1788046267,89.68,1410,43,15
1788046269,205.11,1335,43,42
1788046271,105.40,1410,45,100
1788046273,91.00,1410,48,98
1788046275,87.59,1275,43,8
1788046277,77.85,1275,41,11
1788046279,77.56,1275,40,14
1788046281,77.56,1275,40,14
1788046283,74.58,1275,40,0
1788046285,86.13,1410,44,80
1788046287,75.04,1275,41,0
1788046290,74.50,1275,40,0
1788046292,83.79,1410,41,0
1788046294,62.65,255,39,0
1788046296,86.52,1410,42,95
1788046298,89.93,1410,43,14
1788046300,75.12,1275,41,0
1788046302,74.50,1275,40,0
1788046304,143.84,1275,41,20
1788046306,210.26,1410,45,100
1788046308,92.65,1410,48,100
1788046310,88.99,1410,43,14
1788046312,76.93,1275,41,15
1788046314,77.18,1275,40,16
1788046316,76.73,1275,40,16
1788046318,74.29,1275,40,14
1788046320,87.20,1410,45,100
1788046322,75.37,1275,41,0
1788046324,74.58,1275,40,0
1788046326,84.23,1410,41,0
1788046329,62.36,210,39,0
1788046331,120.29,1350,44,36
1788046333,89.79,1410,44,14
1788046335,75.12,1275,41,0
1788046337,100.78,1410,44,100
1788046339,305.11,1290,52,100
1788046341,89.50,1410,43,13
1788046343,78.54,1275,41,15
1788046345,77.47,1275,40,14
1788046347,76.11,1275,40,15
1788046349,78.54,1275,40,15
1788046351,314.81,1320,52,99
1788046353,84.77,1410,42,0
1788046355,74.50,1275,40,0
1788046357,84.87,1410,41,0
1788046359,62.90,315,39,0
1788046361,62.65,210,38,0
1788046363,62.36,210,38,0
1788046365,73.68,1275,39,0
1788046368,130.99,1275,41,37
1788046370,332.66,1395,49,100
1788046372,87.49,1410,42,8
1788046374,99.71,1410,43,98
1788046376,100.78,1410,44,98
1788046378,94.26,1410,47,100
1788046380,87.78,1410,43,8
1788046382,76.73,1275,41,9
1788046384,76.49,1275,40,9
1788046386,74.58,1275,40,9
1788046388,76.40,1275,40,6
1788046390,76.11,1275,40,9
1788046392,76.11,1275,39,9
1788046394,76.20,1275,39,9
1788046396,87.78,1410,43,100
1788046398,87.78,1410,43,100
1788046401,90.46,1410,43,100
1788046403,87.20,1410,42,100
1788046405,75.12,1275,41,0
1788046407,74.75,1275,40,0
1788046409,74.58,1275,39,0
1788046411,75.04,1275,39,0
1788046413,74.58,1275,39,0
1788046415,74.29,1275,39,0
1788046417,74.29,1275,39,0
1788046419,74.05,1275,39,0
1788046421,75.66,1275,39,0
1788046423,73.68,1275,39,0
1788046425,73.76,1275,39,0
1788046427,74.58,1275,39,0
1788046429,73.76,1275,39,0
1788046431,73.76,1275,39,0
1788046433,74.58,1275,39,0
1788046435,74.05,1275,39,0
1788046437,74.05,1275,39,0
1788046439,73.76,1275,39,0
1788046442,74.05,1275,39,0
1788046444,74.05,1275,39,0
1788046446,62.65,255,38,0
1788046448,62.36,210,37,0
1788046450,78.83,1275,38,0
1788046452,113.23,1410,48,100
1788046454,88.96,1410,42,9
1788046456,104.28,1410,42,100
1788046458,196.17,1410,45,99
1788046460,101.61,1410,48,100
1788046462,88.02,1410,43,8
1788046464,76.64,1275,41,9
1788046466,76.49,1275,40,8
1788046468,76.11,1275,40,8
1788046470,75.95,1275,40,8
1788046472,75.37,1275,39,7
1788046474,75.95,1275,39,2
1788046476,76.11,1275,39,7
1788046478,74.75,1275,39,0
1788046481,87.78,1410,43,100
1788046483,244.10,1410,43,100
1788046485,89.39,1410,43,100
1788046487,83.70,1410,41,0
1788046489,74.50,1275,40,0
1788046491,74.29,1275,40,0
1788046493,74.05,1275,39,0
1788046495,74.50,1275,39,0
1788046497,74.05,1275,39,0
1788046499,73.76,1275,39,0
1788046501,75.28,1275,39,0
1788046503,73.76,1275,39,0
1788046505,62.11,210,38,0
1788046507,75.66,1275,38,2
1788046509,86.42,1410,41,100
1788046511,93.19,1410,44,100
1788046513,87.49,1410,42,9
1788046515,99.12,1410,44,100
1788046517,108.61,1410,44,99
1788046519,91.83,1410,44,100
1788046521,87.78,1410,42,8
1788046523,76.73,1275,41,9
1788046525,76.49,1275,40,9
1788046528,76.49,1275,40,8
1788046530,76.40,1275,40,9
1788046532,76.11,1275,39,9
1788046534,75.86,1275,39,9
1788046536,74.50,1275,39,5
1788046538,90.86,1410,43,100
1788046540,88.85,1410,43,100
1788046542,87.78,1410,42,100
1788046544,84.23,1410,41,0
1788046547,74.58,1275,40,0
1788046549,74.50,1275,39,0
1788046551,74.50,1275,39,0
1788046553,74.05,1275,39,0
1788046555,73.96,1275,39,0
1788046557,73.96,1275,39,0
1788046559,73.68,1275,39,0
1788046561,62.36,210,38,0
1788046563,62.11,210,37,0
1788046565,107.54,1275,39,13
1788046567,105.93,1410,46,100
1788046569,88.85,1410,42,9
1788046571,99.01,1410,43,68
1788046573,109.97,1410,45,99
1788046575,93.90,1410,47,100
1788046577,87.78,1410,43,9
1788046579,76.55,1275,41,10
1788046581,76.40,1275,40,10
1788046583,76.93,1275,40,5
1788046585,76.20,1275,40,10
1788046587,76.20,1275,39,9
1788046589,74.50,1275,39,9
1788046591,74.21,1275,39,0
1788046594,90.21,1410,43,100
1788046596,88.56,1410,43,100
1788046598,89.68,1410,43,100
1788046600,84.87,1410,41,0
1788046602,74.83,1275,40,0
1788046604,74.50,1275,40,0
1788046606,74.50,1275,39,0
1788046608,74.29,1275,39,0
1788046610,74.29,1275,39,0
1788046612,74.29,1275,39,0
1788046614,75.37,1275,39,0
1788046616,62.65,315,39,0
1788046618,62.36,210,38,0
1788046620,62.65,210,38,0
1788046622,86.76,1410,42,100
1788046624,90.03,1410,45,100
1788046627,89.10,1410,42,9
1788046629,104.57,1410,43,99
1788046631,99.12,1410,44,99
1788046633,92.89,1410,46,100
1788046635,87.78,1410,42,9
1788046637,76.73,1275,41,10
1788046639,74.58,1275,40,9
1788046641,76.20,1275,40,10
1788046643,76.11,1275,39,10
1788046645,76.11,1275,39,10
1788046647,75.95,1275,39,10
1788046649,74.75,1275,39,0
1788046651,230.31,1410,44,100
1788046653,209.73,1410,44,100
1788046655,89.10,1410,43,100
1788046657,83.99,1410,41,0
1788046659,74.75,1275,40,0
1788046661,75.12,1275,40,0
1788046663,74.29,1275,39,0
1788046665,74.29,1275,39,0
1788046667,74.29,1275,39,0
1788046670,74.29,1275,39,0
1788046672,74.21,1275,39,0
1788046674,62.11,210,38,0
1788046676,62.11,210,38,0
1788046678,73.96,1275,38,0
1788046680,95.91,1410,45,100
1788046682,87.58,1410,42,8
1788046684,75.95,1275,41,7
1788046686,100.24,1410,44,99
1788046688,287.07,1395,53,75
1788046690,85.30,1410,43,20
1788046692,77.02,1275,41,9
1788046694,76.11,1275,40,9
1788046696,76.20,1275,40,9
1788046698,75.86,1275,40,8
1788046700,75.77,1275,40,9
1788046702,73.96,1275,39,2
1788046704,75.86,1275,39,9
1788046706,73.88,1275,39,4
1788046709,87.49,1410,42,100
1788046711,87.78,1410,43,100
1788046713,87.30,1410,42,100
1788046715,83.89,1410,41,0
1788046717,74.50,1275,40,0
1788046719,74.21,1275,40,0
1788046721,74.21,1275,39,0
1788046723,74.05,1275,39,0
1788046725,74.05,1275,39,0
1788046727,75.12,1275,39,0
1788046729,63.72,360,39,0
1788046731,62.36,210,38,0
1788046733,80.00,1275,38,0
1788046735,94.79,1410,42,89
1788046737,88.32,1410,43,82
1788046739,77.27,1275,41,10
1788046741,99.71,1410,44,99
1788046744,276.77,1380,50,70
1788046746,90.21,1410,43,100
1788046748,77.56,1275,42,10
1788046750,77.56,1275,41,10
1788046752,77.18,1275,40,10
1788046754,76.40,1275,40,10
1788046756,76.20,1275,40,10
1788046758,76.20,1275,40,10
1788046760,74.05,1275,39,1
1788046762,88.56,1410,43,100
1788046764,88.32,1410,43,100
1788046766,89.10,1410,43,100
1788046769,84.53,1410,41,0
1788046771,74.58,1275,40,0
1788046773,74.29,1275,40,0
1788046775,74.05,1275,39,0
1788046777,74.05,1275,39,0
1788046779,74.05,1275,39,0
1788046781,74.05,1275,39,0
1788046783,74.05,1275,39,0
1788046785,74.05,1275,39,0
1788046787,62.36,210,38,0
1788046789,62.11,210,38,0
1788046791,62.65,210,37,0
1788046793,92.36,1410,43,100
1788046795,91.51,1410,43,100
1788046798,87.49,1410,41,9
1788046800,99.12,1410,43,99
1788046802,99.71,1410,44,99
1788046804,91.58,1410,44,100
1788046806,87.78,1410,42,5
1788046808,76.73,1275,40,10
1788046810,79.07,1275,40,10
1788046812,77.18,1275,40,10
1788046814,76.49,1275,40,9
1788046816,76.49,1275,39,10
1788046818,76.20,1275,39,8
1788046820,140.04,1410,43,100
1788046822,93.72,1410,42,100
1788046824,87.49,1410,44,100
1788046826,86.66,1410,42,100
1788046828,74.75,1275,41,0
1788046830,74.58,1275,40,0
1788046832,74.05,1275,39,0
1788046834,73.96,1275,39,0
1788046837,74.05,1275,39,0
1788046839,73.68,1275,39,0
1788046841,74.05,1275,39,0
1788046843,73.96,1275,39,0
1788046845,62.65,240,38,0
1788046847,62.36,210,38,0
1788046849,73.76,1275,38,2
1788046851,85.69,1410,42,49
1788046853,89.20,1410,43,100
1788046855,76.93,1275,41,9
1788046857,133.42,1410,43,99
1788046859,104.57,1410,44,100
1788046861,91.83,1410,44,100
1788046863,87.78,1410,42,8
1788046865,74.95,1275,40,9
1788046867,77.18,1275,40,9
1788046869,76.20,1275,40,10
1788046871,76.40,1275,39,10
1788046874,76.49,1275,39,6
1788046876,76.20,1275,39,10
1788046878,88.56,1410,44,100
1788046880,87.78,1410,44,100
1788046882,90.21,1410,43,100
1788046884,88.85,1410,42,100
1788046886,84.33,1410,41,0
1788046888,74.58,1275,40,0
1788046890,74.58,1275,39,0
1788046892,75.04,1275,39,0
1788046894,73.96,1275,39,0
1788046896,73.96,1275,39,0
1788046898,73.96,1275,39,0
1788046900,63.43,300,38,0
1788046902,62.21,210,38,0
1788046905,62.11,210,37,0
1788046907,87.20,1410,41,100
1788046909,92.36,1410,44,100
1788046911,87.20,1410,42,9
1788046913,158.49,1410,44,100
1788046915,102.26,1410,45,99
1788046917,92.12,1410,45,100
1788046919,87.78,1410,42,9
1788046921,74.83,1275,41,6
1788046923,76.49,1275,40,9
1788046925,76.20,1275,40,8
1788046927,75.95,1275,40,9
1788046929,75.95,1275,39,9
1788046931,75.95,1275,39,8
1788046933,75.95,1275,39,8
1788046935,90.56,1410,44,100
1788046938,88.32,1410,43,100
1788046940,88.02,1410,44,100
1788046942,84.13,1410,41,12
1788046944,74.83,1275,40,0
1788046946,74.50,1275,40,0
1788046948,74.50,1275,39,0
1788046950,74.58,1275,39,0
1788046952,74.50,1275,39,0
1788046954,74.21,1275,39,0
1788046956,80.72,1275,39,1
1788046958,62.36,240,38,0
1788046960,62.11,210,37,0
1788046962,73.96,1275,38,0
1788046964,170.55,1410,45,100
1788046966,88.32,1410,42,8
1788046968,202.68,1410,43,89
1788046970,106.47,1410,44,100
1788046973,93.72,1410,50,100
1788046975,87.78,1410,43,7
1788046977,76.64,1275,41,10
1788046979,76.31,1275,40,9
1788046981,76.40,1275,40,9
1788046983,76.20,1275,40,9
1788046985,76.11,1275,39,10
1788046987,76.20,1275,39,9
1788046989,75.95,1275,39,9
1788046991,87.49,1410,44,100
1788046993,87.88,1410,44,100
1788046995,88.56,1410,43,100
1788046997,88.32,1410,42,100
1788046999,74.83,1275,41,0
1788047001,74.50,1275,40,0
1788047004,74.29,1275,39,0
1788047006,74.29,1275,39,0
1788047008,74.29,1275,39,0
1788047010,80.00,1275,39,0
1788047012,74.12,1275,39,0
1788047014,75.04,1275,39,7
1788047016,62.57,270,38,0
1788047018,62.36,210,37,0
1788047020,74.05,1275,38,0
1788047022,92.12,1410,45,100
1788047024,87.10,1410,42,9
1788047026,133.82,1410,43,56
1788047028,99.12,1410,44,85
1788047030,234.10,1380,50,57
1788047032,88.56,1410,43,100
1788047034,77.02,1275,41,10
1788047036,76.49,1275,40,10
1788047038,76.49,1275,40,10
1788047040,75.66,1275,40,8
1788047042,76.11,1275,39,10
1788047044,75.93,1275,39,10
1788047047,75.86,1275,39,10
1788047049,88.32,1410,43,100
1788047051,269.78,1410,44,100
1788047053,88.56,1410,44,100
1788047055,85.89,1410,41,50
1788047057,74.58,1275,40,0
1788047059,74.21,1275,40,0
1788047061,74.29,1275,39,0
1788047063,74.95,1275,39,0
1788047065,74.58,1275,39,0
1788047067,73.96,1275,39,0
1788047069,80.19,1275,39,1
1788047071,62.65,240,38,0
1788047073,62.36,210,38,0
1788047075,74.58,1275,38,0
1788047077,319.66,1410,46,99
1788047079,88.96,1410,42,8
1788047081,76.73,1275,41,9
1788047083,200.32,1410,44,77
1788047086,290.91,1365,48,35
1788047088,92.12,1410,43,100
1788047090,76.11,1275,42,8
1788047092,76.20,1275,40,9
1788047094,76.11,1275,40,9
1788047096,75.86,1275,40,8
1788047098,75.95,1275,39,10
1788047100,76.11,1275,39,10
1788047102,75.95,1275,39,9
1788047104,222.20,1275,42,2
1788047106,93.72,1410,42,100
1788047108,89.39,1410,43,100
1788047110,87.20,1410,42,100
1788047112,83.79,1410,41,0
1788047114,74.58,1275,40,0
1788047116,74.29,1275,40,0
1788047118,74.05,1275,39,0
1788047120,74.05,1275,39,0
1788047122,74.05,1275,39,0
1788047125,74.05,1275,39,0
1788047127,74.95,1275,39,0
1788047129,62.36,210,38,0
1788047131,62.36,210,37,0
1788047133,74.05,1275,38,0
1788047135,135.47,1410,45,100
1788047137,87.92,1410,42,9
1788047139,98.59,1410,42,99
1788047141,99.95,1410,44,98
1788047143,94.01,1410,47,100
1788047145,89.10,1410,43,8
1788047147,76.73,1275,41,9
1788047149,76.49,1275,40,9
1788047151,76.11,1275,40,9
1788047153,75.86,1275,40,8
1788047155,75.66,1275,39,4
1788047157,77.02,1275,39,8
1788047159,75.95,1275,39,9
1788047161,256.77,1395,45,56
1788047164,90.75,1410,43,100
1788047166,88.32,1410,43,100
1788047168,89.10,1410,42,100
1788047170,84.23,1410,41,0
1788047172,74.29,1275,40,0
1788047174,75.12,1275,39,0
1788047176,74.05,1275,39,0
1788047178,74.05,1275,39,0
1788047180,73.96,1275,39,0
1788047182,75.95,1275,39,0
1788047184,73.96,1275,39,0
1788047186,62.36,210,38,0
1788047188,62.11,210,37,0
1788047190,97.22,1410,42,96
1788047192,91.29,1410,43,100
1788047194,77.85,1275,41,9
1788047196,99.12,1410,43,99
1788047198,99.71,1410,44,99
1788047200,91.58,1410,44,100
1788047203,87.78,1410,42,7
1788047205,76.73,1275,40,10
1788047207,76.49,1275,40,10
1788047209,76.49,1275,40,10
1788047211,76.40,1275,40,10
1788047213,76.11,1275,39,9
1788047215,76.11,1275,39,10
1788047217,205.40,1410,43,100
1788047219,88.42,1410,43,100
1788047221,90.46,1410,44,100
1788047223,84.13,1410,41,10
1788047225,74.50,1275,40,0
1788047228,74.58,1275,40,0
1788047230,74.29,1275,39,0
1788047232,74.05,1275,39,0
1788047234,74.05,1275,39,0
1788047236,73.76,1275,39,0
1788047238,73.76,1275,39,0
1788047240,74.50,1275,39,0
1788047242,73.79,1275,39,0
1788047244,62.36,210,38,0
1788047246,62.11,210,37,0
1788047248,238.13,1275,41,4
1788047250,90.75,1410,46,100
1788047252,87.49,1410,42,9
1788047254,131.14,1410,43,100
1788047256,106.71,1410,44,100
1788047258,92.12,1410,45,100
1788047260,87.78,1410,42,9
1788047262,74.75,1275,41,7
1788047264,76.49,1275,40,10
1788047266,76.20,1275,40,10
1788047268,76.11,1275,40,10
1788047270,76.20,1275,39,10
1788047272,77.27,1275,39,10
1788047275,87.49,1410,42,100
1788047277,94.01,1410,43,100
1788047279,88.56,1410,43,100
1788047281,90.21,1410,42,100
1788047283,83.99,1410,41,0
1788047285,74.58,1275,40,0
1788047287,76.20,1275,39,0
1788047289,74.58,1275,39,0
1788047291,73.96,1275,39,0
1788047294,74.05,1275,39,0
1788047296,73.76,1275,39,0
1788047298,74.05,1275,39,0
1788047300,63.19,210,38,0
1788047302,62.36,210,37,0
1788047304,73.46,1275,38,0
1788047306,94.55,1410,42,56
1788047308,87.78,1410,42,63
1788047310,77.18,1275,41,8
1788047312,99.95,1410,43,99
1788047314,101.61,1410,44,99
1788047316,91.58,1410,44,100
1788047318,84.77,1410,42,6
1788047320,77.02,1275,40,10
1788047322,76.40,1275,40,9
1788047324,76.20,1275,40,10
1788047326,74.29,1275,39,10
1788047328,76.11,1275,39,9
1788047330,75.86,1275,39,10
1788047333,123.55,1410,43,100
1788047335,87.78,1410,42,100
1788047337,88.32,1410,43,100
1788047339,87.49,1410,42,100
1788047341,83.99,1410,41,0
1788047343,74.58,1275,40,0
1788047345,74.29,1275,39,0
1788047347,75.12,1275,39,0
1788047349,74.29,1275,39,0
1788047351,74.29,1275,39,0
1788047353,74.29,1275,39,0
1788047355,63.43,360,39,0
1788047357,62.36,210,38,0
1788047359,62.11,210,37,0
1788047361,87.49,1410,41,100
1788047363,91.83,1410,44,100
1788047366,87.20,1410,42,9
1788047368,99.71,1410,44,98
1788047370,107.00,1410,45,99
1788047372,91.83,1410,44,100
1788047374,87.49,1410,42,9
1788047376,76.49,1275,41,9
1788047378,76.11,1275,40,9
1788047380,75.95,1275,40,9
1788047382,76.49,1275,39,9
1788047384,74.21,1275,39,9
1788047386,76.11,1275,39,9
1788047388,76.20,1275,39,9
1788047390,87.49,1410,42,100
1788047393,88.02,1410,43,100
1788047395,87.30,1410,42,100
1788047397,83.70,1410,41,0
1788047399,74.32,1275,40,0
1788047401,74.29,1275,39,0
1788047403,74.05,1275,39,0
1788047405,74.05,1275,39,0
1788047407,73.96,1275,39,0
1788047409,74.12,1275,39,0
1788047411,74.05,1275,39,0
1788047413,62.36,210,38,0
1788047415,80.29,1275,38,1
1788047417,336.44,1350,47,75
1788047419,88.02,1410,42,9
1788047421,114.30,1275,41,10
1788047423,100.24,1410,44,99
1788047425,217.31,1395,53,100
1788047428,88.02,1410,43,9
1788047430,78.00,1275,41,9
1788047432,76.20,1275,40,10
1788047434,76.40,1275,40,10
1788047436,76.02,1275,40,10
1788047438,74.21,1275,39,10
1788047440,76.11,1275,39,10
1788047442,226.24,1395,44,84
1788047444,88.02,1410,44,100
1788047446,123.41,1410,43,100
1788047448,87.20,1410,42,100
1788047450,83.70,1410,41,0
1788047452,74.50,1275,40,0
1788047454,75.57,1275,39,0
1788047456,74.05,1275,39,0
1788047458,74.05,1275,39,0
1788047460,74.50,1275,39,0
1788047463,74.05,1275,39,0
1788047465,73.96,1275,39,0
1788047467,73.96,1275,39,0
1788047469,62.50,210,38,0
1788047471,62.11,210,37,0
1788047473,232.98,1275,44,21
1788047475,92.36,1410,45,100
1788047477,86.96,1410,41,9
1788047479,104.04,1410,44,100
1788047481,114.84,1410,44,100
1788047483,92.65,1410,45,100
1788047485,88.02,1410,42,9
1788047487,77.02,1275,41,6
1788047489,76.73,1275,40,10
1788047491,76.49,1275,40,10
1788047493,75.66,1275,40,9
1788047495,76.20,1275,40,10
1788047497,76.02,1275,39,10
1788047499,107.29,1410,42,100
1788047502,98.88,1410,43,100
1788047504,89.20,1410,44,100
1788047506,86.66,1410,42,100
1788047508,74.83,1275,41,0
1788047510,74.21,1275,40,0
1788047512,74.21,1275,39,0
1788047514,75.04,1275,39,0
1788047516,74.05,1275,39,0
1788047518,74.05,1275,39,0
1788047520,74.41,1275,39,0
1788047522,62.65,225,38,0
1788047524,62.36,210,38,0
1788047527,86.96,1410,42,100
1788047529,91.83,1410,45,100
1788047531,87.20,1410,42,8
1788047533,103.21,1410,43,99
1788047535,101.85,1410,44,100
1788047537,93.72,1410,47,100
1788047539,87.68,1410,43,8
1788047541,76.64,1275,41,9
1788047543,77.02,1275,40,9
1788047545,76.20,1275,40,8
1788047547,76.02,1275,40,9
1788047549,76.40,1275,40,10
1788047551,76.84,1275,39,7
1788047553,76.11,1275,39,9
1788047555,87.20,1410,43,100
1788047557,87.78,1410,42,100
1788047559,89.93,1410,44,100
1788047561,88.85,1410,42,100
1788047564,83.79,1410,41,0
1788047566,74.58,1275,40,0
1788047568,74.05,1275,40,0
1788047570,79.17,1275,39,0
1788047572,74.05,1275,39,0
1788047574,74.05,1275,39,0
1788047576,74.05,1275,39,1
1788047578,62.57,285,38,0
1788047580,61.97,210,38,0
1788047582,61.82,210,37,0
1788047584,86.42,1410,41,100
1788047586,91.58,1410,44,100
1788047588,86.66,1410,42,9
1788047590,106.18,1410,44,100
1788047592,144.33,1410,45,99
1788047594,91.83,1410,44,100
1788047596,87.88,1410,42,8
1788047598,76.73,1275,41,10
1788047600,76.73,1275,40,9
1788047602,76.20,1275,40,9
1788047604,76.20,1275,40,9
1788047607,76.20,1275,40,4
1788047609,75.95,1275,39,9
1788047611,88.56,1410,44,100
1788047613,87.78,1410,43,100
1788047615,88.02,1410,43,100
1788047617,87.78,1410,42,100
1788047619,84.23,1410,41,0
1788047621,74.75,1275,40,0
1788047623,74.58,1275,40,0
1788047625,74.29,1275,39,0
1788047627,74.05,1275,39,0
1788047629,74.05,1275,39,0
1788047631,74.29,1275,39,0
1788047634,62.65,300,39,0
1788047636,62.11,210,38,0
1788047638,79.90,1275,38,0
1788047640,127.06,1410,43,76
1788047642,90.46,1410,43,100
1788047644,76.93,1275,41,10
1788047646,223.51,1410,45,99
1788047648,84.77,1410,43,100
1788047650,91.83,1410,44,100
1788047652,87.49,1410,42,4
1788047654,77.27,1275,41,10
1788047656,76.49,1275,40,10
1788047658,75.86,1275,40,3
1788047660,76.40,1275,40,10
1788047662,76.31,1275,40,10
1788047664,76.20,1275,39,10
1788047666,88.32,1410,42,100
1788047668,125.16,1410,43,100
1788047671,92.89,1410,43,100
1788047673,84.53,1410,42,52
1788047675,74.83,1275,41,0
1788047677,74.58,1275,40,0
1788047679,75.12,1275,40,0
1788047681,74.58,1275,39,0
1788047683,74.29,1275,39,0
1788047685,74.95,1275,39,0
1788047687,74.29,1275,39,0
1788047689,62.57,210,38,0
1788047691,62.28,210,38,0
1788047693,74.05,1275,38,0
1788047695,99.12,1395,46,100
1788047697,87.20,1410,42,8
1788047699,76.31,1275,41,9
1788047701,109.73,1410,44,100
1788047703,86.66,1410,43,99
1788047705,91.00,1410,44,100
1788047707,87.06,1410,42,8
1788047709,77.85,1275,41,9
1788047711,75.95,1275,40,5
1788047713,76.11,1275,40,9
1788047715,76.93,1275,40,9
1788047717,76.20,1275,39,9
1788047719,75.86,1275,39,9
1788047722,75.66,1275,39,9
1788047724,90.46,1410,43,100
1788047726,112.70,1410,43,100
1788047728,87.78,1410,43,100
1788047730,84.23,1410,41,0
1788047732,74.83,1275,40,0
1788047734,74.41,1275,40,0
1788047736,74.21,1275,39,0
1788047738,74.29,1275,39,0
1788047740,74.21,1275,39,0
1788047742,74.21,1275,39,0
1788047744,74.29,1275,39,0
1788047746,62.36,210,38,0
1788047748,62.36,210,38,0
1788047750,92.12,1410,42,100
1788047753,91.90,1410,43,100
1788047755,87.78,1410,42,9
1788047757,97.81,1410,44,100
1788047759,99.71,1410,44,78
1788047761,91.83,1410,44,100
1788047763,87.68,1410,42,9
1788047765,76.73,1275,41,2
1788047767,76.40,1275,40,9
1788047769,76.20,1275,40,9
1788047771,76.20,1275,40,9
1788047773,75.95,1275,40,9
1788047775,74.29,1275,39,9
1788047777,74.29,1275,39,0
1788047779,88.67,1410,43,100
1788047781,88.99,1410,45,100
1788047783,88.85,1410,43,100
1788047785,84.77,1410,42,0
1788047788,74.83,1275,40,0
1788047790,74.29,1275,40,0
1788047792,74.05,1275,39,0
1788047794,74.29,1275,39,0
1788047796,75.12,1275,39,0
1788047798,74.29,1275,39,0
1788047800,76.49,1275,39,0
1788047802,62.36,270,38,0
1788047804,62.36,210,38,0
1788047806,62.11,210,37,0
1788047808,62.11,210,37,0
1788047810,62.36,210,37,0
1788047812,62.11,210,37,0
1788047814,62.11,210,37,0
1788047816,62.11,210,37,0
1788047818,62.11,210,37,0
1788047820,62.04,210,37,0
1788047822,62.11,210,37,0
1788047824,62.11,210,37,0
1788047826,62.11,210,37,0
1788047828,62.11,210,37,0
1788047831,61.82,210,37,0
1788047833,61.97,210,37,0
1788047835,62.36,210,37,0
1788047837,61.82,210,37,0
1788047839,62.11,210,37,0
1788047841,62.04,210,37,0
1788047843,62.11,210,37,0
1788047845,62.11,210,37,0
1788047847,61.82,210,37,0
1788047849,62.11,210,37,0
1788047851,62.36,210,37,0
1788047853,62.11,210,37,0
1788047855,62.11,210,37,0
1788047857,62.11,210,37,0
1788047859,61.82,210,37,0
1788047861,62.11,210,37,0
1788047863,61.82,210,37,0
1788047865,62.11,210,37,0
1788047867,61.82,210,37,0
1788047869,61.82,210,37,0
1788047872,62.11,210,37,0
1788047874,61.82,210,37,0
1788047876,61.82,210,37,0
1788047878,62.11,210,37,0
1788047880,62.11,210,37,0
1788047882,61.82,210,37,0
1788047884,62.11,210,37,0
1788047886,61.82,210,37,0
1788047888,61.82,210,37,0
1788047890,61.82,210,37,0
1788047892,61.82,210,37,0
1788047894,61.82,210,37,0
1788047896,61.82,210,37,0
1788047898,61.75,210,37,0
1788047900,61.82,210,37,0
1788047903,61.82,210,37,0
1788047905,61.82,210,37,0
1788047907,61.68,210,37,0
1788047909,62.04,210,37,0
1788047911,61.75,210,37,0
1788047913,61.82,210,37,0
1788047915,62.11,210,37,0
1788047917,61.75,210,37,0
1788047919,61.75,210,37,0
1788047921,61.82,210,37,0
1788047923,61.82,210,37,0
1788047925,61.82,210,37,0
1788047927,61.75,210,37,0
1788047929,61.82,210,37,0
1788047931,62.11,210,37,0
1788047933,61.82,210,37,0
1788047935,61.82,210,37,0
1788047937,61.82,210,37,0
1788047939,62.11,210,37,0
1788047941,61.82,210,37,0
1788047944,61.82,210,36,0
1788047946,61.82,210,36,0
1788047948,61.82,210,36,0
1788047950,62.90,210,36,0
